time,lap,compound,stint,s1,s2,s3,ms1,ms2,ms3,life,pos,status,pb,sesT,drv,dNum,pout,pin,s1T,s2T,s3T,vi1,vi2,vfl,vst,fresh,team,lST,lSD,del,delR,ff1G,iacc,wT,wAT,wH,wP,wR,wTT,wWD,wWS,race
99.376,1,MEDIUM,1,,19.018,39.109,77777777.0,0.0,77.0,1,12.0,1,False,3839.355,ALB,23,None,None,None,3800.705,3839.566,225.0,290.0,291.0,209.0,True,Williams,3739.743,2026-03-08T04:03:26.366000000,False,None,False,False,3793.796,24.2,54.0,1012.8,False,36.6,104,4.4,Australian Grand Prix
87.78,2,MEDIUM,1,31.155,18.16,38.465,100111.0,10001.0,1011010011.0,2,13.0,1,True,3927.135,ALB,23,None,None,3870.594,3888.754,3927.219,259.0,285.0,281.0,265.0,True,Williams,3839.355,2026-03-08T04:05:05.978000000,False,None,False,True,3853.794,24.2,54.4,1012.8,False,36.0,135,2.3,Australian Grand Prix
87.512,3,MEDIUM,1,31.369,18.234,37.909,111100110.0,1.0,11011.0,3,13.0,1,True,4014.647,ALB,23,None,None,3958.588,3976.822,4014.731,267.0,310.0,301.0,251.0,True,Williams,3927.135,2026-03-08T04:06:33.758000000,False,None,False,True,3973.816,24.1,54.1,1012.9,False,36.1,112,1.6,Australian Grand Prix
87.911,4,MEDIUM,1,30.836,18.153,38.922,1311011.0,1.0,100001000.0,4,14.0,1,False,4102.558,ALB,23,None,None,4045.567,4063.72,4102.642,255.0,293.0,301.0,276.0,True,Williams,4014.647,2026-03-08T04:08:01.270000000,False,None,False,True,4033.811,24.1,54.1,1012.9,False,36.1,112,1.6,Australian Grand Prix
87.176,5,MEDIUM,1,30.385,18.275,38.516,710011010.0,11000.0,1010010000.0,5,13.0,1,True,4189.734,ALB,23,None,None,4133.027,4151.302,4189.818,260.0,318.0,292.0,278.0,True,Williams,4102.558,2026-03-08T04:09:29.181000000,False,None,False,True,4153.828,24.2,54.2,1012.8,False,35.1,127,2.2,Australian Grand Prix
86.436,6,MEDIUM,1,30.347,18.545,37.544,701031100.0,11000.0,1011101000.0,6,13.0,1,True,4276.17,ALB,23,None,None,4220.165,4238.71,4276.254,264.0,297.0,294.0,282.0,True,Williams,4189.734,2026-03-08T04:10:56.357000000,False,None,False,True,4213.83,24.2,54.3,1012.6,False,35.3,114,2.7,Australian Grand Prix
85.688,7,MEDIUM,1,30.041,18.442,37.205,711000110.0,11000.0,1110000.0,7,13.0,1,True,4361.858,ALB,23,None,None,4306.295,4324.737,4361.942,264.0,300.0,291.0,281.0,True,Williams,4276.17,2026-03-08T04:12:22.793000000,False,None,False,True,4273.82,24.2,54.7,1012.6,False,35.1,99,3.4,Australian Grand Prix
85.558,8,MEDIUM,1,29.979,18.318,37.261,710000011.0,10000.0,10000.0,8,13.0,1,True,4447.416,ALB,23,None,None,4391.921,4410.239,4447.5,260.0,301.0,287.0,285.0,True,Williams,4361.858,2026-03-08T04:13:48.481000000,False,None,False,True,4393.821,24.5,54.3,1012.6,False,36.6,104,2.4,Australian Grand Prix
85.728,9,MEDIUM,1,30.086,18.257,37.385,700000000.0,0.0,10000000.0,9,13.0,1,False,4533.144,ALB,23,None,None,4477.586,4495.843,4533.228,265.0,301.0,291.0,287.0,True,Williams,4447.416,2026-03-08T04:15:14.039000000,False,None,False,True,4453.832,24.4,53.7,1012.6,False,38.1,121,3.1,Australian Grand Prix
86.03,10,MEDIUM,1,30.181,18.432,37.417,700030011.0,1000.0,0.0,10,13.0,1,False,4619.174,ALB,23,None,None,4563.409,4581.841,4619.258,262.0,299.0,288.0,285.0,True,Williams,4533.144,2026-03-08T04:16:39.767000000,False,None,False,True,4573.833,24.5,53.3,1012.6,False,36.7,119,1.6,Australian Grand Prix
93.98,11,MEDIUM,1,30.057,18.391,45.532,700000000.0,0.0,555.0,11,10.0,16,False,4713.154,ALB,23,None,None,4649.315,4667.706,4713.238,266.0,299.0,227.0,284.0,True,Williams,4619.174,2026-03-08T04:18:05.797000000,False,None,False,False,4633.861,24.4,53.1,1012.4,False,36.6,128,2.7,Australian Grand Prix
125.578,12,MEDIUM,1,40.48,27.083,58.015,500000000.0,0.0,0.0,12,12.0,6,False,4838.732,ALB,23,None,4822.785,4753.718,4780.801,4838.816,214.0,169.0,None,218.0,True,Williams,4713.154,2026-03-08T04:19:39.777000000,False,None,False,False,4753.868,24.5,53.5,1012.4,False,36.5,128,2.0,Australian Grand Prix
112.348,13,HARD,2,44.516,26.746,41.086,1100.0,0.0,101100000.0,1,12.0,671,False,4951.08,ALB,23,4841.19,None,4883.332,4910.078,4951.164,174.0,135.0,288.0,223.0,True,Williams,4838.732,2026-03-08T04:21:45.355000000,False,None,False,False,4873.87,24.6,52.3,1012.4,False,36.8,113,2.0,Australian Grand Prix
85.379,14,HARD,2,30.09,18.34,36.949,701101000.0,0.0,110000000.0,2,12.0,1,True,5036.459,ALB,23,None,None,4981.254,4999.594,5036.543,264.0,300.0,290.0,273.0,True,Williams,4951.08,2026-03-08T04:23:37.703000000,False,None,False,True,4993.903,24.3,53.3,1012.4,False,36.6,114,2.5,Australian Grand Prix
85.035,15,HARD,2,29.782,18.291,36.962,700030000.0,0.0,100000000.0,3,12.0,1,True,5121.494,ALB,23,None,None,5066.325,5084.616,5121.578,254.0,300.0,296.0,284.0,True,Williams,5036.459,2026-03-08T04:25:03.082000000,False,None,False,True,5053.917,24.3,53.7,1012.3,False,37.3,125,2.0,Australian Grand Prix
88.434,16,HARD,2,32.674,18.369,37.391,700000000.0,0.0,0.0,4,13.0,1,False,5209.928,ALB,23,None,None,5154.252,5172.621,5210.012,256.0,300.0,290.0,288.0,True,Williams,5121.494,2026-03-08T04:26:28.117000000,True,TRACK LIMITS AT TURN 3 LAP 16 ,False,True,5113.908,24.3,53.9,1012.3,False,38.4,140,3.5,Australian Grand Prix
85.662,17,HARD,2,29.953,18.346,37.363,710100000.0,0.0,0.0,5,13.0,1,False,5295.59,ALB,23,None,None,5239.965,5258.311,5295.674,263.0,300.0,287.0,281.0,True,Williams,5209.928,2026-03-08T04:27:56.551000000,False,None,False,True,5233.92,24.6,53.1,1012.3,False,37.7,111,3.0,Australian Grand Prix
104.028,18,HARD,2,29.856,26.359,47.813,700000000.0,0.0,10.0,6,13.0,126,False,5399.618,ALB,23,None,None,5325.53,5351.889,5399.702,257.0,208.0,206.0,281.0,True,Williams,5295.59,2026-03-08T04:29:22.213000000,False,None,False,False,5293.918,24.6,52.5,1012.3,False,36.7,138,4.1,Australian Grand Prix
109.476,19,HARD,2,40.275,25.064,44.137,700000100.0,10000.0,1000000100.0,7,13.0,671,False,5509.094,ALB,23,None,None,5439.977,5465.041,5509.178,240.0,256.0,297.0,221.0,True,Williams,5399.618,2026-03-08T04:31:06.241000000,False,None,False,False,5413.936,24.7,53.0,1012.3,False,35.9,142,2.9,Australian Grand Prix
85.041,20,HARD,2,29.647,18.338,37.056,710001000.0,1000.0,0.0,8,13.0,1,False,5594.135,ALB,23,None,None,5538.825,5557.163,5594.219,264.0,299.0,296.0,288.0,True,Williams,5509.094,2026-03-08T04:32:55.717000000,False,None,False,True,5533.969,24.6,53.4,1012.2,False,35.8,126,2.8,Australian Grand Prix
85.065,21,HARD,2,29.694,18.172,37.199,700000000.0,0.0,0.0,9,13.0,1,False,5679.2,ALB,23,None,None,5623.913,5642.085,5679.284,257.0,302.0,295.0,288.0,True,Williams,5594.135,2026-03-08T04:34:20.758000000,False,None,False,True,5593.968,24.6,53.3,1012.1,False,35.7,119,3.8,Australian Grand Prix
85.297,22,HARD,2,29.771,18.29,37.236,701000000.0,1000.0,0.0,10,13.0,1,False,5764.497,ALB,23,None,None,5709.055,5727.345,5764.581,260.0,301.0,295.0,287.0,True,Williams,5679.2,2026-03-08T04:35:45.823000000,False,None,False,True,5713.957,24.6,52.8,1012.1,False,36.4,111,2.9,Australian Grand Prix
85.258,23,HARD,2,29.798,18.173,37.287,700000011.0,0.0,0.0,11,13.0,1,False,5849.755,ALB,23,None,None,5794.379,5812.552,5849.839,256.0,301.0,297.0,286.0,True,Williams,5764.497,2026-03-08T04:37:11.120000000,False,None,False,True,5773.973,24.5,52.9,1012.2,False,36.6,95,1.4,Australian Grand Prix
85.334,24,HARD,2,29.842,18.245,37.247,700000000.0,0.0,0.0,12,13.0,1,False,5935.089,ALB,23,None,None,5879.681,5897.926,5935.173,266.0,302.0,292.0,286.0,True,Williams,5849.755,2026-03-08T04:38:36.378000000,False,None,False,True,5833.959,24.6,53.4,1012.1,False,37.0,114,2.1,Australian Grand Prix
85.569,25,HARD,2,29.99,18.291,37.288,700000001.0,0.0,0.0,13,13.0,1,False,6020.658,ALB,23,None,None,5965.163,5983.454,6020.742,262.0,302.0,296.0,283.0,True,Williams,5935.089,2026-03-08T04:40:01.712000000,False,None,False,True,5953.975,24.8,52.6,1012.1,False,37.6,147,3.1,Australian Grand Prix
85.782,26,HARD,2,29.871,18.341,37.57,700000001.0,0.0,0.0,14,13.0,1,False,6106.44,ALB,23,None,None,6050.613,6068.954,6106.524,266.0,303.0,293.0,283.0,True,Williams,6020.658,2026-03-08T04:41:27.281000000,False,None,False,True,6013.976,24.8,52.7,1012.0,False,37.4,106,3.3,Australian Grand Prix
85.734,27,HARD,2,29.901,18.232,37.601,700000000.0,0.0,0.0,15,13.0,1,False,6192.174,ALB,23,None,None,6136.425,6154.657,6192.258,268.0,300.0,298.0,286.0,True,Williams,6106.44,2026-03-08T04:42:53.063000000,False,None,False,True,6134.01,24.8,52.0,1012.0,False,36.5,98,2.5,Australian Grand Prix
86.642,28,HARD,2,30.362,18.456,37.824,700100000.0,0.0,0.0,16,13.0,1,False,6278.816,ALB,23,None,None,6222.62,6241.076,6278.9,266.0,302.0,296.0,277.0,True,Williams,6192.174,2026-03-08T04:44:18.797000000,False,None,False,True,6194.01,24.8,52.8,1012.0,False,36.3,98,4.0,Australian Grand Prix
86.614,29,HARD,2,30.359,18.191,38.064,700000000.0,1000.0,0.0,17,12.0,1,False,6365.43,ALB,23,None,None,6309.259,6327.45,6365.514,266.0,301.0,289.0,280.0,True,Williams,6278.816,2026-03-08T04:45:45.439000000,False,None,False,True,6254.01,24.8,52.8,1012.1,False,36.1,120,3.0,Australian Grand Prix
86.472,30,HARD,2,30.327,18.382,37.763,700000000.0,0.0,0.0,18,12.0,1,False,6451.902,ALB,23,None,None,6395.841,6414.223,6451.986,248.0,296.0,294.0,281.0,True,Williams,6365.43,2026-03-08T04:47:12.053000000,False,None,False,True,6374.017,25.3,53.7,1012.0,False,36.1,123,2.5,Australian Grand Prix
86.523,31,HARD,2,30.134,18.46,37.929,700000000.0,1000.0,0.0,19,12.0,1,False,6538.425,ALB,23,None,None,6482.12,6500.58,6538.509,264.0,297.0,291.0,283.0,True,Williams,6451.902,2026-03-08T04:48:38.525000000,False,None,False,True,6434.013,25.2,53.5,1011.9,False,37.3,184,1.0,Australian Grand Prix
86.459,32,HARD,2,30.357,18.353,37.749,700000000.0,0.0,555.0,20,12.0,1,False,6624.884,ALB,23,None,None,6568.866,6587.219,6624.968,264.0,295.0,286.0,279.0,True,Williams,6538.425,2026-03-08T04:50:05.048000000,False,None,False,True,6554.015,25.2,53.1,1012.0,False,37.0,125,4.0,Australian Grand Prix
110.03,33,HARD,2,30.255,18.445,61.33,500000000.0,0.0,10010100.0,21,12.0,167,False,6734.914,ALB,23,None,6718.614,6655.223,6673.668,6734.998,261.0,296.0,None,278.0,True,Williams,6624.884,2026-03-08T04:51:31.507000000,False,None,False,False,6614.014,25.1,53.0,1012.0,False,37.2,147,3.0,Australian Grand Prix
90.918,34,SOFT,3,36.035,18.141,36.742,10001100.0,11000.0,100.0,1,12.0,1,False,6825.832,ALB,23,6737.259,None,6771.033,6789.174,6825.916,266.0,305.0,292.0,218.0,True,Williams,6734.914,2026-03-08T04:53:21.537000000,False,None,False,False,6674.029,25.1,53.2,1011.8,False,37.7,107,2.5,Australian Grand Prix
84.446,35,SOFT,3,29.483,18.135,36.828,701001100.0,1000.0,1010010.0,2,12.0,1,True,6910.278,ALB,23,None,None,6855.399,6873.534,6910.362,265.0,300.0,287.0,287.0,True,Williams,6825.832,2026-03-08T04:54:52.455000000,False,None,False,True,6794.063,25.2,52.4,1011.9,False,37.2,105,3.7,Australian Grand Prix
84.375,36,SOFT,3,29.418,18.165,36.792,700000000.0,0.0,10000.0,3,12.0,1,True,6994.653,ALB,23,None,None,6939.78,6957.945,6994.737,263.0,298.0,296.0,285.0,True,Williams,6910.278,2026-03-08T04:56:16.901000000,False,None,False,True,6914.079,25.2,52.5,1011.8,False,37.8,119,3.8,Australian Grand Prix
85.052,37,SOFT,3,29.898,18.205,36.949,710000000.0,0.0,0.0,4,12.0,1,False,7079.705,ALB,23,None,None,7024.635,7042.84,7079.789,259.0,297.0,295.0,276.0,True,Williams,6994.653,2026-03-08T04:57:41.276000000,False,None,False,True,6974.097,25.2,52.8,1011.8,False,37.0,120,3.8,Australian Grand Prix
86.338,38,SOFT,3,29.646,18.304,38.388,700000000.0,100.0,0.0,5,12.0,1,False,7166.043,ALB,23,None,None,7109.435,7127.739,7166.127,260.0,299.0,295.0,287.0,True,Williams,7079.705,2026-03-08T04:59:06.328000000,False,None,False,True,7094.098,25.1,53.0,1011.8,False,35.9,115,3.0,Australian Grand Prix
84.858,39,SOFT,3,29.97,18.028,36.86,700000000.0,0.0,0.0,6,12.0,1,False,7250.901,ALB,23,None,None,7196.097,7214.125,7250.985,259.0,304.0,293.0,287.0,True,Williams,7166.043,2026-03-08T05:00:32.666000000,False,None,False,True,7154.099,25.0,52.1,1011.8,False,35.7,98,2.5,Australian Grand Prix
86.672,40,SOFT,3,29.92,18.212,38.54,700000000.0,0.0,0.0,7,12.0,1,False,7337.573,ALB,23,None,None,7280.905,7299.117,7337.657,247.0,301.0,297.0,287.0,True,Williams,7250.901,2026-03-08T05:01:57.524000000,False,None,False,True,7214.101,25.0,52.7,1011.8,False,35.5,140,3.1,Australian Grand Prix
84.876,41,SOFT,3,29.843,18.061,36.972,700000000.0,1000.0,0.0,8,12.0,1,False,7422.449,ALB,23,None,None,7367.5,7385.561,7422.533,258.0,302.0,295.0,287.0,True,Williams,7337.573,2026-03-08T05:03:24.196000000,False,None,False,True,7334.114,25.0,52.8,1011.7,False,35.5,136,3.6,Australian Grand Prix
84.858,42,SOFT,3,29.705,18.242,36.911,700000000.0,0.0,0.0,9,12.0,1,False,7507.307,ALB,23,None,None,7452.238,7470.48,7507.391,244.0,299.0,291.0,285.0,True,Williams,7422.449,2026-03-08T05:04:49.072000000,False,None,False,True,7394.119,25.0,52.8,1011.8,False,35.4,96,2.8,Australian Grand Prix
84.956,43,SOFT,3,29.745,18.256,36.955,700000011.0,1000.0,0.0,10,12.0,1,False,7592.263,ALB,23,None,None,7537.136,7555.392,7592.347,260.0,300.0,290.0,282.0,True,Williams,7507.307,2026-03-08T05:06:13.930000000,False,None,False,True,7454.108,25.1,52.6,1011.6,False,35.5,99,1.3,Australian Grand Prix
84.841,44,SOFT,3,29.537,18.178,37.126,700000000.0,1000.0,0.0,11,12.0,1,False,7677.104,ALB,23,None,None,7621.884,7640.062,7677.188,264.0,299.0,294.0,282.0,True,Williams,7592.263,2026-03-08T05:07:38.886000000,False,None,False,True,7574.136,25.2,52.7,1011.7,False,36.2,93,1.0,Australian Grand Prix
84.702,45,SOFT,3,29.548,18.205,36.949,700000000.0,0.0,10000000.0,12,12.0,1,False,7761.806,ALB,23,None,None,7706.736,7724.941,7761.89,258.0,297.0,294.0,282.0,True,Williams,7677.104,2026-03-08T05:09:03.727000000,False,None,False,True,7634.151,25.1,52.5,1011.7,False,36.6,110,2.0,Australian Grand Prix
84.777,46,SOFT,3,29.574,18.274,36.929,700010000.0,1000.0,0.0,13,12.0,1,False,7846.583,ALB,23,None,None,7791.464,7809.738,7846.667,257.0,297.0,289.0,283.0,True,Williams,7761.806,2026-03-08T05:10:28.429000000,False,None,False,True,7754.15,25.1,51.4,1011.6,False,35.7,118,3.9,Australian Grand Prix
84.815,47,SOFT,3,29.602,18.169,37.044,700000000.0,1000.0,0.0,14,12.0,1,False,7931.398,ALB,23,None,None,7876.269,7894.438,7931.482,255.0,298.0,293.0,283.0,True,Williams,7846.583,2026-03-08T05:11:53.206000000,False,None,False,True,7814.153,25.1,51.4,1011.6,False,35.6,140,2.9,Australian Grand Prix
84.773,48,SOFT,3,29.606,18.156,37.011,700000001.0,0.0,0.0,15,12.0,1,False,8016.171,ALB,23,None,None,7961.088,7979.244,8016.255,255.0,298.0,294.0,281.0,True,Williams,7931.398,2026-03-08T05:13:18.021000000,False,None,False,True,7874.138,25.1,52.4,1011.6,False,35.4,106,4.0,Australian Grand Prix
84.785,49,SOFT,3,29.474,18.34,36.971,700000000.0,0.0,10.0,16,12.0,1,False,8100.956,ALB,23,None,None,8045.729,8064.069,8101.04,265.0,297.0,295.0,285.0,True,Williams,8016.171,2026-03-08T05:14:42.794000000,False,None,False,True,7994.158,25.1,52.9,1011.6,False,36.8,110,2.4,Australian Grand Prix
84.856,50,SOFT,3,29.794,18.218,36.844,700000000.0,0.0,0.0,17,12.0,1,False,8185.812,ALB,23,None,None,8130.834,8149.052,8185.896,244.0,301.0,297.0,286.0,True,Williams,8100.956,2026-03-08T05:16:07.579000000,False,None,False,True,8054.173,25.2,53.0,1011.6,False,36.5,116,2.6,Australian Grand Prix
84.749,51,SOFT,3,29.468,18.211,37.07,700000010.0,0.0,1000000000.0,18,12.0,1,False,8270.561,ALB,23,None,None,8215.364,8233.575,8270.645,257.0,300.0,294.0,285.0,True,Williams,8185.812,2026-03-08T05:17:32.435000000,False,None,False,True,8174.192,25.3,52.0,1011.6,False,35.9,125,2.3,Australian Grand Prix
84.764,52,SOFT,3,29.582,18.133,37.049,700000000.0,0.0,0.0,19,12.0,1,False,8355.325,ALB,23,None,None,8300.227,8318.36,8355.409,261.0,300.0,289.0,290.0,True,Williams,8270.561,2026-03-08T05:18:57.184000000,False,None,False,True,8234.191,25.3,52.2,1011.5,False,35.6,106,3.1,Australian Grand Prix
85.019,53,SOFT,3,29.769,18.199,37.051,700000000.0,0.0,1000000000.0,20,12.0,1,False,8440.344,ALB,23,None,None,8385.178,8403.377,8440.428,254.0,302.0,294.0,286.0,True,Williams,8355.325,2026-03-08T05:20:21.948000000,False,None,False,True,8294.207,25.3,51.1,1011.5,False,35.3,121,3.0,Australian Grand Prix
84.861,54,SOFT,3,29.69,18.266,36.905,700000010.0,1000.0,1000000000.0,21,12.0,1,False,8525.205,ALB,23,None,None,8470.118,8488.384,8525.289,255.0,296.0,289.0,291.0,True,Williams,8440.344,2026-03-08T05:21:46.967000000,False,None,False,True,8414.244,25.3,51.9,1011.5,False,34.8,115,3.0,Australian Grand Prix
84.995,55,SOFT,3,29.747,18.208,37.04,700000011.0,0.0,0.0,22,12.0,1,False,8610.2,ALB,23,None,None,8555.036,8573.244,8610.284,255.0,296.0,292.0,287.0,True,Williams,8525.205,2026-03-08T05:23:11.828000000,False,None,False,True,8474.264,25.3,51.7,1011.5,False,34.7,130,4.2,Australian Grand Prix
86.387,56,SOFT,3,29.824,18.321,38.242,700000001.0,100.0,1.0,23,12.0,1,False,8696.587,ALB,23,None,None,8640.108,8658.429,8696.671,261.0,295.0,287.0,288.0,True,Williams,8610.2,2026-03-08T05:24:36.823000000,False,None,False,True,8534.293,25.2,51.6,1011.6,False,34.6,126,3.2,Australian Grand Prix
86.268,57,SOFT,3,31.326,18.011,36.931,700000000.0,0.0,,24,12.0,1,False,8782.855,ALB,23,None,None,8727.997,8746.008,8782.939,261.0,308.0,301.0,278.0,True,Williams,8696.587,2026-03-08T05:26:03.210000000,False,None,False,True,8654.277,25.2,52.0,1011.5,False,34.4,105,2.9,Australian Grand Prix
98.271,1,SOFT,1,,18.649,38.704,0.0,0.0,77.0,1,10.0,1,False,3838.25,ALO,14,None,None,None,3800.135,3838.519,239.0,309.0,297.0,203.0,True,Aston Martin,3739.743,2026-03-08T04:03:26.366000000,False,None,False,False,3793.796,24.2,54.0,1012.8,False,36.6,104,4.4,Australian Grand Prix
87.598,2,SOFT,1,31.374,18.457,37.767,11011111.0,11000.0,1010.0,2,10.0,1,True,3925.848,ALO,14,None,None,3869.713,3888.17,3925.937,250.0,289.0,294.0,251.0,True,Aston Martin,3838.25,2026-03-08T04:05:04.873000000,False,None,False,True,3853.794,24.2,54.4,1012.8,False,36.0,135,2.3,Australian Grand Prix
88.035,3,SOFT,1,30.633,18.4,39.002,700000000.0,0.0,11010000.0,3,12.0,1,False,4013.883,ALO,14,None,None,3956.57,3974.97,4013.972,253.0,289.0,296.0,280.0,True,Aston Martin,3925.848,2026-03-08T04:06:32.471000000,False,None,False,True,3973.816,24.1,54.1,1012.9,False,36.1,112,1.6,Australian Grand Prix
87.424,4,SOFT,1,31.163,18.447,37.814,710000000.0,0.0,0.0,4,12.0,1,True,4101.307,ALO,14,None,None,4045.135,4063.582,4101.396,250.0,288.0,289.0,261.0,True,Aston Martin,4013.883,2026-03-08T04:08:00.506000000,False,None,False,True,4033.811,24.1,54.1,1012.9,False,36.1,112,1.6,Australian Grand Prix
88.835,5,SOFT,1,31.303,18.529,39.003,700010000.0,10000.0,0.0,5,14.0,1,False,4190.142,ALO,14,None,None,4132.699,4151.228,4190.231,251.0,294.0,292.0,289.0,True,Aston Martin,4101.307,2026-03-08T04:09:27.930000000,False,None,False,True,4153.828,24.2,54.2,1012.8,False,35.1,127,2.2,Australian Grand Prix
88.763,6,SOFT,1,30.861,18.522,39.38,700000000.0,1.0,1000000000.0,6,16.0,1,False,4278.905,ALO,14,None,None,4221.092,4239.614,4278.994,252.0,285.0,294.0,270.0,True,Aston Martin,4190.142,2026-03-08T04:10:56.765000000,False,None,False,True,4213.83,24.2,54.3,1012.6,False,35.3,114,2.7,Australian Grand Prix
87.876,7,SOFT,1,30.794,18.262,38.82,700010000.0,0.0,10100000.0,7,17.0,1,False,4366.781,ALO,14,None,None,4309.788,4328.05,4366.87,253.0,308.0,292.0,268.0,True,Aston Martin,4278.905,2026-03-08T04:12:25.528000000,False,None,False,True,4273.82,24.2,54.7,1012.6,False,35.1,99,3.4,Australian Grand Prix
86.792,8,SOFT,1,30.618,18.468,37.706,700000100.0,0.0,0.0,8,17.0,1,True,4453.573,ALO,14,None,None,4397.488,4415.956,4453.662,251.0,286.0,287.0,284.0,True,Aston Martin,4366.781,2026-03-08T04:13:53.404000000,False,None,False,True,4393.821,24.5,54.3,1012.6,False,36.6,104,2.4,Australian Grand Prix
87.04,9,SOFT,1,30.452,18.65,37.938,700010010.0,10000.0,0.0,9,16.0,1,False,4540.613,ALO,14,None,None,4484.114,4502.764,4540.702,250.0,293.0,283.0,288.0,True,Aston Martin,4453.573,2026-03-08T04:15:20.196000000,False,None,False,True,4453.832,24.4,53.7,1012.6,False,38.1,121,3.1,Australian Grand Prix
87.475,10,SOFT,1,30.587,18.88,38.008,700000000.0,0.0,555.0,10,16.0,1,False,4628.088,ALO,14,None,None,4571.289,4590.169,4628.177,250.0,285.0,281.0,284.0,True,Aston Martin,4540.613,2026-03-08T04:16:47.236000000,False,None,False,True,4573.833,24.5,53.3,1012.6,False,36.7,119,1.6,Australian Grand Prix
119.99,11,SOFT,1,30.773,19.575,69.642,500000000.0,0.0,0.0,11,17.0,16,False,4748.078,ALO,14,None,4724.236,4658.95,4678.525,4748.167,251.0,225.0,None,276.0,True,Aston Martin,4628.088,2026-03-08T04:18:14.711000000,False,None,False,False,4633.861,24.4,53.1,1012.4,False,36.6,128,2.7,Australian Grand Prix
122.34,12,SOFT,2,44.091,34.546,43.703,0.0,0.0,100555.0,1,16.0,6,False,4870.418,ALO,14,4750.242,None,4792.258,4826.804,4870.507,214.0,127.0,277.0,202.0,True,Aston Martin,4748.078,2026-03-08T04:20:14.701000000,False,None,False,False,4753.868,24.5,53.5,1012.4,False,36.5,128,2.0,Australian Grand Prix
1069.531,13,SOFT,2,35.885,25.378,,500000000.0,0.0,1100110.0,2,19.0,6712,False,5939.952,ALO,14,None,4969.657,4906.474,4931.872,None,203.0,233.0,None,251.0,True,Aston Martin,4870.418,2026-03-08T04:22:17.041000000,False,None,False,False,4873.87,24.6,52.3,1012.4,False,36.8,113,2.0,Australian Grand Prix
98.828,14,SOFT,3,42.346,18.951,37.531,1011111.0,11000.0,1110100.0,3,19.0,1,False,6038.78,ALO,14,5942.289,None,5982.387,6001.338,6038.869,241.0,271.0,288.0,190.0,False,Aston Martin,5939.952,2026-03-08T04:40:06.575000000,False,None,False,False,4993.903,24.3,53.3,1012.4,False,36.6,114,2.5,Australian Grand Prix
85.713,15,SOFT,3,29.879,18.494,37.34,701000000.0,0.0,111000.0,4,19.0,1,True,6124.493,ALO,14,None,None,6068.748,6087.242,6124.582,251.0,275.0,285.0,283.0,False,Aston Martin,6038.78,2026-03-08T04:41:45.403000000,False,None,False,True,5053.917,24.3,53.7,1012.3,False,37.3,125,2.0,Australian Grand Prix
86.131,16,SOFT,3,30.073,18.874,37.184,711000000.0,0.0,1100000000.0,5,18.0,1,False,6210.624,ALO,14,None,None,6154.655,6173.529,6210.713,252.0,266.0,282.0,279.0,False,Aston Martin,6124.493,2026-03-08T04:43:11.116000000,False,None,False,True,5113.908,24.3,53.9,1012.3,False,38.4,140,3.5,Australian Grand Prix
86.376,17,SOFT,3,30.067,19.021,37.288,701010001.0,11000.0,1110010000.0,6,18.0,1,False,6297.0,ALO,14,None,None,6240.78,6259.801,6297.089,252.0,263.0,283.0,275.0,False,Aston Martin,6210.624,2026-03-08T04:44:37.247000000,False,None,False,True,5233.92,24.6,53.1,1012.3,False,37.7,111,3.0,Australian Grand Prix
85.908,18,SOFT,3,30.043,18.796,37.069,700000001.0,1000.0,0.0,7,18.0,1,False,6382.908,ALO,14,None,None,6327.132,6345.928,6382.997,252.0,265.0,285.0,277.0,False,Aston Martin,6297.0,2026-03-08T04:46:03.623000000,False,None,False,True,5293.918,24.6,52.5,1012.3,False,36.7,138,4.1,Australian Grand Prix
88.14,19,SOFT,3,30.071,18.904,39.165,700000001.0,1000.0,0.0,8,18.0,1,False,6471.048,ALO,14,None,None,6413.068,6431.972,6471.137,253.0,259.0,284.0,276.0,False,Aston Martin,6382.908,2026-03-08T04:47:29.531000000,False,None,False,True,5413.936,24.7,53.0,1012.3,False,35.9,142,2.9,Australian Grand Prix
86.641,20,SOFT,3,30.312,18.834,37.495,700000000.0,0.0,0.0,9,18.0,1,False,6557.689,ALO,14,None,None,6501.449,6520.283,6557.778,259.0,259.0,284.0,278.0,False,Aston Martin,6471.048,2026-03-08T04:48:57.671000000,False,None,False,True,5533.969,24.6,53.4,1012.2,False,35.8,126,2.8,Australian Grand Prix
88.082,21,SOFT,3,31.697,18.782,37.603,700000000.0,0.0,0.0,10,18.0,1,False,6645.771,ALO,14,None,None,6589.475,6608.257,6645.86,253.0,284.0,285.0,276.0,False,Aston Martin,6557.689,2026-03-08T04:50:24.312000000,False,None,False,True,5593.968,24.6,53.3,1012.1,False,35.7,119,3.8,Australian Grand Prix
,22,SOFT,3,30.824,30.521,,,,,11,18.0,167,False,6747.116,ALO,14,None,6747.205,6676.816,6707.314,None,190.0,208.0,None,265.0,False,Aston Martin,6645.771,2026-03-08T04:51:52.394000000,False,None,False,False,5713.957,24.6,52.8,1012.1,False,36.4,111,2.9,Australian Grand Prix
96.966,1,MEDIUM,1,,18.757,38.331,0.0,0.0,7.0,1,7.0,1,False,3836.945,ANT,12,None,None,None,3798.879,3837.156,234.0,295.0,292.0,232.0,True,Mercedes,3739.743,2026-03-08T04:03:26.366000000,False,None,False,False,3793.796,24.2,54.0,1012.8,False,36.6,104,4.4,Australian Grand Prix
87.129,2,MEDIUM,1,30.82,18.035,38.274,700001000.0,10001.0,11111010.0,2,7.0,1,True,3924.074,ANT,12,None,None,3867.873,3885.908,3924.182,253.0,292.0,303.0,272.0,True,Mercedes,3836.945,2026-03-08T04:05:03.568000000,False,None,False,True,3853.794,24.2,54.4,1012.8,False,36.0,135,2.3,Australian Grand Prix
85.463,3,MEDIUM,1,30.586,18.042,36.835,11011311.0,11001.0,1300000011.0,3,6.0,1,True,4009.537,ANT,12,None,None,3954.768,3972.81,4009.645,256.0,304.0,289.0,276.0,True,Mercedes,3924.074,2026-03-08T04:06:30.697000000,False,None,False,True,3973.816,24.1,54.1,1012.9,False,36.1,112,1.6,Australian Grand Prix
85.411,4,MEDIUM,1,29.869,17.795,37.747,310001000.0,0.0,1003100000.0,4,6.0,1,True,4094.948,ANT,12,None,None,4039.514,4057.309,4095.056,260.0,315.0,314.0,280.0,True,Mercedes,4009.537,2026-03-08T04:07:56.160000000,False,None,False,True,4033.811,24.1,54.1,1012.9,False,36.1,112,1.6,Australian Grand Prix
84.499,5,MEDIUM,1,29.761,18.073,36.665,1030011.0,1000.0,1000110100.0,5,5.0,1,True,4179.447,ANT,12,None,None,4124.817,4142.89,4179.555,256.0,307.0,288.0,302.0,True,Mercedes,4094.948,2026-03-08T04:09:21.571000000,False,None,False,True,4153.828,24.2,54.2,1012.8,False,35.1,127,2.2,Australian Grand Prix
84.024,6,MEDIUM,1,29.534,17.861,36.629,701001011.0,10000.0,3000110100.0,6,4.0,1,True,4263.471,ANT,12,None,None,4209.089,4226.95,4263.579,262.0,299.0,281.0,290.0,True,Mercedes,4179.447,2026-03-08T04:10:46.070000000,False,None,False,True,4213.83,24.2,54.3,1012.6,False,35.3,114,2.7,Australian Grand Prix
83.835,7,MEDIUM,1,29.537,18.052,36.246,700031011.0,30000.0,3013000000.0,7,4.0,1,True,4347.306,ANT,12,None,None,4293.116,4311.168,4347.414,261.0,301.0,282.0,283.0,True,Mercedes,4263.471,2026-03-08T04:12:10.094000000,False,None,False,True,4273.82,24.2,54.7,1012.6,False,35.1,99,3.4,Australian Grand Prix
83.683,8,MEDIUM,1,29.573,17.945,36.165,710000000.0,0.0,0.0,8,4.0,1,True,4430.989,ANT,12,None,None,4376.987,4394.932,4431.097,266.0,299.0,290.0,293.0,True,Mercedes,4347.306,2026-03-08T04:13:33.929000000,False,None,False,True,4393.821,24.5,54.3,1012.6,False,36.6,104,2.4,Australian Grand Prix
83.908,9,MEDIUM,1,29.601,17.91,36.397,700000000.0,0.0,0.0,9,4.0,1,False,4514.897,ANT,12,None,None,4460.698,4478.608,4515.005,258.0,306.0,296.0,299.0,True,Mercedes,4430.989,2026-03-08T04:14:57.612000000,False,None,False,True,4453.832,24.4,53.7,1012.6,False,38.1,121,3.1,Australian Grand Prix
84.037,10,MEDIUM,1,29.723,17.879,36.435,700000000.0,1000.0,10000000.0,10,4.0,1,False,4598.934,ANT,12,None,None,4544.728,4562.607,4599.042,265.0,309.0,296.0,298.0,True,Mercedes,4514.897,2026-03-08T04:16:21.520000000,False,None,False,True,4573.833,24.5,53.3,1012.6,False,36.7,119,1.6,Australian Grand Prix
83.89,11,MEDIUM,1,29.711,17.822,36.357,700000000.0,0.0,555.0,11,4.0,16,False,4682.824,ANT,12,None,None,4628.753,4646.575,4682.932,261.0,310.0,294.0,298.0,True,Mercedes,4598.934,2026-03-08T04:17:45.557000000,False,None,False,False,4633.861,24.4,53.1,1012.4,False,36.6,128,2.7,Australian Grand Prix
129.682,12,MEDIUM,1,40.974,29.373,59.335,500000000.0,0.0,0.0,12,5.0,6,False,4812.506,ANT,12,None,4793.658,4723.906,4753.279,4812.614,224.0,145.0,None,165.0,True,Mercedes,4682.824,2026-03-08T04:19:09.447000000,False,None,False,False,4753.868,24.5,53.5,1012.4,False,36.5,128,2.0,Australian Grand Prix
117.691,13,HARD,2,43.264,28.321,46.106,311.0,0.0,300.0,1,5.0,67,False,4930.197,ANT,12,4814.928,None,4855.878,4884.199,4930.305,211.0,121.0,211.0,227.0,True,Mercedes,4812.506,2026-03-08T04:21:19.129000000,False,None,False,False,4873.87,24.6,52.3,1012.4,False,36.8,113,2.0,Australian Grand Prix
86.679,14,HARD,2,32.153,18.212,36.314,700000300.0,1100.0,11.0,2,5.0,71,False,5016.876,ANT,12,None,None,4962.458,4980.67,5016.984,266.0,301.0,286.0,226.0,True,Mercedes,4930.197,2026-03-08T04:23:16.820000000,False,None,False,False,4993.903,24.3,53.3,1012.4,False,36.6,114,2.5,Australian Grand Prix
83.287,15,HARD,2,29.346,17.73,36.211,100000110.0,0.0,3000000.0,3,5.0,1,True,5100.163,ANT,12,None,None,5046.33,5064.06,5100.271,267.0,310.0,316.0,295.0,True,Mercedes,5016.876,2026-03-08T04:24:43.499000000,False,None,False,True,5053.917,24.3,53.7,1012.3,False,37.3,125,2.0,Australian Grand Prix
83.618,16,HARD,2,29.345,17.992,36.281,0.0,0.0,1010000000.0,4,4.0,1,False,5183.781,ANT,12,None,None,5129.616,5147.608,5183.889,255.0,295.0,289.0,292.0,True,Mercedes,5100.163,2026-03-08T04:26:06.786000000,False,None,False,True,5113.908,24.3,53.9,1012.3,False,38.4,140,3.5,Australian Grand Prix
83.26,17,HARD,2,29.46,17.93,35.87,711000010.0,1000.0,0.0,5,4.0,1,True,5267.041,ANT,12,None,None,5213.349,5231.279,5267.149,261.0,301.0,293.0,294.0,True,Mercedes,5183.781,2026-03-08T04:27:30.404000000,False,None,False,True,5233.92,24.6,53.1,1012.3,False,37.7,111,3.0,Australian Grand Prix
90.982,18,HARD,2,29.138,17.897,43.947,700000000.0,0.0,0.0,6,4.0,126,False,5358.023,ANT,12,None,None,5296.287,5314.184,5358.131,252.0,298.0,227.0,296.0,True,Mercedes,5267.041,2026-03-08T04:28:53.664000000,False,None,False,False,5293.918,24.6,52.5,1012.3,False,36.7,138,4.1,Australian Grand Prix
115.334,19,HARD,2,40.684,24.847,49.803,700000000.0,0.0,0.0,7,4.0,6,False,5473.357,ANT,12,None,None,5398.815,5423.662,5473.465,189.0,223.0,209.0,196.0,True,Mercedes,5358.023,2026-03-08T04:30:24.646000000,False,None,False,False,5413.936,24.7,53.0,1012.3,False,35.9,142,2.9,Australian Grand Prix
88.479,20,HARD,2,34.654,17.884,35.941,711013301.0,10000.0,310000.0,8,4.0,671,False,5561.836,ANT,12,None,None,5508.119,5526.003,5561.944,265.0,297.0,297.0,224.0,True,Mercedes,5473.357,2026-03-08T04:32:19.980000000,False,None,False,False,5533.969,24.6,53.4,1012.2,False,35.8,126,2.8,Australian Grand Prix
82.781,21,HARD,2,28.955,17.927,35.899,701010333.0,10000.0,0.0,9,4.0,1,True,5644.617,ANT,12,None,None,5590.899,5608.826,5644.725,267.0,298.0,287.0,298.0,True,Mercedes,5561.836,2026-03-08T04:33:48.459000000,False,None,False,True,5593.968,24.6,53.3,1012.1,False,35.7,119,3.8,Australian Grand Prix
82.862,22,HARD,2,28.856,17.864,36.142,701110000.0,1100.0,0.0,10,4.0,1,False,5727.479,ANT,12,None,None,5673.581,5691.445,5727.587,273.0,301.0,293.0,292.0,True,Mercedes,5644.617,2026-03-08T04:35:11.240000000,False,None,False,True,5713.957,24.6,52.8,1012.1,False,36.4,111,2.9,Australian Grand Prix
82.582,23,HARD,2,28.958,17.767,35.857,700000000.0,0.0,0.0,11,4.0,1,True,5810.061,ANT,12,None,None,5756.545,5774.312,5810.169,264.0,288.0,294.0,294.0,True,Mercedes,5727.479,2026-03-08T04:36:34.102000000,False,None,False,True,5773.973,24.5,52.9,1012.2,False,36.6,95,1.4,Australian Grand Prix
83.222,24,HARD,2,29.329,17.828,36.065,700000000.0,0.0,0.0,12,4.0,1,False,5893.283,ANT,12,None,None,5839.498,5857.326,5893.391,266.0,303.0,293.0,291.0,True,Mercedes,5810.061,2026-03-08T04:37:56.684000000,False,None,False,True,5833.959,24.6,53.4,1012.1,False,37.0,114,2.1,Australian Grand Prix
84.545,25,HARD,2,29.326,17.855,37.364,700000000.0,0.0,1000000000.0,13,3.0,1,False,5977.828,ANT,12,None,None,5922.717,5940.572,5977.936,260.0,298.0,294.0,296.0,True,Mercedes,5893.283,2026-03-08T04:39:19.906000000,False,None,False,True,5953.975,24.8,52.6,1012.1,False,37.6,147,3.1,Australian Grand Prix
83.138,26,HARD,2,29.311,17.911,35.916,700010000.0,0.0,1000000000.0,14,3.0,1,False,6060.966,ANT,12,None,None,6007.247,6025.158,6061.074,264.0,301.0,296.0,295.0,True,Mercedes,5977.828,2026-03-08T04:40:44.451000000,False,None,False,True,6013.976,24.8,52.7,1012.0,False,37.4,106,3.3,Australian Grand Prix
83.103,27,HARD,2,29.187,17.915,36.001,700000000.0,0.0,0.0,15,3.0,1,False,6144.069,ANT,12,None,None,6090.261,6108.176,6144.177,260.0,300.0,294.0,299.0,True,Mercedes,6060.966,2026-03-08T04:42:07.589000000,False,None,False,True,6134.01,24.8,52.0,1012.0,False,36.5,98,2.5,Australian Grand Prix
83.03,28,HARD,2,29.174,17.872,35.984,700000000.0,0.0,10000000.0,16,2.0,1,False,6227.099,ANT,12,None,None,6173.351,6191.223,6227.207,260.0,301.0,296.0,298.0,True,Mercedes,6144.069,2026-03-08T04:43:30.692000000,False,None,False,True,6194.01,24.8,52.8,1012.0,False,36.3,98,4.0,Australian Grand Prix
82.968,29,HARD,2,29.145,17.888,35.935,700000000.0,0.0,1010000000.0,17,2.0,1,False,6310.067,ANT,12,None,None,6256.352,6274.24,6310.175,265.0,300.0,296.0,300.0,True,Mercedes,6227.099,2026-03-08T04:44:53.722000000,False,None,False,True,6254.01,24.8,52.8,1012.1,False,36.1,120,3.0,Australian Grand Prix
82.889,30,HARD,2,29.144,17.803,35.942,700000000.0,0.0,10000000.0,18,2.0,1,False,6392.956,ANT,12,None,None,6339.319,6357.122,6393.064,265.0,303.0,298.0,298.0,True,Mercedes,6310.067,2026-03-08T04:46:16.690000000,False,None,False,True,6374.017,25.3,53.7,1012.0,False,36.1,123,2.5,Australian Grand Prix
82.88,31,HARD,2,29.175,17.772,35.933,700000000.0,0.0,10000000.0,19,2.0,1,False,6475.836,ANT,12,None,None,6422.239,6440.011,6475.944,264.0,306.0,299.0,301.0,True,Mercedes,6392.956,2026-03-08T04:47:39.579000000,False,None,False,True,6434.013,25.2,53.5,1011.9,False,37.3,184,1.0,Australian Grand Prix
83.239,32,HARD,2,29.509,17.78,35.95,700000000.0,1000.0,0.0,20,2.0,1,False,6559.075,ANT,12,None,None,6505.453,6523.233,6559.183,265.0,303.0,301.0,295.0,True,Mercedes,6475.836,2026-03-08T04:49:02.459000000,False,None,False,True,6554.015,25.2,53.1,1012.0,False,37.0,125,4.0,Australian Grand Prix
83.017,33,HARD,2,29.36,17.772,35.885,700000000.0,0.0,0.0,21,2.0,1,False,6642.092,ANT,12,None,None,6588.543,6606.315,6642.2,264.0,304.0,300.0,306.0,True,Mercedes,6559.075,2026-03-08T04:50:25.698000000,False,None,False,True,6614.014,25.1,53.0,1012.0,False,37.2,147,3.0,Australian Grand Prix
98.387,34,HARD,2,29.416,29.491,39.48,700000000.0,1000.0,0.0,22,2.0,167,False,6740.479,ANT,12,None,None,6671.616,6701.107,6740.587,265.0,187.0,306.0,300.0,True,Mercedes,6642.092,2026-03-08T04:51:48.715000000,False,None,False,False,6674.029,25.1,53.2,1011.8,False,37.7,107,2.5,Australian Grand Prix
83.292,35,HARD,2,29.604,17.871,35.817,700000000.0,10000.0,1000000000.0,23,2.0,1,False,6823.771,ANT,12,None,None,6770.191,6788.062,6823.879,264.0,299.0,297.0,304.0,True,Mercedes,6740.479,2026-03-08T04:53:27.102000000,False,None,False,True,6794.063,25.2,52.4,1011.9,False,37.2,105,3.7,Australian Grand Prix
82.865,36,HARD,2,29.264,17.788,35.813,700000000.0,0.0,0.0,24,2.0,1,False,6906.636,ANT,12,None,None,6853.143,6870.931,6906.744,267.0,299.0,296.0,302.0,True,Mercedes,6823.771,2026-03-08T04:54:50.394000000,False,None,False,True,6914.079,25.2,52.5,1011.8,False,37.8,119,3.8,Australian Grand Prix
82.966,37,HARD,2,29.271,17.847,35.848,700000000.0,0.0,0.0,25,2.0,1,False,6989.602,ANT,12,None,None,6936.015,6953.862,6989.71,265.0,299.0,295.0,301.0,True,Mercedes,6906.636,2026-03-08T04:56:13.259000000,False,None,False,True,6974.097,25.2,52.8,1011.8,False,37.0,120,3.8,Australian Grand Prix
82.989,38,HARD,2,29.155,17.873,35.961,700000000.0,1000.0,0.0,26,2.0,1,False,7072.591,ANT,12,None,None,7018.865,7036.738,7072.699,273.0,299.0,289.0,302.0,True,Mercedes,6989.602,2026-03-08T04:57:36.225000000,False,None,False,True,7094.098,25.1,53.0,1011.8,False,35.9,115,3.0,Australian Grand Prix
82.921,39,HARD,2,29.196,17.847,35.878,700000000.0,0.0,0.0,27,2.0,1,False,7155.512,ANT,12,None,None,7101.895,7119.742,7155.62,263.0,300.0,295.0,295.0,True,Mercedes,7072.591,2026-03-08T04:58:59.214000000,False,None,False,True,7154.099,25.0,52.1,1011.8,False,35.7,98,2.5,Australian Grand Prix
82.672,40,HARD,2,29.1,17.868,35.704,710000000.0,1000.0,1000000000.0,28,2.0,1,False,7238.184,ANT,12,None,None,7184.72,7202.588,7238.292,257.0,300.0,298.0,297.0,True,Mercedes,7155.512,2026-03-08T05:00:22.135000000,False,None,False,True,7214.101,25.0,52.7,1011.8,False,35.5,140,3.1,Australian Grand Prix
82.928,41,HARD,2,29.162,17.803,35.963,700100000.0,0.0,0.0,29,2.0,1,False,7321.112,ANT,12,None,None,7267.454,7285.257,7321.22,260.0,302.0,298.0,301.0,True,Mercedes,7238.184,2026-03-08T05:01:44.807000000,False,None,False,True,7334.114,25.0,52.8,1011.7,False,35.5,136,3.6,Australian Grand Prix
82.942,42,HARD,2,29.075,17.803,36.064,700000000.0,0.0,0.0,30,2.0,1,False,7404.054,ANT,12,None,None,7350.295,7368.098,7404.162,264.0,303.0,302.0,301.0,True,Mercedes,7321.112,2026-03-08T05:03:07.735000000,False,None,False,True,7394.119,25.0,52.8,1011.8,False,35.4,96,2.8,Australian Grand Prix
83.015,43,HARD,2,29.244,17.82,35.951,700000000.0,0.0,0.0,31,2.0,1,False,7487.069,ANT,12,None,None,7433.406,7451.226,7487.177,264.0,301.0,298.0,306.0,True,Mercedes,7404.054,2026-03-08T05:04:30.677000000,False,None,False,True,7454.108,25.1,52.6,1011.6,False,35.5,99,1.3,Australian Grand Prix
83.079,44,HARD,2,29.252,17.743,36.084,710000000.0,100.0,0.0,32,2.0,1,False,7570.148,ANT,12,None,None,7516.429,7534.172,7570.256,264.0,303.0,298.0,303.0,True,Mercedes,7487.069,2026-03-08T05:05:53.692000000,False,None,False,True,7574.136,25.2,52.7,1011.7,False,36.2,93,1.0,Australian Grand Prix
83.123,45,HARD,2,29.311,17.763,36.049,700000000.0,1100.0,0.0,33,2.0,1,False,7653.271,ANT,12,None,None,7599.567,7617.33,7653.379,259.0,302.0,297.0,304.0,True,Mercedes,7570.148,2026-03-08T05:07:16.771000000,False,None,False,True,7634.151,25.1,52.5,1011.7,False,36.6,110,2.0,Australian Grand Prix
83.038,46,HARD,2,29.35,17.698,35.99,700000000.0,1100.0,0.0,34,2.0,1,False,7736.309,ANT,12,None,None,7682.729,7700.427,7736.417,261.0,303.0,299.0,301.0,True,Mercedes,7653.271,2026-03-08T05:08:39.894000000,False,None,False,True,7754.15,25.1,51.4,1011.6,False,35.7,118,3.9,Australian Grand Prix
83.066,47,HARD,2,29.276,17.687,36.103,700100000.0,111.0,3000000000.0,35,2.0,1,False,7819.375,ANT,12,None,None,7765.693,7783.38,7819.483,265.0,306.0,298.0,301.0,True,Mercedes,7736.309,2026-03-08T05:10:02.932000000,False,None,False,True,7814.153,25.1,51.4,1011.6,False,35.6,140,2.9,Australian Grand Prix
82.992,48,HARD,2,29.415,17.461,36.116,700000000.0,1000.0,3000000000.0,36,2.0,1,False,7902.367,ANT,12,None,None,7848.898,7866.359,7902.475,266.0,313.0,292.0,301.0,True,Mercedes,7819.375,2026-03-08T05:11:25.998000000,False,None,False,True,7874.138,25.1,52.4,1011.6,False,35.4,106,4.0,Australian Grand Prix
83.245,49,HARD,2,29.403,17.728,36.114,700000010.0,1000.0,0.0,37,2.0,1,False,7985.612,ANT,12,None,None,7931.878,7949.606,7985.72,262.0,303.0,292.0,295.0,True,Mercedes,7902.367,2026-03-08T05:12:48.990000000,False,None,False,True,7994.158,25.1,52.9,1011.6,False,36.8,110,2.4,Australian Grand Prix
82.903,50,HARD,2,29.148,17.703,36.052,700000010.0,0.0,100000000.0,38,2.0,1,False,8068.515,ANT,12,None,None,8014.868,8032.571,8068.623,262.0,303.0,294.0,298.0,True,Mercedes,7985.612,2026-03-08T05:14:12.235000000,False,None,False,True,8054.173,25.2,53.0,1011.6,False,36.5,116,2.6,Australian Grand Prix
82.625,51,HARD,2,29.108,17.706,35.811,700000031.0,31000.0,0.0,39,2.0,1,False,8151.14,ANT,12,None,None,8097.731,8115.437,8151.248,261.0,303.0,297.0,301.0,True,Mercedes,8068.515,2026-03-08T05:15:35.138000000,False,None,False,True,8174.192,25.3,52.0,1011.6,False,35.9,125,2.3,Australian Grand Prix
82.558,52,HARD,2,28.925,17.654,35.979,700000000.0,0.0,10000000.0,40,2.0,1,True,8233.698,ANT,12,None,None,8180.173,8197.827,8233.806,271.0,303.0,295.0,302.0,True,Mercedes,8151.14,2026-03-08T05:16:57.763000000,False,None,False,True,8234.191,25.3,52.2,1011.5,False,35.6,106,3.1,Australian Grand Prix
82.613,53,HARD,2,29.088,17.651,35.874,700000000.0,0.0,10000000.0,41,2.0,1,False,8316.311,ANT,12,None,None,8262.894,8280.545,8316.419,264.0,307.0,300.0,301.0,True,Mercedes,8233.698,2026-03-08T05:18:20.321000000,False,None,False,True,8294.207,25.3,51.1,1011.5,False,35.3,121,3.0,Australian Grand Prix
82.842,54,HARD,2,29.051,17.58,36.211,700100000.0,0.0,0.0,42,2.0,1,False,8399.153,ANT,12,None,None,8345.47,8363.05,8399.261,262.0,312.0,298.0,305.0,True,Mercedes,8316.311,2026-03-08T05:19:42.934000000,False,None,False,True,8414.244,25.3,51.9,1011.5,False,34.8,115,3.0,Australian Grand Prix
82.928,55,HARD,2,29.332,17.668,35.928,700000000.0,0.0,100000000.0,43,2.0,1,False,8482.081,ANT,12,None,None,8428.593,8446.261,8482.189,267.0,304.0,293.0,304.0,True,Mercedes,8399.153,2026-03-08T05:21:05.776000000,False,None,False,True,8474.264,25.3,51.7,1011.5,False,34.7,130,4.2,Australian Grand Prix
82.603,56,HARD,2,29.022,17.718,35.863,700010000.0,1000.0,0.0,44,2.0,1,False,8564.684,ANT,12,None,None,8511.211,8528.929,8564.792,264.0,304.0,293.0,300.0,True,Mercedes,8482.081,2026-03-08T05:22:28.704000000,False,None,False,True,8534.293,25.2,51.6,1011.6,False,34.6,126,3.2,Australian Grand Prix
82.417,57,HARD,2,28.926,17.66,35.831,700000000.0,100.0,10.0,45,2.0,1,True,8647.101,ANT,12,None,None,8593.718,8611.378,8647.209,264.0,303.0,298.0,301.0,True,Mercedes,8564.684,2026-03-08T05:23:51.307000000,False,None,False,True,8654.277,25.2,52.0,1011.5,False,34.4,105,2.9,Australian Grand Prix
82.653,58,HARD,2,29.285,17.53,35.838,700000000.0,0.0,0.0,46,2.0,1,False,8729.754,ANT,12,None,None,8676.494,8694.024,8729.862,271.0,308.0,313.0,306.0,True,Mercedes,8647.101,2026-03-08T05:25:13.724000000,False,None,False,True,8714.29,25.1,51.7,1011.5,False,34.5,103,2.9,Australian Grand Prix
99.765,1,MEDIUM,1,,19.072,38.855,0.0,0.0,77.0,1,13.0,1,False,3839.81,BEA,87,None,None,None,3801.779,3839.883,212.0,293.0,314.0,206.0,True,Haas F1 Team,3739.743,2026-03-08T04:03:26.366000000,False,None,False,False,3793.796,24.2,54.0,1012.8,False,36.6,104,4.4,Australian Grand Prix
87.321,2,MEDIUM,1,31.318,17.972,38.031,711001111.0,10001.0,1310110000.0,2,12.0,1,True,3927.131,BEA,87,None,None,3871.16,3889.132,3927.163,243.0,287.0,318.0,251.0,True,Haas F1 Team,3839.81,2026-03-08T04:05:06.433000000,False,None,False,True,3853.794,24.2,54.4,1012.8,False,36.0,135,2.3,Australian Grand Prix
86.384,3,MEDIUM,1,30.808,17.827,37.749,11000110.0,1.0,1011110100.0,3,11.0,1,True,4013.515,BEA,87,None,None,3957.971,3975.798,4013.547,260.0,303.0,286.0,264.0,True,Haas F1 Team,3927.131,2026-03-08T04:06:33.754000000,False,None,False,True,3973.816,24.1,54.1,1012.9,False,36.1,112,1.6,Australian Grand Prix
85.92,4,MEDIUM,1,30.862,17.971,37.087,111010111.0,1.0,0.0,4,11.0,1,True,4099.435,BEA,87,None,None,4044.409,4062.38,4099.467,259.0,306.0,303.0,260.0,True,Haas F1 Team,4013.515,2026-03-08T04:08:00.138000000,False,None,False,True,4033.811,24.1,54.1,1012.9,False,36.1,112,1.6,Australian Grand Prix
86.003,5,MEDIUM,1,30.282,17.787,37.934,110000.0,0.0,10000000.0,5,11.0,1,False,4185.438,BEA,87,None,None,4129.749,4147.536,4185.47,265.0,309.0,303.0,284.0,True,Haas F1 Team,4099.435,2026-03-08T04:09:26.058000000,False,None,False,True,4153.828,24.2,54.2,1012.8,False,35.1,127,2.2,Australian Grand Prix
85.969,6,MEDIUM,1,30.46,17.915,37.594,701000110.0,0.0,1000000000.0,6,10.0,1,False,4271.407,BEA,87,None,None,4215.93,4233.845,4271.439,259.0,306.0,295.0,278.0,True,Haas F1 Team,4185.438,2026-03-08T04:10:52.061000000,False,None,False,True,4213.83,24.2,54.3,1012.6,False,35.3,114,2.7,Australian Grand Prix
85.195,7,MEDIUM,1,30.059,17.825,37.311,711000001.0,100.0,0.0,7,10.0,1,True,4356.602,BEA,87,None,None,4301.498,4319.323,4356.634,265.0,307.0,300.0,280.0,True,Haas F1 Team,4271.407,2026-03-08T04:12:18.030000000,False,None,False,True,4273.82,24.2,54.7,1012.6,False,35.1,99,3.4,Australian Grand Prix
86.046,8,MEDIUM,1,30.659,17.882,37.505,110000011.0,10000.0,1000100000.0,8,11.0,1,False,4442.648,BEA,87,None,None,4387.293,4405.175,4442.68,266.0,299.0,304.0,285.0,True,Haas F1 Team,4356.602,2026-03-08T04:13:43.225000000,False,None,False,True,4393.821,24.5,54.3,1012.6,False,36.6,104,2.4,Australian Grand Prix
85.397,9,MEDIUM,1,30.278,17.817,37.302,0.0,0.0,1010100000.0,9,11.0,1,False,4528.045,BEA,87,None,None,4472.958,4490.775,4528.077,266.0,307.0,298.0,294.0,True,Haas F1 Team,4442.648,2026-03-08T04:15:09.271000000,False,None,False,True,4453.832,24.4,53.7,1012.6,False,38.1,121,3.1,Australian Grand Prix
85.668,10,MEDIUM,1,30.297,18.01,37.361,710000000.0,1000.0,0.0,10,11.0,1,False,4613.713,BEA,87,None,None,4558.374,4576.384,4613.745,264.0,302.0,296.0,289.0,True,Haas F1 Team,4528.045,2026-03-08T04:16:34.668000000,False,None,False,True,4573.833,24.5,53.3,1012.6,False,36.7,119,1.6,Australian Grand Prix
91.403,11,MEDIUM,1,30.208,17.831,43.364,700000000.0,0.0,0.0,11,7.0,16,False,4705.116,BEA,87,None,None,4643.953,4661.784,4705.148,262.0,308.0,245.0,289.0,True,Haas F1 Team,4613.713,2026-03-08T04:18:00.336000000,False,None,False,False,4633.861,24.4,53.1,1012.4,False,36.6,128,2.7,Australian Grand Prix
115.039,12,MEDIUM,1,40.352,27.394,47.293,700000000.0,0.0,0.0,12,7.0,6,False,4820.155,BEA,87,None,None,4745.5,4772.894,4820.187,184.0,145.0,233.0,215.0,True,Haas F1 Team,4705.116,2026-03-08T04:19:31.739000000,False,None,False,False,4753.868,24.5,53.5,1012.4,False,36.5,128,2.0,Australian Grand Prix
113.783,13,MEDIUM,1,40.159,28.27,45.354,700000011.0,11000.0,1001101100.0,13,7.0,671,False,4933.938,BEA,87,None,None,4860.346,4888.616,4933.97,206.0,139.0,247.0,197.0,True,Haas F1 Team,4820.155,2026-03-08T04:21:26.778000000,False,None,False,False,4873.87,24.6,52.3,1012.4,False,36.8,113,2.0,Australian Grand Prix
85.628,14,MEDIUM,1,30.797,17.889,36.942,711001000.0,11000.0,1010010100.0,14,7.0,1,False,5019.566,BEA,87,None,None,4964.767,4982.656,5019.598,268.0,300.0,294.0,270.0,True,Haas F1 Team,4933.938,2026-03-08T04:23:20.561000000,False,None,False,True,4993.903,24.3,53.3,1012.4,False,36.6,114,2.5,Australian Grand Prix
84.562,15,MEDIUM,1,29.899,17.9,36.763,701001000.0,10000.0,1001001000.0,15,7.0,1,True,5104.128,BEA,87,None,None,5049.497,5067.397,5104.16,265.0,300.0,294.0,289.0,True,Haas F1 Team,5019.566,2026-03-08T04:24:46.189000000,False,None,False,True,5053.917,24.3,53.7,1012.3,False,37.3,125,2.0,Australian Grand Prix
84.563,16,MEDIUM,1,29.989,17.862,36.712,710000000.0,1000.0,1000000000.0,16,7.0,1,False,5188.691,BEA,87,None,None,5134.149,5152.011,5188.723,265.0,297.0,296.0,288.0,True,Haas F1 Team,5104.128,2026-03-08T04:26:10.751000000,False,None,False,True,5113.908,24.3,53.9,1012.3,False,38.4,140,3.5,Australian Grand Prix
84.807,17,MEDIUM,1,29.903,17.864,37.04,710000000.0,0.0,555.0,17,7.0,1,False,5273.498,BEA,87,None,None,5218.626,5236.49,5273.53,266.0,300.0,297.0,295.0,True,Haas F1 Team,5188.691,2026-03-08T04:27:35.314000000,False,None,False,True,5233.92,24.6,53.1,1012.3,False,37.7,111,3.0,Australian Grand Prix
107.604,18,MEDIUM,1,29.941,17.901,59.762,500000000.0,0.0,0.0,18,8.0,126,False,5381.102,BEA,87,None,5364.359,5303.471,5321.372,5381.134,266.0,297.0,None,298.0,True,Haas F1 Team,5273.498,2026-03-08T04:29:00.121000000,False,None,False,False,5293.918,24.6,52.5,1012.3,False,36.7,138,4.1,Australian Grand Prix
116.677,19,HARD,2,43.316,26.017,47.344,0.0,0.0,10010000.0,1,8.0,671,False,5497.779,BEA,87,5383.478,None,5424.45,5450.467,5497.811,205.0,223.0,297.0,192.0,True,Haas F1 Team,5381.102,2026-03-08T04:30:47.725000000,False,None,False,False,5413.936,24.7,53.0,1012.3,False,35.9,142,2.9,Australian Grand Prix
85.186,20,HARD,2,30.325,18.096,36.765,701000100.0,1000.0,10000.0,2,8.0,1,False,5582.965,BEA,87,None,None,5528.136,5546.232,5582.997,260.0,297.0,296.0,277.0,True,Haas F1 Team,5497.779,2026-03-08T04:32:44.402000000,False,None,False,True,5533.969,24.6,53.4,1012.2,False,35.8,126,2.8,Australian Grand Prix
84.203,21,HARD,2,29.657,17.797,36.749,710000000.0,1100.0,10000000.0,3,8.0,1,True,5667.168,BEA,87,None,None,5612.654,5630.451,5667.2,267.0,300.0,298.0,293.0,True,Haas F1 Team,5582.965,2026-03-08T04:34:09.588000000,False,None,False,True,5593.968,24.6,53.3,1012.1,False,35.7,119,3.8,Australian Grand Prix
84.02,22,HARD,2,29.612,17.74,36.668,700001000.0,110.0,110000000.0,4,8.0,1,True,5751.188,BEA,87,None,None,5696.812,5714.552,5751.22,267.0,302.0,301.0,301.0,True,Haas F1 Team,5667.168,2026-03-08T04:35:33.791000000,False,None,False,True,5713.957,24.6,52.8,1012.1,False,36.4,111,2.9,Australian Grand Prix
84.968,23,HARD,2,29.567,17.634,37.767,700010000.0,0.0,0.0,5,8.0,1,False,5836.156,BEA,87,None,None,5780.787,5798.421,5836.188,265.0,309.0,276.0,297.0,True,Haas F1 Team,5751.188,2026-03-08T04:36:57.811000000,False,None,False,True,5773.973,24.5,52.9,1012.2,False,36.6,95,1.4,Australian Grand Prix
84.692,24,HARD,2,30.072,17.69,36.93,700010011.0,0.0,0.0,6,8.0,1,False,5920.848,BEA,87,None,None,5866.26,5883.95,5920.88,265.0,306.0,297.0,272.0,True,Haas F1 Team,5836.156,2026-03-08T04:38:22.779000000,False,None,False,True,5833.959,24.6,53.4,1012.1,False,37.0,114,2.1,Australian Grand Prix
84.058,25,HARD,2,29.636,17.814,36.608,700000000.0,1000.0,0.0,7,8.0,1,False,6004.906,BEA,87,None,None,5950.516,5968.33,6004.938,267.0,300.0,300.0,292.0,True,Haas F1 Team,5920.848,2026-03-08T04:39:47.471000000,False,None,False,True,5953.975,24.8,52.6,1012.1,False,37.6,147,3.1,Australian Grand Prix
84.155,26,HARD,2,29.668,17.625,36.862,700000000.0,0.0,0.0,8,8.0,1,False,6089.061,BEA,87,None,None,6034.606,6052.231,6089.093,267.0,308.0,296.0,294.0,True,Haas F1 Team,6004.906,2026-03-08T04:41:11.529000000,False,None,False,True,6013.976,24.8,52.7,1012.0,False,37.4,106,3.3,Australian Grand Prix
84.284,27,HARD,2,29.726,17.609,36.949,700000000.0,0.0,101000.0,9,8.0,1,False,6173.345,BEA,87,None,None,6118.819,6136.428,6173.377,266.0,309.0,295.0,289.0,True,Haas F1 Team,6089.061,2026-03-08T04:42:35.684000000,False,None,False,True,6134.01,24.8,52.0,1012.0,False,36.5,98,2.5,Australian Grand Prix
84.216,28,HARD,2,29.846,17.628,36.742,300000000.0,0.0,0.0,10,8.0,1,False,6257.561,BEA,87,None,None,6203.223,6220.851,6257.593,262.0,310.0,318.0,289.0,True,Haas F1 Team,6173.345,2026-03-08T04:43:59.968000000,False,None,False,True,6194.01,24.8,52.8,1012.0,False,36.3,98,4.0,Australian Grand Prix
85.315,29,HARD,2,30.327,17.782,37.206,0.0,0.0,0.0,11,8.0,1,False,6342.876,BEA,87,None,None,6287.92,6305.702,6342.908,258.0,310.0,293.0,288.0,True,Haas F1 Team,6257.561,2026-03-08T04:45:24.184000000,False,None,False,True,6254.01,24.8,52.8,1012.1,False,36.1,120,3.0,Australian Grand Prix
84.509,30,HARD,2,30.01,17.606,36.893,700000000.0,0.0,0.0,12,8.0,1,False,6427.385,BEA,87,None,None,6372.918,6390.524,6427.417,266.0,308.0,298.0,281.0,True,Haas F1 Team,6342.876,2026-03-08T04:46:49.499000000,False,None,False,True,6374.017,25.3,53.7,1012.0,False,36.1,123,2.5,Australian Grand Prix
84.627,31,HARD,2,29.852,17.853,36.922,700000000.0,100.0,0.0,13,8.0,1,False,6512.012,BEA,87,None,None,6457.269,6475.122,6512.044,268.0,301.0,300.0,287.0,True,Haas F1 Team,6427.385,2026-03-08T04:48:14.008000000,False,None,False,True,6434.013,25.2,53.5,1011.9,False,37.3,184,1.0,Australian Grand Prix
85.006,32,HARD,2,29.938,17.578,37.49,700000000.0,0.0,0.0,14,8.0,1,False,6597.018,BEA,87,None,None,6541.982,6559.56,6597.05,266.0,309.0,296.0,293.0,True,Haas F1 Team,6512.012,2026-03-08T04:49:38.635000000,False,None,False,True,6554.015,25.2,53.1,1012.0,False,37.0,125,4.0,Australian Grand Prix
90.647,33,HARD,2,29.897,17.831,42.919,700000000.0,0.0,0.0,15,8.0,16,False,6687.665,BEA,87,None,None,6626.947,6644.778,6687.697,269.0,298.0,212.0,293.0,True,Haas F1 Team,6597.018,2026-03-08T04:51:03.641000000,False,None,False,False,6614.014,25.1,53.0,1012.0,False,37.2,147,3.0,Australian Grand Prix
92.31,34,HARD,2,36.839,18.306,37.165,700000001.0,1000.0,0.0,16,8.0,671,False,6779.975,BEA,87,None,None,6724.536,6742.842,6780.007,186.0,299.0,299.0,230.0,True,Haas F1 Team,6687.665,2026-03-08T04:52:34.288000000,False,None,False,False,6674.029,25.1,53.2,1011.8,False,37.7,107,2.5,Australian Grand Prix
84.914,35,HARD,2,29.802,17.906,37.206,700000000.0,0.0,0.0,17,7.0,1,False,6864.889,BEA,87,None,None,6809.809,6827.715,6864.921,274.0,294.0,293.0,291.0,True,Haas F1 Team,6779.975,2026-03-08T04:54:06.598000000,False,None,False,True,6794.063,25.2,52.4,1011.9,False,37.2,105,3.7,Australian Grand Prix
84.598,36,HARD,2,29.899,17.866,36.833,700000000.0,0.0,0.0,18,7.0,1,False,6949.487,BEA,87,None,None,6894.82,6912.686,6949.519,268.0,296.0,297.0,289.0,True,Haas F1 Team,6864.889,2026-03-08T04:55:31.512000000,False,None,False,True,6914.079,25.2,52.5,1011.8,False,37.8,119,3.8,Australian Grand Prix
84.5,37,HARD,2,29.841,17.845,36.814,700000000.0,0.0,0.0,19,7.0,1,False,7033.987,BEA,87,None,None,6979.36,6997.205,7034.019,268.0,298.0,297.0,292.0,True,Haas F1 Team,6949.487,2026-03-08T04:56:56.110000000,False,None,False,True,6974.097,25.2,52.8,1011.8,False,37.0,120,3.8,Australian Grand Prix
85.093,38,HARD,2,30.271,17.823,36.999,700000000.0,111.0,3.0,20,8.0,1,False,7119.08,BEA,87,None,None,7064.29,7082.113,7119.112,268.0,304.0,299.0,293.0,True,Haas F1 Team,7033.987,2026-03-08T04:58:20.610000000,False,None,False,True,7094.098,25.1,53.0,1011.8,False,35.9,115,3.0,Australian Grand Prix
84.756,39,HARD,2,29.868,17.623,37.265,300010000.0,0.0,0.0,21,8.0,1,False,7203.836,BEA,87,None,None,7148.98,7166.603,7203.868,262.0,312.0,322.0,294.0,True,Haas F1 Team,7119.08,2026-03-08T04:59:45.703000000,False,None,False,True,7154.099,25.0,52.1,1011.8,False,35.7,98,2.5,Australian Grand Prix
86.988,40,HARD,2,31.001,18.417,37.57,0.0,0.0,1000000000.0,22,7.0,1,False,7290.824,BEA,87,None,None,7234.869,7253.286,7290.856,231.0,302.0,291.0,292.0,True,Haas F1 Team,7203.836,2026-03-08T05:01:10.459000000,False,None,False,True,7214.101,25.0,52.7,1011.8,False,35.5,140,3.1,Australian Grand Prix
85.049,41,HARD,2,30.227,17.895,36.927,700000000.0,11000.0,0.0,23,7.0,1,False,7375.873,BEA,87,None,None,7321.083,7338.978,7375.905,266.0,292.0,292.0,280.0,True,Haas F1 Team,7290.824,2026-03-08T05:02:37.447000000,False,None,False,True,7334.114,25.0,52.8,1011.7,False,35.5,136,3.6,Australian Grand Prix
84.503,42,HARD,2,29.878,17.797,36.828,700000000.0,0.0,10000.0,24,7.0,1,False,7460.376,BEA,87,None,None,7405.783,7423.58,7460.408,266.0,293.0,295.0,287.0,True,Haas F1 Team,7375.873,2026-03-08T05:04:02.496000000,False,None,False,True,7394.119,25.0,52.8,1011.8,False,35.4,96,2.8,Australian Grand Prix
84.549,43,HARD,2,29.93,17.826,36.793,700000010.0,0.0,0.0,25,7.0,1,False,7544.925,BEA,87,None,None,7490.338,7508.164,7544.957,266.0,293.0,294.0,292.0,True,Haas F1 Team,7460.376,2026-03-08T05:05:26.999000000,False,None,False,True,7454.108,25.1,52.6,1011.6,False,35.5,99,1.3,Australian Grand Prix
84.612,44,HARD,2,29.765,17.929,36.918,700000010.0,0.0,10000.0,26,7.0,1,False,7629.537,BEA,87,None,None,7574.722,7592.651,7629.569,267.0,291.0,295.0,289.0,True,Haas F1 Team,7544.925,2026-03-08T05:06:51.548000000,False,None,False,True,7574.136,25.2,52.7,1011.7,False,36.2,93,1.0,Australian Grand Prix
84.13,45,HARD,2,29.72,17.84,36.57,700000000.0,10000.0,0.0,27,7.0,1,False,7713.667,BEA,87,None,None,7659.289,7677.129,7713.699,266.0,290.0,293.0,292.0,True,Haas F1 Team,7629.537,2026-03-08T05:08:16.160000000,False,None,False,True,7634.151,25.1,52.5,1011.7,False,36.6,110,2.0,Australian Grand Prix
84.55,46,HARD,2,29.882,17.845,36.823,700000000.0,0.0,0.0,28,7.0,1,False,7798.217,BEA,87,None,None,7743.581,7761.426,7798.249,266.0,290.0,294.0,291.0,True,Haas F1 Team,7713.667,2026-03-08T05:09:40.290000000,False,None,False,True,7754.15,25.1,51.4,1011.6,False,35.7,118,3.9,Australian Grand Prix
84.76,47,HARD,2,30.001,17.883,36.876,700000000.0,0.0,0.0,29,7.0,1,False,7882.977,BEA,87,None,None,7828.25,7846.133,7883.009,264.0,290.0,292.0,291.0,True,Haas F1 Team,7798.217,2026-03-08T05:11:04.840000000,False,None,False,True,7814.153,25.1,51.4,1011.6,False,35.6,140,2.9,Australian Grand Prix
84.404,48,HARD,2,29.64,17.866,36.898,700000010.0,10000.0,0.0,30,7.0,1,False,7967.381,BEA,87,None,None,7912.649,7930.515,7967.413,271.0,291.0,294.0,287.0,True,Haas F1 Team,7882.977,2026-03-08T05:12:29.600000000,False,None,False,True,7874.138,25.1,52.4,1011.6,False,35.4,106,4.0,Australian Grand Prix
84.281,49,HARD,2,29.732,17.826,36.723,700000000.0,1000.0,0.0,31,7.0,1,False,8051.662,BEA,87,None,None,7997.145,8014.971,8051.694,267.0,290.0,294.0,286.0,True,Haas F1 Team,7967.381,2026-03-08T05:13:54.004000000,False,None,False,True,7994.158,25.1,52.9,1011.6,False,36.8,110,2.4,Australian Grand Prix
84.467,50,HARD,2,29.811,17.831,36.825,700000000.0,0.0,1000000000.0,32,7.0,1,False,8136.129,BEA,87,None,None,8081.505,8099.336,8136.161,268.0,290.0,295.0,289.0,True,Haas F1 Team,8051.662,2026-03-08T05:15:18.285000000,False,None,False,True,8054.173,25.2,53.0,1011.6,False,36.5,116,2.6,Australian Grand Prix
84.233,51,HARD,2,29.84,17.83,36.563,700000000.0,1000.0,0.0,33,7.0,1,False,8220.362,BEA,87,None,None,8166.001,8183.831,8220.394,265.0,291.0,295.0,289.0,True,Haas F1 Team,8136.129,2026-03-08T05:16:42.752000000,False,None,False,True,8174.192,25.3,52.0,1011.6,False,35.9,125,2.3,Australian Grand Prix
84.264,52,HARD,2,29.794,17.777,36.693,700000001.0,0.0,0.0,34,7.0,1,False,8304.626,BEA,87,None,None,8250.188,8267.965,8304.658,268.0,290.0,295.0,290.0,True,Haas F1 Team,8220.362,2026-03-08T05:18:06.985000000,False,None,False,True,8234.191,25.3,52.2,1011.5,False,35.6,106,3.1,Australian Grand Prix
84.615,53,HARD,2,29.699,17.937,36.979,700000000.0,0.0,0.0,35,7.0,1,False,8389.241,BEA,87,None,None,8334.357,8352.294,8389.273,272.0,290.0,294.0,289.0,True,Haas F1 Team,8304.626,2026-03-08T05:19:31.249000000,False,None,False,True,8294.207,25.3,51.1,1011.5,False,35.3,121,3.0,Australian Grand Prix
84.61,54,HARD,2,29.965,17.876,36.769,700000010.0,0.0,0.0,36,7.0,1,False,8473.851,BEA,87,None,None,8419.238,8437.114,8473.883,268.0,291.0,298.0,288.0,True,Haas F1 Team,8389.241,2026-03-08T05:20:55.864000000,False,None,False,True,8414.244,25.3,51.9,1011.5,False,34.8,115,3.0,Australian Grand Prix
84.5,55,HARD,2,29.725,17.93,36.845,700000000.0,0.0,0.0,37,7.0,1,False,8558.351,BEA,87,None,None,8503.608,8521.538,8558.383,268.0,291.0,298.0,292.0,True,Haas F1 Team,8473.851,2026-03-08T05:22:20.474000000,False,None,False,True,8474.264,25.3,51.7,1011.5,False,34.7,130,4.2,Australian Grand Prix
86.439,56,HARD,2,29.768,17.858,38.813,700000000.0,0.0,0.0,38,7.0,1,False,8644.79,BEA,87,None,None,8588.151,8606.009,8644.822,269.0,292.0,300.0,294.0,True,Haas F1 Team,8558.351,2026-03-08T05:23:44.974000000,False,None,False,True,8534.293,25.2,51.6,1011.6,False,34.6,126,3.2,Australian Grand Prix
86.649,57,HARD,2,30.005,17.905,38.739,700000000.0,0.0,0.0,39,7.0,1,False,8731.439,BEA,87,None,None,8674.827,8692.732,8731.471,269.0,293.0,299.0,291.0,True,Haas F1 Team,8644.79,2026-03-08T05:25:11.413000000,False,None,False,True,8654.277,25.2,52.0,1011.5,False,34.4,105,2.9,Australian Grand Prix
98.755,1,MEDIUM,1,,18.975,38.744,310000.0,0.0,77.0,1,11.0,1,False,3838.734,BOR,5,None,None,None,3800.657,3838.871,238.0,300.0,295.0,216.0,True,Audi,3739.743,2026-03-08T04:03:26.366000000,False,None,False,False,3793.796,24.2,54.0,1012.8,False,36.6,104,4.4,Australian Grand Prix
87.538,2,MEDIUM,1,31.092,18.428,38.018,11011111.0,11110.0,1011111100.0,2,11.0,1,True,3926.272,BOR,5,None,None,3869.9,3888.328,3926.346,261.0,284.0,294.0,274.0,True,Audi,3838.734,2026-03-08T04:05:05.357000000,False,None,False,True,3853.794,24.2,54.4,1012.8,False,36.0,135,2.3,Australian Grand Prix
86.324,3,MEDIUM,1,30.546,18.125,37.653,711011110.0,10000.0,1110110111.0,3,10.0,1,True,4012.596,BOR,5,None,None,3956.892,3975.017,4012.67,263.0,292.0,289.0,276.0,True,Audi,3926.272,2026-03-08T04:06:32.895000000,False,None,False,True,3973.816,24.1,54.1,1012.9,False,36.1,112,1.6,Australian Grand Prix
86.032,4,MEDIUM,1,30.416,18.415,37.201,711000000.0,11101.0,1.0,4,10.0,1,True,4098.628,BOR,5,None,None,4043.086,4061.501,4098.702,251.0,295.0,294.0,283.0,True,Audi,4012.596,2026-03-08T04:07:59.219000000,False,None,False,True,4033.811,24.1,54.1,1012.9,False,36.1,112,1.6,Australian Grand Prix
86.327,5,MEDIUM,1,30.512,17.836,37.979,100000000.0,0.0,110000010.0,5,10.0,1,False,4184.955,BOR,5,None,None,4129.214,4147.05,4185.029,250.0,306.0,299.0,286.0,True,Audi,4098.628,2026-03-08T04:09:25.251000000,False,None,False,True,4153.828,24.2,54.2,1012.8,False,35.1,127,2.2,Australian Grand Prix
87.463,6,MEDIUM,1,31.563,18.038,37.862,710010010.0,10000.0,10000.0,6,12.0,1,False,4272.418,BOR,5,None,None,4216.592,4234.63,4272.492,263.0,298.0,299.0,277.0,True,Audi,4184.955,2026-03-08T04:10:51.578000000,True,TRACK LIMITS AT TURN 3 LAP 6 ,False,True,4213.83,24.2,54.3,1012.6,False,35.3,114,2.7,Australian Grand Prix
85.785,7,MEDIUM,1,30.465,17.945,37.375,1000111.0,100.0,10.0,7,12.0,1,True,4358.203,BOR,5,None,None,4302.957,4320.902,4358.277,264.0,298.0,297.0,300.0,True,Audi,4272.418,2026-03-08T04:12:19.041000000,False,None,False,True,4273.82,24.2,54.7,1012.6,False,35.1,99,3.4,Australian Grand Prix
85.47,8,MEDIUM,1,30.114,17.925,37.431,700010100.0,100.0,110100010.0,8,12.0,1,True,4443.673,BOR,5,None,None,4388.391,4406.316,4443.747,267.0,299.0,297.0,290.0,True,Audi,4358.203,2026-03-08T04:13:44.826000000,False,None,False,True,4393.821,24.5,54.3,1012.6,False,36.6,104,2.4,Australian Grand Prix
85.224,9,MEDIUM,1,30.146,17.839,37.239,700000000.0,10000.0,1100000010.0,9,12.0,1,True,4528.897,BOR,5,None,None,4473.893,4491.732,4528.971,256.0,301.0,299.0,285.0,True,Audi,4443.673,2026-03-08T04:15:10.296000000,False,None,False,True,4453.832,24.4,53.7,1012.6,False,38.1,121,3.1,Australian Grand Prix
85.561,10,MEDIUM,1,30.476,17.834,37.251,700000001.0,10.0,100000000.0,10,12.0,1,False,4614.458,BOR,5,None,None,4559.447,4577.281,4614.532,266.0,301.0,298.0,300.0,True,Audi,4528.897,2026-03-08T04:16:35.520000000,False,None,False,True,4573.833,24.5,53.3,1012.6,False,36.7,119,1.6,Australian Grand Prix
91.862,11,MEDIUM,1,30.096,17.91,43.856,700000000.0,0.0,0.0,11,8.0,16,False,4706.32,BOR,5,None,None,4644.628,4662.538,4706.394,267.0,296.0,245.0,294.0,True,Audi,4614.458,2026-03-08T04:18:01.081000000,False,None,False,False,4633.861,24.4,53.1,1012.4,False,36.6,128,2.7,Australian Grand Prix
114.364,12,MEDIUM,1,39.819,27.688,46.857,700000000.0,0.0,0.0,12,8.0,6,False,4820.684,BOR,5,None,None,4746.213,4773.901,4820.758,188.0,160.0,265.0,211.0,True,Audi,4706.32,2026-03-08T04:19:32.943000000,False,None,False,False,4753.868,24.5,53.5,1012.4,False,36.5,128,2.0,Australian Grand Prix
114.445,13,MEDIUM,1,40.36,28.226,45.859,700010000.0,100.0,1000110000.0,13,8.0,671,False,4935.129,BOR,5,None,None,4861.118,4889.344,4935.203,184.0,138.0,227.0,188.0,True,Audi,4820.684,2026-03-08T04:21:27.307000000,False,None,False,False,4873.87,24.6,52.3,1012.4,False,36.8,113,2.0,Australian Grand Prix
85.958,14,MEDIUM,1,31.023,17.824,37.111,701110110.0,0.0,1000001000.0,14,8.0,1,False,5021.087,BOR,5,None,None,4966.226,4984.05,5021.161,254.0,301.0,295.0,273.0,True,Audi,4935.129,2026-03-08T04:23:21.752000000,False,None,False,True,4993.903,24.3,53.3,1012.4,False,36.6,114,2.5,Australian Grand Prix
84.819,15,MEDIUM,1,29.86,17.908,37.051,700001100.0,1000.0,1001000000.0,15,8.0,1,True,5105.906,BOR,5,None,None,5051.021,5068.929,5105.98,255.0,299.0,296.0,290.0,True,Audi,5021.087,2026-03-08T04:24:47.710000000,False,None,False,True,5053.917,24.3,53.7,1012.3,False,37.3,125,2.0,Australian Grand Prix
84.98,16,MEDIUM,1,29.821,17.96,37.199,700001110.0,0.0,1001000000.0,16,8.0,1,False,5190.886,BOR,5,None,None,5135.801,5153.761,5190.96,254.0,294.0,294.0,293.0,True,Audi,5105.906,2026-03-08T04:26:12.529000000,False,None,False,True,5113.908,24.3,53.9,1012.3,False,38.4,140,3.5,Australian Grand Prix
85.061,17,MEDIUM,1,29.831,18.092,37.138,710000000.0,0.0,555.0,17,8.0,1,False,5275.947,BOR,5,None,None,5220.791,5238.883,5276.021,254.0,293.0,293.0,290.0,True,Audi,5190.886,2026-03-08T04:27:37.509000000,False,None,False,True,5233.92,24.6,53.1,1012.3,False,37.7,111,3.0,Australian Grand Prix
110.359,18,MEDIUM,1,30.685,18.12,61.554,500000000.0,0.0,11.0,18,9.0,126,False,5386.306,BOR,5,None,5369.607,5306.706,5324.826,5386.38,251.0,292.0,None,287.0,True,Audi,5275.947,2026-03-08T04:29:02.570000000,False,None,False,False,5293.918,24.6,52.5,1012.3,False,36.7,138,4.1,Australian Grand Prix
115.679,19,HARD,2,44.929,25.326,45.424,100110010.0,0.0,110003100.0,1,11.0,671,False,5501.985,BOR,5,5388.749,None,5431.309,5456.635,5502.059,215.0,227.0,319.0,216.0,True,Audi,5386.306,2026-03-08T04:30:52.929000000,False,None,False,False,5413.936,24.7,53.0,1012.3,False,35.9,142,2.9,Australian Grand Prix
85.201,20,HARD,2,29.953,18.498,36.75,1000100.0,1000.0,100000.0,2,9.0,1,False,5587.186,BOR,5,None,None,5532.012,5550.51,5587.26,253.0,284.0,288.0,279.0,True,Audi,5501.985,2026-03-08T04:32:48.608000000,False,None,False,True,5533.969,24.6,53.4,1012.2,False,35.8,126,2.8,Australian Grand Prix
85.044,21,HARD,2,29.937,18.308,36.799,700000010.0,0.0,1001000000.0,3,9.0,1,False,5672.23,BOR,5,None,None,5617.197,5635.505,5672.304,252.0,287.0,290.0,283.0,True,Audi,5587.186,2026-03-08T04:34:13.809000000,False,None,False,True,5593.968,24.6,53.3,1012.1,False,35.7,119,3.8,Australian Grand Prix
84.428,22,HARD,2,29.747,18.079,36.602,700001000.0,11000.0,100000.0,4,9.0,1,True,5756.658,BOR,5,None,None,5702.051,5720.13,5756.732,256.0,289.0,293.0,283.0,True,Audi,5672.23,2026-03-08T04:35:38.853000000,False,None,False,True,5713.957,24.6,52.8,1012.1,False,36.4,111,2.9,Australian Grand Prix
84.335,23,HARD,2,29.835,17.95,36.55,700001000.0,0.0,1001000000.0,5,9.0,1,True,5840.993,BOR,5,None,None,5786.567,5804.517,5841.067,254.0,290.0,293.0,287.0,True,Audi,5756.658,2026-03-08T04:37:03.281000000,False,None,False,True,5773.973,24.5,52.9,1012.2,False,36.6,95,1.4,Australian Grand Prix
84.327,24,HARD,2,29.815,18.001,36.511,701001000.0,0.0,0.0,6,9.0,1,True,5925.32,BOR,5,None,None,5870.882,5888.883,5925.394,255.0,290.0,295.0,286.0,True,Audi,5840.993,2026-03-08T04:38:27.616000000,False,None,False,True,5833.959,24.6,53.4,1012.1,False,37.0,114,2.1,Australian Grand Prix
84.37,25,HARD,2,29.685,18.019,36.666,700000000.0,10000.0,1000000.0,7,9.0,1,False,6009.69,BOR,5,None,None,5955.079,5973.098,6009.764,258.0,291.0,294.0,291.0,True,Audi,5925.32,2026-03-08T04:39:51.943000000,False,None,False,True,5953.975,24.8,52.6,1012.1,False,37.6,147,3.1,Australian Grand Prix
84.533,26,HARD,2,29.804,18.015,36.714,700001000.0,10000.0,0.0,8,9.0,1,False,6094.223,BOR,5,None,None,6039.568,6057.583,6094.297,259.0,290.0,289.0,290.0,True,Audi,6009.69,2026-03-08T04:41:16.313000000,False,None,False,True,6013.976,24.8,52.7,1012.0,False,37.4,106,3.3,Australian Grand Prix
84.535,27,HARD,2,29.947,17.963,36.625,710000010.0,0.0,1000000000.0,9,9.0,1,False,6178.758,BOR,5,None,None,6124.244,6142.207,6178.832,260.0,291.0,293.0,278.0,True,Audi,6094.223,2026-03-08T04:42:40.846000000,False,None,False,True,6134.01,24.8,52.0,1012.0,False,36.5,98,2.5,Australian Grand Prix
84.44,28,HARD,2,29.912,18.051,36.477,700000000.0,0.0,0.0,10,9.0,1,False,6263.198,BOR,5,None,None,6208.744,6226.795,6263.272,256.0,288.0,291.0,289.0,True,Audi,6178.758,2026-03-08T04:44:05.381000000,False,None,False,True,6194.01,24.8,52.8,1012.0,False,36.3,98,4.0,Australian Grand Prix
84.694,29,HARD,2,29.861,18.058,36.775,700000000.0,0.0,0.0,11,9.0,1,False,6347.892,BOR,5,None,None,6293.133,6311.191,6347.966,251.0,290.0,291.0,288.0,True,Audi,6263.198,2026-03-08T04:45:29.821000000,False,None,False,True,6254.01,24.8,52.8,1012.1,False,36.1,120,3.0,Australian Grand Prix
84.364,30,HARD,2,29.865,17.935,36.564,700000000.0,0.0,1000000000.0,12,9.0,1,False,6432.256,BOR,5,None,None,6377.831,6395.766,6432.33,256.0,293.0,294.0,283.0,True,Audi,6347.892,2026-03-08T04:46:54.515000000,False,None,False,True,6374.017,25.3,53.7,1012.0,False,36.1,123,2.5,Australian Grand Prix
84.153,31,HARD,2,29.79,17.858,36.505,701001000.0,1000.0,0.0,13,9.0,1,True,6516.409,BOR,5,None,None,6462.12,6479.978,6516.483,258.0,294.0,295.0,286.0,True,Audi,6432.256,2026-03-08T04:48:18.879000000,False,None,False,True,6434.013,25.2,53.5,1011.9,False,37.3,184,1.0,Australian Grand Prix
83.978,32,HARD,2,29.576,17.889,36.513,700000000.0,0.0,555.0,14,9.0,1,True,6600.387,BOR,5,None,None,6546.059,6563.948,6600.461,251.0,292.0,294.0,291.0,True,Audi,6516.409,2026-03-08T04:49:43.032000000,False,None,False,True,6554.015,25.2,53.1,1012.0,False,37.0,125,4.0,Australian Grand Prix
104.235,33,HARD,2,29.944,17.988,56.303,500000000.0,0.0,110000.0,15,11.0,16,False,6704.622,BOR,5,None,6684.281,6630.405,6648.393,6704.696,257.0,293.0,None,291.0,True,Audi,6600.387,2026-03-08T04:51:07.010000000,False,None,False,False,6614.014,25.1,53.0,1012.0,False,37.2,147,3.0,Australian Grand Prix
93.286,34,HARD,3,38.94,18.065,36.281,1001110.0,11000.0,100000.0,1,11.0,671,False,6797.908,BOR,5,6707.184,None,6743.636,6761.701,6797.982,255.0,299.0,295.0,214.0,True,Audi,6704.622,2026-03-08T04:52:51.245000000,False,None,False,False,6674.029,25.1,53.2,1011.8,False,37.7,107,2.5,Australian Grand Prix
83.954,35,HARD,3,29.405,18.24,36.309,701001110.0,11000.0,1000100000.0,2,11.0,1,True,6881.862,BOR,5,None,None,6827.387,6845.627,6881.936,257.0,285.0,290.0,287.0,True,Audi,6797.908,2026-03-08T04:54:24.531000000,False,None,False,True,6794.063,25.2,52.4,1011.9,False,37.2,105,3.7,Australian Grand Prix
83.655,36,HARD,3,29.478,17.963,36.214,700000000.0,0.0,1000000000.0,3,11.0,1,True,6965.517,BOR,5,None,None,6911.414,6929.377,6965.591,255.0,288.0,295.0,286.0,True,Audi,6881.862,2026-03-08T04:55:48.485000000,False,None,False,True,6914.079,25.2,52.5,1011.8,False,37.8,119,3.8,Australian Grand Prix
83.732,37,HARD,3,29.506,17.848,36.378,700000001.0,0.0,100000013.0,4,11.0,1,False,7049.249,BOR,5,None,None,6995.097,7012.945,7049.323,256.0,294.0,298.0,289.0,True,Audi,6965.517,2026-03-08T04:57:12.140000000,False,None,False,True,6974.097,25.2,52.8,1011.8,False,37.0,120,3.8,Australian Grand Prix
85.119,38,HARD,3,29.421,17.884,37.814,100000000.0,0.0,0.0,5,11.0,1,False,7134.368,BOR,5,None,None,7078.744,7096.628,7134.442,262.0,303.0,318.0,293.0,True,Audi,7049.249,2026-03-08T04:58:35.872000000,False,None,False,True,7094.098,25.1,53.0,1011.8,False,35.9,115,3.0,Australian Grand Prix
84.83,39,HARD,3,30.093,18.191,36.546,700000000.0,0.0,100000.0,6,10.0,1,False,7219.198,BOR,5,None,None,7164.535,7182.726,7219.272,259.0,290.0,319.0,293.0,True,Audi,7134.368,2026-03-08T05:00:00.991000000,False,None,False,True,7154.099,25.0,52.1,1011.8,False,35.7,98,2.5,Australian Grand Prix
84.696,40,HARD,3,29.516,18.522,36.658,0.0,0.0,100000.0,7,9.0,1,False,7303.894,BOR,5,None,None,7248.788,7267.31,7303.968,258.0,278.0,284.0,306.0,True,Audi,7219.198,2026-03-08T05:01:25.821000000,False,None,False,True,7214.101,25.0,52.7,1011.8,False,35.5,140,3.1,Australian Grand Prix
84.47,41,HARD,3,29.94,18.115,36.415,701000010.0,0.0,1000000000.0,8,9.0,1,False,7388.364,BOR,5,None,None,7333.908,7352.023,7388.438,253.0,284.0,291.0,279.0,True,Audi,7303.894,2026-03-08T05:02:50.517000000,False,None,False,True,7334.114,25.0,52.8,1011.7,False,35.5,136,3.6,Australian Grand Prix
83.803,42,HARD,3,29.508,17.946,36.349,701000000.0,11000.0,1000000.0,9,9.0,1,False,7472.167,BOR,5,None,None,7417.946,7435.892,7472.241,256.0,288.0,292.0,286.0,True,Audi,7388.364,2026-03-08T05:04:14.987000000,False,None,False,True,7394.119,25.0,52.8,1011.8,False,35.4,96,2.8,Australian Grand Prix
83.643,43,HARD,3,29.475,17.879,36.289,700000000.0,0.0,0.0,10,9.0,1,True,7555.81,BOR,5,None,None,7501.716,7519.595,7555.884,256.0,289.0,293.0,287.0,True,Audi,7472.167,2026-03-08T05:05:38.790000000,False,None,False,True,7454.108,25.1,52.6,1011.6,False,35.5,99,1.3,Australian Grand Prix
83.736,44,HARD,3,29.581,17.856,36.299,700000000.0,100.0,0.0,11,9.0,1,False,7639.546,BOR,5,None,None,7585.465,7603.321,7639.62,256.0,289.0,295.0,286.0,True,Audi,7555.81,2026-03-08T05:07:02.433000000,False,None,False,True,7574.136,25.2,52.7,1011.7,False,36.2,93,1.0,Australian Grand Prix
83.257,45,HARD,3,29.395,17.8,36.062,700000011.0,10000.0,0.0,12,9.0,1,True,7722.803,BOR,5,None,None,7669.015,7686.815,7722.877,257.0,291.0,293.0,290.0,True,Audi,7639.546,2026-03-08T05:08:26.169000000,False,None,False,True,7634.151,25.1,52.5,1011.7,False,36.6,110,2.0,Australian Grand Prix
83.346,46,HARD,3,29.447,17.774,36.125,700000000.0,0.0,0.0,13,9.0,1,False,7806.149,BOR,5,None,None,7752.324,7770.098,7806.223,259.0,292.0,295.0,288.0,True,Audi,7722.803,2026-03-08T05:09:49.426000000,False,None,False,True,7754.15,25.1,51.4,1011.6,False,35.7,118,3.9,Australian Grand Prix
83.976,47,HARD,3,29.482,17.841,36.653,700000000.0,0.0,0.0,14,9.0,1,False,7890.125,BOR,5,None,None,7835.705,7853.546,7890.199,258.0,289.0,295.0,292.0,True,Audi,7806.149,2026-03-08T05:11:12.772000000,False,None,False,True,7814.153,25.1,51.4,1011.6,False,35.6,140,2.9,Australian Grand Prix
85.008,48,HARD,3,30.382,17.891,36.735,700000000.0,0.0,0.0,15,9.0,1,False,7975.133,BOR,5,None,None,7920.581,7938.472,7975.207,255.0,290.0,295.0,291.0,True,Audi,7890.125,2026-03-08T05:12:36.748000000,False,None,False,True,7874.138,25.1,52.4,1011.6,False,35.4,106,4.0,Australian Grand Prix
84.889,49,HARD,3,29.559,17.87,37.46,700000001.0,0.0,0.0,16,9.0,1,False,8060.022,BOR,5,None,None,8004.766,8022.636,8060.096,256.0,287.0,300.0,290.0,True,Audi,7975.133,2026-03-08T05:14:01.756000000,False,None,False,True,7994.158,25.1,52.9,1011.6,False,36.8,110,2.4,Australian Grand Prix
84.324,50,HARD,3,29.719,17.835,36.77,710000000.0,0.0,0.0,17,9.0,1,False,8144.346,BOR,5,None,None,8089.815,8107.65,8144.42,269.0,292.0,296.0,301.0,True,Audi,8060.022,2026-03-08T05:15:26.645000000,False,None,False,True,8054.173,25.2,53.0,1011.6,False,36.5,116,2.6,Australian Grand Prix
85.635,51,HARD,3,29.804,18.319,37.512,700000000.0,0.0,0.0,18,9.0,1,False,8229.981,BOR,5,None,None,8174.224,8192.543,8230.055,250.0,274.0,298.0,293.0,True,Audi,8144.346,2026-03-08T05:16:50.969000000,False,None,False,True,8174.192,25.3,52.0,1011.6,False,35.9,125,2.3,Australian Grand Prix
84.359,52,HARD,3,29.711,17.927,36.721,700000000.0,100.0,0.0,19,9.0,1,False,8314.34,BOR,5,None,None,8259.766,8277.693,8314.414,255.0,291.0,294.0,294.0,True,Audi,8229.981,2026-03-08T05:18:16.604000000,False,None,False,True,8234.191,25.3,52.2,1011.5,False,35.6,106,3.1,Australian Grand Prix
86.063,53,HARD,3,29.756,17.889,38.418,710000000.0,100.0,13.0,20,9.0,1,False,8400.403,BOR,5,None,None,8344.17,8362.059,8400.477,255.0,291.0,301.0,290.0,True,Audi,8314.34,2026-03-08T05:19:40.963000000,False,None,False,True,8294.207,25.3,51.1,1011.5,False,35.3,121,3.0,Australian Grand Prix
84.548,54,HARD,3,29.857,17.721,36.97,100000001.0,0.0,0.0,21,9.0,1,False,8484.951,BOR,5,None,None,8430.334,8448.055,8485.025,262.0,296.0,323.0,305.0,True,Audi,8400.403,2026-03-08T05:21:07.026000000,False,None,False,True,8414.244,25.3,51.9,1011.5,False,34.8,115,3.0,Australian Grand Prix
85.268,55,HARD,3,30.15,17.991,37.127,0.0,0.0,0.0,22,9.0,1,False,8570.219,BOR,5,None,None,8515.175,8533.166,8570.293,269.0,293.0,299.0,279.0,True,Audi,8484.951,2026-03-08T05:22:31.574000000,False,None,False,True,8474.264,25.3,51.7,1011.5,False,34.7,130,4.2,Australian Grand Prix
84.515,56,HARD,3,29.823,17.878,36.814,700310000.0,0.0,0.0,23,9.0,1,False,8654.734,BOR,5,None,None,8600.116,8617.994,8654.808,270.0,293.0,301.0,300.0,True,Audi,8570.219,2026-03-08T05:23:56.842000000,False,None,False,True,8534.293,25.2,51.6,1011.6,False,34.6,126,3.2,Australian Grand Prix
84.821,57,HARD,3,29.522,18.166,37.133,700000000.0,0.0,0.0,24,9.0,1,False,8739.555,BOR,5,None,None,8684.33,8702.496,8739.629,265.0,291.0,292.0,304.0,True,Audi,8654.734,2026-03-08T05:25:21.357000000,False,None,False,True,8654.277,25.2,52.0,1011.5,False,34.4,105,2.9,Australian Grand Prix
100.85,1,HARD,1,,19.068,39.739,0.0,0.0,77.0,1,15.0,1,False,3840.829,BOT,77,None,None,None,3802.163,3841.003,222.0,291.0,283.0,209.0,True,Cadillac,3739.743,2026-03-08T04:03:26.366000000,False,None,False,False,3793.796,24.2,54.0,1012.8,False,36.6,104,4.4,Australian Grand Prix
90.152,2,HARD,1,31.409,18.42,40.323,700010110.0,10000.0,1100010010.0,2,18.0,1,True,3930.981,BOT,77,None,None,3872.335,3890.755,3931.078,270.0,286.0,304.0,271.0,True,Cadillac,3840.829,2026-03-08T04:05:07.452000000,False,None,False,True,3853.794,24.2,54.4,1012.8,False,36.0,135,2.3,Australian Grand Prix
89.219,3,HARD,1,31.489,18.72,39.01,11011000.0,1000.0,1011110110.0,3,19.0,1,True,4020.2,BOT,77,None,None,3962.567,3981.287,4020.297,252.0,296.0,298.0,250.0,True,Cadillac,3930.981,2026-03-08T04:06:37.604000000,False,None,False,True,3973.816,24.1,54.1,1012.9,False,36.1,112,1.6,Australian Grand Prix
88.057,4,HARD,1,31.136,18.765,38.156,110010010.0,11000.0,1001000100.0,4,19.0,1,True,4108.257,BOT,77,None,None,4051.433,4070.198,4108.354,244.0,292.0,301.0,267.0,True,Cadillac,4020.2,2026-03-08T04:08:06.823000000,False,None,False,True,4033.811,24.1,54.1,1012.9,False,36.1,112,1.6,Australian Grand Prix
87.738,5,HARD,1,31.043,18.319,38.376,10000010.0,10000.0,1000010000.0,5,19.0,1,True,4195.995,BOT,77,None,None,4139.397,4157.716,4196.092,252.0,301.0,291.0,282.0,True,Cadillac,4108.257,2026-03-08T04:09:34.880000000,False,None,False,True,4153.828,24.2,54.2,1012.8,False,35.1,127,2.2,Australian Grand Prix
87.804,6,HARD,1,31.064,18.361,38.379,700110010.0,1.0,1001000000.0,6,19.0,1,False,4283.799,BOT,77,None,None,4227.156,4245.517,4283.896,255.0,297.0,284.0,286.0,True,Cadillac,4195.995,2026-03-08T04:11:02.618000000,False,None,False,True,4213.83,24.2,54.3,1012.6,False,35.3,114,2.7,Australian Grand Prix
87.457,7,HARD,1,30.778,18.242,38.437,700000000.0,11101.0,1100000.0,7,19.0,1,True,4371.256,BOT,77,None,None,4314.674,4332.916,4371.353,261.0,301.0,283.0,282.0,True,Cadillac,4283.799,2026-03-08T04:12:30.422000000,False,None,False,True,4273.82,24.2,54.7,1012.6,False,35.1,99,3.4,Australian Grand Prix
87.364,8,HARD,1,30.99,18.033,38.341,710000000.0,0.0,100000.0,8,19.0,1,True,4458.62,BOT,77,None,None,4402.343,4420.376,4458.717,256.0,304.0,296.0,283.0,True,Cadillac,4371.256,2026-03-08T04:13:57.879000000,False,None,False,True,4393.821,24.5,54.3,1012.6,False,36.6,104,2.4,Australian Grand Prix
87.679,9,HARD,1,31.159,18.191,38.329,710000000.0,0.0,10000000.0,9,18.0,1,False,4546.299,BOT,77,None,None,4489.876,4508.067,4546.396,255.0,304.0,295.0,289.0,True,Cadillac,4458.62,2026-03-08T04:15:25.243000000,False,None,False,True,4453.832,24.4,53.7,1012.6,False,38.1,121,3.1,Australian Grand Prix
87.661,10,HARD,1,31.044,18.182,38.435,700000000.0,0.0,0.0,10,18.0,1,False,4633.96,BOT,77,None,None,4577.44,4595.622,4634.057,255.0,304.0,283.0,291.0,True,Cadillac,4546.299,2026-03-08T04:16:52.922000000,False,None,False,True,4573.833,24.5,53.3,1012.6,False,36.7,119,1.6,Australian Grand Prix
99.058,11,HARD,1,31.235,18.158,49.665,700000000.0,0.0,555.0,11,15.0,16,False,4733.018,BOT,77,None,None,4665.292,4683.45,4733.115,255.0,302.0,214.0,281.0,True,Cadillac,4633.96,2026-03-08T04:18:20.583000000,False,None,False,False,4633.861,24.4,53.1,1012.4,False,36.6,128,2.7,Australian Grand Prix
192.042,12,HARD,1,46.72,45.988,99.334,500000000.0,1.0,0.0,12,19.0,67,False,4925.068,BOT,77,None,4896.868,4779.978,4825.982,4925.224,77.0,114.0,None,199.0,True,Cadillac,4733.018,2026-03-08T04:19:59.641000000,False,None,False,False,4753.868,24.5,53.5,1012.4,False,36.5,128,2.0,Australian Grand Prix
104.111,13,HARD,2,43.535,19.556,41.02,0.0,0.0,0.0,13,18.0,71,False,5029.179,BOT,77,4927.555,None,4968.7,4988.256,5029.276,242.0,308.0,284.0,175.0,False,Cadillac,4925.068,2026-03-08T04:23:11.691000000,False,None,False,False,4873.87,24.6,52.3,1012.4,False,36.8,113,2.0,Australian Grand Prix
91.389,14,HARD,2,33.091,18.948,39.35,700000000.0,11.0,10000.0,14,18.0,1,False,5120.568,BOT,77,None,None,5062.367,5081.315,5120.665,246.0,301.0,279.0,275.0,False,Cadillac,5029.179,2026-03-08T04:24:55.802000000,False,None,False,True,4993.903,24.3,53.3,1012.4,False,36.6,114,2.5,Australian Grand Prix
91.33,15,HARD,2,34.194,18.205,38.931,700000000.0,0.0,0.0,15,18.0,1,False,5211.898,BOT,77,None,None,5154.859,5173.064,5211.995,250.0,309.0,289.0,274.0,False,Cadillac,5120.568,2026-03-08T04:26:27.191000000,False,None,False,True,5053.917,24.3,53.7,1012.3,False,37.3,125,2.0,Australian Grand Prix
,16,HARD,2,,,,,,,16,,126,None,5361.898,BOT,77,None,None,None,None,None,None,None,None,None,False,Cadillac,5211.898,2026-03-08T04:27:58.521000000,False,None,True,False,5113.908,24.3,53.9,1012.3,False,38.4,140,3.5,Australian Grand Prix
,17,HARD,2,,,,,,,17,,6,None,5362.032,BOT,77,None,None,None,None,None,None,None,None,None,False,Cadillac,5361.898,None,None,None,True,False,5233.92,24.6,53.1,1012.3,False,37.7,111,3.0,Australian Grand Prix
101.613,1,HARD,1,,19.039,40.226,100.0,0.0,77.0,1,17.0,1,False,3841.592,COL,43,None,None,None,3802.44,3841.785,227.0,302.0,294.0,209.0,True,Alpine,3739.743,2026-03-08T04:03:26.366000000,False,None,False,False,3793.796,24.2,54.0,1012.8,False,36.6,104,4.4,Australian Grand Prix
88.166,2,HARD,1,31.674,18.157,38.335,11131110.0,10000.0,1001000011.0,2,16.0,1,True,3929.758,COL,43,None,None,3873.365,3891.522,3929.857,260.0,284.0,285.0,257.0,True,Alpine,3841.592,2026-03-08T04:05:08.215000000,False,None,False,True,3853.794,24.2,54.4,1012.8,False,36.0,135,2.3,Australian Grand Prix
86.935,3,HARD,1,30.607,18.32,38.008,100100100.0,11111.0,11.0,3,16.0,1,True,4016.693,COL,43,None,None,3960.464,3978.784,4016.792,258.0,284.0,302.0,267.0,True,Alpine,3929.758,2026-03-08T04:06:36.381000000,False,None,False,True,3973.816,24.1,54.1,1012.9,False,36.1,112,1.6,Australian Grand Prix
86.812,4,HARD,1,30.715,17.902,38.195,700100111.0,10001.0,1.0,4,16.0,1,True,4103.505,COL,43,None,None,4047.507,4065.409,4103.604,259.0,299.0,307.0,286.0,True,Alpine,4016.693,2026-03-08T04:08:03.316000000,False,None,False,True,4033.811,24.1,54.1,1012.9,False,36.1,112,1.6,Australian Grand Prix
87.512,5,HARD,1,30.698,17.936,38.878,700000000.0,0.0,0.0,5,16.0,1,False,4191.017,COL,43,None,None,4134.302,4152.238,4191.116,264.0,302.0,316.0,265.0,True,Alpine,4103.505,2026-03-08T04:09:30.128000000,False,None,False,True,4153.828,24.2,54.2,1012.8,False,35.1,127,2.2,Australian Grand Prix
87.513,6,HARD,1,30.986,17.993,38.534,1010.0,11000.0,1001100000.0,6,15.0,1,False,4278.53,COL,43,None,None,4222.102,4240.095,4278.629,258.0,309.0,288.0,265.0,True,Alpine,4191.017,2026-03-08T04:10:57.640000000,False,None,False,True,4213.83,24.2,54.3,1012.6,False,35.3,114,2.7,Australian Grand Prix
86.068,7,HARD,1,30.496,18.028,37.544,700101000.0,10000.0,1000101000.0,7,15.0,1,True,4364.598,COL,43,None,None,4309.125,4327.153,4364.697,257.0,301.0,299.0,277.0,True,Alpine,4278.53,2026-03-08T04:12:25.153000000,False,None,False,True,4273.82,24.2,54.7,1012.6,False,35.1,99,3.4,Australian Grand Prix
85.818,8,HARD,1,30.39,18.004,37.424,710000010.0,1000.0,1000011555.0,8,15.0,1,True,4450.416,COL,43,None,None,4395.087,4413.091,4450.515,254.0,305.0,297.0,279.0,True,Alpine,4364.598,2026-03-08T04:13:51.221000000,False,None,False,True,4393.821,24.5,54.3,1012.6,False,36.6,104,2.4,Australian Grand Prix
109.931,9,HARD,1,30.4,18.017,61.514,500000000.0,0.0,0.0,9,20.0,1,False,4560.347,COL,43,None,4534.795,4480.915,4498.932,4560.446,259.0,307.0,None,293.0,True,Alpine,4450.416,2026-03-08T04:15:17.039000000,False,None,False,False,4453.832,24.4,53.7,1012.6,False,38.1,121,3.1,Australian Grand Prix
92.762,10,HARD,2,36.557,18.377,37.828,11000.0,0.0,0.0,10,20.0,1,False,4653.109,COL,43,4562.847,None,4597.003,4615.38,4653.208,253.0,296.0,290.0,217.0,False,Alpine,4560.347,2026-03-08T04:17:06.970000000,False,None,False,False,4573.833,24.5,53.3,1012.6,False,36.7,119,1.6,Australian Grand Prix
105.807,11,HARD,2,30.568,27.783,47.456,700000000.0,0.0,0.0,11,18.0,16,False,4758.916,COL,43,None,None,4683.776,4711.559,4759.015,250.0,138.0,205.0,283.0,False,Alpine,4653.109,2026-03-08T04:18:39.732000000,False,None,False,False,4633.861,24.4,53.1,1012.4,False,36.6,128,2.7,Australian Grand Prix
123.67,12,HARD,2,41.094,27.882,54.694,700000000.0,0.0,0.0,12,17.0,6,False,4882.586,COL,43,None,None,4800.109,4827.991,4882.685,199.0,122.0,280.0,187.0,False,Alpine,4758.916,2026-03-08T04:20:25.539000000,False,None,False,False,4753.868,24.5,53.5,1012.4,False,36.5,128,2.0,Australian Grand Prix
93.872,13,HARD,2,32.451,23.161,38.26,700001100.0,0.0,100000.0,13,16.0,671,False,4976.458,COL,43,None,None,4915.136,4938.297,4976.557,242.0,280.0,288.0,270.0,False,Alpine,4882.586,2026-03-08T04:22:29.209000000,False,None,False,False,4873.87,24.6,52.3,1012.4,False,36.8,113,2.0,Australian Grand Prix
86.663,14,HARD,2,30.41,18.256,37.997,701001110.0,11000.0,1000000.0,14,16.0,1,False,5063.121,COL,43,None,None,5006.967,5025.223,5063.22,258.0,298.0,291.0,287.0,False,Alpine,4976.458,2026-03-08T04:24:03.081000000,False,None,False,True,4993.903,24.3,53.3,1012.4,False,36.6,114,2.5,Australian Grand Prix
85.6,15,HARD,2,30.086,18.096,37.418,711001000.0,0.0,1000000.0,15,16.0,1,True,5148.721,COL,43,None,None,5093.306,5111.402,5148.82,258.0,297.0,289.0,288.0,False,Alpine,5063.121,2026-03-08T04:25:29.744000000,False,None,False,True,5053.917,24.3,53.7,1012.3,False,37.3,125,2.0,Australian Grand Prix
85.911,16,HARD,2,30.157,18.27,37.484,700010000.0,0.0,1000000.0,16,16.0,1,False,5234.632,COL,43,None,None,5178.977,5197.247,5234.731,257.0,297.0,290.0,290.0,False,Alpine,5148.721,2026-03-08T04:26:55.344000000,False,None,False,True,5113.908,24.3,53.9,1012.3,False,38.4,140,3.5,Australian Grand Prix
85.708,17,HARD,2,30.221,18.119,37.368,700000000.0,0.0,0.0,17,16.0,12,False,5320.34,COL,43,None,None,5264.952,5283.071,5320.439,258.0,300.0,291.0,292.0,False,Alpine,5234.632,2026-03-08T04:28:21.255000000,False,None,False,True,5233.92,24.6,53.1,1012.3,False,37.7,111,3.0,Australian Grand Prix
112.961,18,HARD,2,39.656,23.049,50.256,700000000.0,0.0,0.0,18,15.0,26,False,5433.301,COL,43,None,None,5360.095,5383.144,5433.4,239.0,227.0,214.0,291.0,False,Alpine,5320.34,2026-03-08T04:29:46.963000000,False,None,False,False,5293.918,24.6,52.5,1012.3,False,36.7,138,4.1,Australian Grand Prix
101.676,19,HARD,2,39.674,24.199,37.803,701001011.0,11000.0,1000000000.0,19,15.0,671,False,5534.977,COL,43,None,None,5473.074,5497.273,5535.076,240.0,287.0,297.0,202.0,False,Alpine,5433.301,2026-03-08T04:31:39.924000000,False,None,False,False,5413.936,24.7,53.0,1012.3,False,35.9,142,2.9,Australian Grand Prix
85.331,20,HARD,2,29.839,18.136,37.356,711001111.0,0.0,1000100000.0,20,15.0,1,True,5620.308,COL,43,None,None,5564.915,5583.051,5620.407,261.0,297.0,286.0,288.0,False,Alpine,5534.977,2026-03-08T04:33:21.600000000,False,None,False,True,5533.969,24.6,53.4,1012.2,False,35.8,126,2.8,Australian Grand Prix
84.932,21,HARD,2,29.764,18.096,37.072,701000001.0,11000.0,0.0,21,15.0,1,True,5705.24,COL,43,None,None,5650.171,5668.267,5705.339,263.0,298.0,292.0,293.0,False,Alpine,5620.308,2026-03-08T04:34:46.931000000,False,None,False,True,5593.968,24.6,53.3,1012.1,False,35.7,119,3.8,Australian Grand Prix
85.011,22,HARD,2,29.789,17.999,37.223,700010000.0,0.0,0.0,22,15.0,1,False,5790.251,COL,43,None,None,5735.128,5753.127,5790.35,265.0,298.0,292.0,293.0,False,Alpine,5705.24,2026-03-08T04:36:11.863000000,False,None,False,True,5713.957,24.6,52.8,1012.1,False,36.4,111,2.9,Australian Grand Prix
85.136,23,HARD,2,29.869,18.049,37.218,700000000.0,0.0,0.0,23,15.0,1,False,5875.387,COL,43,None,None,5820.219,5838.268,5875.486,261.0,299.0,294.0,293.0,False,Alpine,5790.251,2026-03-08T04:37:36.874000000,False,None,False,True,5773.973,24.5,52.9,1012.2,False,36.6,95,1.4,Australian Grand Prix
85.449,24,HARD,2,30.097,18.128,37.224,700000000.0,0.0,0.0,24,15.0,1,False,5960.836,COL,43,None,None,5905.583,5923.711,5960.935,257.0,299.0,295.0,290.0,False,Alpine,5875.387,2026-03-08T04:39:02.010000000,False,None,False,True,5833.959,24.6,53.4,1012.1,False,37.0,114,2.1,Australian Grand Prix
85.225,25,HARD,2,29.946,18.102,37.177,700000000.0,0.0,0.0,25,15.0,1,False,6046.061,COL,43,None,None,5990.881,6008.983,6046.16,258.0,300.0,293.0,296.0,False,Alpine,5960.836,2026-03-08T04:40:27.459000000,False,None,False,True,5953.975,24.8,52.6,1012.1,False,37.6,147,3.1,Australian Grand Prix
85.174,26,HARD,2,29.93,18.081,37.163,700000000.0,0.0,0.0,26,15.0,1,False,6131.235,COL,43,None,None,6076.09,6094.171,6131.334,262.0,300.0,292.0,295.0,False,Alpine,6046.061,2026-03-08T04:41:52.684000000,False,None,False,True,6013.976,24.8,52.7,1012.0,False,37.4,106,3.3,Australian Grand Prix
85.626,27,HARD,2,30.037,18.139,37.45,700000000.0,0.0,0.0,27,15.0,1,False,6216.861,COL,43,None,None,6161.371,6179.51,6216.96,259.0,300.0,295.0,294.0,False,Alpine,6131.235,2026-03-08T04:43:17.858000000,False,None,False,True,6134.01,24.8,52.0,1012.0,False,36.5,98,2.5,Australian Grand Prix
86.172,28,HARD,2,30.003,18.067,38.102,700000000.0,0.0,10000000.0,28,15.0,1,False,6303.033,COL,43,None,None,6246.963,6265.03,6303.132,259.0,301.0,235.0,295.0,False,Alpine,6216.861,2026-03-08T04:44:43.484000000,False,None,False,True,6194.01,24.8,52.8,1012.0,False,36.3,98,4.0,Australian Grand Prix
86.483,29,HARD,2,30.995,18.014,37.474,700100000.0,0.0,1000000000.0,29,15.0,1,False,6389.516,COL,43,None,None,6334.127,6352.141,6389.615,260.0,308.0,288.0,260.0,False,Alpine,6303.033,2026-03-08T04:46:09.656000000,False,None,False,True,6254.01,24.8,52.8,1012.1,False,36.1,120,3.0,Australian Grand Prix
85.566,30,HARD,2,30.111,18.034,37.421,700000000.0,100.0,0.0,30,15.0,1,False,6475.082,COL,43,None,None,6419.726,6437.76,6475.181,260.0,303.0,287.0,291.0,False,Alpine,6389.516,2026-03-08T04:47:36.139000000,False,None,False,True,6374.017,25.3,53.7,1012.0,False,36.1,123,2.5,Australian Grand Prix
87.26,31,HARD,2,31.496,17.976,37.788,700110000.0,0.0,0.0,31,15.0,1,False,6562.342,COL,43,None,None,6506.677,6524.653,6562.441,262.0,309.0,296.0,287.0,False,Alpine,6475.082,2026-03-08T04:49:01.705000000,False,None,False,True,6434.013,25.2,53.5,1011.9,False,37.3,184,1.0,Australian Grand Prix
85.707,32,HARD,2,30.159,18.001,37.547,700000000.0,0.0,0.0,32,15.0,1,False,6648.049,COL,43,None,None,6592.6,6610.601,6648.148,259.0,304.0,298.0,298.0,False,Alpine,6562.342,2026-03-08T04:50:28.965000000,False,None,False,True,6554.015,25.2,53.1,1012.0,False,37.0,125,4.0,Australian Grand Prix
100.541,33,HARD,2,32.599,27.744,40.198,700100000.0,0.0,10000000.0,33,15.0,167,False,6748.59,COL,43,None,None,6680.747,6708.491,6748.689,125.0,216.0,281.0,290.0,False,Alpine,6648.049,2026-03-08T04:51:54.672000000,False,None,False,False,6614.014,25.1,53.0,1012.0,False,37.2,147,3.0,Australian Grand Prix
86.067,34,HARD,2,30.806,18.018,37.243,710000000.0,1000.0,0.0,34,13.0,1,False,6834.657,COL,43,None,None,6779.495,6797.513,6834.756,259.0,306.0,298.0,250.0,False,Alpine,6748.59,2026-03-08T04:53:35.213000000,False,None,False,True,6674.029,25.1,53.2,1011.8,False,37.7,107,2.5,Australian Grand Prix
85.633,35,HARD,2,30.24,17.955,37.438,700000000.0,0.0,0.0,35,13.0,1,False,6920.29,COL,43,None,None,6864.996,6882.951,6920.389,261.0,304.0,295.0,300.0,False,Alpine,6834.657,2026-03-08T04:55:01.280000000,False,None,False,True,6794.063,25.2,52.4,1011.9,False,37.2,105,3.7,Australian Grand Prix
87.434,36,HARD,2,30.218,18.176,39.04,100100000.0,0.0,0.0,36,13.0,1,False,7007.724,COL,43,None,None,6950.607,6968.783,7007.823,259.0,263.0,313.0,291.0,False,Alpine,6920.29,2026-03-08T04:56:26.913000000,False,None,False,True,6914.079,25.2,52.5,1011.8,False,37.8,119,3.8,Australian Grand Prix
87.047,37,HARD,2,30.234,18.605,38.208,300000000.0,0.0,0.0,37,14.0,1,False,7094.771,COL,43,None,None,7038.057,7056.662,7094.87,256.0,284.0,313.0,285.0,False,Alpine,7007.724,2026-03-08T04:57:54.347000000,False,None,False,True,6974.097,25.2,52.8,1011.8,False,37.0,120,3.8,Australian Grand Prix
87.012,38,HARD,2,30.376,18.535,38.101,10000.0,0.0,0.0,38,14.0,1,False,7181.783,COL,43,None,None,7125.246,7143.781,7181.882,221.0,300.0,292.0,291.0,False,Alpine,7094.771,2026-03-08T04:59:21.394000000,False,None,False,True,7094.098,25.1,53.0,1011.8,False,35.9,115,3.0,Australian Grand Prix
86.964,39,HARD,2,30.268,18.179,38.517,700000000.0,0.0,0.0,39,14.0,1,False,7268.747,COL,43,None,None,7212.15,7230.329,7268.846,252.0,307.0,275.0,288.0,False,Alpine,7181.783,2026-03-08T05:00:48.406000000,False,None,False,True,7154.099,25.0,52.1,1011.8,False,35.7,98,2.5,Australian Grand Prix
86.665,40,HARD,2,30.853,17.99,37.822,700000000.0,0.0,0.0,40,14.0,1,False,7355.412,COL,43,None,None,7299.699,7317.689,7355.511,241.0,296.0,302.0,262.0,False,Alpine,7268.747,2026-03-08T05:02:15.370000000,False,None,False,True,7214.101,25.0,52.7,1011.8,False,35.5,140,3.1,Australian Grand Prix
86.469,41,HARD,2,30.443,18.308,37.718,700000001.0,1000.0,100000000.0,41,14.0,1,False,7441.881,COL,43,None,None,7385.954,7404.262,7441.98,241.0,309.0,290.0,287.0,False,Alpine,7355.412,2026-03-08T05:03:42.035000000,False,None,False,True,7334.114,25.0,52.8,1011.7,False,35.5,136,3.6,Australian Grand Prix
85.275,42,HARD,2,30.041,18.114,37.12,700000000.0,0.0,10000000.0,42,14.0,1,False,7527.156,COL,43,None,None,7472.021,7490.135,7527.255,261.0,297.0,292.0,288.0,False,Alpine,7441.881,2026-03-08T05:05:08.504000000,False,None,False,True,7394.119,25.0,52.8,1011.8,False,35.4,96,2.8,Australian Grand Prix
85.381,43,HARD,2,30.093,18.083,37.205,700000000.0,0.0,100000.0,43,14.0,1,False,7612.537,COL,43,None,None,7557.348,7575.431,7612.636,252.0,296.0,295.0,290.0,False,Alpine,7527.156,2026-03-08T05:06:33.779000000,False,None,False,True,7454.108,25.1,52.6,1011.6,False,35.5,99,1.3,Australian Grand Prix
85.24,44,HARD,2,30.052,18.011,37.177,700000010.0,0.0,0.0,44,14.0,1,False,7697.777,COL,43,None,None,7642.688,7660.699,7697.876,261.0,296.0,294.0,292.0,False,Alpine,7612.537,2026-03-08T05:07:59.160000000,False,None,False,True,7574.136,25.2,52.7,1011.7,False,36.2,93,1.0,Australian Grand Prix
84.939,45,HARD,2,29.961,17.996,36.982,700000000.0,0.0,555.0,45,14.0,1,False,7782.716,COL,43,None,None,7727.837,7745.833,7782.815,263.0,302.0,297.0,288.0,False,Alpine,7697.777,2026-03-08T05:09:24.400000000,False,None,False,True,7634.151,25.1,52.5,1011.7,False,36.6,110,2.0,Australian Grand Prix
102.911,46,HARD,2,30.115,19.536,53.26,500000000.0,1100.0,1001000010.0,46,14.0,1,False,7885.627,COL,43,None,7869.223,7812.93,7832.466,7885.726,259.0,306.0,None,291.0,False,Alpine,7782.716,2026-03-08T05:10:49.339000000,False,None,False,False,7754.15,25.1,51.4,1011.6,False,35.7,118,3.9,Australian Grand Prix
90.309,47,SOFT,3,35.971,17.845,36.493,1101111.0,1331.0,1001100000.0,1,14.0,1,False,7975.936,COL,43,7888.007,None,7921.697,7939.542,7976.035,258.0,311.0,304.0,226.0,True,Alpine,7885.627,2026-03-08T05:12:32.250000000,False,None,False,False,7814.153,25.1,51.4,1011.6,False,35.6,140,2.9,Australian Grand Prix
82.926,48,SOFT,3,29.194,17.38,36.352,711011111.0,11000.0,1000001100.0,2,14.0,1,True,8058.862,COL,43,None,None,8005.229,8022.609,8058.961,269.0,318.0,292.0,297.0,True,Alpine,7975.936,2026-03-08T05:14:02.559000000,False,None,False,True,7874.138,25.1,52.4,1011.6,False,35.4,106,4.0,Australian Grand Prix
83.259,49,SOFT,3,29.042,17.815,36.402,700000000.0,1000.0,100000010.0,3,14.0,1,False,8142.121,COL,43,None,None,8088.003,8105.818,8142.22,273.0,305.0,292.0,298.0,True,Alpine,8058.862,2026-03-08T05:15:25.485000000,False,None,False,True,7994.158,25.1,52.9,1011.6,False,36.8,110,2.4,Australian Grand Prix
83.721,50,SOFT,3,29.463,17.65,36.608,700100000.0,300.0,0.0,4,14.0,1,False,8225.842,COL,43,None,None,8171.683,8189.333,8225.941,269.0,310.0,304.0,296.0,True,Alpine,8142.121,2026-03-08T05:16:48.744000000,False,None,False,True,8054.173,25.2,53.0,1011.6,False,36.5,116,2.6,Australian Grand Prix
85.633,51,SOFT,3,29.397,17.611,38.625,700000000.0,0.0,11.0,5,14.0,1,False,8311.475,COL,43,None,None,8255.338,8272.949,8311.574,262.0,307.0,273.0,299.0,True,Alpine,8225.842,2026-03-08T05:18:12.465000000,False,None,False,True,8174.192,25.3,52.0,1011.6,False,35.9,125,2.3,Australian Grand Prix
85.151,52,SOFT,3,30.396,17.677,37.078,300000000.0,0.0,0.0,6,14.0,1,False,8396.626,COL,43,None,None,8341.97,8359.647,8396.725,262.0,311.0,321.0,272.0,True,Alpine,8311.475,2026-03-08T05:19:38.098000000,False,None,False,True,8234.191,25.3,52.2,1011.5,False,35.6,106,3.1,Australian Grand Prix
87.12,53,SOFT,3,30.919,19.007,37.194,30000.0,0.0,0.0,7,14.0,1,False,8483.746,COL,43,None,None,8427.644,8446.651,8483.845,254.0,293.0,297.0,306.0,True,Alpine,8396.626,2026-03-08T05:21:03.249000000,False,None,False,True,8294.207,25.3,51.1,1011.5,False,35.3,121,3.0,Australian Grand Prix
83.988,54,SOFT,3,29.24,17.92,36.828,700000000.0,1000.0,0.0,8,14.0,1,False,8567.734,COL,43,None,None,8513.085,8531.005,8567.833,269.0,303.0,287.0,300.0,True,Alpine,8483.746,2026-03-08T05:22:30.369000000,False,None,False,True,8414.244,25.3,51.9,1011.5,False,34.8,115,3.0,Australian Grand Prix
83.912,55,SOFT,3,29.52,17.75,36.642,700000100.0,0.0,1.0,9,14.0,1,False,8651.646,COL,43,None,None,8597.353,8615.103,8651.745,267.0,302.0,292.0,296.0,True,Alpine,8567.734,2026-03-08T05:23:54.357000000,False,None,False,True,8474.264,25.3,51.7,1011.5,False,34.7,130,4.2,Australian Grand Prix
83.621,56,SOFT,3,29.465,17.601,36.555,700000000.0,0.0,0.0,10,14.0,1,False,8735.267,COL,43,None,None,8681.21,8698.811,8735.366,261.0,311.0,319.0,297.0,True,Alpine,8651.646,2026-03-08T05:25:18.269000000,False,None,False,True,8534.293,25.2,51.6,1011.6,False,34.6,126,3.2,Australian Grand Prix
97.98,1,MEDIUM,1,,18.682,38.91,111.0,0.0,77.0,1,9.0,1,False,3837.959,GAS,10,None,None,None,3799.62,3838.246,230.0,305.0,288.0,214.0,True,Alpine,3739.743,2026-03-08T04:03:26.366000000,False,None,False,False,3793.796,24.2,54.0,1012.8,False,36.6,104,4.4,Australian Grand Prix
87.281,2,MEDIUM,1,31.136,17.996,38.149,711111111.0,11111.0,101111111.0,2,9.0,1,True,3925.24,GAS,10,None,None,3869.151,3887.147,3925.296,259.0,296.0,294.0,264.0,True,Alpine,3837.959,2026-03-08T04:05:04.582000000,False,None,False,True,3853.794,24.2,54.4,1012.8,False,36.0,135,2.3,Australian Grand Prix
86.371,3,MEDIUM,1,30.613,17.818,37.94,710011111.0,11100.0,1110000011.0,3,9.0,1,True,4011.611,GAS,10,None,None,3955.909,3973.727,4011.667,256.0,308.0,298.0,270.0,True,Alpine,3925.24,2026-03-08T04:06:31.863000000,False,None,False,True,3973.816,24.1,54.1,1012.9,False,36.1,112,1.6,Australian Grand Prix
85.894,4,MEDIUM,1,30.427,17.771,37.696,700000001.0,10313.0,0.0,4,9.0,1,True,4097.505,GAS,10,None,None,4042.094,4059.865,4097.561,254.0,314.0,308.0,278.0,True,Alpine,4011.611,2026-03-08T04:07:58.234000000,False,None,False,True,4033.811,24.1,54.1,1012.9,False,36.1,112,1.6,Australian Grand Prix
87.04,5,MEDIUM,1,30.983,17.647,38.41,100000.0,0.0,1100110000.0,5,9.0,1,False,4184.545,GAS,10,None,None,4128.544,4146.191,4184.601,266.0,324.0,302.0,253.0,True,Alpine,4097.505,2026-03-08T04:09:24.128000000,True,TRACK LIMITS AT TURN 10 LAP 5 ,False,True,4153.828,24.2,54.2,1012.8,False,35.1,127,2.2,Australian Grand Prix
85.989,6,MEDIUM,1,30.696,17.8,37.493,711110111.0,10000.0,1001111000.0,6,9.0,1,False,4270.534,GAS,10,None,None,4215.297,4233.097,4270.59,262.0,312.0,296.0,262.0,True,Alpine,4184.545,2026-03-08T04:10:51.168000000,False,None,False,True,4213.83,24.2,54.3,1012.6,False,35.3,114,2.7,Australian Grand Prix
85.079,7,MEDIUM,1,29.873,17.815,37.391,710000110.0,11300.0,10100000.0,7,9.0,1,True,4355.613,GAS,10,None,None,4300.463,4318.278,4355.669,268.0,303.0,296.0,288.0,True,Alpine,4270.534,2026-03-08T04:12:17.157000000,False,None,False,True,4273.82,24.2,54.7,1012.6,False,35.1,99,3.4,Australian Grand Prix
84.964,8,MEDIUM,1,29.969,17.697,37.298,710000000.0,1300.0,0.0,8,9.0,1,True,4440.577,GAS,10,None,None,4385.638,4403.335,4440.633,264.0,308.0,303.0,293.0,True,Alpine,4355.613,2026-03-08T04:13:42.236000000,False,None,False,True,4393.821,24.5,54.3,1012.6,False,36.6,104,2.4,Australian Grand Prix
85.441,9,MEDIUM,1,30.052,17.651,37.738,700000000.0,1000.0,1000000000.0,9,9.0,1,False,4526.018,GAS,10,None,None,4470.685,4488.336,4526.074,260.0,318.0,297.0,300.0,True,Alpine,4440.577,2026-03-08T04:15:07.200000000,False,None,False,True,4453.832,24.4,53.7,1012.6,False,38.1,121,3.1,Australian Grand Prix
86.669,10,MEDIUM,1,30.475,17.8,38.394,710000000.0,10000.0,1000000555.0,10,10.0,1,False,4612.687,GAS,10,None,None,4556.549,4574.349,4612.743,258.0,312.0,299.0,292.0,True,Alpine,4526.018,2026-03-08T04:16:32.641000000,False,None,False,True,4573.833,24.5,53.3,1012.6,False,36.7,119,1.6,Australian Grand Prix
104.821,11,MEDIUM,1,30.082,17.797,56.942,500000000.0,0.0,0.0,11,12.0,16,False,4717.508,GAS,10,None,4701.012,4642.825,4660.622,4717.564,267.0,313.0,None,298.0,True,Alpine,4612.687,2026-03-08T04:17:59.310000000,False,None,False,False,4633.861,24.4,53.1,1012.4,False,36.6,128,2.7,Australian Grand Prix
118.072,12,HARD,2,42.291,29.532,46.249,0.0,0.0,0.0,1,11.0,6,False,4835.58,GAS,10,4719.918,None,4759.855,4789.387,4835.636,216.0,119.0,237.0,219.0,True,Alpine,4717.508,2026-03-08T04:19:44.131000000,False,None,False,False,4753.868,24.5,53.5,1012.4,False,36.5,128,2.0,Australian Grand Prix
111.634,13,HARD,2,40.653,30.489,40.492,700001000.0,0.0,1011101100.0,2,11.0,671,False,4947.214,GAS,10,None,None,4876.289,4906.778,4947.27,201.0,133.0,269.0,240.0,True,Alpine,4835.58,2026-03-08T04:21:42.203000000,False,None,False,False,4873.87,24.6,52.3,1012.4,False,36.8,113,2.0,Australian Grand Prix
85.748,14,HARD,2,30.752,17.982,37.014,700001100.0,0.0,1011000000.0,3,11.0,1,False,5032.962,GAS,10,None,None,4978.022,4996.004,5033.018,252.0,306.0,293.0,277.0,True,Alpine,4947.214,2026-03-08T04:23:33.837000000,False,None,False,True,4993.903,24.3,53.3,1012.4,False,36.6,114,2.5,Australian Grand Prix
84.823,15,HARD,2,29.928,17.954,36.941,700000000.0,10000.0,1000100000.0,4,11.0,1,True,5117.785,GAS,10,None,None,5062.946,5080.9,5117.841,251.0,308.0,298.0,288.0,True,Alpine,5032.962,2026-03-08T04:24:59.585000000,False,None,False,True,5053.917,24.3,53.7,1012.3,False,37.3,125,2.0,Australian Grand Prix
84.69,16,HARD,2,29.817,17.81,37.063,700010000.0,1000.0,110000000.0,5,11.0,1,True,5202.475,GAS,10,None,None,5147.658,5165.468,5202.531,262.0,310.0,300.0,290.0,True,Alpine,5117.785,2026-03-08T04:26:24.408000000,False,None,False,True,5113.908,24.3,53.9,1012.3,False,38.4,140,3.5,Australian Grand Prix
85.203,17,HARD,2,29.868,17.693,37.642,700100000.0,300.0,1000.0,6,11.0,1,False,5287.678,GAS,10,None,None,5232.399,5250.092,5287.734,253.0,318.0,297.0,297.0,True,Alpine,5202.475,2026-03-08T04:27:49.098000000,False,None,False,True,5233.92,24.6,53.1,1012.3,False,37.7,111,3.0,Australian Grand Prix
101.225,18,HARD,2,30.704,25.668,44.853,700000000.0,0.0,0.0,7,11.0,126,False,5388.903,GAS,10,None,None,5318.438,5344.106,5388.959,255.0,189.0,223.0,269.0,True,Alpine,5287.678,2026-03-08T04:29:14.301000000,False,None,False,False,5293.918,24.6,52.5,1012.3,False,36.7,138,4.1,Australian Grand Prix
112.95,19,HARD,2,41.395,25.752,45.803,700000000.0,1000.0,1010.0,8,10.0,671,False,5501.853,GAS,10,None,None,5430.354,5456.106,5501.909,236.0,212.0,300.0,231.0,True,Alpine,5388.903,2026-03-08T04:30:55.526000000,False,None,False,False,5413.936,24.7,53.0,1012.3,False,35.9,142,2.9,Australian Grand Prix
86.578,20,HARD,2,31.057,17.719,37.802,700100000.0,0.0,1000001100.0,9,11.0,1,False,5588.431,GAS,10,None,None,5532.966,5550.685,5588.487,260.0,310.0,303.0,277.0,True,Alpine,5501.853,2026-03-08T04:32:48.476000000,False,None,False,True,5533.969,24.6,53.4,1012.2,False,35.8,126,2.8,Australian Grand Prix
85.678,21,HARD,2,30.591,17.995,37.092,711011000.0,1000.0,1000010000.0,10,10.0,1,False,5674.109,GAS,10,None,None,5619.078,5637.073,5674.165,267.0,307.0,289.0,259.0,True,Alpine,5588.431,2026-03-08T04:34:15.054000000,False,None,False,True,5593.968,24.6,53.3,1012.1,False,35.7,119,3.8,Australian Grand Prix
84.586,22,HARD,2,29.74,17.913,36.933,700010110.0,11000.0,1000000000.0,11,10.0,1,True,5758.695,GAS,10,None,None,5703.905,5721.818,5758.751,250.0,307.0,297.0,290.0,True,Alpine,5674.109,2026-03-08T04:35:40.732000000,False,None,False,True,5713.957,24.6,52.8,1012.1,False,36.4,111,2.9,Australian Grand Prix
84.499,23,HARD,2,29.633,17.823,37.043,700000000.0,11000.0,1000000000.0,12,10.0,1,True,5843.194,GAS,10,None,None,5788.384,5806.207,5843.25,258.0,307.0,290.0,298.0,True,Alpine,5758.695,2026-03-08T04:37:05.318000000,False,None,False,True,5773.973,24.5,52.9,1012.2,False,36.6,95,1.4,Australian Grand Prix
84.852,24,HARD,2,30.053,17.852,36.947,700000000.0,10000.0,1010000000.0,13,10.0,1,False,5928.046,GAS,10,None,None,5873.303,5891.155,5928.102,260.0,307.0,299.0,288.0,True,Alpine,5843.194,2026-03-08T04:38:29.817000000,False,None,False,True,5833.959,24.6,53.4,1012.1,False,37.0,114,2.1,Australian Grand Prix
84.54,25,HARD,2,29.816,17.886,36.838,700000000.0,1000.0,1001110000.0,14,10.0,1,False,6012.586,GAS,10,None,None,5957.918,5975.804,6012.642,263.0,305.0,298.0,295.0,True,Alpine,5928.046,2026-03-08T04:39:54.669000000,False,None,False,True,5953.975,24.8,52.6,1012.1,False,37.6,147,3.1,Australian Grand Prix
84.771,26,HARD,2,29.94,17.957,36.874,700010011.0,10000.0,0.0,15,10.0,1,False,6097.357,GAS,10,None,None,6042.582,6060.539,6097.413,251.0,306.0,293.0,294.0,True,Alpine,6012.586,2026-03-08T04:41:19.209000000,False,None,False,True,6013.976,24.8,52.7,1012.0,False,37.4,106,3.3,Australian Grand Prix
84.661,27,HARD,2,29.68,17.895,37.086,700010000.0,1000.0,10000000.0,16,10.0,1,False,6182.018,GAS,10,None,None,6127.093,6144.988,6182.074,270.0,304.0,297.0,288.0,True,Alpine,6097.357,2026-03-08T04:42:43.980000000,False,None,False,True,6134.01,24.8,52.0,1012.0,False,36.5,98,2.5,Australian Grand Prix
84.795,28,HARD,2,29.776,17.975,37.044,700000000.0,0.0,0.0,17,10.0,1,False,6266.813,GAS,10,None,None,6211.85,6229.825,6266.869,265.0,304.0,295.0,293.0,True,Alpine,6182.018,2026-03-08T04:44:08.641000000,False,None,False,True,6194.01,24.8,52.8,1012.0,False,36.3,98,4.0,Australian Grand Prix
85.096,29,HARD,2,29.838,18.01,37.248,700000000.0,1000.0,1000000.0,18,10.0,1,False,6351.909,GAS,10,None,None,6296.707,6314.717,6351.965,265.0,303.0,292.0,294.0,True,Alpine,6266.813,2026-03-08T04:45:33.436000000,False,None,False,True,6254.01,24.8,52.8,1012.1,False,36.1,120,3.0,Australian Grand Prix
85.242,30,HARD,2,30.259,17.917,37.066,700000000.0,0.0,0.0,19,10.0,1,False,6437.151,GAS,10,None,None,6382.224,6400.141,6437.207,254.0,306.0,294.0,284.0,True,Alpine,6351.909,2026-03-08T04:46:58.532000000,False,None,False,True,6374.017,25.3,53.7,1012.0,False,36.1,123,2.5,Australian Grand Prix
85.271,31,HARD,2,30.213,17.873,37.185,700000000.0,0.0,0.0,20,10.0,1,False,6522.422,GAS,10,None,None,6467.42,6485.293,6522.478,258.0,306.0,288.0,285.0,True,Alpine,6437.151,2026-03-08T04:48:23.774000000,False,None,False,True,6434.013,25.2,53.5,1011.9,False,37.3,184,1.0,Australian Grand Prix
85.202,32,HARD,2,30.2,17.946,37.056,700000000.0,0.0,0.0,21,10.0,1,False,6607.624,GAS,10,None,None,6552.678,6570.624,6607.68,258.0,303.0,295.0,282.0,True,Alpine,6522.422,2026-03-08T04:49:49.045000000,False,None,False,True,6554.015,25.2,53.1,1012.0,False,37.0,125,4.0,Australian Grand Prix
92.276,33,HARD,2,30.216,18.086,43.974,700000000.0,0.0,0.0,22,9.0,16,False,6699.9,GAS,10,None,None,6637.896,6655.982,6699.956,259.0,302.0,253.0,290.0,True,Alpine,6607.624,2026-03-08T04:51:14.247000000,False,None,False,False,6614.014,25.1,53.0,1012.0,False,37.2,147,3.0,Australian Grand Prix
91.244,34,HARD,2,35.755,18.14,37.349,700000000.0,1000.0,0.0,23,9.0,671,False,6791.144,GAS,10,None,None,6735.711,6753.851,6791.2,265.0,300.0,293.0,248.0,True,Alpine,6699.9,2026-03-08T04:52:46.523000000,False,None,False,False,6674.029,25.1,53.2,1011.8,False,37.7,107,2.5,Australian Grand Prix
85.029,35,HARD,2,30.064,17.915,37.05,700000000.0,0.0,0.0,24,9.0,1,False,6876.173,GAS,10,None,None,6821.264,6839.179,6876.229,266.0,302.0,299.0,286.0,True,Alpine,6791.144,2026-03-08T04:54:17.767000000,False,None,False,True,6794.063,25.2,52.4,1011.9,False,37.2,105,3.7,Australian Grand Prix
85.177,36,HARD,2,29.89,17.876,37.411,700000000.0,0.0,0.0,25,9.0,1,False,6961.35,GAS,10,None,None,6906.119,6923.995,6961.406,264.0,306.0,291.0,296.0,True,Alpine,6876.173,2026-03-08T04:55:42.796000000,False,None,False,True,6914.079,25.2,52.5,1011.8,False,37.8,119,3.8,Australian Grand Prix
86.333,37,HARD,2,30.147,18.019,38.167,700100000.0,310.0,0.0,26,10.0,1,False,7047.683,GAS,10,None,None,6991.553,7009.572,7047.739,268.0,302.0,302.0,286.0,True,Alpine,6961.35,2026-03-08T04:57:07.973000000,False,None,False,True,6974.097,25.2,52.8,1011.8,False,37.0,120,3.8,Australian Grand Prix
86.094,38,HARD,2,30.547,17.76,37.787,700000000.0,0.0,0.0,27,9.0,1,False,7133.777,GAS,10,None,None,7078.286,7096.046,7133.833,261.0,315.0,294.0,263.0,True,Alpine,7047.683,2026-03-08T04:58:34.306000000,False,None,False,True,7094.098,25.1,53.0,1011.8,False,35.9,115,3.0,Australian Grand Prix
85.265,39,HARD,2,30.113,17.989,37.163,700000000.0,0.0,0.0,28,9.0,1,False,7219.042,GAS,10,None,None,7163.946,7181.935,7219.098,262.0,300.0,290.0,286.0,True,Alpine,7133.777,2026-03-08T05:00:00.400000000,False,None,False,True,7154.099,25.0,52.1,1011.8,False,35.7,98,2.5,Australian Grand Prix
86.132,40,HARD,2,30.738,17.773,37.621,700000000.0,0.0,0.0,29,10.0,1,False,7305.174,GAS,10,None,None,7249.836,7267.609,7305.23,265.0,307.0,298.0,271.0,True,Alpine,7219.042,2026-03-08T05:01:25.665000000,False,None,False,True,7214.101,25.0,52.7,1011.8,False,35.5,140,3.1,Australian Grand Prix
85.319,41,HARD,2,30.039,17.873,37.407,710010000.0,0.0,1000.0,30,10.0,1,False,7390.493,GAS,10,None,None,7335.269,7353.142,7390.549,257.0,308.0,297.0,295.0,True,Alpine,7305.174,2026-03-08T05:02:51.797000000,False,None,False,True,7334.114,25.0,52.8,1011.7,False,35.5,136,3.6,Australian Grand Prix
84.879,42,HARD,2,29.776,17.899,37.204,700000000.0,0.0,1000000000.0,31,10.0,1,False,7475.372,GAS,10,None,None,7420.325,7438.224,7475.428,270.0,304.0,293.0,306.0,True,Alpine,7390.493,2026-03-08T05:04:17.116000000,False,None,False,True,7394.119,25.0,52.8,1011.8,False,35.4,96,2.8,Australian Grand Prix
84.977,43,HARD,2,30.015,17.902,37.06,700000000.0,0.0,0.0,32,10.0,1,False,7560.349,GAS,10,None,None,7505.443,7523.345,7560.405,260.0,306.0,288.0,289.0,True,Alpine,7475.372,2026-03-08T05:05:41.995000000,False,None,False,True,7454.108,25.1,52.6,1011.6,False,35.5,99,1.3,Australian Grand Prix
85.028,44,HARD,2,29.992,17.897,37.139,700000000.0,0.0,0.0,33,10.0,1,False,7645.377,GAS,10,None,None,7590.397,7608.294,7645.433,261.0,304.0,296.0,290.0,True,Alpine,7560.349,2026-03-08T05:07:06.972000000,False,None,False,True,7574.136,25.2,52.7,1011.7,False,36.2,93,1.0,Australian Grand Prix
87.175,45,HARD,2,30.63,18.626,37.919,700000000.0,0.0,10000000.0,34,10.0,1,False,7732.552,GAS,10,None,None,7676.063,7694.689,7732.608,260.0,283.0,290.0,292.0,True,Alpine,7645.377,2026-03-08T05:08:32.000000000,False,None,False,True,7634.151,25.1,52.5,1011.7,False,36.6,110,2.0,Australian Grand Prix
85.353,46,HARD,2,30.097,17.911,37.345,700000000.0,0.0,0.0,35,10.0,1,False,7817.905,GAS,10,None,None,7762.705,7780.616,7817.961,264.0,305.0,289.0,286.0,True,Alpine,7732.552,2026-03-08T05:09:59.175000000,False,None,False,True,7754.15,25.1,51.4,1011.6,False,35.7,118,3.9,Australian Grand Prix
86.497,47,HARD,2,29.971,18.379,38.147,700000000.0,0.0,0.0,36,10.0,1,False,7904.402,GAS,10,None,None,7847.932,7866.311,7904.458,271.0,230.0,299.0,288.0,True,Alpine,7817.905,2026-03-08T05:11:24.528000000,False,None,False,True,7814.153,25.1,51.4,1011.6,False,35.6,140,2.9,Australian Grand Prix
84.982,48,HARD,2,29.911,17.794,37.277,700000000.0,1000.0,0.0,37,10.0,1,False,7989.384,GAS,10,None,None,7934.369,7952.163,7989.44,264.0,307.0,294.0,294.0,True,Alpine,7904.402,2026-03-08T05:12:51.025000000,False,None,False,True,7874.138,25.1,52.4,1011.6,False,35.4,106,4.0,Australian Grand Prix
85.281,49,HARD,2,30.1,17.949,37.232,700000000.0,0.0,0.0,38,10.0,1,False,8074.665,GAS,10,None,None,8019.54,8037.489,8074.721,263.0,303.0,291.0,292.0,True,Alpine,7989.384,2026-03-08T05:14:16.007000000,False,None,False,True,7994.158,25.1,52.9,1011.6,False,36.8,110,2.4,Australian Grand Prix
84.927,50,HARD,2,30.004,17.925,36.998,700000000.0,0.0,0.0,39,10.0,1,False,8159.592,GAS,10,None,None,8104.725,8122.65,8159.648,271.0,302.0,292.0,293.0,True,Alpine,8074.665,2026-03-08T05:15:41.288000000,False,None,False,True,8054.173,25.2,53.0,1011.6,False,36.5,116,2.6,Australian Grand Prix
86.46,51,HARD,2,30.17,18.244,38.046,700000000.0,0.0,0.0,40,10.0,1,False,8246.052,GAS,10,None,None,8189.818,8208.062,8246.108,259.0,248.0,300.0,294.0,True,Alpine,8159.592,2026-03-08T05:17:06.215000000,False,None,False,True,8174.192,25.3,52.0,1011.6,False,35.9,125,2.3,Australian Grand Prix
86.527,52,HARD,2,31.448,17.854,37.225,700000100.0,0.0,0.0,41,10.0,1,False,8332.579,GAS,10,None,None,8277.556,8295.41,8332.635,258.0,309.0,297.0,290.0,True,Alpine,8246.052,2026-03-08T05:18:32.675000000,False,None,False,True,8234.191,25.3,52.2,1011.5,False,35.6,106,3.1,Australian Grand Prix
84.79,53,HARD,2,29.893,17.911,36.986,700010000.0,1000.0,1100000000.0,42,10.0,1,False,8417.369,GAS,10,None,None,8362.528,8380.439,8417.425,263.0,303.0,292.0,293.0,True,Alpine,8332.579,2026-03-08T05:19:59.202000000,False,None,False,True,8294.207,25.3,51.1,1011.5,False,35.3,121,3.0,Australian Grand Prix
84.52,54,HARD,2,29.789,17.954,36.777,700000111.0,0.0,0.0,43,10.0,1,False,8501.889,GAS,10,None,None,8447.214,8465.168,8501.945,269.0,302.0,292.0,295.0,True,Alpine,8417.369,2026-03-08T05:21:23.992000000,False,None,False,True,8414.244,25.3,51.9,1011.5,False,34.8,115,3.0,Australian Grand Prix
84.595,55,HARD,2,29.659,17.851,37.085,700000000.0,0.0,1000000000.0,44,10.0,1,False,8586.484,GAS,10,None,None,8531.604,8549.455,8586.54,274.0,302.0,296.0,293.0,True,Alpine,8501.889,2026-03-08T05:22:48.512000000,False,None,False,True,8474.264,25.3,51.7,1011.5,False,34.7,130,4.2,Australian Grand Prix
84.486,56,HARD,2,29.844,17.894,36.748,700000111.0,0.0,0.0,45,10.0,1,True,8670.97,GAS,10,None,None,8616.384,8634.278,8671.026,262.0,302.0,298.0,298.0,True,Alpine,8586.484,2026-03-08T05:24:13.107000000,False,None,False,True,8534.293,25.2,51.6,1011.6,False,34.6,126,3.2,Australian Grand Prix
84.837,57,HARD,2,29.814,17.848,37.175,700000000.0,0.0,,46,10.0,1,False,8755.807,GAS,10,None,None,8700.84,8718.688,8755.863,273.0,302.0,295.0,295.0,True,Alpine,8670.97,2026-03-08T05:25:37.593000000,False,None,False,True,8654.277,25.2,52.0,1011.5,False,34.4,105,2.9,Australian Grand Prix
96.046,1,MEDIUM,1,,18.486,39.205,100000.0,0.0,7.0,1,4.0,1,False,3836.025,HAD,6,None,None,None,3797.065,3836.275,245.0,288.0,301.0,216.0,True,Red Bull Racing,3739.743,2026-03-08T04:03:26.366000000,False,None,False,False,3793.796,24.2,54.0,1012.8,False,36.6,104,4.4,Australian Grand Prix
85.987,2,MEDIUM,1,30.189,18.684,37.114,730110100.0,0.0,1001011000.0,2,4.0,1,True,3922.012,HAD,6,None,None,3866.316,3885.0,3922.114,239.0,275.0,306.0,301.0,True,Red Bull Racing,3836.025,2026-03-08T04:05:02.648000000,False,None,False,True,3853.794,24.2,54.4,1012.8,False,36.0,135,2.3,Australian Grand Prix
85.556,3,MEDIUM,1,30.094,18.602,36.86,1100011.0,10000.0,1101010000.0,3,4.0,1,True,4007.568,HAD,6,None,None,3952.208,3970.81,4007.67,238.0,276.0,295.0,294.0,True,Red Bull Racing,3922.012,2026-03-08T04:06:28.635000000,False,None,False,True,3973.816,24.1,54.1,1012.9,False,36.1,112,1.6,Australian Grand Prix
85.342,4,MEDIUM,1,29.956,18.801,36.585,700010100.0,0.0,1101010000.0,4,4.0,1,True,4092.91,HAD,6,None,None,4037.626,4056.427,4093.012,247.0,271.0,296.0,284.0,True,Red Bull Racing,4007.568,2026-03-08T04:07:54.191000000,False,None,False,True,4033.811,24.1,54.1,1012.9,False,36.1,112,1.6,Australian Grand Prix
85.355,5,MEDIUM,1,30.182,18.728,36.445,701010110.0,1000.0,1000.0,5,4.0,1,False,4178.265,HAD,6,None,None,4123.194,4141.922,4178.367,227.0,273.0,296.0,302.0,True,Red Bull Racing,4092.91,2026-03-08T04:09:19.533000000,False,None,False,True,4153.828,24.2,54.2,1012.8,False,35.1,127,2.2,Australian Grand Prix
85.879,6,MEDIUM,1,29.869,18.771,37.239,700100000.0,100.0,1000110000.0,6,5.0,1,False,4264.144,HAD,6,None,None,4208.236,4227.007,4264.246,235.0,270.0,299.0,294.0,True,Red Bull Racing,4178.265,2026-03-08T04:10:44.888000000,False,None,False,True,4213.83,24.2,54.3,1012.6,False,35.3,114,2.7,Australian Grand Prix
85.445,7,MEDIUM,1,30.33,18.575,36.54,701000000.0,0.0,101100000.0,7,5.0,1,False,4349.589,HAD,6,None,None,4294.576,4313.151,4349.691,226.0,278.0,299.0,289.0,True,Red Bull Racing,4264.144,2026-03-08T04:12:10.767000000,False,None,False,True,4273.82,24.2,54.7,1012.6,False,35.1,99,3.4,Australian Grand Prix
85.313,8,MEDIUM,1,30.016,18.842,36.455,700011010.0,0.0,1110000.0,8,5.0,1,True,4434.902,HAD,6,None,None,4379.707,4398.549,4435.004,228.0,270.0,298.0,297.0,True,Red Bull Racing,4349.589,2026-03-08T04:13:36.212000000,False,None,False,True,4393.821,24.5,54.3,1012.6,False,36.6,104,2.4,Australian Grand Prix
85.239,9,MEDIUM,1,29.867,18.795,36.577,700010000.0,0.0,0.0,9,5.0,1,True,4520.141,HAD,6,None,None,4464.871,4483.666,4520.243,237.0,268.0,298.0,293.0,True,Red Bull Racing,4434.902,2026-03-08T04:15:01.525000000,False,None,False,True,4453.832,24.4,53.7,1012.6,False,38.1,121,3.1,Australian Grand Prix
85.363,10,MEDIUM,1,29.916,18.845,36.602,700100000.0,0.0,4.0,10,5.0,1,False,4605.504,HAD,6,None,None,4550.159,4569.004,4605.606,238.0,267.0,295.0,288.0,True,Red Bull Racing,4520.141,2026-03-08T04:16:26.764000000,False,None,False,True,4573.833,24.5,53.3,1012.6,False,36.7,119,1.6,Australian Grand Prix
,11,MEDIUM,1,,,,,,,11,,16,None,4755.504,HAD,6,None,None,None,None,None,None,None,None,None,True,Red Bull Racing,4605.504,2026-03-08T04:17:52.127000000,False,None,True,False,4633.861,24.4,53.1,1012.4,False,36.6,128,2.7,Australian Grand Prix
,12,MEDIUM,1,,,,,,,12,,6,None,4755.631,HAD,6,None,None,None,None,None,None,None,None,None,True,Red Bull Racing,4755.504,None,None,None,True,False,4753.868,24.5,53.5,1012.4,False,36.5,128,2.0,Australian Grand Prix
95.261,1,MEDIUM,1,,18.385,37.713,0.0,0.0,7.0,1,3.0,1,False,3835.24,HAM,44,None,None,None,3797.822,3835.392,245.0,306.0,290.0,240.0,True,Ferrari,3739.743,2026-03-08T04:03:26.366000000,False,None,False,False,3793.796,24.2,54.0,1012.8,False,36.6,104,4.4,Australian Grand Prix
84.626,2,MEDIUM,1,29.988,18.115,36.523,,,,2,3.0,1,True,3919.866,HAM,44,None,None,3865.334,3883.449,3919.972,248.0,295.0,291.0,282.0,True,Ferrari,3835.24,2026-03-08T04:05:01.863000000,False,None,False,True,3853.794,24.2,54.4,1012.8,False,36.0,135,2.3,Australian Grand Prix
84.874,3,MEDIUM,1,30.233,18.076,36.565,100100000.0,110.0,0.0,3,3.0,1,False,4004.74,HAM,44,None,None,3950.205,3968.281,4004.846,247.0,299.0,303.0,271.0,True,Ferrari,3919.866,2026-03-08T04:06:26.489000000,False,None,False,True,3973.816,24.1,54.1,1012.9,False,36.1,112,1.6,Australian Grand Prix
85.066,4,MEDIUM,1,30.332,18.021,36.713,10010001.0,10000.0,1000011000.0,4,3.0,1,False,4089.806,HAM,44,None,None,4035.178,4053.199,4089.912,243.0,298.0,301.0,286.0,True,Ferrari,4004.74,2026-03-08T04:07:51.363000000,False,None,False,True,4033.811,24.1,54.1,1012.9,False,36.1,112,1.6,Australian Grand Prix
84.502,5,MEDIUM,1,29.967,18.029,36.506,710000011.0,11000.0,0.0,5,3.0,1,True,4174.308,HAM,44,None,None,4119.879,4137.908,4174.414,253.0,296.0,299.0,285.0,True,Ferrari,4089.806,2026-03-08T04:09:16.429000000,False,None,False,True,4153.828,24.2,54.2,1012.8,False,35.1,127,2.2,Australian Grand Prix
84.703,6,MEDIUM,1,29.97,18.016,36.717,700010011.0,0.0,111000.0,6,3.0,1,False,4259.011,HAM,44,None,None,4204.384,4222.4,4259.117,251.0,295.0,295.0,290.0,True,Ferrari,4174.308,2026-03-08T04:10:40.931000000,False,None,False,True,4213.83,24.2,54.3,1012.6,False,35.3,114,2.7,Australian Grand Prix
84.365,7,MEDIUM,1,29.888,18.034,36.443,710003100.0,0.0,100000.0,7,3.0,1,True,4343.376,HAM,44,None,None,4289.005,4307.039,4343.482,255.0,296.0,298.0,291.0,True,Ferrari,4259.011,2026-03-08T04:12:05.634000000,False,None,False,True,4273.82,24.2,54.7,1012.6,False,35.1,99,3.4,Australian Grand Prix
84.408,8,MEDIUM,1,29.787,18.093,36.528,100100000.0,0.0,100000000.0,8,3.0,1,False,4427.784,HAM,44,None,None,4373.269,4391.362,4427.89,249.0,292.0,300.0,304.0,True,Ferrari,4343.376,2026-03-08T04:13:29.999000000,False,None,False,True,4393.821,24.5,54.3,1012.6,False,36.6,104,2.4,Australian Grand Prix
85.844,9,MEDIUM,1,30.984,18.266,36.594,10011.0,111.0,100000.0,9,3.0,1,False,4513.628,HAM,44,None,None,4458.874,4477.14,4513.734,228.0,299.0,299.0,302.0,True,Ferrari,4427.784,2026-03-08T04:14:54.407000000,False,None,False,True,4453.832,24.4,53.7,1012.6,False,38.1,121,3.1,Australian Grand Prix
84.255,10,MEDIUM,1,29.827,17.875,36.553,701010000.0,10100.0,0.0,10,3.0,1,True,4597.883,HAM,44,None,None,4543.561,4561.436,4597.989,249.0,305.0,296.0,298.0,True,Ferrari,4513.628,2026-03-08T04:16:20.251000000,False,None,False,True,4573.833,24.5,53.3,1012.6,False,36.7,119,1.6,Australian Grand Prix
84.073,11,MEDIUM,1,29.686,17.816,36.571,700000000.0,0.0,0.0,11,3.0,1,True,4681.956,HAM,44,None,None,4627.675,4645.491,4682.062,248.0,302.0,297.0,292.0,True,Ferrari,4597.883,2026-03-08T04:17:44.506000000,False,None,False,True,4633.861,24.4,53.1,1012.4,False,36.6,128,2.7,Australian Grand Prix
114.958,12,MEDIUM,1,40.845,28.326,45.787,700000000.0,0.0,0.0,12,2.0,16,False,4796.914,HAM,44,None,None,4722.907,4751.233,4797.02,219.0,138.0,156.0,219.0,True,Ferrari,4681.956,2026-03-08T04:19:08.579000000,False,None,False,False,4753.868,24.5,53.5,1012.4,False,36.5,128,2.0,Australian Grand Prix
116.315,13,MEDIUM,1,41.178,27.777,47.36,700000010.0,11000.0,1001100000.0,13,2.0,6,False,4913.229,HAM,44,None,None,4838.198,4865.975,4913.335,196.0,144.0,149.0,216.0,True,Ferrari,4796.914,2026-03-08T04:21:03.537000000,False,None,False,False,4873.87,24.6,52.3,1012.4,False,36.8,113,2.0,Australian Grand Prix
88.327,14,MEDIUM,1,33.824,17.902,36.601,701003011.0,11100.0,1000001000.0,14,2.0,671,False,5001.556,HAM,44,None,None,4947.159,4965.061,5001.662,254.0,293.0,292.0,232.0,True,Ferrari,4913.229,2026-03-08T04:22:59.852000000,False,None,False,False,4993.903,24.3,53.3,1012.4,False,36.6,114,2.5,Australian Grand Prix
83.703,15,MEDIUM,1,29.547,17.763,36.393,711010011.0,0.0,1100000000.0,15,2.0,1,True,5085.259,HAM,44,None,None,5031.209,5048.972,5085.365,258.0,294.0,296.0,289.0,True,Ferrari,5001.556,2026-03-08T04:24:28.179000000,False,None,False,True,5053.917,24.3,53.7,1012.3,False,37.3,125,2.0,Australian Grand Prix
83.412,16,MEDIUM,1,29.291,17.817,36.304,700000000.0,0.0,100000.0,16,2.0,1,True,5168.671,HAM,44,None,None,5114.656,5132.473,5168.777,259.0,295.0,297.0,296.0,True,Ferrari,5085.259,2026-03-08T04:25:51.882000000,False,None,False,True,5113.908,24.3,53.9,1012.3,False,38.4,140,3.5,Australian Grand Prix
84.045,17,MEDIUM,1,29.729,17.883,36.433,700000000.0,0.0,0.0,17,2.0,1,False,5252.716,HAM,44,None,None,5198.506,5216.389,5252.822,256.0,296.0,297.0,299.0,True,Ferrari,5168.671,2026-03-08T04:27:15.294000000,False,None,False,True,5233.92,24.6,53.1,1012.3,False,37.7,111,3.0,Australian Grand Prix
91.597,18,MEDIUM,1,29.625,17.793,44.179,700000000.0,0.0,0.0,18,2.0,126,False,5344.313,HAM,44,None,None,5282.447,5300.24,5344.419,255.0,298.0,143.0,296.0,True,Ferrari,5252.716,2026-03-08T04:28:39.339000000,False,None,False,False,5293.918,24.6,52.5,1012.3,False,36.7,138,4.1,Australian Grand Prix
113.1,19,MEDIUM,1,37.081,24.573,51.446,700000000.0,0.0,0.0,19,2.0,6,False,5457.413,HAM,44,None,None,5381.5,5406.073,5457.519,221.0,170.0,228.0,223.0,True,Ferrari,5344.313,2026-03-08T04:30:10.936000000,False,None,False,False,5413.936,24.7,53.0,1012.3,False,35.9,142,2.9,Australian Grand Prix
91.637,20,MEDIUM,1,37.133,18.014,36.49,711000100.0,0.0,1000.0,20,2.0,671,False,5549.05,HAM,44,None,None,5494.652,5512.666,5549.156,235.0,297.0,299.0,247.0,True,Ferrari,5457.413,2026-03-08T04:32:04.036000000,False,None,False,False,5533.969,24.6,53.4,1012.2,False,35.8,126,2.8,Australian Grand Prix
83.617,21,MEDIUM,1,29.381,17.818,36.418,710000011.0,0.0,1000000000.0,21,2.0,1,False,5632.667,HAM,44,None,None,5578.537,5596.355,5632.773,256.0,297.0,298.0,296.0,True,Ferrari,5549.05,2026-03-08T04:33:35.673000000,False,None,False,True,5593.968,24.6,53.3,1012.1,False,35.7,119,3.8,Australian Grand Prix
83.509,22,MEDIUM,1,29.258,17.832,36.419,710000011.0,100.0,1000100000.0,22,2.0,1,False,5716.176,HAM,44,None,None,5662.031,5679.863,5716.282,259.0,298.0,299.0,296.0,True,Ferrari,5632.667,2026-03-08T04:34:59.290000000,False,None,False,True,5713.957,24.6,52.8,1012.1,False,36.4,111,2.9,Australian Grand Prix
83.382,23,MEDIUM,1,29.306,17.766,36.31,710000000.0,0.0,100000.0,23,2.0,1,True,5799.558,HAM,44,None,None,5745.588,5763.354,5799.664,260.0,298.0,300.0,304.0,True,Ferrari,5716.176,2026-03-08T04:36:22.799000000,False,None,False,True,5773.973,24.5,52.9,1012.2,False,36.6,95,1.4,Australian Grand Prix
84.329,24,MEDIUM,1,29.999,17.913,36.417,700000000.0,0.0,0.0,24,2.0,1,False,5883.887,HAM,44,None,None,5829.663,5847.576,5883.993,255.0,295.0,299.0,305.0,True,Ferrari,5799.558,2026-03-08T04:37:46.181000000,False,None,False,True,5833.959,24.6,53.4,1012.1,False,37.0,114,2.1,Australian Grand Prix
83.66,25,MEDIUM,1,29.419,17.845,36.396,700000000.0,0.0,0.0,25,1.0,1,False,5967.547,HAM,44,None,None,5913.412,5931.257,5967.653,257.0,296.0,298.0,303.0,True,Ferrari,5883.887,2026-03-08T04:39:10.510000000,False,None,False,True,5953.975,24.8,52.6,1012.1,False,37.6,147,3.1,Australian Grand Prix
84.085,26,MEDIUM,1,29.611,17.867,36.607,700000000.0,0.0,0.0,26,1.0,1,False,6051.632,HAM,44,None,None,5997.264,6015.131,6051.738,255.0,294.0,298.0,300.0,True,Ferrari,5967.547,2026-03-08T04:40:34.170000000,False,None,False,True,6013.976,24.8,52.7,1012.0,False,37.4,106,3.3,Australian Grand Prix
83.76,27,MEDIUM,1,29.455,17.86,36.445,700000000.0,0.0,555.0,27,1.0,1,False,6135.392,HAM,44,None,None,6081.193,6099.053,6135.498,258.0,294.0,298.0,300.0,True,Ferrari,6051.632,2026-03-08T04:41:58.255000000,False,None,False,True,6134.01,24.8,52.0,1012.0,False,36.5,98,2.5,Australian Grand Prix
99.578,28,MEDIUM,1,29.438,17.924,52.216,500000011.0,10000.0,1010010.0,28,4.0,1,False,6234.97,HAM,44,None,6219.308,6164.936,6182.86,6235.076,253.0,296.0,None,300.0,True,Ferrari,6135.392,2026-03-08T04:43:22.015000000,False,None,False,False,6194.01,24.8,52.8,1012.0,False,36.3,98,4.0,Australian Grand Prix
89.135,29,HARD,2,35.116,17.909,36.11,1003100.0,1000.0,1000000.0,1,4.0,1,False,6324.105,HAM,44,6237.281,None,6270.192,6288.101,6324.211,275.0,290.0,293.0,220.0,True,Ferrari,6234.97,2026-03-08T04:45:01.593000000,False,None,False,False,6254.01,24.8,52.8,1012.1,False,36.1,120,3.0,Australian Grand Prix
83.474,30,HARD,2,29.431,17.923,36.12,700000100.0,100.0,100010.0,2,4.0,1,False,6407.579,HAM,44,None,None,6353.642,6371.565,6407.685,251.0,289.0,293.0,285.0,True,Ferrari,6324.105,2026-03-08T04:46:30.728000000,False,None,False,True,6374.017,25.3,53.7,1012.0,False,36.1,123,2.5,Australian Grand Prix
83.129,31,HARD,2,29.336,17.854,35.939,701000000.0,100.0,0.0,3,4.0,1,True,6490.708,HAM,44,None,None,6437.021,6454.875,6490.814,244.0,293.0,301.0,287.0,True,Ferrari,6407.579,2026-03-08T04:47:54.202000000,False,None,False,True,6434.013,25.2,53.5,1011.9,False,37.3,184,1.0,Australian Grand Prix
83.185,32,HARD,2,29.328,17.835,36.022,700000000.0,0.0,0.0,4,4.0,1,False,6573.893,HAM,44,None,None,6520.142,6537.977,6573.999,244.0,293.0,300.0,302.0,True,Ferrari,6490.708,2026-03-08T04:49:17.331000000,False,None,False,True,6554.015,25.2,53.1,1012.0,False,37.0,125,4.0,Australian Grand Prix
83.775,33,HARD,2,29.415,17.921,36.439,700000000.0,0.0,1.0,5,4.0,1,False,6657.668,HAM,44,None,None,6603.414,6621.335,6657.774,250.0,299.0,281.0,302.0,True,Ferrari,6573.893,2026-03-08T04:50:40.516000000,False,None,False,True,6614.014,25.1,53.0,1012.0,False,37.2,147,3.0,Australian Grand Prix
98.315,34,HARD,2,36.057,24.217,38.041,100000000.0,110.0,0.0,6,4.0,167,False,6755.983,HAM,44,None,None,6693.831,6718.048,6756.089,203.0,241.0,308.0,275.0,True,Ferrari,6657.668,2026-03-08T04:52:04.291000000,False,None,False,False,6674.029,25.1,53.2,1011.8,False,37.7,107,2.5,Australian Grand Prix
83.317,35,HARD,2,29.381,17.698,36.238,0.0,0.0,0.0,7,4.0,1,False,6839.3,HAM,44,None,None,6785.47,6803.168,6839.406,251.0,301.0,302.0,312.0,True,Ferrari,6755.983,2026-03-08T04:53:42.606000000,False,None,False,True,6794.063,25.2,52.4,1011.9,False,37.2,105,3.7,Australian Grand Prix
83.338,36,HARD,2,29.42,17.712,36.206,700000000.0,0.0,0.0,8,4.0,1,False,6922.638,HAM,44,None,None,6868.826,6886.538,6922.744,246.0,298.0,304.0,305.0,True,Ferrari,6839.3,2026-03-08T04:55:05.923000000,False,None,False,True,6914.079,25.2,52.5,1011.8,False,37.8,119,3.8,Australian Grand Prix
83.086,37,HARD,2,29.353,17.661,36.072,700000000.0,1000.0,110000000.0,9,4.0,1,True,7005.724,HAM,44,None,None,6952.097,6969.758,7005.83,250.0,298.0,303.0,304.0,True,Ferrari,6922.638,2026-03-08T04:56:29.261000000,False,None,False,True,6974.097,25.2,52.8,1011.8,False,37.0,120,3.8,Australian Grand Prix
82.688,38,HARD,2,29.069,17.752,35.867,700010010.0,1000.0,100000.0,10,4.0,1,True,7088.412,HAM,44,None,None,7034.899,7052.651,7088.518,245.0,293.0,303.0,305.0,True,Ferrari,7005.724,2026-03-08T04:57:52.347000000,False,None,False,True,7094.098,25.1,53.0,1011.8,False,35.9,115,3.0,Australian Grand Prix
82.536,39,HARD,2,28.919,17.689,35.928,700000010.0,0.0,1110000000.0,11,4.0,1,True,7170.948,HAM,44,None,None,7117.437,7135.126,7171.054,252.0,294.0,301.0,307.0,True,Ferrari,7088.412,2026-03-08T04:59:15.035000000,False,None,False,True,7154.099,25.0,52.1,1011.8,False,35.7,98,2.5,Australian Grand Prix
82.55,40,HARD,2,29.091,17.679,35.78,700010000.0,10.0,100000000.0,12,4.0,1,False,7253.498,HAM,44,None,None,7200.145,7217.824,7253.604,252.0,296.0,304.0,303.0,True,Ferrari,7170.948,2026-03-08T05:00:37.571000000,False,None,False,True,7214.101,25.0,52.7,1011.8,False,35.5,140,3.1,Australian Grand Prix
82.648,41,HARD,2,29.065,17.564,36.019,700000000.0,0.0,100000.0,13,4.0,1,False,7336.146,HAM,44,None,None,7282.669,7300.233,7336.252,253.0,302.0,301.0,308.0,True,Ferrari,7253.498,2026-03-08T05:02:00.121000000,False,None,False,True,7334.114,25.0,52.8,1011.7,False,35.5,136,3.6,Australian Grand Prix
82.636,42,HARD,2,29.114,17.688,35.834,701010000.0,0.0,0.0,14,4.0,1,False,7418.782,HAM,44,None,None,7365.366,7383.054,7418.888,252.0,295.0,300.0,302.0,True,Ferrari,7336.146,2026-03-08T05:03:22.769000000,False,None,False,True,7394.119,25.0,52.8,1011.8,False,35.4,96,2.8,Australian Grand Prix
82.559,43,HARD,2,28.993,17.663,35.903,700000000.0,0.0,0.0,15,4.0,1,False,7501.341,HAM,44,None,None,7447.881,7465.544,7501.447,251.0,294.0,301.0,301.0,True,Ferrari,7418.782,2026-03-08T05:04:45.405000000,False,None,False,True,7454.108,25.1,52.6,1011.6,False,35.5,99,1.3,Australian Grand Prix
82.837,44,HARD,2,29.087,17.685,36.065,701010000.0,0.0,0.0,16,4.0,1,False,7584.178,HAM,44,None,None,7530.534,7548.219,7584.284,253.0,296.0,303.0,304.0,True,Ferrari,7501.341,2026-03-08T05:06:07.964000000,False,None,False,True,7574.136,25.2,52.7,1011.7,False,36.2,93,1.0,Australian Grand Prix
82.529,45,HARD,2,28.867,17.57,36.092,700000000.0,0.0,0.0,17,4.0,1,True,7666.707,HAM,44,None,None,7613.151,7630.721,7666.813,253.0,300.0,301.0,308.0,True,Ferrari,7584.178,2026-03-08T05:07:30.801000000,False,None,False,True,7634.151,25.1,52.5,1011.7,False,36.6,110,2.0,Australian Grand Prix
82.945,46,HARD,2,29.158,17.77,36.017,700000000.0,0.0,100000.0,18,4.0,1,False,7749.652,HAM,44,None,None,7695.971,7713.741,7749.758,245.0,293.0,303.0,305.0,True,Ferrari,7666.707,2026-03-08T05:08:53.330000000,False,None,False,True,7754.15,25.1,51.4,1011.6,False,35.7,118,3.9,Australian Grand Prix
82.677,47,HARD,2,29.105,17.709,35.863,700000000.0,0.0,1000000000.0,19,4.0,1,False,7832.329,HAM,44,None,None,7778.863,7796.572,7832.435,252.0,295.0,302.0,307.0,True,Ferrari,7749.652,2026-03-08T05:10:16.275000000,False,None,False,True,7814.153,25.1,51.4,1011.6,False,35.6,140,2.9,Australian Grand Prix
82.764,48,HARD,2,29.189,17.665,35.91,700000000.0,0.0,100000000.0,20,4.0,1,False,7915.093,HAM,44,None,None,7861.624,7879.289,7915.199,251.0,297.0,301.0,307.0,True,Ferrari,7832.329,2026-03-08T05:11:38.952000000,False,None,False,True,7874.138,25.1,52.4,1011.6,False,35.4,106,4.0,Australian Grand Prix
82.835,49,HARD,2,29.086,17.65,36.099,700000000.0,0.0,0.0,21,4.0,1,False,7997.928,HAM,44,None,None,7944.285,7961.935,7998.034,252.0,297.0,304.0,303.0,True,Ferrari,7915.093,2026-03-08T05:13:01.716000000,False,None,False,True,7994.158,25.1,52.9,1011.6,False,36.8,110,2.4,Australian Grand Prix
83.31,50,HARD,2,29.107,17.787,36.416,700000000.0,0.0,10000001.0,22,4.0,1,False,8081.238,HAM,44,None,None,8027.141,8044.928,8081.344,248.0,296.0,300.0,312.0,True,Ferrari,7997.928,2026-03-08T05:14:24.551000000,False,None,False,True,8054.173,25.2,53.0,1011.6,False,36.5,116,2.6,Australian Grand Prix
82.683,51,HARD,2,29.231,17.661,35.791,100000000.0,0.0,100000000.0,23,4.0,1,False,8163.921,HAM,44,None,None,8110.575,8128.236,8164.027,251.0,298.0,309.0,306.0,True,Ferrari,8081.238,2026-03-08T05:15:47.861000000,False,None,False,True,8174.192,25.3,52.0,1011.6,False,35.9,125,2.3,Australian Grand Prix
83.008,52,HARD,2,29.158,17.67,36.18,10.0,0.0,1000000000.0,24,4.0,1,False,8246.929,HAM,44,None,None,8193.185,8210.855,8247.035,246.0,298.0,306.0,317.0,True,Ferrari,8163.921,2026-03-08T05:17:10.544000000,False,None,False,True,8234.191,25.3,52.2,1011.5,False,35.6,106,3.1,Australian Grand Prix
83.165,53,HARD,2,29.52,17.678,35.967,730000000.0,100.0,0.0,25,4.0,1,False,8330.094,HAM,44,None,None,8276.555,8294.233,8330.2,254.0,296.0,304.0,304.0,True,Ferrari,8246.929,2026-03-08T05:18:33.552000000,False,None,False,True,8294.207,25.3,51.1,1011.5,False,35.3,121,3.0,Australian Grand Prix
82.554,54,HARD,2,29.035,17.661,35.858,730000000.0,1100.0,1100010000.0,26,4.0,1,False,8412.648,HAM,44,None,None,8359.235,8376.896,8412.754,252.0,295.0,305.0,313.0,True,Ferrari,8330.094,2026-03-08T05:19:56.717000000,False,None,False,True,8414.244,25.3,51.9,1011.5,False,34.8,115,3.0,Australian Grand Prix
82.423,55,HARD,2,29.094,17.613,35.716,700000000.0,100.0,0.0,27,4.0,1,True,8495.071,HAM,44,None,None,8441.848,8459.461,8495.177,252.0,296.0,303.0,316.0,True,Ferrari,8412.648,2026-03-08T05:21:19.271000000,False,None,False,True,8474.264,25.3,51.7,1011.5,False,34.7,130,4.2,Australian Grand Prix
82.5,56,HARD,2,28.996,17.577,35.927,700010000.0,0.0,0.0,28,4.0,1,False,8577.571,HAM,44,None,None,8524.173,8541.75,8577.677,254.0,299.0,304.0,312.0,True,Ferrari,8495.071,2026-03-08T05:22:41.694000000,False,None,False,True,8534.293,25.2,51.6,1011.6,False,34.6,126,3.2,Australian Grand Prix
82.716,57,HARD,2,29.004,17.632,36.08,700000000.0,110.0,310000010.0,29,4.0,1,False,8660.287,HAM,44,None,None,8606.681,8624.313,8660.393,254.0,298.0,304.0,313.0,True,Ferrari,8577.571,2026-03-08T05:24:04.194000000,False,None,False,True,8654.277,25.2,52.0,1011.5,False,34.4,105,2.9,Australian Grand Prix
82.637,58,HARD,2,29.096,17.505,36.036,700000000.0,0.0,0.0,30,4.0,1,False,8742.924,HAM,44,None,None,8689.489,8706.994,8743.03,255.0,301.0,302.0,315.0,True,Ferrari,8660.287,2026-03-08T05:25:26.910000000,False,None,False,True,8714.29,25.1,51.7,1011.5,False,34.5,103,2.9,Australian Grand Prix
102.188,1,MEDIUM,1,,19.28,39.431,77777777.0,0.0,7.0,1,18.0,1,False,3842.167,LAW,30,None,None,None,3803.454,3842.432,224.0,303.0,287.0,182.0,True,Racing Bulls,3739.743,2026-03-08T04:03:26.366000000,False,None,False,False,3793.796,24.2,54.0,1012.8,False,36.6,104,4.4,Australian Grand Prix
88.537,2,MEDIUM,1,31.545,18.1,38.892,711011111.0,10000.0,1011110111.0,2,17.0,1,True,3930.704,LAW,30,None,None,3873.833,3891.933,3930.825,250.0,299.0,286.0,259.0,True,Racing Bulls,3842.167,2026-03-08T04:05:08.790000000,False,None,False,True,3853.794,24.2,54.4,1012.8,False,36.0,135,2.3,Australian Grand Prix
86.869,3,MEDIUM,1,30.837,18.295,37.737,711011000.0,11100.0,1000000010.0,3,17.0,1,True,4017.573,LAW,30,None,None,3961.662,3979.957,4017.694,251.0,286.0,296.0,262.0,True,Racing Bulls,3930.704,2026-03-08T04:06:37.327000000,False,None,False,True,3973.816,24.1,54.1,1012.9,False,36.1,112,1.6,Australian Grand Prix
86.661,4,MEDIUM,1,30.649,17.998,38.014,10000.0,10000.0,11.0,4,17.0,1,True,4104.234,LAW,30,None,None,4048.343,4066.341,4104.355,246.0,301.0,295.0,279.0,True,Racing Bulls,4017.573,2026-03-08T04:08:04.196000000,False,None,False,True,4033.811,24.1,54.1,1012.9,False,36.1,112,1.6,Australian Grand Prix
87.142,5,MEDIUM,1,30.77,17.979,38.393,100000000.0,0.0,100000000.0,5,17.0,1,False,4191.376,LAW,30,None,None,4135.125,4153.104,4191.497,251.0,305.0,304.0,276.0,True,Racing Bulls,4104.234,2026-03-08T04:09:30.857000000,False,None,False,True,4153.828,24.2,54.2,1012.8,False,35.1,127,2.2,Australian Grand Prix
87.96,6,MEDIUM,1,31.183,18.191,38.586,0.0,0.0,110110100.0,6,17.0,1,False,4279.336,LAW,30,None,None,4222.68,4240.871,4279.457,239.0,306.0,291.0,280.0,True,Racing Bulls,4191.376,2026-03-08T04:10:57.999000000,False,None,False,True,4213.83,24.2,54.3,1012.6,False,35.3,114,2.7,Australian Grand Prix
86.644,7,MEDIUM,1,30.977,18.039,37.628,711010010.0,10000.0,1001000100.0,7,16.0,1,True,4365.98,LAW,30,None,None,4310.434,4328.473,4366.101,247.0,306.0,290.0,264.0,True,Racing Bulls,4279.336,2026-03-08T04:12:25.959000000,False,None,False,True,4273.82,24.2,54.7,1012.6,False,35.1,99,3.4,Australian Grand Prix
85.888,8,MEDIUM,1,30.435,18.082,37.371,701000110.0,0.0,1010010000.0,8,16.0,1,True,4451.868,LAW,30,None,None,4396.536,4414.618,4451.989,247.0,300.0,292.0,277.0,True,Racing Bulls,4365.98,2026-03-08T04:13:52.603000000,False,None,False,True,4393.821,24.5,54.3,1012.6,False,36.6,104,2.4,Australian Grand Prix
86.025,9,MEDIUM,1,30.229,18.073,37.723,710000000.0,11000.0,1001010010.0,9,15.0,1,False,4537.893,LAW,30,None,None,4482.218,4500.291,4538.014,249.0,304.0,285.0,280.0,True,Racing Bulls,4451.868,2026-03-08T04:15:18.491000000,False,None,False,True,4453.832,24.4,53.7,1012.6,False,38.1,121,3.1,Australian Grand Prix
85.751,10,MEDIUM,1,30.485,18.132,37.134,710000000.0,0.0,555.0,10,15.0,1,True,4623.644,LAW,30,None,None,4568.499,4586.631,4623.765,248.0,298.0,297.0,276.0,True,Racing Bulls,4537.893,2026-03-08T04:16:44.516000000,False,None,False,True,4573.833,24.5,53.3,1012.6,False,36.7,119,1.6,Australian Grand Prix
110.026,11,MEDIUM,1,30.604,18.153,61.269,500000000.0,0.0,0.0,11,16.0,16,False,4733.67,LAW,30,None,4716.737,4654.369,4672.522,4733.791,246.0,284.0,None,296.0,True,Racing Bulls,4623.644,2026-03-08T04:18:10.267000000,False,None,False,False,4633.861,24.4,53.1,1012.4,False,36.6,128,2.7,Australian Grand Prix
130.384,12,HARD,2,47.42,40.637,42.327,0.0,0.0,1100011.0,1,15.0,6,False,4864.054,LAW,30,4736.054,None,4781.211,4821.848,4864.175,84.0,135.0,252.0,200.0,True,Racing Bulls,4733.67,2026-03-08T04:20:00.293000000,False,None,False,False,4753.868,24.5,53.5,1012.4,False,36.5,128,2.0,Australian Grand Prix
95.45,13,HARD,2,33.059,23.573,38.818,101311011.0,11000.0,1100.0,2,15.0,671,False,4959.504,LAW,30,None,None,4897.234,4920.807,4959.625,237.0,170.0,308.0,234.0,True,Racing Bulls,4864.054,2026-03-08T04:22:10.677000000,False,None,False,False,4873.87,24.6,52.3,1012.4,False,36.8,113,2.0,Australian Grand Prix
85.233,14,HARD,2,29.733,18.13,37.37,1000000.0,1100.0,100000000.0,3,15.0,1,True,5044.737,LAW,30,None,None,4989.358,5007.488,5044.858,260.0,289.0,288.0,291.0,True,Racing Bulls,4959.504,2026-03-08T04:23:46.127000000,False,None,False,True,4993.903,24.3,53.3,1012.4,False,36.6,114,2.5,Australian Grand Prix
86.791,15,HARD,2,30.225,17.908,38.658,700000000.0,0.0,0.0,4,15.0,1,False,5131.528,LAW,30,None,None,5075.083,5092.991,5131.649,249.0,297.0,308.0,275.0,True,Racing Bulls,5044.737,2026-03-08T04:25:11.360000000,False,None,False,True,5053.917,24.3,53.7,1012.3,False,37.3,125,2.0,Australian Grand Prix
89.919,16,HARD,2,32.87,18.431,38.618,700001010.0,0.0,1000000000.0,5,14.0,1,False,5221.447,LAW,30,None,None,5164.519,5182.95,5221.568,231.0,298.0,289.0,245.0,True,Racing Bulls,5131.528,2026-03-08T04:26:38.151000000,True,TRACK LIMITS AT TURN 3 LAP 16 ,False,True,5113.908,24.3,53.9,1012.3,False,38.4,140,3.5,Australian Grand Prix
85.839,17,HARD,2,30.269,18.18,37.39,701001000.0,0.0,0.0,6,14.0,1,False,5307.286,LAW,30,None,None,5251.837,5270.017,5307.407,251.0,293.0,284.0,277.0,True,Racing Bulls,5221.447,2026-03-08T04:28:08.070000000,False,None,False,True,5233.92,24.6,53.1,1012.3,False,37.7,111,3.0,Australian Grand Prix
108.965,18,HARD,2,36.165,24.07,48.73,700000000.0,0.0,101000.0,7,14.0,126,False,5416.251,LAW,30,None,None,5343.572,5367.642,5416.372,202.0,202.0,181.0,273.0,True,Racing Bulls,5307.286,2026-03-08T04:29:33.909000000,False,None,False,False,5293.918,24.6,52.5,1012.3,False,36.7,138,4.1,Australian Grand Prix
105.808,19,HARD,2,41.187,24.218,40.403,701300110.0,0.0,1111100.0,8,14.0,671,False,5522.059,LAW,30,None,None,5457.559,5481.777,5522.18,212.0,179.0,306.0,185.0,True,Racing Bulls,5416.251,2026-03-08T04:31:22.874000000,False,None,False,False,5413.936,24.7,53.0,1012.3,False,35.9,142,2.9,Australian Grand Prix
85.068,20,HARD,2,29.568,18.433,37.067,701000111.0,10000.0,110000.0,9,14.0,1,True,5607.127,LAW,30,None,None,5551.748,5570.181,5607.248,259.0,285.0,288.0,288.0,True,Racing Bulls,5522.059,2026-03-08T04:33:08.682000000,False,None,False,True,5533.969,24.6,53.4,1012.2,False,35.8,126,2.8,Australian Grand Prix
84.91,21,HARD,2,29.999,17.994,36.917,701000000.0,1000.0,1000000000.0,10,14.0,1,True,5692.037,LAW,30,None,None,5637.247,5655.241,5692.158,255.0,296.0,295.0,280.0,True,Racing Bulls,5607.127,2026-03-08T04:34:33.750000000,False,None,False,True,5593.968,24.6,53.3,1012.1,False,35.7,119,3.8,Australian Grand Prix
85.041,22,HARD,2,29.874,18.032,37.135,700000000.0,1000.0,1000001100.0,11,14.0,1,False,5777.078,LAW,30,None,None,5722.032,5740.064,5777.199,248.0,295.0,287.0,292.0,True,Racing Bulls,5692.037,2026-03-08T04:35:58.660000000,False,None,False,True,5713.957,24.6,52.8,1012.1,False,36.4,111,2.9,Australian Grand Prix
85.074,23,HARD,2,30.148,17.998,36.928,700000000.0,0.0,177000.0,12,14.0,1,False,5862.152,LAW,30,None,None,5807.347,5825.345,5862.273,250.0,295.0,296.0,275.0,True,Racing Bulls,5777.078,2026-03-08T04:37:23.701000000,False,None,False,True,5773.973,24.5,52.9,1012.2,False,36.6,95,1.4,Australian Grand Prix
86.526,24,HARD,2,30.096,18.083,38.347,700000000.0,0.0,1000100000.0,13,14.0,1,False,5948.678,LAW,30,None,None,5892.369,5910.452,5948.799,250.0,294.0,292.0,294.0,True,Racing Bulls,5862.152,2026-03-08T04:38:48.775000000,False,None,False,True,5833.959,24.6,53.4,1012.1,False,37.0,114,2.1,Australian Grand Prix
85.255,25,HARD,2,30.197,18.086,36.972,700010011.0,10000.0,100000.0,14,14.0,1,False,6033.933,LAW,30,None,None,5978.996,5997.082,6034.054,251.0,294.0,292.0,286.0,True,Racing Bulls,5948.678,2026-03-08T04:40:15.301000000,False,None,False,True,5953.975,24.8,52.6,1012.1,False,37.6,147,3.1,Australian Grand Prix
84.972,26,HARD,2,29.78,18.048,37.144,700000000.0,1000.0,0.0,15,14.0,1,False,6118.905,LAW,30,None,None,6063.834,6081.882,6119.026,260.0,294.0,292.0,286.0,True,Racing Bulls,6033.933,2026-03-08T04:41:40.556000000,False,None,False,True,6013.976,24.8,52.7,1012.0,False,37.4,106,3.3,Australian Grand Prix
85.173,27,HARD,2,30.0,18.079,37.094,700000000.0,0.0,0.0,16,14.0,1,False,6204.078,LAW,30,None,None,6149.026,6167.105,6204.199,254.0,293.0,293.0,284.0,True,Racing Bulls,6118.905,2026-03-08T04:43:05.528000000,False,None,False,True,6134.01,24.8,52.0,1012.0,False,36.5,98,2.5,Australian Grand Prix
85.377,28,HARD,2,30.088,18.065,37.224,700000000.0,0.0,1000000000.0,17,14.0,1,False,6289.455,LAW,30,None,None,6234.287,6252.352,6289.576,252.0,291.0,285.0,284.0,True,Racing Bulls,6204.078,2026-03-08T04:44:30.701000000,False,None,False,True,6194.01,24.8,52.8,1012.0,False,36.3,98,4.0,Australian Grand Prix
85.253,29,HARD,2,30.109,18.063,37.081,700000000.0,0.0,0.0,18,14.0,1,False,6374.708,LAW,30,None,None,6319.685,6337.748,6374.829,254.0,292.0,292.0,273.0,True,Racing Bulls,6289.455,2026-03-08T04:45:56.078000000,False,None,False,True,6254.01,24.8,52.8,1012.1,False,36.1,120,3.0,Australian Grand Prix
85.65,30,HARD,2,30.163,18.125,37.362,700000000.0,0.0,0.0,19,14.0,1,False,6460.358,LAW,30,None,None,6404.992,6423.117,6460.479,256.0,292.0,291.0,289.0,True,Racing Bulls,6374.708,2026-03-08T04:47:21.331000000,False,None,False,True,6374.017,25.3,53.7,1012.0,False,36.1,123,2.5,Australian Grand Prix
85.792,31,HARD,2,30.358,18.099,37.335,700000000.0,0.0,0.0,20,14.0,1,False,6546.15,LAW,30,None,None,6490.837,6508.936,6546.271,256.0,292.0,291.0,287.0,True,Racing Bulls,6460.358,2026-03-08T04:48:46.981000000,False,None,False,True,6434.013,25.2,53.5,1011.9,False,37.3,184,1.0,Australian Grand Prix
85.867,32,HARD,2,30.132,18.063,37.672,700000000.0,0.0,555.0,21,14.0,1,False,6632.017,LAW,30,None,None,6576.403,6594.466,6632.138,255.0,295.0,290.0,284.0,True,Racing Bulls,6546.15,2026-03-08T04:50:12.773000000,False,None,False,True,6554.015,25.2,53.1,1012.0,False,37.0,125,4.0,Australian Grand Prix
114.107,33,HARD,2,30.338,23.781,59.988,500000000.0,1100.0,0.0,22,13.0,167,False,6746.124,LAW,30,None,6730.404,6662.476,6686.257,6746.245,252.0,176.0,None,275.0,True,Racing Bulls,6632.017,2026-03-08T04:51:38.640000000,False,None,False,False,6614.014,25.1,53.0,1012.0,False,37.2,147,3.0,Australian Grand Prix
90.927,34,SOFT,3,35.612,18.018,37.297,1011100.0,1100.0,100000000.0,1,14.0,1,False,6837.051,LAW,30,6748.51,None,6781.857,6799.875,6837.172,259.0,293.0,278.0,207.0,True,Racing Bulls,6746.124,2026-03-08T04:53:32.747000000,False,None,False,False,6674.029,25.1,53.2,1011.8,False,37.7,107,2.5,Australian Grand Prix
84.21,35,SOFT,3,29.684,17.768,36.758,700000000.0,100.0,100000000.0,2,14.0,1,True,6921.261,LAW,30,None,None,6866.856,6884.624,6921.382,252.0,297.0,295.0,271.0,True,Racing Bulls,6837.051,2026-03-08T04:55:03.674000000,False,None,False,True,6794.063,25.2,52.4,1011.9,False,37.2,105,3.7,Australian Grand Prix
86.728,36,SOFT,3,31.791,17.8,37.137,700000000.0,0.0,0.0,3,14.0,1,False,7007.989,LAW,30,None,None,6953.173,6970.973,7008.11,254.0,302.0,307.0,282.0,True,Racing Bulls,6921.261,2026-03-08T04:56:27.884000000,False,None,False,True,6914.079,25.2,52.5,1011.8,False,37.8,119,3.8,Australian Grand Prix
85.74,37,SOFT,3,30.472,17.992,37.276,700000000.0,0.0,1001100000.0,4,13.0,1,False,7093.729,LAW,30,None,None,7038.582,7056.574,7093.85,252.0,293.0,289.0,277.0,True,Racing Bulls,7007.989,2026-03-08T04:57:54.612000000,False,None,False,True,6974.097,25.2,52.8,1011.8,False,37.0,120,3.8,Australian Grand Prix
84.423,38,SOFT,3,29.858,17.952,36.613,700000010.0,10000.0,110100.0,5,13.0,1,False,7178.152,LAW,30,None,None,7123.708,7141.66,7178.273,252.0,296.0,291.0,275.0,True,Racing Bulls,7093.729,2026-03-08T04:59:20.352000000,False,None,False,True,7094.098,25.1,53.0,1011.8,False,35.9,115,3.0,Australian Grand Prix
84.124,39,SOFT,3,29.654,17.837,36.633,701000000.0,0.0,0.0,6,13.0,1,True,7262.276,LAW,30,None,None,7207.927,7225.764,7262.397,256.0,295.0,296.0,279.0,True,Racing Bulls,7178.152,2026-03-08T05:00:44.775000000,False,None,False,True,7154.099,25.0,52.1,1011.8,False,35.7,98,2.5,Australian Grand Prix
84.077,40,SOFT,3,29.497,17.953,36.627,701000001.0,0.0,1110000000.0,7,13.0,1,True,7346.353,LAW,30,None,None,7291.894,7309.847,7346.474,256.0,290.0,293.0,293.0,True,Racing Bulls,7262.276,2026-03-08T05:02:08.899000000,False,None,False,True,7214.101,25.0,52.7,1011.8,False,35.5,140,3.1,Australian Grand Prix
83.92,41,SOFT,3,29.49,17.906,36.524,700000010.0,0.0,100.0,8,13.0,1,True,7430.273,LAW,30,None,None,7375.964,7393.87,7430.394,264.0,291.0,291.0,290.0,True,Racing Bulls,7346.353,2026-03-08T05:03:32.976000000,False,None,False,True,7334.114,25.0,52.8,1011.7,False,35.5,136,3.6,Australian Grand Prix
84.048,42,SOFT,3,29.555,17.97,36.523,710010010.0,0.0,0.0,9,13.0,1,False,7514.321,LAW,30,None,None,7459.949,7477.919,7514.442,253.0,289.0,296.0,276.0,True,Racing Bulls,7430.273,2026-03-08T05:04:56.896000000,False,None,False,True,7394.119,25.0,52.8,1011.8,False,35.4,96,2.8,Australian Grand Prix
84.232,43,SOFT,3,29.564,18.033,36.635,700000110.0,0.0,0.0,10,13.0,1,False,7598.553,LAW,30,None,None,7544.006,7562.039,7598.674,237.0,294.0,295.0,292.0,True,Racing Bulls,7514.321,2026-03-08T05:06:20.944000000,False,None,False,True,7454.108,25.1,52.6,1011.6,False,35.5,99,1.3,Australian Grand Prix
84.071,44,SOFT,3,29.647,17.945,36.479,700000000.0,0.0,100.0,11,13.0,1,False,7682.624,LAW,30,None,None,7628.321,7646.266,7682.745,238.0,295.0,298.0,287.0,True,Racing Bulls,7598.553,2026-03-08T05:07:45.176000000,False,None,False,True,7574.136,25.2,52.7,1011.7,False,36.2,93,1.0,Australian Grand Prix
84.31,45,SOFT,3,29.849,18.022,36.439,710000000.0,0.0,1000100.0,12,13.0,1,False,7766.934,LAW,30,None,None,7712.594,7730.616,7767.055,230.0,294.0,299.0,290.0,True,Racing Bulls,7682.624,2026-03-08T05:09:09.247000000,False,None,False,True,7634.151,25.1,52.5,1011.7,False,36.6,110,2.0,Australian Grand Prix
84.023,46,SOFT,3,29.625,17.849,36.549,700010000.0,0.0,1000000000.0,13,13.0,1,False,7850.957,LAW,30,None,None,7796.68,7814.529,7851.078,242.0,298.0,296.0,297.0,True,Racing Bulls,7766.934,2026-03-08T05:10:33.557000000,False,None,False,True,7754.15,25.1,51.4,1011.6,False,35.7,118,3.9,Australian Grand Prix
83.783,47,SOFT,3,29.407,17.848,36.528,700001000.0,0.0,0.0,14,13.0,1,True,7934.74,LAW,30,None,None,7880.485,7898.333,7934.861,243.0,299.0,290.0,296.0,True,Racing Bulls,7850.957,2026-03-08T05:11:57.580000000,False,None,False,True,7814.153,25.1,51.4,1011.6,False,35.6,140,2.9,Australian Grand Prix
84.222,48,SOFT,3,29.646,17.894,36.682,700000000.0,0.0,0.0,15,13.0,1,False,8018.962,LAW,30,None,None,7964.507,7982.401,8019.083,236.0,299.0,295.0,280.0,True,Racing Bulls,7934.74,2026-03-08T05:13:21.363000000,False,None,False,True,7874.138,25.1,52.4,1011.6,False,35.4,106,4.0,Australian Grand Prix
83.932,49,SOFT,3,29.404,17.932,36.596,700000000.0,0.0,0.0,16,13.0,1,False,8102.894,LAW,30,None,None,8048.487,8066.419,8103.015,258.0,299.0,301.0,283.0,True,Racing Bulls,8018.962,2026-03-08T05:14:45.585000000,False,None,False,True,7994.158,25.1,52.9,1011.6,False,36.8,110,2.4,Australian Grand Prix
83.912,50,SOFT,3,29.434,17.783,36.695,700000000.0,0.0,0.0,17,13.0,1,False,8186.806,LAW,30,None,None,8132.449,8150.232,8186.927,255.0,302.0,300.0,294.0,True,Racing Bulls,8102.894,2026-03-08T05:16:09.517000000,False,None,False,True,8054.173,25.2,53.0,1011.6,False,36.5,116,2.6,Australian Grand Prix
84.46,51,SOFT,3,29.699,17.888,36.873,700000000.0,111.0,0.0,18,13.0,1,False,8271.266,LAW,30,None,None,8216.626,8234.514,8271.387,237.0,304.0,301.0,294.0,True,Racing Bulls,8186.806,2026-03-08T05:17:33.429000000,False,None,False,True,8174.192,25.3,52.0,1011.6,False,35.9,125,2.3,Australian Grand Prix
84.665,52,SOFT,3,29.812,17.679,37.174,700000000.0,0.0,0.0,19,13.0,1,False,8355.931,LAW,30,None,None,8301.199,8318.878,8356.052,242.0,309.0,301.0,294.0,True,Racing Bulls,8271.266,2026-03-08T05:18:57.889000000,False,None,False,True,8234.191,25.3,52.2,1011.5,False,35.6,106,3.1,Australian Grand Prix
85.162,53,SOFT,3,29.988,17.791,37.383,700000000.0,0.0,100000000.0,20,13.0,1,False,8441.093,LAW,30,None,None,8386.04,8403.831,8441.214,240.0,309.0,296.0,290.0,True,Racing Bulls,8355.931,2026-03-08T05:20:22.554000000,False,None,False,True,8294.207,25.3,51.1,1011.5,False,35.3,121,3.0,Australian Grand Prix
84.525,54,SOFT,3,29.874,17.754,36.897,700000000.0,0.0,100000000.0,21,13.0,1,False,8525.618,LAW,30,None,None,8471.088,8488.842,8525.739,256.0,306.0,305.0,282.0,True,Racing Bulls,8441.093,2026-03-08T05:21:47.716000000,False,None,False,True,8414.244,25.3,51.9,1011.5,False,34.8,115,3.0,Australian Grand Prix
85.123,55,SOFT,3,30.102,17.996,37.025,700000000.0,0.0,0.0,22,13.0,1,False,8610.741,LAW,30,None,None,8555.841,8573.837,8610.862,240.0,304.0,299.0,271.0,True,Racing Bulls,8525.618,2026-03-08T05:23:12.241000000,False,None,False,True,8474.264,25.3,51.7,1011.5,False,34.7,130,4.2,Australian Grand Prix
86.895,56,SOFT,3,31.114,18.065,37.716,700000000.0,0.0,0.0,23,13.0,1,False,8697.636,LAW,30,None,None,8641.976,8660.041,8697.757,232.0,303.0,258.0,284.0,True,Racing Bulls,8610.741,2026-03-08T05:24:37.364000000,False,None,False,True,8534.293,25.2,51.6,1011.6,False,34.6,126,3.2,Australian Grand Prix
86.317,57,SOFT,3,30.9,17.896,37.521,700000000.0,0.0,,24,13.0,1,False,8783.953,LAW,30,None,None,8728.657,8746.553,8784.074,253.0,308.0,287.0,264.0,True,Racing Bulls,8697.636,2026-03-08T05:26:04.259000000,False,None,False,True,8654.277,25.2,52.0,1011.5,False,34.4,105,2.9,Australian Grand Prix
91.929,1,MEDIUM,1,,18.663,36.681,0.0,0.0,7.0,1,1.0,1,False,3831.908,LEC,16,None,None,None,3795.379,3832.09,248.0,280.0,277.0,244.0,True,Ferrari,3739.743,2026-03-08T04:03:26.366000000,False,None,False,False,3793.796,24.2,54.0,1012.8,False,36.6,104,4.4,Australian Grand Prix
86.212,2,MEDIUM,1,30.116,18.18,37.916,,,,2,2.0,1,True,3918.12,LEC,16,None,None,3862.122,3880.302,3918.218,247.0,289.0,300.0,269.0,True,Ferrari,3831.908,2026-03-08T04:04:58.531000000,False,None,False,True,3853.794,24.2,54.4,1012.8,False,36.0,135,2.3,Australian Grand Prix
85.453,3,MEDIUM,1,30.141,17.876,37.436,1111.0,11000.0,3100330000.0,3,1.0,1,True,4003.573,LEC,16,None,None,3948.359,3966.235,4003.671,250.0,306.0,285.0,275.0,True,Ferrari,3918.12,2026-03-08T04:06:24.743000000,False,None,False,True,3973.816,24.1,54.1,1012.9,False,36.1,112,1.6,Australian Grand Prix
84.553,4,MEDIUM,1,29.99,18.045,36.518,710013131.0,11000.0,3100300000.0,4,1.0,1,True,4088.126,LEC,16,None,None,4033.661,4051.706,4088.224,254.0,289.0,293.0,271.0,True,Ferrari,4003.573,2026-03-08T04:07:50.196000000,False,None,False,True,4033.811,24.1,54.1,1012.9,False,36.1,112,1.6,Australian Grand Prix
83.981,5,MEDIUM,1,29.542,18.008,36.431,701000001.0,0.0,100000000.0,5,1.0,1,True,4172.107,LEC,16,None,None,4117.766,4135.774,4172.205,255.0,289.0,291.0,288.0,True,Ferrari,4088.126,2026-03-08T04:09:14.749000000,False,None,False,True,4153.828,24.2,54.2,1012.8,False,35.1,127,2.2,Australian Grand Prix
84.822,6,MEDIUM,1,29.775,18.075,36.972,700000011.0,1000.0,101330000.0,6,1.0,1,False,4256.929,LEC,16,None,None,4201.98,4220.055,4257.027,252.0,288.0,293.0,283.0,True,Ferrari,4172.107,2026-03-08T04:10:38.730000000,False,None,False,True,4213.83,24.2,54.3,1012.6,False,35.3,114,2.7,Australian Grand Prix
84.034,7,MEDIUM,1,29.693,18.01,36.331,730000003.0,0.0,0.0,7,1.0,1,False,4340.963,LEC,16,None,None,4286.72,4304.73,4341.061,256.0,288.0,295.0,288.0,True,Ferrari,4256.929,2026-03-08T04:12:03.552000000,False,None,False,True,4273.82,24.2,54.7,1012.6,False,35.1,99,3.4,Australian Grand Prix
85.563,8,MEDIUM,1,30.478,18.017,37.068,700010030.0,30000.0,100000000.0,8,1.0,1,False,4426.526,LEC,16,None,None,4371.539,4389.556,4426.624,275.0,298.0,276.0,294.0,True,Ferrari,4340.963,2026-03-08T04:13:27.586000000,False,None,False,True,4393.821,24.5,54.3,1012.6,False,36.6,104,2.4,Australian Grand Prix
85.602,9,MEDIUM,1,30.791,18.247,36.564,731000000.0,1000.0,1110030010.0,9,1.0,1,False,4512.128,LEC,16,None,None,4457.415,4475.662,4512.226,274.0,280.0,295.0,277.0,True,Ferrari,4426.526,2026-03-08T04:14:53.149000000,False,None,False,True,4453.832,24.4,53.7,1012.6,False,38.1,121,3.1,Australian Grand Prix
83.977,10,MEDIUM,1,29.824,17.963,36.19,700000000.0,31000.0,101330000.0,10,1.0,1,True,4596.105,LEC,16,None,None,4542.05,4560.013,4596.203,252.0,289.0,295.0,294.0,True,Ferrari,4512.128,2026-03-08T04:16:18.751000000,False,None,False,True,4573.833,24.5,53.3,1012.6,False,36.7,119,1.6,Australian Grand Prix
83.798,11,MEDIUM,1,29.585,18.082,36.131,700000000.0,0.0,0.0,11,1.0,1,True,4679.903,LEC,16,None,None,4625.788,4643.87,4680.001,274.0,282.0,293.0,292.0,True,Ferrari,4596.105,2026-03-08T04:17:42.728000000,False,None,False,True,4633.861,24.4,53.1,1012.4,False,36.6,128,2.7,Australian Grand Prix
114.008,12,MEDIUM,1,40.041,28.446,45.521,700000000.0,0.0,0.0,12,1.0,16,False,4793.911,LEC,16,None,None,4720.042,4748.488,4794.009,222.0,137.0,204.0,287.0,True,Ferrari,4679.903,2026-03-08T04:19:06.526000000,False,None,False,False,4753.868,24.5,53.5,1012.4,False,36.5,128,2.0,Australian Grand Prix
115.178,13,MEDIUM,1,41.178,27.3,46.7,700000000.0,0.0,101300000.0,13,1.0,6,False,4909.089,LEC,16,None,None,4835.187,4862.487,4909.187,181.0,142.0,175.0,213.0,True,Ferrari,4793.911,2026-03-08T04:21:00.534000000,False,None,False,False,4873.87,24.6,52.3,1012.4,False,36.8,113,2.0,Australian Grand Prix
90.489,14,MEDIUM,1,35.983,18.192,36.314,701000000.0,1100.0,0.0,14,1.0,671,False,4999.578,LEC,16,None,None,4945.17,4963.362,4999.676,273.0,282.0,289.0,218.0,True,Ferrari,4909.089,2026-03-08T04:22:55.712000000,False,None,False,False,4993.903,24.3,53.3,1012.4,False,36.6,114,2.5,Australian Grand Prix
83.765,15,MEDIUM,1,29.539,17.9,36.326,700010000.0,0.0,0.0,15,1.0,1,True,5083.343,LEC,16,None,None,5029.215,5047.115,5083.441,249.0,287.0,291.0,283.0,True,Ferrari,4999.578,2026-03-08T04:24:26.201000000,False,None,False,True,5053.917,24.3,53.7,1012.3,False,37.3,125,2.0,Australian Grand Prix
83.511,16,MEDIUM,1,29.393,17.898,36.22,730000010.0,0.0,0.0,16,1.0,1,True,5166.854,LEC,16,None,None,5112.834,5130.732,5166.952,248.0,290.0,297.0,291.0,True,Ferrari,5083.343,2026-03-08T04:25:49.966000000,False,None,False,True,5113.908,24.3,53.9,1012.3,False,38.4,140,3.5,Australian Grand Prix
84.356,17,MEDIUM,1,29.858,18.083,36.415,700000003.0,0.0,1000000000.0,17,1.0,1,False,5251.21,LEC,16,None,None,5196.81,5214.893,5251.308,275.0,285.0,291.0,300.0,True,Ferrari,5166.854,2026-03-08T04:27:13.477000000,False,None,False,True,5233.92,24.6,53.1,1012.3,False,37.7,111,3.0,Australian Grand Prix
89.602,18,MEDIUM,1,29.353,18.021,42.228,700000000.0,0.0,0.0,18,1.0,126,False,5340.812,LEC,16,None,None,5280.661,5298.682,5340.91,275.0,290.0,139.0,287.0,True,Ferrari,5251.21,2026-03-08T04:28:37.833000000,False,None,False,False,5293.918,24.6,52.5,1012.3,False,36.7,138,4.1,Australian Grand Prix
113.653,19,MEDIUM,1,38.364,24.534,50.755,700000000.0,0.0,10.0,19,1.0,6,False,5454.465,LEC,16,None,None,5379.274,5403.808,5454.563,238.0,224.0,229.0,227.0,True,Ferrari,5340.812,2026-03-08T04:30:07.435000000,False,None,False,False,5413.936,24.7,53.0,1012.3,False,35.9,142,2.9,Australian Grand Prix
93.183,20,MEDIUM,1,38.397,18.486,36.3,701000000.0,0.0,1000000000.0,20,1.0,671,False,5547.648,LEC,16,None,None,5492.96,5511.446,5547.746,186.0,289.0,298.0,230.0,True,Ferrari,5454.465,2026-03-08T04:32:01.088000000,False,None,False,False,5533.969,24.6,53.4,1012.2,False,35.8,126,2.8,Australian Grand Prix
83.322,21,MEDIUM,1,29.324,17.876,36.122,100000000.0,1100.0,1010000000.0,21,1.0,1,True,5630.97,LEC,16,None,None,5577.07,5594.946,5631.068,248.0,292.0,299.0,299.0,True,Ferrari,5547.648,2026-03-08T04:33:34.271000000,False,None,False,True,5593.968,24.6,53.3,1012.1,False,35.7,119,3.8,Australian Grand Prix
83.416,22,MEDIUM,1,29.349,17.762,36.305,0.0,100.0,0.0,22,1.0,1,False,5714.386,LEC,16,None,None,5660.417,5678.179,5714.484,250.0,295.0,297.0,302.0,True,Ferrari,5630.97,2026-03-08T04:34:57.593000000,False,None,False,True,5713.957,24.6,52.8,1012.1,False,36.4,111,2.9,Australian Grand Prix
83.476,23,MEDIUM,1,29.5,17.655,36.321,700000000.0,0.0,10000000.0,23,1.0,1,False,5797.862,LEC,16,None,None,5743.984,5761.639,5797.96,244.0,300.0,297.0,299.0,True,Ferrari,5714.386,2026-03-08T04:36:21.009000000,False,None,False,True,5773.973,24.5,52.9,1012.2,False,36.6,95,1.4,Australian Grand Prix
83.66,24,MEDIUM,1,29.602,17.848,36.21,100000000.0,0.0,555.0,24,1.0,1,False,5881.522,LEC,16,None,None,5827.562,5845.41,5881.62,249.0,292.0,299.0,297.0,True,Ferrari,5797.862,2026-03-08T04:37:44.485000000,False,None,False,True,5833.959,24.6,53.4,1012.1,False,37.0,114,2.1,Australian Grand Prix
97.834,25,MEDIUM,1,29.658,17.796,50.38,500000000.0,0.0,1000010.0,25,4.0,1,False,5979.356,LEC,16,None,5963.741,5911.278,5929.074,5979.454,251.0,292.0,None,302.0,True,Ferrari,5881.522,2026-03-08T04:39:08.145000000,False,None,False,False,5953.975,24.8,52.6,1012.1,False,37.6,147,3.1,Australian Grand Prix
89.317,26,HARD,2,35.37,17.951,35.996,11100.0,0.0,100030011.0,1,4.0,1,False,6068.673,LEC,16,5981.666,None,6014.824,6032.775,6068.771,274.0,292.0,298.0,201.0,True,Ferrari,5979.356,2026-03-08T04:40:45.979000000,False,None,False,False,6013.976,24.8,52.7,1012.0,False,37.4,106,3.3,Australian Grand Prix
83.106,27,HARD,2,29.434,17.824,35.848,100003000.0,0.0,0.0,2,4.0,1,True,6151.779,LEC,16,None,None,6098.205,6116.029,6151.877,251.0,292.0,302.0,295.0,True,Ferrari,6068.673,2026-03-08T04:42:15.296000000,False,None,False,True,6134.01,24.8,52.0,1012.0,False,36.5,98,2.5,Australian Grand Prix
83.089,28,HARD,2,29.241,17.821,36.027,110000.0,1000.0,0.0,3,3.0,1,True,6234.868,LEC,16,None,None,6181.118,6198.939,6234.966,249.0,292.0,299.0,303.0,True,Ferrari,6151.779,2026-03-08T04:43:38.402000000,False,None,False,True,6194.01,24.8,52.8,1012.0,False,36.3,98,4.0,Australian Grand Prix
82.987,29,HARD,2,29.127,17.756,36.104,701000000.0,1000.0,10000000.0,4,3.0,1,True,6317.855,LEC,16,None,None,6264.093,6281.849,6317.953,256.0,292.0,298.0,300.0,True,Ferrari,6234.868,2026-03-08T04:45:01.491000000,False,None,False,True,6254.01,24.8,52.8,1012.1,False,36.1,120,3.0,Australian Grand Prix
83.026,30,HARD,2,29.173,17.763,36.09,700000010.0,0.0,1000000.0,5,3.0,1,False,6400.881,LEC,16,None,None,6347.126,6364.889,6400.979,248.0,293.0,301.0,294.0,True,Ferrari,6317.855,2026-03-08T04:46:24.478000000,False,None,False,True,6374.017,25.3,53.7,1012.0,False,36.1,123,2.5,Australian Grand Prix
82.934,31,HARD,2,29.138,17.745,36.051,700010000.0,0.0,110300001.0,6,3.0,1,True,6483.815,LEC,16,None,None,6430.117,6447.862,6483.913,256.0,292.0,300.0,302.0,True,Ferrari,6400.881,2026-03-08T04:47:47.504000000,False,None,False,True,6434.013,25.2,53.5,1011.9,False,37.3,184,1.0,Australian Grand Prix
82.947,32,HARD,2,29.221,17.788,35.938,100000000.0,0.0,1000000.0,7,3.0,1,False,6566.762,LEC,16,None,None,6513.134,6530.922,6566.86,249.0,292.0,303.0,300.0,True,Ferrari,6483.815,2026-03-08T04:49:10.438000000,False,None,False,True,6554.015,25.2,53.1,1012.0,False,37.0,125,4.0,Australian Grand Prix
83.174,33,HARD,2,29.301,17.756,36.117,110000.0,0.0,0.0,8,3.0,1,False,6649.936,LEC,16,None,None,6596.161,6613.917,6650.034,252.0,294.0,302.0,302.0,True,Ferrari,6566.762,2026-03-08T04:50:33.385000000,False,None,False,True,6614.014,25.1,53.0,1012.0,False,37.2,147,3.0,Australian Grand Prix
98.516,34,HARD,2,32.568,28.471,37.477,700010000.0,0.0,1.0,9,3.0,167,False,6748.452,LEC,16,None,None,6682.602,6711.073,6748.55,105.0,237.0,289.0,295.0,True,Ferrari,6649.936,2026-03-08T04:51:56.559000000,False,None,False,False,6674.029,25.1,53.2,1011.8,False,37.7,107,2.5,Australian Grand Prix
83.542,35,HARD,2,29.632,17.831,36.079,700000000.0,0.0,0.0,10,3.0,1,False,6831.994,LEC,16,None,None,6778.182,6796.013,6832.092,254.0,294.0,304.0,276.0,True,Ferrari,6748.452,2026-03-08T04:53:35.075000000,False,None,False,True,6794.063,25.2,52.4,1011.9,False,37.2,105,3.7,Australian Grand Prix
84.376,36,HARD,2,29.478,17.907,36.991,700000000.0,0.0,0.0,11,3.0,1,False,6916.37,LEC,16,None,None,6861.57,6879.477,6916.468,249.0,295.0,301.0,293.0,True,Ferrari,6831.994,2026-03-08T04:54:58.617000000,False,None,False,True,6914.079,25.2,52.5,1011.8,False,37.8,119,3.8,Australian Grand Prix
83.236,37,HARD,2,29.421,17.866,35.949,700100000.0,100.0,30000.0,12,3.0,1,False,6999.606,LEC,16,None,None,6945.889,6963.755,6999.704,256.0,291.0,302.0,297.0,True,Ferrari,6916.37,2026-03-08T04:56:22.993000000,False,None,False,True,6974.097,25.2,52.8,1011.8,False,37.0,120,3.8,Australian Grand Prix
82.579,38,HARD,2,28.995,17.699,35.885,700000000.0,1100.0,110000000.0,13,3.0,1,True,7082.185,LEC,16,None,None,7028.699,7046.398,7082.283,258.0,293.0,301.0,300.0,True,Ferrari,6999.606,2026-03-08T04:57:46.229000000,False,None,False,True,7094.098,25.1,53.0,1011.8,False,35.9,115,3.0,Australian Grand Prix
82.728,39,HARD,2,29.142,17.617,35.969,700000000.0,100.0,0.0,14,3.0,1,False,7164.913,LEC,16,None,None,7111.425,7129.042,7165.011,255.0,298.0,301.0,292.0,True,Ferrari,7082.185,2026-03-08T04:59:08.808000000,False,None,False,True,7154.099,25.0,52.1,1011.8,False,35.7,98,2.5,Australian Grand Prix
82.93,40,HARD,2,29.199,17.741,35.99,700000000.0,1000.0,0.0,15,3.0,1,False,7247.843,LEC,16,None,None,7194.21,7211.951,7247.941,253.0,292.0,300.0,301.0,True,Ferrari,7164.913,2026-03-08T05:00:31.536000000,False,None,False,True,7214.101,25.0,52.7,1011.8,False,35.5,140,3.1,Australian Grand Prix
82.995,41,HARD,2,29.102,17.73,36.163,700000000.0,0.0,0.0,16,3.0,1,False,7330.838,LEC,16,None,None,7277.043,7294.773,7330.936,253.0,292.0,295.0,301.0,True,Ferrari,7247.843,2026-03-08T05:01:54.466000000,False,None,False,True,7334.114,25.0,52.8,1011.7,False,35.5,136,3.6,Australian Grand Prix
82.846,42,HARD,2,29.167,17.705,35.974,700000000.0,1100.0,0.0,17,3.0,1,False,7413.684,LEC,16,None,None,7360.103,7377.808,7413.782,257.0,292.0,301.0,288.0,True,Ferrari,7330.838,2026-03-08T05:03:17.461000000,False,None,False,True,7394.119,25.0,52.8,1011.8,False,35.4,96,2.8,Australian Grand Prix
82.75,43,HARD,2,29.142,17.651,35.957,710000000.0,1000.0,0.0,18,3.0,1,False,7496.434,LEC,16,None,None,7442.924,7460.575,7496.532,253.0,292.0,301.0,298.0,True,Ferrari,7413.684,2026-03-08T05:04:40.307000000,False,None,False,True,7454.108,25.1,52.6,1011.6,False,35.5,99,1.3,Australian Grand Prix
83.094,44,HARD,2,29.326,17.643,36.125,700000000.0,100.0,0.0,19,3.0,1,False,7579.528,LEC,16,None,None,7525.858,7543.501,7579.626,254.0,297.0,304.0,301.0,True,Ferrari,7496.434,2026-03-08T05:06:03.057000000,False,None,False,True,7574.136,25.2,52.7,1011.7,False,36.2,93,1.0,Australian Grand Prix
83.16,45,HARD,2,29.378,17.651,36.131,700100000.0,100.0,100000.0,20,3.0,1,False,7662.688,LEC,16,None,None,7609.004,7626.655,7662.786,250.0,293.0,300.0,294.0,True,Ferrari,7579.528,2026-03-08T05:07:26.151000000,False,None,False,True,7634.151,25.1,52.5,1011.7,False,36.6,110,2.0,Australian Grand Prix
82.894,46,HARD,2,29.254,17.685,35.955,700000100.0,0.0,0.0,21,3.0,1,False,7745.582,LEC,16,None,None,7692.04,7709.725,7745.68,256.0,291.0,303.0,291.0,True,Ferrari,7662.688,2026-03-08T05:08:49.311000000,False,None,False,True,7754.15,25.1,51.4,1011.6,False,35.7,118,3.9,Australian Grand Prix
82.952,47,HARD,2,29.106,17.719,36.127,700000000.0,0.0,0.0,22,3.0,1,False,7828.534,LEC,16,None,None,7774.786,7792.505,7828.632,250.0,291.0,301.0,294.0,True,Ferrari,7745.582,2026-03-08T05:10:12.205000000,False,None,False,True,7814.153,25.1,51.4,1011.6,False,35.6,140,2.9,Australian Grand Prix
82.899,48,HARD,2,29.299,17.678,35.922,700000000.0,100.0,0.0,23,3.0,1,False,7911.433,LEC,16,None,None,7857.931,7875.609,7911.531,249.0,295.0,303.0,298.0,True,Ferrari,7828.534,2026-03-08T05:11:35.157000000,False,None,False,True,7874.138,25.1,52.4,1011.6,False,35.4,106,4.0,Australian Grand Prix
83.364,49,HARD,2,29.374,17.664,36.326,100000000.0,0.0,0.0,24,3.0,1,False,7994.797,LEC,16,None,None,7940.905,7958.569,7994.895,249.0,296.0,304.0,301.0,True,Ferrari,7911.433,2026-03-08T05:12:58.056000000,False,None,False,True,7994.158,25.1,52.9,1011.6,False,36.8,110,2.4,Australian Grand Prix
83.2,50,HARD,2,29.246,17.742,36.212,100000.0,0.0,1.0,25,3.0,1,False,8077.997,LEC,16,None,None,8024.141,8041.883,8078.095,251.0,300.0,301.0,301.0,True,Ferrari,7994.797,2026-03-08T05:14:21.420000000,False,None,False,True,8054.173,25.2,53.0,1011.6,False,36.5,116,2.6,Australian Grand Prix
82.989,51,HARD,2,29.359,17.602,36.028,100000000.0,10.0,1100000000.0,26,3.0,1,False,8160.986,LEC,16,None,None,8107.454,8125.056,8161.084,259.0,299.0,306.0,300.0,True,Ferrari,8077.997,2026-03-08T05:15:44.620000000,False,None,False,True,8174.192,25.3,52.0,1011.6,False,35.9,125,2.3,Australian Grand Prix
83.049,52,HARD,2,29.441,17.598,36.01,30000000.0,1000.0,0.0,27,3.0,1,False,8244.035,LEC,16,None,None,8190.525,8208.123,8244.133,256.0,301.0,303.0,304.0,True,Ferrari,8160.986,2026-03-08T05:17:07.609000000,False,None,False,True,8234.191,25.3,52.2,1011.5,False,35.6,106,3.1,Australian Grand Prix
83.014,53,HARD,2,29.254,17.635,36.125,700130000.0,0.0,0.0,28,3.0,1,False,8327.049,LEC,16,None,None,8273.387,8291.022,8327.147,255.0,292.0,299.0,305.0,True,Ferrari,8244.035,2026-03-08T05:18:30.658000000,False,None,False,True,8294.207,25.3,51.1,1011.5,False,35.3,121,3.0,Australian Grand Prix
83.045,54,HARD,2,29.077,17.673,36.295,700100000.0,100.0,0.0,29,3.0,1,False,8410.094,LEC,16,None,None,8356.224,8373.897,8410.192,257.0,291.0,298.0,294.0,True,Ferrari,8327.049,2026-03-08T05:19:53.672000000,False,None,False,True,8414.244,25.3,51.9,1011.5,False,34.8,115,3.0,Australian Grand Prix
82.825,55,HARD,2,29.147,17.624,36.054,700000000.0,0.0,100000000.0,30,3.0,1,False,8492.919,LEC,16,None,None,8439.339,8456.963,8493.017,257.0,292.0,299.0,288.0,True,Ferrari,8410.094,2026-03-08T05:21:16.717000000,False,None,False,True,8474.264,25.3,51.7,1011.5,False,34.7,130,4.2,Australian Grand Prix
82.965,56,HARD,2,29.161,17.681,36.123,700000000.0,1000.0,10000000.0,31,3.0,1,False,8575.884,LEC,16,None,None,8522.178,8539.859,8575.982,254.0,288.0,300.0,288.0,True,Ferrari,8492.919,2026-03-08T05:22:39.542000000,False,None,False,True,8534.293,25.2,51.6,1011.6,False,34.6,126,3.2,Australian Grand Prix
83.098,57,HARD,2,29.245,17.621,36.232,700000000.0,100.0,0.0,32,3.0,1,False,8658.982,LEC,16,None,None,8605.227,8622.848,8659.08,258.0,291.0,293.0,289.0,True,Ferrari,8575.884,2026-03-08T05:24:02.507000000,False,None,False,True,8654.277,25.2,52.0,1011.5,False,34.4,105,2.9,Australian Grand Prix
83.317,58,HARD,2,29.364,17.704,36.249,700000000.0,0.0,0.0,33,3.0,1,False,8742.299,LEC,16,None,None,8688.444,8706.148,8742.397,261.0,298.0,313.0,277.0,True,Ferrari,8658.982,2026-03-08T05:25:25.605000000,False,None,False,True,8714.29,25.1,51.7,1011.5,False,34.5,103,2.9,Australian Grand Prix
96.081,1,MEDIUM,1,,18.025,39.211,0.0,0.0,77.0,1,5.0,1,False,3836.06,LIN,41,None,None,None,3797.069,3836.362,253.0,310.0,279.0,235.0,True,Racing Bulls,3739.743,2026-03-08T04:03:26.366000000,False,None,False,False,3793.796,24.2,54.0,1012.8,False,36.6,104,4.4,Australian Grand Prix
87.218,2,MEDIUM,1,30.8,18.041,38.377,711011011.0,1000.0,101110001.0,2,5.0,1,True,3923.278,LIN,41,None,None,3866.97,3885.011,3923.388,254.0,298.0,300.0,260.0,True,Racing Bulls,3836.06,2026-03-08T04:05:02.683000000,False,None,False,True,3853.794,24.2,54.4,1012.8,False,36.0,135,2.3,Australian Grand Prix
85.497,3,MEDIUM,1,30.171,17.966,37.36,710101110.0,11000.0,0.0,3,5.0,1,True,4008.775,LIN,41,None,None,3953.559,3971.525,4008.885,255.0,304.0,301.0,289.0,True,Racing Bulls,3923.278,2026-03-08T04:06:29.901000000,False,None,False,True,3973.816,24.1,54.1,1012.9,False,36.1,112,1.6,Australian Grand Prix
86.072,4,MEDIUM,1,30.126,17.94,38.006,0.0,0.0,1100110100.0,4,5.0,1,False,4094.847,LIN,41,None,None,4039.011,4056.951,4094.957,252.0,302.0,293.0,293.0,True,Racing Bulls,4008.775,2026-03-08T04:07:55.398000000,False,None,False,True,4033.811,24.1,54.1,1012.9,False,36.1,112,1.6,Australian Grand Prix
86.235,5,MEDIUM,1,30.966,17.919,37.35,711001000.0,11000.0,1010111000.0,5,6.0,1,False,4181.082,LIN,41,None,None,4125.923,4143.842,4181.192,256.0,308.0,296.0,264.0,True,Racing Bulls,4094.847,2026-03-08T04:09:21.470000000,False,None,False,True,4153.828,24.2,54.2,1012.8,False,35.1,127,2.2,Australian Grand Prix
85.392,6,MEDIUM,1,30.162,17.916,37.314,711001100.0,0.0,1010110000.0,6,6.0,1,True,4266.474,LIN,41,None,None,4211.354,4229.27,4266.584,253.0,304.0,295.0,289.0,True,Racing Bulls,4181.082,2026-03-08T04:10:47.705000000,False,None,False,True,4213.83,24.2,54.3,1012.6,False,35.3,114,2.7,Australian Grand Prix
85.194,7,MEDIUM,1,30.025,17.897,37.272,710000000.0,11000.0,1010100000.0,7,6.0,1,True,4351.668,LIN,41,None,None,4296.609,4314.506,4351.778,253.0,304.0,295.0,288.0,True,Racing Bulls,4266.474,2026-03-08T04:12:13.097000000,False,None,False,True,4273.82,24.2,54.7,1012.6,False,35.1,99,3.4,Australian Grand Prix
85.26,8,MEDIUM,1,30.164,17.919,37.177,700000000.0,0.0,1100000.0,8,6.0,1,False,4436.928,LIN,41,None,None,4381.942,4399.861,4437.038,251.0,304.0,294.0,286.0,True,Racing Bulls,4351.668,2026-03-08T04:13:38.291000000,False,None,False,True,4393.821,24.5,54.3,1012.6,False,36.6,104,2.4,Australian Grand Prix
85.337,9,MEDIUM,1,30.236,17.915,37.186,700010000.0,1000.0,100.0,9,6.0,1,False,4522.265,LIN,41,None,None,4467.274,4485.189,4522.375,252.0,305.0,295.0,287.0,True,Racing Bulls,4436.928,2026-03-08T04:15:03.551000000,False,None,False,True,4453.832,24.4,53.7,1012.6,False,38.1,121,3.1,Australian Grand Prix
85.565,10,MEDIUM,1,30.168,17.947,37.45,701000010.0,10000.0,0.0,10,6.0,1,False,4607.83,LIN,41,None,None,4552.543,4570.49,4607.94,251.0,303.0,293.0,287.0,True,Racing Bulls,4522.265,2026-03-08T04:16:28.888000000,False,None,False,True,4573.833,24.5,53.3,1012.6,False,36.7,119,1.6,Australian Grand Prix
92.238,11,MEDIUM,1,30.141,17.967,44.13,700000000.0,0.0,0.0,11,5.0,16,False,4700.068,LIN,41,None,None,4638.081,4656.048,4700.178,250.0,299.0,240.0,286.0,True,Racing Bulls,4607.83,2026-03-08T04:17:54.453000000,False,None,False,False,4633.861,24.4,53.1,1012.4,False,36.6,128,2.7,Australian Grand Prix
112.0,12,MEDIUM,1,37.694,26.533,47.773,700000000.0,0.0,0.0,12,4.0,6,False,4812.068,LIN,41,None,None,4737.872,4764.405,4812.178,199.0,140.0,216.0,221.0,True,Racing Bulls,4700.068,2026-03-08T04:19:26.691000000,False,None,False,False,4753.868,24.5,53.5,1012.4,False,36.5,128,2.0,Australian Grand Prix
114.878,13,MEDIUM,1,40.567,27.761,46.55,700000000.0,0.0,101000.0,13,4.0,67,False,4926.946,LIN,41,None,None,4852.745,4880.506,4927.056,199.0,133.0,183.0,181.0,True,Racing Bulls,4812.068,2026-03-08T04:21:18.691000000,False,None,False,False,4873.87,24.6,52.3,1012.4,False,36.8,113,2.0,Australian Grand Prix
88.161,14,MEDIUM,1,33.006,17.955,37.2,701001000.0,1100.0,1000100010.0,14,4.0,71,False,5015.107,LIN,41,None,None,4960.062,4978.017,5015.217,251.0,302.0,294.0,194.0,True,Racing Bulls,4926.946,2026-03-08T04:23:13.569000000,False,None,False,False,4993.903,24.3,53.3,1012.4,False,36.6,114,2.5,Australian Grand Prix
84.877,15,MEDIUM,1,29.995,17.892,36.99,700100001.0,0.0,0.0,15,4.0,1,True,5099.984,LIN,41,None,None,5045.212,5063.104,5100.094,253.0,301.0,297.0,280.0,True,Racing Bulls,5015.107,2026-03-08T04:24:41.730000000,False,None,False,True,5053.917,24.3,53.7,1012.3,False,37.3,125,2.0,Australian Grand Prix
85.898,16,MEDIUM,1,30.82,17.896,37.182,710000110.0,0.0,0.0,16,5.0,1,False,5185.882,LIN,41,None,None,5130.914,5148.81,5185.992,256.0,307.0,298.0,259.0,True,Racing Bulls,5099.984,2026-03-08T04:26:06.607000000,False,None,False,True,5113.908,24.3,53.9,1012.3,False,38.4,140,3.5,Australian Grand Prix
85.096,17,MEDIUM,1,29.829,17.94,37.327,710000000.0,0.0,555.0,17,5.0,1,False,5270.978,LIN,41,None,None,5215.821,5233.761,5271.088,247.0,303.0,291.0,290.0,True,Racing Bulls,5185.882,2026-03-08T04:27:32.505000000,False,None,False,True,5233.92,24.6,53.1,1012.3,False,37.7,111,3.0,Australian Grand Prix
108.224,18,MEDIUM,1,30.225,17.956,60.043,500000000.0,0.0,0.0,18,6.0,126,False,5379.202,LIN,41,None,5362.947,5301.313,5319.269,5379.312,252.0,301.0,None,284.0,True,Racing Bulls,5270.978,2026-03-08T04:28:57.601000000,False,None,False,False,5293.918,24.6,52.5,1012.3,False,36.7,138,4.1,Australian Grand Prix
117.225,19,HARD,2,42.462,25.719,49.044,10131001.0,1000.0,0.0,1,6.0,671,False,5496.427,LIN,41,5381.498,None,5421.774,5447.493,5496.537,198.0,220.0,277.0,213.0,True,Racing Bulls,5379.202,2026-03-08T04:30:45.825000000,False,None,False,False,5413.936,24.7,53.0,1012.3,False,35.9,142,2.9,Australian Grand Prix
85.424,20,HARD,2,29.507,18.19,37.727,711000111.0,10000.0,110000100.0,2,7.0,1,False,5581.851,LIN,41,None,None,5526.044,5544.234,5581.961,260.0,278.0,294.0,293.0,True,Racing Bulls,5496.427,2026-03-08T04:32:43.050000000,False,None,False,True,5533.969,24.6,53.4,1012.2,False,35.8,126,2.8,Australian Grand Prix
84.182,21,HARD,2,29.574,17.755,36.853,710000000.0,1100.0,1000000100.0,3,7.0,1,True,5666.033,LIN,41,None,None,5611.535,5629.29,5666.143,259.0,308.0,297.0,289.0,True,Racing Bulls,5581.851,2026-03-08T04:34:08.474000000,False,None,False,True,5593.968,24.6,53.3,1012.1,False,35.7,119,3.8,Australian Grand Prix
84.29,22,HARD,2,29.605,17.753,36.932,700000000.0,1100.0,0.0,4,7.0,1,False,5750.323,LIN,41,None,None,5695.748,5713.501,5750.433,258.0,306.0,299.0,291.0,True,Racing Bulls,5666.033,2026-03-08T04:35:32.656000000,False,None,False,True,5713.957,24.6,52.8,1012.1,False,36.4,111,2.9,Australian Grand Prix
84.909,23,HARD,2,29.687,17.824,37.398,700000000.0,0.0,1000100000.0,5,7.0,1,False,5835.232,LIN,41,None,None,5780.12,5797.944,5835.342,251.0,305.0,294.0,291.0,True,Racing Bulls,5750.323,2026-03-08T04:36:56.946000000,False,None,False,True,5773.973,24.5,52.9,1012.2,False,36.6,95,1.4,Australian Grand Prix
84.554,24,HARD,2,29.834,17.868,36.852,700000100.0,0.0,1000000.0,6,7.0,1,False,5919.786,LIN,41,None,None,5865.176,5883.044,5919.896,252.0,303.0,296.0,289.0,True,Racing Bulls,5835.232,2026-03-08T04:38:21.855000000,False,None,False,True,5833.959,24.6,53.4,1012.1,False,37.0,114,2.1,Australian Grand Prix
84.263,25,HARD,2,29.548,17.841,36.874,711000000.0,0.0,1000000.0,7,7.0,1,False,6004.049,LIN,41,None,None,5949.444,5967.285,6004.159,252.0,303.0,296.0,291.0,True,Racing Bulls,5919.786,2026-03-08T04:39:46.409000000,False,None,False,True,5953.975,24.8,52.6,1012.1,False,37.6,147,3.1,Australian Grand Prix
84.205,26,HARD,2,29.551,17.874,36.78,700000000.0,0.0,1000000000.0,8,7.0,1,False,6088.254,LIN,41,None,None,6033.71,6051.584,6088.364,255.0,303.0,297.0,292.0,True,Racing Bulls,6004.049,2026-03-08T04:41:10.672000000,False,None,False,True,6013.976,24.8,52.7,1012.0,False,37.4,106,3.3,Australian Grand Prix
84.361,27,HARD,2,29.508,17.881,36.972,700000000.0,10000.0,1100100000.0,9,7.0,1,False,6172.615,LIN,41,None,None,6117.872,6135.753,6172.725,254.0,302.0,291.0,294.0,True,Racing Bulls,6088.254,2026-03-08T04:42:34.877000000,False,None,False,True,6134.01,24.8,52.0,1012.0,False,36.5,98,2.5,Australian Grand Prix
84.475,28,HARD,2,29.902,17.869,36.704,701000000.0,0.0,0.0,10,7.0,1,False,6257.09,LIN,41,None,None,6202.627,6220.496,6257.2,252.0,302.0,295.0,285.0,True,Racing Bulls,6172.615,2026-03-08T04:43:59.238000000,False,None,False,True,6194.01,24.8,52.8,1012.0,False,36.3,98,4.0,Australian Grand Prix
84.916,29,HARD,2,29.977,18.019,36.92,700000000.0,1000.0,1000000.0,11,7.0,1,False,6342.006,LIN,41,None,None,6287.177,6305.196,6342.116,252.0,302.0,293.0,289.0,True,Racing Bulls,6257.09,2026-03-08T04:45:23.713000000,False,None,False,True,6254.01,24.8,52.8,1012.1,False,36.1,120,3.0,Australian Grand Prix
84.282,30,HARD,2,29.767,17.837,36.678,700000000.0,0.0,0.0,12,7.0,1,False,6426.288,LIN,41,None,None,6371.883,6389.72,6426.398,252.0,303.0,297.0,286.0,True,Racing Bulls,6342.006,2026-03-08T04:46:48.629000000,False,None,False,True,6374.017,25.3,53.7,1012.0,False,36.1,123,2.5,Australian Grand Prix
84.876,31,HARD,2,29.785,18.09,37.001,700000000.0,100.0,0.0,13,7.0,1,False,6511.164,LIN,41,None,None,6456.183,6474.273,6511.274,251.0,300.0,297.0,292.0,True,Racing Bulls,6426.288,2026-03-08T04:48:12.911000000,False,None,False,True,6434.013,25.2,53.5,1011.9,False,37.3,184,1.0,Australian Grand Prix
84.671,32,HARD,2,29.694,17.78,37.197,700000000.0,0.0,0.0,14,7.0,1,False,6595.835,LIN,41,None,None,6540.968,6558.748,6595.945,253.0,307.0,293.0,293.0,True,Racing Bulls,6511.164,2026-03-08T04:49:37.787000000,False,None,False,True,6554.015,25.2,53.1,1012.0,False,37.0,125,4.0,Australian Grand Prix
89.426,33,HARD,2,29.771,17.976,41.679,700000000.0,0.0,100011.0,15,7.0,16,False,6685.261,LIN,41,None,None,6625.716,6643.692,6685.371,251.0,300.0,212.0,288.0,True,Racing Bulls,6595.835,2026-03-08T04:51:02.458000000,False,None,False,False,6614.014,25.1,53.0,1012.0,False,37.2,147,3.0,Australian Grand Prix
93.812,34,HARD,2,38.151,18.652,37.009,100000000.0,0.0,1000000000.0,16,7.0,671,False,6779.073,LIN,41,None,None,6723.522,6742.174,6779.183,191.0,293.0,307.0,229.0,True,Racing Bulls,6685.261,2026-03-08T04:52:31.884000000,False,None,False,False,6674.029,25.1,53.2,1011.8,False,37.7,107,2.5,Australian Grand Prix
84.536,35,HARD,2,29.663,17.919,36.954,0.0,0.0,0.0,17,6.0,1,False,6863.609,LIN,41,None,None,6808.846,6826.765,6863.719,252.0,300.0,295.0,301.0,True,Racing Bulls,6779.073,2026-03-08T04:54:05.696000000,False,None,False,True,6794.063,25.2,52.4,1011.9,False,37.2,105,3.7,Australian Grand Prix
84.698,36,HARD,2,29.762,17.928,37.008,700000000.0,0.0,0.0,18,6.0,1,False,6948.307,LIN,41,None,None,6893.481,6911.409,6948.417,252.0,300.0,294.0,287.0,True,Racing Bulls,6863.609,2026-03-08T04:55:30.232000000,False,None,False,True,6914.079,25.2,52.5,1011.8,False,37.8,119,3.8,Australian Grand Prix
84.523,37,HARD,2,29.871,17.873,36.779,700000000.0,0.0,0.0,19,6.0,1,False,7032.83,LIN,41,None,None,6978.288,6996.161,7032.94,251.0,301.0,296.0,287.0,True,Racing Bulls,6948.307,2026-03-08T04:56:54.930000000,False,None,False,True,6974.097,25.2,52.8,1011.8,False,37.0,120,3.8,Australian Grand Prix
84.797,38,HARD,2,29.796,17.906,37.095,700000000.0,0.0,0.0,20,6.0,1,False,7117.627,LIN,41,None,None,7062.736,7080.642,7117.737,252.0,300.0,293.0,288.0,True,Racing Bulls,7032.83,2026-03-08T04:58:19.453000000,False,None,False,True,7094.098,25.1,53.0,1011.8,False,35.9,115,3.0,Australian Grand Prix
85.955,39,HARD,2,30.718,17.813,37.424,700000000.0,100.0,0.0,21,7.0,1,False,7203.582,LIN,41,None,None,7148.455,7166.268,7203.692,253.0,309.0,298.0,259.0,True,Racing Bulls,7117.627,2026-03-08T04:59:44.250000000,False,None,False,True,7154.099,25.0,52.1,1011.8,False,35.7,98,2.5,Australian Grand Prix
88.242,40,HARD,2,31.551,18.051,38.64,700000000.0,0.0,0.0,22,8.0,1,False,7291.824,LIN,41,None,None,7235.243,7253.294,7291.934,252.0,310.0,297.0,275.0,True,Racing Bulls,7203.582,2026-03-08T05:01:10.205000000,False,None,False,True,7214.101,25.0,52.7,1011.8,False,35.5,140,3.1,Australian Grand Prix
85.406,41,HARD,2,30.136,17.882,37.388,700000000.0,100.0,0.0,23,8.0,1,False,7377.23,LIN,41,None,None,7322.07,7339.952,7377.34,259.0,307.0,298.0,293.0,True,Racing Bulls,7291.824,2026-03-08T05:02:38.447000000,False,None,False,True,7334.114,25.0,52.8,1011.7,False,35.5,136,3.6,Australian Grand Prix
85.409,42,HARD,2,30.221,17.763,37.425,700000000.0,0.0,0.0,24,8.0,1,False,7462.639,LIN,41,None,None,7407.561,7425.324,7462.749,252.0,310.0,297.0,288.0,True,Racing Bulls,7377.23,2026-03-08T05:04:03.853000000,False,None,False,True,7394.119,25.0,52.8,1011.8,False,35.4,96,2.8,Australian Grand Prix
84.862,43,HARD,2,29.977,17.828,37.057,700000000.0,0.0,0.0,25,8.0,1,False,7547.501,LIN,41,None,None,7492.726,7510.554,7547.611,252.0,306.0,296.0,292.0,True,Racing Bulls,7462.639,2026-03-08T05:05:29.262000000,False,None,False,True,7454.108,25.1,52.6,1011.6,False,35.5,99,1.3,Australian Grand Prix
84.747,44,HARD,2,29.887,17.758,37.102,700000000.0,0.0,0.0,26,8.0,1,False,7632.248,LIN,41,None,None,7577.498,7595.256,7632.358,253.0,306.0,298.0,290.0,True,Racing Bulls,7547.501,2026-03-08T05:06:54.124000000,False,None,False,True,7574.136,25.2,52.7,1011.7,False,36.2,93,1.0,Australian Grand Prix
84.645,45,HARD,2,29.827,17.836,36.982,700000000.0,1100.0,0.0,27,8.0,1,False,7716.893,LIN,41,None,None,7662.185,7680.021,7717.003,252.0,304.0,295.0,295.0,True,Racing Bulls,7632.248,2026-03-08T05:08:18.871000000,False,None,False,True,7634.151,25.1,52.5,1011.7,False,36.6,110,2.0,Australian Grand Prix
84.688,46,HARD,2,29.891,17.824,36.973,700000000.0,0.0,1000000000.0,28,8.0,1,False,7801.581,LIN,41,None,None,7746.894,7764.718,7801.691,252.0,305.0,295.0,292.0,True,Racing Bulls,7716.893,2026-03-08T05:09:43.516000000,False,None,False,True,7754.15,25.1,51.4,1011.6,False,35.7,118,3.9,Australian Grand Prix
84.773,47,HARD,2,29.868,17.879,37.026,700000000.0,0.0,0.0,29,8.0,1,False,7886.354,LIN,41,None,None,7831.559,7849.438,7886.464,262.0,302.0,297.0,291.0,True,Racing Bulls,7801.581,2026-03-08T05:11:08.204000000,False,None,False,True,7814.153,25.1,51.4,1011.6,False,35.6,140,2.9,Australian Grand Prix
84.863,48,HARD,2,29.958,17.827,37.078,700000000.0,0.0,0.0,30,8.0,1,False,7971.217,LIN,41,None,None,7916.422,7934.249,7971.327,252.0,304.0,297.0,291.0,True,Racing Bulls,7886.354,2026-03-08T05:12:32.977000000,False,None,False,True,7874.138,25.1,52.4,1011.6,False,35.4,106,4.0,Australian Grand Prix
84.774,49,HARD,2,29.859,17.878,37.037,700000000.0,0.0,0.0,31,8.0,1,False,8055.991,LIN,41,None,None,8001.186,8019.064,8056.101,253.0,303.0,296.0,291.0,True,Racing Bulls,7971.217,2026-03-08T05:13:57.840000000,False,None,False,True,7994.158,25.1,52.9,1011.6,False,36.8,110,2.4,Australian Grand Prix
84.715,50,HARD,2,29.829,17.897,36.989,710000000.0,0.0,0.0,32,8.0,1,False,8140.706,LIN,41,None,None,8085.93,8103.827,8140.816,253.0,303.0,298.0,290.0,True,Racing Bulls,8055.991,2026-03-08T05:15:22.614000000,False,None,False,True,8054.173,25.2,53.0,1011.6,False,36.5,116,2.6,Australian Grand Prix
84.374,51,HARD,2,29.802,17.819,36.753,710000000.0,100.0,0.0,33,8.0,1,False,8225.08,LIN,41,None,None,8170.618,8188.437,8225.19,253.0,304.0,299.0,293.0,True,Racing Bulls,8140.706,2026-03-08T05:16:47.329000000,False,None,False,True,8174.192,25.3,52.0,1011.6,False,35.9,125,2.3,Australian Grand Prix
85.21,52,HARD,2,29.876,17.834,37.5,700000000.0,0.0,0.0,34,8.0,1,False,8310.29,LIN,41,None,None,8255.066,8272.9,8310.4,253.0,305.0,297.0,296.0,True,Racing Bulls,8225.08,2026-03-08T05:18:11.703000000,False,None,False,True,8234.191,25.3,52.2,1011.5,False,35.6,106,3.1,Australian Grand Prix
86.148,53,HARD,2,29.84,18.429,37.879,700000000.0,1.0,0.0,35,8.0,1,False,8396.438,LIN,41,None,None,8340.24,8358.669,8396.548,253.0,236.0,298.0,292.0,True,Racing Bulls,8310.29,2026-03-08T05:19:36.913000000,False,None,False,True,8294.207,25.3,51.1,1011.5,False,35.3,121,3.0,Australian Grand Prix
88.167,54,HARD,2,31.949,18.437,37.781,700000000.0,1100.0,100000000.0,36,8.0,1,False,8484.605,LIN,41,None,None,8428.497,8446.934,8484.715,219.0,315.0,306.0,272.0,True,Racing Bulls,8396.438,2026-03-08T05:21:03.061000000,False,None,False,True,8414.244,25.3,51.9,1011.5,False,34.8,115,3.0,Australian Grand Prix
84.614,55,HARD,2,30.016,17.645,36.953,700000000.0,1000.0,0.0,37,8.0,1,False,8569.219,LIN,41,None,None,8514.731,8532.376,8569.329,251.0,312.0,305.0,290.0,True,Racing Bulls,8484.605,2026-03-08T05:22:31.228000000,False,None,False,True,8474.264,25.3,51.7,1011.5,False,34.7,130,4.2,Australian Grand Prix
84.688,56,HARD,2,29.961,17.776,36.951,700000000.0,1000.0,0.0,38,8.0,1,False,8653.907,LIN,41,None,None,8599.29,8617.066,8654.017,254.0,306.0,300.0,299.0,True,Racing Bulls,8569.219,2026-03-08T05:23:55.842000000,False,None,False,True,8534.293,25.2,51.6,1011.6,False,34.6,126,3.2,Australian Grand Prix
84.689,57,HARD,2,29.872,17.727,37.09,700000000.0,0.0,0.0,39,8.0,1,False,8738.596,LIN,41,None,None,8683.889,8701.616,8738.706,254.0,305.0,301.0,296.0,True,Racing Bulls,8653.907,2026-03-08T05:25:20.530000000,False,None,False,True,8654.277,25.2,52.0,1011.5,False,34.4,105,2.9,Australian Grand Prix
96.458,1,MEDIUM,1,,18.163,38.796,10.0,0.0,7.0,1,6.0,1,False,3836.437,NOR,1,None,None,None,3797.998,3836.692,229.0,291.0,304.0,217.0,True,McLaren,3739.743,2026-03-08T04:03:26.366000000,False,None,False,False,3793.796,24.2,54.0,1012.8,False,36.6,104,4.4,Australian Grand Prix
87.344,2,MEDIUM,1,31.074,18.116,38.154,711011011.0,10000.0,1001111100.0,2,6.0,1,True,3923.781,NOR,1,None,None,3867.511,3885.627,3923.781,243.0,287.0,303.0,260.0,True,McLaren,3836.437,2026-03-08T04:05:03.060000000,False,None,False,True,3853.794,24.2,54.4,1012.8,False,36.0,135,2.3,Australian Grand Prix
86.863,3,MEDIUM,1,30.541,18.252,38.07,11011111.0,10000.0,1001111000.0,3,7.0,1,True,4010.644,NOR,1,None,None,3954.322,3972.574,4010.644,245.0,311.0,286.0,273.0,True,McLaren,3923.781,2026-03-08T04:06:30.404000000,False,None,False,True,3973.816,24.1,54.1,1012.9,False,36.1,112,1.6,Australian Grand Prix
85.857,4,MEDIUM,1,30.19,18.193,37.474,711011001.0,0.0,1110000.0,4,7.0,1,True,4096.501,NOR,1,None,None,4040.834,4059.027,4096.501,249.0,304.0,283.0,276.0,True,McLaren,4010.644,2026-03-08T04:07:57.267000000,False,None,False,True,4033.811,24.1,54.1,1012.9,False,36.1,112,1.6,Australian Grand Prix
85.573,5,MEDIUM,1,29.93,17.868,37.775,710111000.0,11000.0,1000001000.0,5,7.0,1,True,4182.074,NOR,1,None,None,4126.431,4144.299,4182.074,260.0,297.0,280.0,276.0,True,McLaren,4096.501,2026-03-08T04:09:23.124000000,False,None,False,True,4153.828,24.2,54.2,1012.8,False,35.1,127,2.2,Australian Grand Prix
85.036,6,MEDIUM,1,30.025,17.829,37.182,700000000.0,101.0,1100011000.0,6,7.0,1,True,4267.11,NOR,1,None,None,4212.099,4229.928,4267.11,256.0,313.0,293.0,273.0,True,McLaren,4182.074,2026-03-08T04:10:48.697000000,False,None,False,True,4213.83,24.2,54.3,1012.6,False,35.3,114,2.7,Australian Grand Prix
84.978,7,MEDIUM,1,30.067,17.764,37.147,700110000.0,0.0,1000010000.0,7,7.0,1,True,4352.088,NOR,1,None,None,4297.177,4314.941,4352.088,253.0,316.0,297.0,285.0,True,McLaren,4267.11,2026-03-08T04:12:13.733000000,False,None,False,True,4273.82,24.2,54.7,1012.6,False,35.1,99,3.4,Australian Grand Prix
85.299,8,MEDIUM,1,30.191,17.97,37.138,700010001.0,111.0,10000.0,8,7.0,1,False,4437.387,NOR,1,None,None,4382.279,4400.249,4437.387,253.0,311.0,298.0,280.0,True,McLaren,4352.088,2026-03-08T04:13:38.711000000,False,None,False,True,4393.821,24.5,54.3,1012.6,False,36.6,104,2.4,Australian Grand Prix
85.639,9,MEDIUM,1,30.135,17.77,37.734,710000000.0,0.0,1000000000.0,9,7.0,1,False,4523.026,NOR,1,None,None,4467.522,4485.292,4523.026,262.0,315.0,284.0,276.0,True,McLaren,4437.387,2026-03-08T04:15:04.010000000,False,None,False,True,4453.832,24.4,53.7,1012.6,False,38.1,121,3.1,Australian Grand Prix
85.295,10,MEDIUM,1,30.117,17.924,37.254,700100000.0,0.0,555.0,10,7.0,1,False,4608.321,NOR,1,None,None,4553.143,4571.067,4608.321,261.0,311.0,295.0,277.0,True,McLaren,4523.026,2026-03-08T04:16:29.649000000,False,None,False,True,4573.833,24.5,53.3,1012.6,False,36.7,119,1.6,Australian Grand Prix
103.391,11,MEDIUM,1,30.117,17.987,55.287,500000000.0,0.0,0.0,11,9.0,16,False,4711.712,NOR,1,None,4695.593,None,4656.425,4711.712,251.0,309.0,None,289.0,True,McLaren,4608.321,2026-03-08T04:17:54.944000000,False,None,False,False,4633.861,24.4,53.1,1012.4,False,36.6,128,2.7,Australian Grand Prix
118.075,12,HARD,2,44.892,27.737,45.446,0.0,0.0,0.0,1,9.0,6,False,4829.787,NOR,1,4714.141,None,4756.604,4784.341,4829.787,238.0,127.0,201.0,230.0,True,McLaren,4711.712,2026-03-08T04:19:38.335000000,False,None,False,False,4753.868,24.5,53.5,1012.4,False,36.5,128,2.0,Australian Grand Prix
111.932,13,HARD,2,41.529,27.589,42.814,700011000.0,1000.0,1011111000.0,2,9.0,671,False,4941.719,NOR,1,None,None,4871.316,4898.905,4941.719,230.0,146.0,289.0,203.0,True,McLaren,4829.787,2026-03-08T04:21:36.410000000,False,None,False,False,4873.87,24.6,52.3,1012.4,False,36.8,113,2.0,Australian Grand Prix
84.233,14,HARD,2,29.882,17.87,36.481,701011011.0,10000.0,1003011000.0,3,9.0,1,True,5025.952,NOR,1,None,None,4971.601,4989.471,5025.952,251.0,306.0,287.0,279.0,True,McLaren,4941.719,2026-03-08T04:23:28.342000000,False,None,False,True,4993.903,24.3,53.3,1012.4,False,36.6,114,2.5,Australian Grand Prix
83.784,15,HARD,2,29.402,17.899,36.483,711000000.0,1000.0,1000110000.0,4,9.0,1,True,5109.736,NOR,1,None,None,5055.354,5073.253,5109.736,269.0,301.0,288.0,278.0,True,McLaren,5025.952,2026-03-08T04:24:52.575000000,False,None,False,True,5053.917,24.3,53.7,1012.3,False,37.3,125,2.0,Australian Grand Prix
83.912,16,HARD,2,29.524,17.919,36.469,700000000.0,0.0,1000000000.0,5,9.0,1,False,5193.648,NOR,1,None,None,5139.26,5157.179,5193.648,255.0,301.0,290.0,286.0,True,McLaren,5109.736,2026-03-08T04:26:16.359000000,False,None,False,True,5113.908,24.3,53.9,1012.3,False,38.4,140,3.5,Australian Grand Prix
84.053,17,HARD,2,29.442,18.015,36.596,710000000.0,0.0,0.0,6,9.0,1,False,5277.701,NOR,1,None,None,5223.09,5241.105,5277.701,262.0,303.0,291.0,287.0,True,McLaren,5193.648,2026-03-08T04:27:40.271000000,False,None,False,True,5233.92,24.6,53.1,1012.3,False,37.7,111,3.0,Australian Grand Prix
95.404,18,HARD,2,29.758,17.788,47.858,700000000.0,0.0,0.0,7,5.0,126,False,5373.105,NOR,1,None,None,5307.459,5325.247,5373.105,259.0,312.0,223.0,291.0,True,McLaren,5277.701,2026-03-08T04:29:04.324000000,False,None,False,False,5293.918,24.6,52.5,1012.3,False,36.7,138,4.1,Australian Grand Prix
116.07,19,HARD,2,42.456,22.738,50.876,700000000.0,0.0,1110000.0,8,5.0,67,False,5489.175,NOR,1,None,None,5415.561,5438.299,5489.175,184.0,238.0,278.0,184.0,True,McLaren,5373.105,2026-03-08T04:30:39.728000000,False,None,False,False,5413.936,24.7,53.0,1012.3,False,35.9,142,2.9,Australian Grand Prix
85.774,20,HARD,2,30.612,18.63,36.532,701010000.0,1000.0,1001100100.0,9,5.0,71,False,5574.949,NOR,1,None,None,5519.787,5538.417,5574.949,259.0,290.0,282.0,219.0,True,McLaren,5489.175,2026-03-08T04:32:35.798000000,False,None,False,False,5533.969,24.6,53.4,1012.2,False,35.8,126,2.8,Australian Grand Prix
83.972,21,HARD,2,29.499,18.129,36.344,700001010.0,1000.0,1001100000.0,10,5.0,1,False,5658.921,NOR,1,None,None,5604.448,5622.577,5658.921,243.0,296.0,285.0,283.0,True,McLaren,5574.949,2026-03-08T04:34:01.572000000,False,None,False,True,5593.968,24.6,53.3,1012.1,False,35.7,119,3.8,Australian Grand Prix
83.687,22,HARD,2,29.317,17.999,36.371,700010011.0,0.0,1000100000.0,11,5.0,1,True,5742.608,NOR,1,None,None,5688.238,5706.237,5742.608,257.0,297.0,285.0,288.0,True,McLaren,5658.921,2026-03-08T04:35:25.544000000,False,None,False,True,5713.957,24.6,52.8,1012.1,False,36.4,111,2.9,Australian Grand Prix
83.534,23,HARD,2,29.254,17.992,36.288,700000110.0,11000.0,1001110100.0,12,5.0,1,True,5826.142,NOR,1,None,None,5771.862,5789.854,5826.142,264.0,298.0,285.0,285.0,True,McLaren,5742.608,2026-03-08T04:36:49.231000000,False,None,False,True,5773.973,24.5,52.9,1012.2,False,36.6,95,1.4,Australian Grand Prix
83.394,24,HARD,2,29.302,17.929,36.163,710000000.0,0.0,1000010000.0,13,5.0,1,True,5909.536,NOR,1,None,None,5855.444,5873.373,5909.536,260.0,297.0,284.0,287.0,True,McLaren,5826.142,2026-03-08T04:38:12.765000000,False,None,False,True,5833.959,24.6,53.4,1012.1,False,37.0,114,2.1,Australian Grand Prix
83.5,25,HARD,2,29.373,17.925,36.202,700000000.0,0.0,0.0,14,5.0,1,False,5993.036,NOR,1,None,None,5938.909,5956.834,5993.036,262.0,299.0,295.0,286.0,True,McLaren,5909.536,2026-03-08T04:39:36.159000000,False,None,False,True,5953.975,24.8,52.6,1012.1,False,37.6,147,3.1,Australian Grand Prix
83.403,26,HARD,2,29.35,17.894,36.159,710000000.0,0.0,0.0,15,5.0,1,False,6076.439,NOR,1,None,None,6022.386,6040.28,6076.439,259.0,306.0,294.0,293.0,True,McLaren,5993.036,2026-03-08T04:40:59.659000000,False,None,False,True,6013.976,24.8,52.7,1012.0,False,37.4,106,3.3,Australian Grand Prix
83.896,27,HARD,2,29.426,18.011,36.459,700000000.0,0.0,10000000.0,16,5.0,1,False,6160.335,NOR,1,None,None,6105.865,6123.876,6160.335,266.0,298.0,289.0,294.0,True,McLaren,6076.439,2026-03-08T04:42:23.062000000,False,None,False,True,6134.01,24.8,52.0,1012.0,False,36.5,98,2.5,Australian Grand Prix
84.04,28,HARD,2,29.538,17.988,36.514,700000000.0,0.0,0.0,17,5.0,1,False,6244.375,NOR,1,None,None,6189.873,6207.861,6244.375,257.0,301.0,293.0,288.0,True,McLaren,6160.335,2026-03-08T04:43:46.958000000,False,None,False,True,6194.01,24.8,52.8,1012.0,False,36.3,98,4.0,Australian Grand Prix
84.08,29,HARD,2,29.692,17.992,36.396,700000101.0,0.0,0.0,18,5.0,1,False,6328.455,NOR,1,None,None,6274.067,6292.059,6328.455,254.0,302.0,288.0,288.0,True,McLaren,6244.375,2026-03-08T04:45:10.998000000,False,None,False,True,6254.01,24.8,52.8,1012.1,False,36.1,120,3.0,Australian Grand Prix
83.961,30,HARD,2,29.515,17.966,36.48,700000000.0,0.0,1000000000.0,19,5.0,1,False,6412.416,NOR,1,None,None,6357.97,6375.936,6412.416,264.0,301.0,289.0,288.0,True,McLaren,6328.455,2026-03-08T04:46:35.078000000,False,None,False,True,6374.017,25.3,53.7,1012.0,False,36.1,123,2.5,Australian Grand Prix
84.094,31,HARD,2,29.604,17.958,36.532,700000000.0,0.0,0.0,20,5.0,1,False,6496.51,NOR,1,None,None,6442.02,6459.978,6496.51,262.0,300.0,293.0,286.0,True,McLaren,6412.416,2026-03-08T04:47:59.039000000,False,None,False,True,6434.013,25.2,53.5,1011.9,False,37.3,184,1.0,Australian Grand Prix
84.075,32,HARD,2,29.481,17.98,36.614,700000000.0,0.0,0.0,21,5.0,1,False,6580.585,NOR,1,None,None,6525.991,6543.971,6580.585,259.0,300.0,289.0,291.0,True,McLaren,6496.51,2026-03-08T04:49:23.133000000,False,None,False,True,6554.015,25.2,53.1,1012.0,False,37.0,125,4.0,Australian Grand Prix
84.79,33,HARD,2,30.039,18.027,36.724,700000000.0,0.0,1555.0,22,5.0,1,False,6665.375,NOR,1,None,None,6610.624,6628.651,6665.375,253.0,300.0,287.0,290.0,True,McLaren,6580.585,2026-03-08T04:50:47.208000000,False,None,False,True,6614.014,25.1,53.0,1012.0,False,37.2,147,3.0,Australian Grand Prix
112.732,34,HARD,2,39.736,22.345,50.651,500000000.0,100.0,0.0,23,6.0,167,False,6778.107,NOR,1,None,6762.584,6705.111,6727.456,6778.107,207.0,290.0,None,287.0,True,McLaren,6665.375,2026-03-08T04:52:11.998000000,False,None,False,False,6674.029,25.1,53.2,1011.8,False,37.7,107,2.5,Australian Grand Prix
89.434,35,MEDIUM,3,34.977,17.783,36.674,100000100.0,0.0,10.0,1,8.0,1,False,6867.541,NOR,1,6780.323,None,6813.084,6830.867,6867.541,267.0,305.0,298.0,240.0,True,McLaren,6778.107,2026-03-08T04:54:04.730000000,False,None,False,False,6794.063,25.2,52.4,1011.9,False,37.2,105,3.7,Australian Grand Prix
83.324,36,MEDIUM,3,29.282,17.819,36.223,700000000.0,100.0,1100000000.0,2,8.0,1,True,6950.865,NOR,1,None,None,6896.823,6914.642,6950.865,252.0,304.0,299.0,295.0,True,McLaren,6867.541,2026-03-08T04:55:34.164000000,False,None,False,True,6914.079,25.2,52.5,1011.8,False,37.8,119,3.8,Australian Grand Prix
83.448,37,MEDIUM,3,29.399,17.652,36.397,700310000.0,0.0,1.0,3,8.0,1,False,7034.313,NOR,1,None,None,6980.264,6997.916,7034.313,262.0,311.0,302.0,294.0,True,McLaren,6950.865,2026-03-08T04:56:57.488000000,False,None,False,True,6974.097,25.2,52.8,1011.8,False,37.0,120,3.8,Australian Grand Prix
83.423,38,MEDIUM,3,29.202,17.867,36.354,700000000.0,0.0,0.0,4,7.0,1,False,7117.736,NOR,1,None,None,7063.515,7081.382,7117.736,252.0,305.0,318.0,296.0,True,McLaren,7034.313,2026-03-08T04:58:20.936000000,False,None,False,True,7094.098,25.1,53.0,1011.8,False,35.9,115,3.0,Australian Grand Prix
84.001,39,MEDIUM,3,29.482,18.144,36.375,1000011.0,11000.0,0.0,5,6.0,1,False,7201.737,NOR,1,None,None,7147.218,7165.362,7201.737,258.0,295.0,286.0,292.0,True,McLaren,7117.736,2026-03-08T04:59:44.359000000,False,None,False,True,7154.099,25.0,52.1,1011.8,False,35.7,98,2.5,Australian Grand Prix
83.397,40,MEDIUM,3,29.188,17.861,36.348,700000000.0,0.0,0.0,6,6.0,1,False,7285.134,NOR,1,None,None,7230.925,7248.786,7285.134,264.0,297.0,288.0,283.0,True,McLaren,7201.737,2026-03-08T05:01:08.360000000,False,None,False,True,7214.101,25.0,52.7,1011.8,False,35.5,140,3.1,Australian Grand Prix
83.762,41,MEDIUM,3,29.481,18.0,36.281,700000000.0,0.0,100000000.0,7,6.0,1,False,7368.896,NOR,1,None,None,7314.615,7332.615,7368.896,253.0,298.0,292.0,284.0,True,McLaren,7285.134,2026-03-08T05:02:31.757000000,False,None,False,True,7334.114,25.0,52.8,1011.7,False,35.5,136,3.6,Australian Grand Prix
83.347,42,MEDIUM,3,29.334,17.955,36.058,700000000.0,0.0,0.0,8,5.0,1,False,7452.243,NOR,1,None,None,7398.23,7416.185,7452.243,256.0,298.0,288.0,286.0,True,McLaren,7368.896,2026-03-08T05:03:55.519000000,False,None,False,True,7394.119,25.0,52.8,1011.8,False,35.4,96,2.8,Australian Grand Prix
83.286,43,MEDIUM,3,29.377,17.865,36.044,700000010.0,1000.0,0.0,9,5.0,1,True,7535.529,NOR,1,None,None,7481.62,7499.485,7535.529,253.0,299.0,290.0,287.0,True,McLaren,7452.243,2026-03-08T05:05:18.866000000,False,None,False,True,7454.108,25.1,52.6,1011.6,False,35.5,99,1.3,Australian Grand Prix
83.192,44,MEDIUM,3,29.308,17.809,36.075,700000010.0,0.0,1100110000.0,10,5.0,1,True,7618.721,NOR,1,None,None,7564.837,7582.646,7618.721,256.0,299.0,295.0,285.0,True,McLaren,7535.529,2026-03-08T05:06:42.152000000,False,None,False,True,7574.136,25.2,52.7,1011.7,False,36.2,93,1.0,Australian Grand Prix
82.886,45,MEDIUM,3,29.236,17.8,35.85,700000010.0,100.0,100.0,11,5.0,1,True,7701.607,NOR,1,None,None,7647.957,7665.757,7701.607,253.0,300.0,293.0,296.0,True,McLaren,7618.721,2026-03-08T05:08:05.344000000,False,None,False,True,7634.151,25.1,52.5,1011.7,False,36.6,110,2.0,Australian Grand Prix
82.908,46,MEDIUM,3,29.05,17.644,36.214,700010000.0,0.0,10010.0,12,5.0,1,False,7784.515,NOR,1,None,None,7730.657,7748.301,7784.515,263.0,304.0,297.0,292.0,True,McLaren,7701.607,2026-03-08T05:09:28.230000000,False,None,False,True,7754.15,25.1,51.4,1011.6,False,35.7,118,3.9,Australian Grand Prix
82.778,47,MEDIUM,3,29.083,17.798,35.897,700000010.0,1000.0,1000000100.0,13,5.0,1,True,7867.293,NOR,1,None,None,7813.598,7831.396,7867.293,253.0,295.0,298.0,297.0,True,McLaren,7784.515,2026-03-08T05:10:51.138000000,False,None,False,True,7814.153,25.1,51.4,1011.6,False,35.6,140,2.9,Australian Grand Prix
82.953,48,MEDIUM,3,29.106,17.743,36.104,701000010.0,0.0,100.0,14,5.0,1,False,7950.246,NOR,1,None,None,7896.399,7914.142,7950.246,256.0,303.0,290.0,297.0,True,McLaren,7867.293,2026-03-08T05:12:13.916000000,False,None,False,True,7874.138,25.1,52.4,1011.6,False,35.4,106,4.0,Australian Grand Prix
82.804,49,MEDIUM,3,29.043,17.88,35.881,710000000.0,1000.0,1110000.0,15,5.0,1,False,8033.05,NOR,1,None,None,7979.289,7997.169,8033.05,259.0,295.0,291.0,285.0,True,McLaren,7950.246,2026-03-08T05:13:36.869000000,False,None,False,True,7994.158,25.1,52.9,1011.6,False,36.8,110,2.4,Australian Grand Prix
82.763,50,MEDIUM,3,29.057,17.845,35.861,700000000.0,0.0,100000000.0,16,5.0,1,True,8115.813,NOR,1,None,None,8062.107,8079.952,8115.813,258.0,295.0,290.0,289.0,True,McLaren,8033.05,2026-03-08T05:14:59.673000000,False,None,False,True,8054.173,25.2,53.0,1011.6,False,36.5,116,2.6,Australian Grand Prix
82.598,51,MEDIUM,3,29.032,17.854,35.712,710000000.0,0.0,0.0,17,5.0,1,True,8198.411,NOR,1,None,None,8144.845,8162.699,8198.411,257.0,292.0,298.0,285.0,True,McLaren,8115.813,2026-03-08T05:16:22.436000000,False,None,False,True,8174.192,25.3,52.0,1011.6,False,35.9,125,2.3,Australian Grand Prix
82.784,52,MEDIUM,3,29.077,17.781,35.926,700000010.0,1000.0,1100000000.0,18,5.0,1,False,8281.195,NOR,1,None,None,8227.488,8245.269,8281.195,265.0,292.0,297.0,290.0,True,McLaren,8198.411,2026-03-08T05:17:45.034000000,False,None,False,True,8234.191,25.3,52.2,1011.5,False,35.6,106,3.1,Australian Grand Prix
82.358,53,MEDIUM,3,28.979,17.78,35.599,700000000.0,0.0,100000.0,19,5.0,1,True,8363.553,NOR,1,None,None,8310.174,8327.954,8363.553,253.0,295.0,296.0,288.0,True,McLaren,8281.195,2026-03-08T05:19:07.818000000,False,None,False,True,8294.207,25.3,51.1,1011.5,False,35.3,121,3.0,Australian Grand Prix
82.796,54,MEDIUM,3,29.006,17.779,36.011,700000001.0,0.0,0.0,20,5.0,1,False,8446.349,NOR,1,None,None,8392.559,8410.338,8446.349,258.0,295.0,298.0,288.0,True,McLaren,8363.553,2026-03-08T05:20:30.176000000,False,None,False,True,8414.244,25.3,51.9,1011.5,False,34.8,115,3.0,Australian Grand Prix
82.867,55,MEDIUM,3,29.076,17.822,35.969,700000000.0,0.0,100000010.0,21,5.0,1,False,8529.216,NOR,1,None,None,8475.425,8493.247,8529.216,267.0,298.0,297.0,290.0,True,McLaren,8446.349,2026-03-08T05:21:52.972000000,False,None,False,True,8474.264,25.3,51.7,1011.5,False,34.7,130,4.2,Australian Grand Prix
82.843,56,MEDIUM,3,29.096,17.831,35.916,700000000.0,0.0,100.0,22,5.0,1,False,8612.059,NOR,1,None,None,8558.312,8576.143,8612.059,257.0,300.0,302.0,286.0,True,McLaren,8529.216,2026-03-08T05:23:15.839000000,False,None,False,True,8534.293,25.2,51.6,1011.6,False,34.6,126,3.2,Australian Grand Prix
83.416,57,MEDIUM,3,29.563,17.762,36.091,700000010.0,0.0,0.0,23,5.0,1,False,8695.475,NOR,1,None,None,8641.622,8659.384,8695.475,254.0,303.0,296.0,291.0,True,McLaren,8612.059,2026-03-08T05:24:38.682000000,False,None,False,True,8654.277,25.2,52.0,1011.5,False,34.4,105,2.9,Australian Grand Prix
83.046,58,MEDIUM,3,29.171,17.845,36.03,700000000.0,0.0,,24,5.0,1,False,8778.521,NOR,1,None,None,8724.646,8742.491,8778.521,265.0,296.0,290.0,292.0,True,McLaren,8695.475,2026-03-08T05:26:02.098000000,False,None,False,True,8714.29,25.1,51.7,1011.5,False,34.5,103,2.9,Australian Grand Prix
97.5,1,MEDIUM,1,,18.692,38.573,0.0,0.0,77.0,1,8.0,1,False,3837.479,OCO,31,None,None,None,3799.381,3837.778,227.0,309.0,280.0,211.0,True,Haas F1 Team,3739.743,2026-03-08T04:03:26.366000000,False,None,False,False,3793.796,24.2,54.0,1012.8,False,36.6,104,4.4,Australian Grand Prix
87.035,2,MEDIUM,1,31.014,17.977,38.044,701000011.0,10001.0,1101111000.0,2,8.0,1,True,3924.514,OCO,31,None,None,3868.547,3886.524,3924.568,260.0,296.0,302.0,266.0,True,Haas F1 Team,3837.479,2026-03-08T04:05:04.102000000,False,None,False,True,3853.794,24.2,54.4,1012.8,False,36.0,135,2.3,Australian Grand Prix
86.567,3,MEDIUM,1,30.865,17.978,37.724,11111111.0,11113.0,100000000.0,3,8.0,1,True,4011.081,OCO,31,None,None,3955.433,3973.411,4011.135,260.0,308.0,289.0,267.0,True,Haas F1 Team,3924.514,2026-03-08T04:06:31.137000000,False,None,False,True,3973.816,24.1,54.1,1012.9,False,36.1,112,1.6,Australian Grand Prix
86.186,4,MEDIUM,1,30.431,17.642,38.113,710000001.0,10000.0,1010110000.0,4,8.0,1,True,4097.267,OCO,31,None,None,4041.566,4059.208,4097.321,263.0,296.0,277.0,273.0,True,Haas F1 Team,4011.081,2026-03-08T04:07:57.704000000,False,None,False,True,4033.811,24.1,54.1,1012.9,False,36.1,112,1.6,Australian Grand Prix
86.808,5,MEDIUM,1,30.836,17.956,38.016,710011100.0,10000.0,1001111100.0,5,8.0,1,False,4184.075,OCO,31,None,None,4128.157,4146.113,4184.129,264.0,308.0,272.0,274.0,True,Haas F1 Team,4097.267,2026-03-08T04:09:23.890000000,False,None,False,True,4153.828,24.2,54.2,1012.8,False,35.1,127,2.2,Australian Grand Prix
85.569,6,MEDIUM,1,30.704,17.956,36.909,711001110.0,11000.0,1100100.0,6,8.0,1,True,4269.644,OCO,31,None,None,4214.833,4232.789,4269.698,261.0,296.0,294.0,277.0,True,Haas F1 Team,4184.075,2026-03-08T04:10:50.698000000,False,None,False,True,4213.83,24.2,54.3,1012.6,False,35.3,114,2.7,Australian Grand Prix
85.087,7,MEDIUM,1,30.269,17.909,36.909,710001010.0,0.0,100100.0,7,8.0,1,True,4354.731,OCO,31,None,None,4299.967,4317.876,4354.785,264.0,294.0,286.0,285.0,True,Haas F1 Team,4269.644,2026-03-08T04:12:16.267000000,False,None,False,True,4273.82,24.2,54.7,1012.6,False,35.1,99,3.4,Australian Grand Prix
85.029,8,MEDIUM,1,30.287,17.905,36.837,700000100.0,0.0,0.0,8,8.0,1,True,4439.76,OCO,31,None,None,4385.072,4402.977,4439.814,261.0,297.0,295.0,285.0,True,Haas F1 Team,4354.731,2026-03-08T04:13:41.354000000,False,None,False,True,4393.821,24.5,54.3,1012.6,False,36.6,104,2.4,Australian Grand Prix
85.552,9,MEDIUM,1,30.308,17.927,37.317,710000000.0,10000.0,0.0,9,8.0,1,False,4525.312,OCO,31,None,None,4470.122,4488.049,4525.366,258.0,298.0,295.0,279.0,True,Haas F1 Team,4439.76,2026-03-08T04:15:06.383000000,False,None,False,True,4453.832,24.4,53.7,1012.6,False,38.1,121,3.1,Australian Grand Prix
85.632,10,MEDIUM,1,30.464,17.902,37.266,710000000.0,0.0,555.0,10,8.0,1,False,4610.944,OCO,31,None,None,4555.83,4573.732,4610.998,263.0,297.0,296.0,288.0,True,Haas F1 Team,4525.312,2026-03-08T04:16:31.935000000,False,None,False,True,4573.833,24.5,53.3,1012.6,False,36.7,119,1.6,Australian Grand Prix
105.949,11,MEDIUM,1,30.36,18.101,57.488,500000000.0,0.0,0.0,11,11.0,16,False,4716.893,OCO,31,None,4700.493,4641.358,4659.459,4716.947,262.0,294.0,None,290.0,True,Haas F1 Team,4610.944,2026-03-08T04:17:57.567000000,False,None,False,False,4633.861,24.4,53.1,1012.4,False,36.6,128,2.7,Australian Grand Prix
116.405,12,HARD,2,42.111,28.731,45.563,0.0,0.0,0.0,1,10.0,6,False,4833.298,OCO,31,4719.302,None,4759.058,4787.789,4833.352,201.0,139.0,199.0,215.0,True,Haas F1 Team,4716.893,2026-03-08T04:19:43.516000000,False,None,False,False,4753.868,24.5,53.5,1012.4,False,36.5,128,2.0,Australian Grand Prix
112.218,13,HARD,2,41.465,28.714,42.039,700001000.0,0.0,1010000.0,2,10.0,671,False,4945.516,OCO,31,None,None,4874.817,4903.531,4945.57,166.0,132.0,294.0,203.0,True,Haas F1 Team,4833.298,2026-03-08T04:21:39.921000000,False,None,False,False,4873.87,24.6,52.3,1012.4,False,36.8,113,2.0,Australian Grand Prix
85.303,14,HARD,2,30.4,17.985,36.918,701000000.0,0.0,0.0,3,10.0,1,False,5030.819,OCO,31,None,None,4975.97,4993.955,5030.873,263.0,293.0,297.0,282.0,True,Haas F1 Team,4945.516,2026-03-08T04:23:32.139000000,False,None,False,True,4993.903,24.3,53.3,1012.4,False,36.6,114,2.5,Australian Grand Prix
85.36,15,HARD,2,30.329,17.972,37.059,700000000.0,0.0,0.0,4,10.0,1,False,5116.179,OCO,31,None,None,5061.202,5079.174,5116.233,263.0,292.0,296.0,282.0,True,Haas F1 Team,5030.819,2026-03-08T04:24:57.442000000,False,None,False,True,5053.917,24.3,53.7,1012.3,False,37.3,125,2.0,Australian Grand Prix
85.43,16,HARD,2,30.332,17.995,37.103,710001010.0,1000.0,10000000.0,5,10.0,1,False,5201.609,OCO,31,None,None,5146.565,5164.56,5201.663,261.0,291.0,295.0,282.0,True,Haas F1 Team,5116.179,2026-03-08T04:26:22.802000000,False,None,False,True,5113.908,24.3,53.9,1012.3,False,38.4,140,3.5,Australian Grand Prix
85.716,17,HARD,2,30.159,17.982,37.575,700000000.0,0.0,0.0,6,10.0,1,False,5287.325,OCO,31,None,None,5231.822,5249.804,5287.379,258.0,291.0,273.0,290.0,True,Haas F1 Team,5201.609,2026-03-08T04:27:48.232000000,False,None,False,True,5233.92,24.6,53.1,1012.3,False,37.7,111,3.0,Australian Grand Prix
101.381,18,HARD,2,30.733,25.042,45.606,700000000.0,0.0,1.0,7,10.0,126,False,5388.706,OCO,31,None,None,5318.112,5343.154,5388.76,259.0,193.0,224.0,294.0,True,Haas F1 Team,5287.325,2026-03-08T04:29:13.948000000,False,None,False,False,5293.918,24.6,52.5,1012.3,False,36.7,138,4.1,Australian Grand Prix
112.711,19,HARD,2,40.623,25.848,46.24,700000000.0,0.0,0.0,8,9.0,671,False,5501.417,OCO,31,None,None,5429.383,5455.231,5501.471,199.0,207.0,303.0,214.0,True,Haas F1 Team,5388.706,2026-03-08T04:30:55.329000000,False,None,False,False,5413.936,24.7,53.0,1012.3,False,35.9,142,2.9,Australian Grand Prix
86.713,20,HARD,2,31.066,17.873,37.774,701000000.0,0.0,0.0,9,10.0,1,False,5588.13,OCO,31,None,None,5532.537,5550.41,5588.184,256.0,308.0,281.0,268.0,True,Haas F1 Team,5501.417,2026-03-08T04:32:48.040000000,False,None,False,True,5533.969,24.6,53.4,1012.2,False,35.8,126,2.8,Australian Grand Prix
86.571,21,HARD,2,31.496,17.886,37.189,100000111.0,100.0,0.0,10,11.0,1,False,5674.701,OCO,31,None,None,5619.68,5637.566,5674.755,262.0,308.0,300.0,288.0,True,Haas F1 Team,5588.13,2026-03-08T04:34:14.753000000,False,None,False,True,5593.968,24.6,53.3,1012.1,False,35.7,119,3.8,Australian Grand Prix
84.821,22,HARD,2,29.967,17.651,37.203,10011.0,10000.0,1000000000.0,11,11.0,1,True,5759.522,OCO,31,None,None,5704.722,5722.373,5759.576,265.0,307.0,298.0,289.0,True,Haas F1 Team,5674.701,2026-03-08T04:35:41.324000000,False,None,False,True,5713.957,24.6,52.8,1012.1,False,36.4,111,2.9,Australian Grand Prix
84.65,23,HARD,2,29.889,17.634,37.127,700000000.0,0.0,110000011.0,12,11.0,1,True,5844.172,OCO,31,None,None,5789.465,5807.099,5844.226,267.0,305.0,298.0,286.0,True,Haas F1 Team,5759.522,2026-03-08T04:37:06.145000000,False,None,False,True,5773.973,24.5,52.9,1012.2,False,36.6,95,1.4,Australian Grand Prix
85.255,24,HARD,2,30.114,18.787,36.354,110000000.0,1000.0,1000000000.0,13,11.0,1,False,5929.427,OCO,31,None,None,5874.34,5893.127,5929.481,265.0,285.0,308.0,291.0,True,Haas F1 Team,5844.172,2026-03-08T04:38:30.795000000,False,None,False,True,5833.959,24.6,53.4,1012.1,False,37.0,114,2.1,Australian Grand Prix
84.424,25,HARD,2,29.924,17.752,36.748,0.0,0.0,0.0,14,11.0,1,True,6013.851,OCO,31,None,None,5959.405,5977.157,6013.905,264.0,301.0,301.0,304.0,True,Haas F1 Team,5929.427,2026-03-08T04:39:56.050000000,False,None,False,True,5953.975,24.8,52.6,1012.1,False,37.6,147,3.1,Australian Grand Prix
84.696,26,HARD,2,30.001,17.783,36.912,700001100.0,0.0,0.0,15,11.0,1,False,6098.547,OCO,31,None,None,6043.906,6061.689,6098.601,265.0,303.0,299.0,293.0,True,Haas F1 Team,6013.851,2026-03-08T04:41:20.474000000,False,None,False,True,6013.976,24.8,52.7,1012.0,False,37.4,106,3.3,Australian Grand Prix
84.801,27,HARD,2,29.828,17.799,37.174,700000100.0,0.0,0.0,16,11.0,1,False,6183.348,OCO,31,None,None,6128.429,6146.228,6183.402,265.0,300.0,299.0,296.0,True,Haas F1 Team,6098.547,2026-03-08T04:42:45.170000000,False,None,False,True,6134.01,24.8,52.0,1012.0,False,36.5,98,2.5,Australian Grand Prix
84.737,28,HARD,2,29.828,17.835,37.074,700000100.0,0.0,0.0,17,11.0,1,False,6268.085,OCO,31,None,None,None,6231.065,6268.139,267.0,297.0,293.0,297.0,True,Haas F1 Team,6183.348,2026-03-08T04:44:09.971000000,False,None,False,True,6194.01,24.8,52.8,1012.0,False,36.3,98,4.0,Australian Grand Prix
84.769,29,HARD,2,29.932,17.765,37.072,700010000.0,1000.0,0.0,18,11.0,1,False,6352.854,OCO,31,None,None,6298.071,6315.836,6352.908,266.0,301.0,298.0,289.0,True,Haas F1 Team,6268.085,2026-03-08T04:45:34.708000000,False,None,False,True,6254.01,24.8,52.8,1012.1,False,36.1,120,3.0,Australian Grand Prix
84.966,30,HARD,2,30.182,17.741,37.043,700010000.0,110.0,0.0,19,11.0,1,False,6437.82,OCO,31,None,None,6383.09,6400.831,6437.874,263.0,304.0,300.0,285.0,True,Haas F1 Team,6352.854,2026-03-08T04:46:59.477000000,False,None,False,True,6374.017,25.3,53.7,1012.0,False,36.1,123,2.5,Australian Grand Prix
85.307,31,HARD,2,30.066,17.593,37.648,700000000.0,0.0,0.0,20,11.0,1,False,6523.127,OCO,31,None,None,6467.94,6485.533,6523.181,264.0,305.0,278.0,287.0,True,Haas F1 Team,6437.82,2026-03-08T04:48:24.443000000,False,None,False,True,6434.013,25.2,53.5,1011.9,False,37.3,184,1.0,Australian Grand Prix
85.045,32,HARD,2,30.295,17.641,37.109,700010000.0,0.0,0.0,21,11.0,1,False,6608.172,OCO,31,None,None,6553.476,6571.117,6608.226,262.0,308.0,301.0,266.0,True,Haas F1 Team,6523.127,2026-03-08T04:49:49.750000000,False,None,False,True,6554.015,25.2,53.1,1012.0,False,37.0,125,4.0,Australian Grand Prix
93.284,33,HARD,2,30.238,17.83,45.216,700000000.0,0.0,0.0,22,10.0,16,False,6701.456,OCO,31,None,None,6638.464,6656.294,6701.51,269.0,296.0,228.0,291.0,True,Haas F1 Team,6608.172,2026-03-08T04:51:14.795000000,False,None,False,False,6614.014,25.1,53.0,1012.0,False,37.2,147,3.0,Australian Grand Prix
90.235,34,HARD,2,35.21,17.78,37.245,700000000.0,100.0,0.0,23,10.0,671,False,6791.691,OCO,31,None,None,6736.72,6754.5,6791.745,266.0,299.0,300.0,228.0,True,Haas F1 Team,6701.456,2026-03-08T04:52:48.079000000,False,None,False,False,6674.029,25.1,53.2,1011.8,False,37.7,107,2.5,Australian Grand Prix
85.199,35,HARD,2,30.107,17.711,37.381,700000100.0,100.0,0.0,24,10.0,1,False,6876.89,OCO,31,None,None,6821.852,6839.563,6876.944,267.0,294.0,299.0,286.0,True,Haas F1 Team,6791.691,2026-03-08T04:54:18.314000000,False,None,False,True,6794.063,25.2,52.4,1011.9,False,37.2,105,3.7,Australian Grand Prix
85.018,36,HARD,2,30.015,17.675,37.328,700000000.0,111.0,110000000.0,25,10.0,1,False,6961.908,OCO,31,None,None,6906.959,6924.634,6961.962,266.0,304.0,301.0,293.0,True,Haas F1 Team,6876.89,2026-03-08T04:55:43.513000000,False,None,False,True,6914.079,25.2,52.5,1011.8,False,37.8,119,3.8,Australian Grand Prix
85.462,37,HARD,2,30.176,17.482,37.804,700000100.0,0.0,0.0,26,9.0,1,False,7047.37,OCO,31,None,None,6992.138,7009.62,7047.424,265.0,315.0,276.0,290.0,True,Haas F1 Team,6961.908,2026-03-08T04:57:08.531000000,False,None,False,True,6974.097,25.2,52.8,1011.8,False,37.0,120,3.8,Australian Grand Prix
86.972,38,HARD,2,30.327,18.318,38.327,700000000.0,0.0,1.0,27,10.0,1,False,7134.342,OCO,31,None,None,7077.751,7096.069,7134.396,235.0,292.0,304.0,296.0,True,Haas F1 Team,7047.37,2026-03-08T04:58:33.993000000,False,None,False,True,7094.098,25.1,53.0,1011.8,False,35.9,115,3.0,Australian Grand Prix
85.913,39,HARD,2,30.944,18.047,36.922,100000000.0,0.0,0.0,28,11.0,1,False,7220.255,OCO,31,None,None,7165.34,7183.387,7220.309,258.0,296.0,313.0,265.0,True,Haas F1 Team,7134.342,2026-03-08T05:00:00.965000000,False,None,False,True,7154.099,25.0,52.1,1011.8,False,35.7,98,2.5,Australian Grand Prix
85.433,40,HARD,2,30.255,17.793,37.385,0.0,0.0,1.0,29,11.0,1,False,7305.688,OCO,31,None,None,7250.564,7268.357,7305.742,251.0,307.0,303.0,293.0,True,Haas F1 Team,7220.255,2026-03-08T05:01:26.878000000,False,None,False,True,7214.101,25.0,52.7,1011.8,False,35.5,140,3.1,Australian Grand Prix
85.164,41,HARD,2,30.281,17.633,37.25,300000000.0,0.0,0.0,30,11.0,1,False,7390.852,OCO,31,None,None,7336.023,7353.656,7390.906,263.0,308.0,322.0,294.0,True,Haas F1 Team,7305.688,2026-03-08T05:02:52.311000000,False,None,False,True,7334.114,25.0,52.8,1011.7,False,35.5,136,3.6,Australian Grand Prix
85.249,42,HARD,2,30.317,17.775,37.157,10.0,0.0,100000000.0,31,11.0,1,False,7476.101,OCO,31,None,None,7421.223,7438.998,7476.155,251.0,305.0,297.0,288.0,True,Haas F1 Team,7390.852,2026-03-08T05:04:17.475000000,False,None,False,True,7394.119,25.0,52.8,1011.8,False,35.4,96,2.8,Australian Grand Prix
85.106,43,HARD,2,30.046,17.62,37.44,700000010.0,0.0,0.0,32,11.0,1,False,7561.207,OCO,31,None,None,7506.201,7523.821,7561.261,267.0,312.0,278.0,290.0,True,Haas F1 Team,7476.101,2026-03-08T05:05:42.724000000,False,None,False,True,7454.108,25.1,52.6,1011.6,False,35.5,99,1.3,Australian Grand Prix
86.597,44,HARD,2,30.143,17.654,38.8,700000000.0,0.0,0.0,33,11.0,1,False,7647.804,OCO,31,None,None,7591.404,7609.058,7647.858,267.0,308.0,302.0,273.0,True,Haas F1 Team,7561.207,2026-03-08T05:07:07.830000000,False,None,False,True,7574.136,25.2,52.7,1011.7,False,36.2,93,1.0,Australian Grand Prix
85.228,45,HARD,2,30.093,17.752,37.383,700000100.0,133.0,0.0,34,11.0,1,False,7733.032,OCO,31,None,None,7677.951,7695.703,7733.086,264.0,303.0,302.0,286.0,True,Haas F1 Team,7647.804,2026-03-08T05:08:34.427000000,False,None,False,True,7634.151,25.1,52.5,1011.7,False,36.6,110,2.0,Australian Grand Prix
86.221,46,HARD,2,30.232,17.388,38.601,700000000.0,0.0,0.0,35,11.0,1,False,7819.253,OCO,31,None,None,7763.318,7780.706,7819.307,267.0,325.0,241.0,284.0,True,Haas F1 Team,7733.032,2026-03-08T05:09:59.655000000,False,None,False,True,7754.15,25.1,51.4,1011.6,False,35.7,118,3.9,Australian Grand Prix
86.334,47,HARD,2,31.078,17.881,37.375,700000100.0,0.0,0.0,36,11.0,1,False,7905.587,OCO,31,None,None,7850.385,7868.266,7905.641,264.0,296.0,300.0,280.0,True,Haas F1 Team,7819.253,2026-03-08T05:11:25.876000000,False,None,False,True,7814.153,25.1,51.4,1011.6,False,35.6,140,2.9,Australian Grand Prix
85.019,48,HARD,2,29.989,17.756,37.274,700000101.0,0.0,0.0,37,11.0,1,False,7990.606,OCO,31,None,None,7935.63,7953.386,7990.66,268.0,301.0,302.0,294.0,True,Haas F1 Team,7905.587,2026-03-08T05:12:52.210000000,False,None,False,True,7874.138,25.1,52.4,1011.6,False,35.4,106,4.0,Australian Grand Prix
85.115,49,HARD,2,29.863,17.963,37.289,700000001.0,0.0,0.0,38,11.0,1,False,8075.721,OCO,31,None,None,8020.523,8038.486,8075.775,276.0,297.0,294.0,295.0,True,Haas F1 Team,7990.606,2026-03-08T05:14:17.229000000,False,None,False,True,7994.158,25.1,52.9,1011.6,False,36.8,110,2.4,Australian Grand Prix
86.815,50,HARD,2,30.11,19.111,37.594,700000000.0,0.0,0.0,39,11.0,1,False,8162.536,OCO,31,None,None,8105.885,8124.996,8162.59,277.0,213.0,296.0,287.0,True,Haas F1 Team,8075.721,2026-03-08T05:15:42.344000000,False,None,False,True,8054.173,25.2,53.0,1011.6,False,36.5,116,2.6,Australian Grand Prix
86.297,51,HARD,2,31.435,17.814,37.048,700000110.0,1000.0,0.0,40,11.0,1,False,8248.833,OCO,31,None,None,8194.025,8211.839,8248.887,266.0,299.0,302.0,293.0,True,Haas F1 Team,8162.536,2026-03-08T05:17:09.159000000,False,None,False,True,8174.192,25.3,52.0,1011.6,False,35.9,125,2.3,Australian Grand Prix
84.584,52,HARD,2,29.943,17.711,36.93,700000000.0,100.0,0.0,41,11.0,1,False,8333.417,OCO,31,None,None,8278.83,8296.541,8333.471,271.0,301.0,304.0,295.0,True,Haas F1 Team,8248.833,2026-03-08T05:18:35.456000000,False,None,False,True,8234.191,25.3,52.2,1011.5,False,35.6,106,3.1,Australian Grand Prix
84.622,53,HARD,2,29.831,17.621,37.17,700010000.0,100.0,310000000.0,42,11.0,1,False,8418.039,OCO,31,None,None,8363.302,8380.923,8418.093,269.0,311.0,302.0,298.0,True,Haas F1 Team,8333.417,2026-03-08T05:20:00.040000000,False,None,False,True,8294.207,25.3,51.1,1011.5,False,35.3,121,3.0,Australian Grand Prix
84.908,54,HARD,2,29.963,17.561,37.384,700000000.0,1000.0,1000.0,43,11.0,1,False,8502.947,OCO,31,None,None,8448.056,8465.617,8503.001,266.0,307.0,279.0,298.0,True,Haas F1 Team,8418.039,2026-03-08T05:21:24.662000000,False,None,False,True,8414.244,25.3,51.9,1011.5,False,34.8,115,3.0,Australian Grand Prix
84.577,55,HARD,2,30.097,17.655,36.825,700000010.0,0.0,0.0,44,11.0,1,False,8587.524,OCO,31,None,None,8533.098,8550.753,8587.578,265.0,302.0,304.0,271.0,True,Haas F1 Team,8502.947,2026-03-08T05:22:49.570000000,False,None,False,True,8474.264,25.3,51.7,1011.5,False,34.7,130,4.2,Australian Grand Prix
84.533,56,HARD,2,29.888,17.767,36.878,700000000.0,0.0,0.0,45,11.0,1,False,8672.057,OCO,31,None,None,8617.466,8635.233,8672.111,271.0,297.0,300.0,301.0,True,Haas F1 Team,8587.524,2026-03-08T05:24:14.147000000,False,None,False,True,8534.293,25.2,51.6,1011.6,False,34.6,126,3.2,Australian Grand Prix
84.573,57,HARD,2,29.92,17.754,36.899,700000000.0,0.0,0.0,46,11.0,1,False,8756.63,OCO,31,None,None,8702.031,8719.785,8756.684,270.0,298.0,302.0,295.0,True,Haas F1 Team,8672.057,2026-03-08T05:25:38.680000000,False,None,False,True,8654.277,25.2,52.0,1011.5,False,34.4,105,2.9,Australian Grand Prix
102.557,1,MEDIUM,1,,19.226,40.448,0.0,0.0,77.0,1,19.0,1,False,3842.536,PER,11,None,None,None,3803.144,3842.783,229.0,290.0,303.0,200.0,True,Cadillac,3739.743,2026-03-08T04:03:26.366000000,False,None,False,False,3793.796,24.2,54.0,1012.8,False,36.6,104,4.4,Australian Grand Prix
88.763,2,MEDIUM,1,31.753,18.188,38.822,710110001.0,11110.0,110011111.0,2,19.0,1,True,3931.299,PER,11,None,None,3874.38,3892.568,3931.39,251.0,312.0,305.0,238.0,True,Cadillac,3842.536,2026-03-08T04:05:09.159000000,False,None,False,True,3853.794,24.2,54.4,1012.8,False,36.0,135,2.3,Australian Grand Prix
88.094,3,MEDIUM,1,31.672,18.037,38.385,11001111.0,10000.0,1011110000.0,3,18.0,1,True,4019.393,PER,11,None,None,3963.062,3981.099,4019.484,253.0,311.0,298.0,260.0,True,Cadillac,3931.299,2026-03-08T04:06:37.922000000,False,None,False,True,3973.816,24.1,54.1,1012.9,False,36.1,112,1.6,Australian Grand Prix
87.222,4,MEDIUM,1,30.827,18.195,38.2,710000001.0,0.0,11100000.0,4,18.0,1,True,4106.615,PER,11,None,None,4050.311,4068.506,4106.706,255.0,307.0,298.0,280.0,True,Cadillac,4019.393,2026-03-08T04:08:06.016000000,False,None,False,True,4033.811,24.1,54.1,1012.9,False,36.1,112,1.6,Australian Grand Prix
88.025,5,MEDIUM,1,31.295,18.506,38.224,700000011.0,10000.0,1010000000.0,5,18.0,1,False,4194.64,PER,11,None,None,4138.001,4156.507,4194.731,256.0,300.0,292.0,291.0,True,Cadillac,4106.615,2026-03-08T04:09:33.238000000,False,None,False,True,4153.828,24.2,54.2,1012.8,False,35.1,127,2.2,Australian Grand Prix
87.595,6,MEDIUM,1,31.178,18.288,38.129,700000010.0,10000.0,1000000.0,6,18.0,1,False,4282.235,PER,11,None,None,4225.909,4244.197,4282.326,259.0,302.0,289.0,269.0,True,Cadillac,4194.64,2026-03-08T04:11:01.263000000,False,None,False,True,4213.83,24.2,54.3,1012.6,False,35.3,114,2.7,Australian Grand Prix
87.625,7,MEDIUM,1,31.003,18.3,38.322,700000000.0,11000.0,10000.0,7,18.0,1,False,4369.86,PER,11,None,None,4313.329,4331.629,4369.951,258.0,300.0,296.0,273.0,True,Cadillac,4282.235,2026-03-08T04:12:28.858000000,False,None,False,True,4273.82,24.2,54.7,1012.6,False,35.1,99,3.4,Australian Grand Prix
87.184,8,MEDIUM,1,30.946,18.193,38.045,710010010.0,10000.0,110000.0,8,18.0,1,True,4457.044,PER,11,None,None,4400.897,4419.09,4457.135,257.0,302.0,296.0,281.0,True,Cadillac,4369.86,2026-03-08T04:13:56.483000000,False,None,False,True,4393.821,24.5,54.3,1012.6,False,36.6,104,2.4,Australian Grand Prix
87.05,9,MEDIUM,1,30.807,18.233,38.01,700010000.0,0.0,1001000000.0,9,17.0,1,True,4544.094,PER,11,None,None,4487.942,4506.175,4544.185,256.0,300.0,296.0,292.0,True,Cadillac,4457.044,2026-03-08T04:15:23.667000000,False,None,False,True,4453.832,24.4,53.7,1012.6,False,38.1,121,3.1,Australian Grand Prix
87.595,10,MEDIUM,1,30.981,18.397,38.217,700000000.0,0.0,0.0,10,17.0,1,False,4631.689,PER,11,None,None,4575.166,4593.563,4631.78,257.0,294.0,296.0,284.0,True,Cadillac,4544.094,2026-03-08T04:16:50.717000000,False,None,False,True,4573.833,24.5,53.3,1012.6,False,36.7,119,1.6,Australian Grand Prix
97.875,11,MEDIUM,1,31.102,18.422,48.351,700000000.0,0.0,0.0,11,14.0,16,False,4729.564,PER,11,None,None,4662.882,4681.304,4729.655,257.0,294.0,219.0,292.0,True,Cadillac,4631.689,2026-03-08T04:18:18.312000000,False,None,False,False,4633.861,24.4,53.1,1012.4,False,36.6,128,2.7,Australian Grand Prix
116.537,12,MEDIUM,1,43.311,24.555,48.671,700000000.0,0.0,0.0,12,14.0,6,False,4846.101,PER,11,None,None,4772.966,4797.521,4846.192,206.0,181.0,256.0,177.0,True,Cadillac,4729.564,2026-03-08T04:19:56.187000000,False,None,False,False,4753.868,24.5,53.5,1012.4,False,36.5,128,2.0,Australian Grand Prix
110.001,13,MEDIUM,1,41.541,26.385,42.075,101111000.0,0.0,1000000.0,13,14.0,671,False,4956.102,PER,11,None,None,4887.733,4914.118,4956.193,222.0,124.0,300.0,157.0,True,Cadillac,4846.101,2026-03-08T04:21:52.724000000,False,None,False,False,4873.87,24.6,52.3,1012.4,False,36.8,113,2.0,Australian Grand Prix
87.084,14,MEDIUM,1,30.356,18.641,38.087,0.0,0.0,1010000000.0,14,14.0,1,False,5043.186,PER,11,None,None,4986.549,5005.19,5043.277,248.0,291.0,292.0,291.0,True,Cadillac,4956.102,2026-03-08T04:23:42.725000000,False,None,False,True,4993.903,24.3,53.3,1012.4,False,36.6,114,2.5,Australian Grand Prix
88.137,15,MEDIUM,1,30.957,18.323,38.857,700000000.0,0.0,0.0,15,14.0,1,False,5131.323,PER,11,None,None,5074.234,5092.557,5131.414,255.0,298.0,294.0,273.0,True,Cadillac,5043.186,2026-03-08T04:25:09.809000000,False,None,False,True,5053.917,24.3,53.7,1012.3,False,37.3,125,2.0,Australian Grand Prix
91.277,16,MEDIUM,1,31.938,19.006,40.333,700000000.0,0.0,0.0,16,15.0,1,False,5222.6,PER,11,None,None,5163.352,5182.358,5222.691,245.0,286.0,274.0,252.0,True,Cadillac,5131.323,2026-03-08T04:26:37.946000000,False,None,False,True,5113.908,24.3,53.9,1012.3,False,38.4,140,3.5,Australian Grand Prix
88.615,17,MEDIUM,1,31.493,18.417,38.705,700000000.0,0.0,555.0,17,15.0,1,False,5311.215,PER,11,None,None,5254.184,5272.601,5311.306,257.0,299.0,297.0,254.0,True,Cadillac,5222.6,2026-03-08T04:28:09.223000000,False,None,False,True,5233.92,24.6,53.1,1012.3,False,37.7,111,3.0,Australian Grand Prix
126.084,18,MEDIUM,1,35.121,24.446,66.517,500000000.0,0.0,110000.0,18,16.0,126,False,5437.299,PER,11,None,5418.038,5346.427,5370.873,5437.39,234.0,163.0,None,286.0,True,Cadillac,5311.215,2026-03-08T04:29:37.838000000,False,None,False,False,5293.918,24.6,52.5,1012.3,False,36.7,138,4.1,Australian Grand Prix
103.359,19,HARD,2,45.6,19.548,38.211,1001110.0,11000.0,1000000.0,1,16.0,671,False,5540.658,PER,11,5439.693,None,5482.99,5502.538,5540.749,182.0,297.0,286.0,194.0,True,Cadillac,5437.299,2026-03-08T04:31:43.922000000,False,None,False,False,5413.936,24.7,53.0,1012.3,False,35.9,142,2.9,Australian Grand Prix
86.49,20,HARD,2,30.352,18.323,37.815,700000000.0,0.0,1100000.0,2,16.0,1,True,5627.148,PER,11,None,None,5571.101,5589.424,5627.239,256.0,290.0,289.0,273.0,True,Cadillac,5540.658,2026-03-08T04:33:27.281000000,False,None,False,True,5533.969,24.6,53.4,1012.2,False,35.8,126,2.8,Australian Grand Prix
87.262,21,HARD,2,30.52,18.341,38.401,700000000.0,1100.0,0.0,3,16.0,1,False,5714.41,PER,11,None,None,5657.759,5676.1,5714.501,256.0,292.0,245.0,290.0,True,Cadillac,5627.148,2026-03-08T04:34:53.771000000,False,None,False,True,5593.968,24.6,53.3,1012.1,False,35.7,119,3.8,Australian Grand Prix
89.083,22,HARD,2,32.306,18.051,38.726,700000001.0,0.0,10010.0,4,16.0,1,False,5803.493,PER,11,None,None,5746.807,5764.858,5803.584,259.0,301.0,253.0,255.0,True,Cadillac,5714.41,2026-03-08T04:36:21.033000000,False,None,False,True,5713.957,24.6,52.8,1012.1,False,36.4,111,2.9,Australian Grand Prix
87.457,23,HARD,2,31.521,18.152,37.784,700000010.0,0.0,0.0,5,16.0,1,False,5890.95,PER,11,None,None,5835.105,5853.257,5891.041,260.0,299.0,299.0,236.0,True,Cadillac,5803.493,2026-03-08T04:37:50.116000000,False,None,False,True,5773.973,24.5,52.9,1012.2,False,36.6,95,1.4,Australian Grand Prix
89.284,24,HARD,2,30.505,18.594,40.185,700000011.0,10000.0,0.0,6,16.0,1,False,5980.234,PER,11,None,None,5921.546,5940.14,5980.325,256.0,242.0,285.0,295.0,True,Cadillac,5890.95,2026-03-08T04:39:17.573000000,False,None,False,True,5833.959,24.6,53.4,1012.1,False,37.0,114,2.1,Australian Grand Prix
87.093,25,HARD,2,30.785,18.117,38.191,710000000.0,0.0,0.0,7,16.0,1,False,6067.327,PER,11,None,None,6011.11,6029.227,6067.418,260.0,298.0,297.0,280.0,True,Cadillac,5980.234,2026-03-08T04:40:46.857000000,False,None,False,True,5953.975,24.8,52.6,1012.1,False,37.6,147,3.1,Australian Grand Prix
88.588,26,HARD,2,32.306,18.158,38.124,710000010.0,0.0,100000000.0,8,16.0,1,False,6155.915,PER,11,None,None,6099.724,6117.882,6156.006,256.0,303.0,297.0,297.0,True,Cadillac,6067.327,2026-03-08T04:42:13.950000000,False,None,False,True,6013.976,24.8,52.7,1012.0,False,37.4,106,3.3,Australian Grand Prix
88.352,27,HARD,2,30.457,18.511,39.384,700000000.0,0.0,0.0,9,16.0,1,False,6244.267,PER,11,None,None,6186.463,6204.974,6244.358,258.0,290.0,221.0,298.0,True,Cadillac,6155.915,2026-03-08T04:43:42.538000000,False,None,False,True,6134.01,24.8,52.0,1012.0,False,36.5,98,2.5,Australian Grand Prix
89.249,28,HARD,2,31.333,18.077,39.839,700000000.0,10000.0,0.0,10,16.0,1,False,6333.516,PER,11,None,None,6275.691,6293.768,6333.607,258.0,302.0,299.0,253.0,True,Cadillac,6244.267,2026-03-08T04:45:10.890000000,False,None,False,True,6194.01,24.8,52.8,1012.0,False,36.3,98,4.0,Australian Grand Prix
86.934,29,HARD,2,30.669,18.062,38.203,700000000.0,0.0,0.0,11,16.0,1,False,6420.45,PER,11,None,None,6364.276,6382.338,6420.541,258.0,301.0,296.0,296.0,True,Cadillac,6333.516,2026-03-08T04:46:40.139000000,False,None,False,True,6254.01,24.8,52.8,1012.1,False,36.1,120,3.0,Australian Grand Prix
87.419,30,HARD,2,30.911,18.227,38.281,700000000.0,0.0,0.0,12,16.0,1,False,6507.869,PER,11,None,None,6451.452,6469.679,6507.96,255.0,296.0,297.0,281.0,True,Cadillac,6420.45,2026-03-08T04:48:07.073000000,False,None,False,True,6374.017,25.3,53.7,1012.0,False,36.1,123,2.5,Australian Grand Prix
90.506,31,HARD,2,30.889,18.328,41.289,700000000.0,0.0,0.0,13,16.0,1,False,6598.375,PER,11,None,None,6538.849,6557.177,6598.466,255.0,295.0,298.0,287.0,True,Cadillac,6507.869,2026-03-08T04:49:34.492000000,False,None,False,True,6434.013,25.2,53.5,1011.9,False,37.3,184,1.0,Australian Grand Prix
94.972,32,HARD,2,31.025,19.385,44.562,700000000.0,0.0,0.0,14,16.0,16,False,6693.347,PER,11,None,None,6629.491,6648.876,6693.438,257.0,295.0,162.0,285.0,True,Cadillac,6598.375,2026-03-08T04:51:04.998000000,False,None,False,False,6554.015,25.2,53.1,1012.0,False,37.0,125,4.0,Australian Grand Prix
93.478,33,HARD,2,37.144,18.329,38.005,700000000.0,0.0,0.0,15,16.0,671,False,6786.825,PER,11,None,None,6730.582,6748.911,6786.916,259.0,296.0,298.0,174.0,True,Cadillac,6693.347,2026-03-08T04:52:39.970000000,False,None,False,False,6614.014,25.1,53.0,1012.0,False,37.2,147,3.0,Australian Grand Prix
87.151,34,HARD,2,30.958,18.172,38.021,700000000.0,0.0,0.0,16,16.0,1,False,6873.976,PER,11,None,None,6817.874,6836.046,6874.067,256.0,298.0,299.0,289.0,True,Cadillac,6786.825,2026-03-08T04:54:13.448000000,False,None,False,True,6674.029,25.1,53.2,1011.8,False,37.7,107,2.5,Australian Grand Prix
89.226,35,HARD,2,30.561,18.262,40.403,100000000.0,0.0,0.0,17,16.0,1,False,6963.202,PER,11,None,None,6904.628,6922.89,6963.293,258.0,295.0,302.0,295.0,True,Cadillac,6873.976,2026-03-08T04:55:40.599000000,False,None,False,True,6794.063,25.2,52.4,1011.9,False,37.2,105,3.7,Australian Grand Prix
88.891,36,HARD,2,30.652,18.755,39.484,0.0,0.0,100000000.0,18,16.0,1,False,7052.093,PER,11,None,None,6993.945,7012.7,7052.184,260.0,227.0,301.0,289.0,True,Cadillac,6963.202,2026-03-08T04:57:09.825000000,False,None,False,True,6914.079,25.2,52.5,1011.8,False,37.8,119,3.8,Australian Grand Prix
87.081,37,HARD,2,30.894,18.169,38.018,700000011.0,0.0,100000000.0,19,16.0,1,False,7139.174,PER,11,None,None,7083.078,7101.247,7139.265,259.0,298.0,300.0,297.0,True,Cadillac,7052.093,2026-03-08T04:58:38.716000000,False,None,False,True,6974.097,25.2,52.8,1011.8,False,37.0,120,3.8,Australian Grand Prix
86.93,38,HARD,2,30.567,18.38,37.983,700000000.0,0.0,0.0,20,16.0,1,False,7226.104,PER,11,None,None,7169.832,7188.212,7226.195,261.0,293.0,301.0,294.0,True,Cadillac,7139.174,2026-03-08T05:00:05.797000000,False,None,False,True,7094.098,25.1,53.0,1011.8,False,35.9,115,3.0,Australian Grand Prix
87.099,39,HARD,2,30.501,18.506,38.092,700000000.0,0.0,0.0,21,16.0,1,False,7313.203,PER,11,None,None,7256.696,7275.202,7313.294,259.0,288.0,298.0,298.0,True,Cadillac,7226.104,2026-03-08T05:01:32.727000000,False,None,False,True,7154.099,25.0,52.1,1011.8,False,35.7,98,2.5,Australian Grand Prix
89.198,40,HARD,2,32.609,18.222,38.367,700000000.0,0.0,1000000000.0,22,16.0,1,False,7402.401,PER,11,None,None,7345.903,7364.125,7402.492,257.0,302.0,299.0,296.0,True,Cadillac,7313.203,2026-03-08T05:02:59.826000000,False,None,False,True,7214.101,25.0,52.7,1011.8,False,35.5,140,3.1,Australian Grand Prix
89.219,41,HARD,2,32.506,18.387,38.326,700000000.0,0.0,0.0,23,16.0,1,False,7491.62,PER,11,None,None,7434.998,7453.385,7491.711,256.0,300.0,294.0,291.0,True,Cadillac,7402.401,2026-03-08T05:04:29.024000000,False,None,False,True,7334.114,25.0,52.8,1011.7,False,35.5,136,3.6,Australian Grand Prix
87.956,42,HARD,2,30.996,18.189,38.771,700000000.0,0.0,1555.0,24,16.0,1,False,7579.576,PER,11,None,None,7522.707,7540.896,7579.667,258.0,297.0,249.0,275.0,True,Cadillac,7491.62,2026-03-08T05:05:58.243000000,False,None,False,True,7394.119,25.0,52.8,1011.8,False,35.4,96,2.8,Australian Grand Prix
105.049,43,HARD,2,31.257,18.463,55.329,500000000.0,0.0,10000.0,25,16.0,1,False,7684.625,PER,11,None,7667.788,7610.924,7629.387,7684.716,259.0,295.0,None,266.0,True,Cadillac,7579.576,2026-03-08T05:07:26.199000000,False,None,False,False,7454.108,25.1,52.6,1011.6,False,35.5,99,1.3,Australian Grand Prix
93.422,44,SOFT,3,37.21,18.286,37.926,1011111.0,11000.0,1000000.0,1,16.0,1,False,7778.047,PER,11,7687.124,None,7721.926,7740.212,7778.138,255.0,296.0,292.0,204.0,True,Cadillac,7684.625,2026-03-08T05:09:11.248000000,False,None,False,False,7574.136,25.2,52.7,1011.7,False,36.2,93,1.0,Australian Grand Prix
86.314,45,SOFT,3,29.952,18.089,38.273,701110100.0,1000.0,1000001000.0,2,16.0,1,True,7864.361,PER,11,None,None,7808.09,7826.179,7864.452,260.0,293.0,286.0,286.0,True,Cadillac,7778.047,2026-03-08T05:10:44.670000000,False,None,False,True,7634.151,25.1,52.5,1011.7,False,36.6,110,2.0,Australian Grand Prix
88.095,46,SOFT,3,30.005,18.092,39.998,700000001.0,0.0,1000000000.0,3,16.0,1,False,7952.456,PER,11,None,None,7894.457,7912.549,7952.547,259.0,294.0,287.0,287.0,True,Cadillac,7864.361,2026-03-08T05:12:10.984000000,False,None,False,True,7754.15,25.1,51.4,1011.6,False,35.7,118,3.9,Australian Grand Prix
86.07,47,SOFT,3,30.284,18.074,37.712,700000000.0,1000.0,10.0,4,16.0,1,True,8038.526,PER,11,None,None,7982.831,8000.905,8038.617,264.0,298.0,292.0,289.0,True,Cadillac,7952.456,2026-03-08T05:13:39.079000000,False,None,False,True,7814.153,25.1,51.4,1011.6,False,35.6,140,2.9,Australian Grand Prix
86.151,48,SOFT,3,30.4,18.042,37.709,700000000.0,0.0,0.0,5,16.0,1,False,8124.677,PER,11,None,None,8069.017,8087.059,8124.768,260.0,296.0,296.0,287.0,True,Cadillac,8038.526,2026-03-08T05:15:05.149000000,False,None,False,True,7874.138,25.1,52.4,1011.6,False,35.4,106,4.0,Australian Grand Prix
86.21,49,SOFT,3,30.263,18.141,37.806,701000000.0,1000.0,10000.0,6,16.0,1,False,8210.887,PER,11,None,None,8155.031,8173.172,8210.978,259.0,295.0,291.0,291.0,True,Cadillac,8124.677,2026-03-08T05:16:31.300000000,False,None,False,True,7994.158,25.1,52.9,1011.6,False,36.8,110,2.4,Australian Grand Prix
86.085,50,SOFT,3,30.231,18.02,37.834,700000000.0,0.0,0.0,7,16.0,1,False,8296.972,PER,11,None,None,8241.209,8259.229,8297.063,260.0,295.0,294.0,287.0,True,Cadillac,8210.887,2026-03-08T05:17:57.510000000,False,None,False,True,8054.173,25.2,53.0,1011.6,False,36.5,116,2.6,Australian Grand Prix
86.2,51,SOFT,3,30.231,18.073,37.896,700000000.0,0.0,0.0,8,16.0,1,False,8383.172,PER,11,None,None,None,8345.367,8383.263,259.0,294.0,294.0,290.0,True,Cadillac,8296.972,2026-03-08T05:19:23.595000000,False,None,False,True,8174.192,25.3,52.0,1011.6,False,35.9,125,2.3,Australian Grand Prix
86.412,52,SOFT,3,30.033,18.306,38.073,700100000.0,0.0,0.0,9,16.0,1,False,8469.584,PER,11,None,None,8413.296,8431.602,8469.675,260.0,291.0,281.0,292.0,True,Cadillac,8383.172,2026-03-08T05:20:49.795000000,False,None,False,True,8234.191,25.3,52.2,1011.5,False,35.6,106,3.1,Australian Grand Prix
86.13,53,SOFT,3,30.276,18.011,37.843,700000000.0,1000.0,0.0,10,16.0,1,False,8555.714,PER,11,None,None,8499.951,8517.962,8555.805,259.0,296.0,291.0,270.0,True,Cadillac,8469.584,2026-03-08T05:22:16.207000000,False,None,False,True,8294.207,25.3,51.1,1011.5,False,35.3,121,3.0,Australian Grand Prix
89.959,54,SOFT,3,30.045,18.141,41.773,700000000.0,100.0,0.0,11,16.0,1,False,8645.673,PER,11,None,None,8585.85,8603.991,8645.764,261.0,293.0,293.0,282.0,True,Cadillac,8555.714,2026-03-08T05:23:42.337000000,False,None,False,True,8414.244,25.3,51.9,1011.5,False,34.8,115,3.0,Australian Grand Prix
88.957,55,SOFT,3,32.857,18.015,38.085,700000000.0,0.0,0.0,12,16.0,1,False,8734.63,PER,11,None,None,8678.621,8696.636,8734.721,256.0,304.0,297.0,283.0,True,Cadillac,8645.673,2026-03-08T05:25:12.296000000,False,None,False,True,8474.264,25.3,51.7,1011.5,False,34.7,130,4.2,Australian Grand Prix
92.694,1,MEDIUM,1,,18.344,36.548,0.0,0.0,0.0,1,2.0,1,False,3832.673,RUS,63,None,None,None,3796.422,3832.856,240.0,288.0,291.0,234.0,True,Mercedes,3739.743,2026-03-08T04:03:26.366000000,False,None,False,False,3793.796,24.2,54.0,1012.8,False,36.6,104,4.4,Australian Grand Prix
85.007,2,MEDIUM,1,29.753,17.841,37.413,,,,2,1.0,1,True,3917.68,RUS,63,None,None,3862.53,3880.371,3917.784,259.0,273.0,290.0,273.0,True,Mercedes,3832.673,2026-03-08T04:04:59.296000000,False,None,False,True,3853.794,24.2,54.4,1012.8,False,36.0,135,2.3,Australian Grand Prix
86.444,3,MEDIUM,1,29.845,18.533,38.066,710010033.0,3300.0,100000011.0,3,2.0,1,False,4004.124,RUS,63,None,None,3947.629,3966.162,4004.228,269.0,289.0,286.0,264.0,True,Mercedes,3917.68,2026-03-08T04:06:24.303000000,False,None,False,True,3973.816,24.1,54.1,1012.9,False,36.1,112,1.6,Australian Grand Prix
84.789,4,MEDIUM,1,29.949,17.802,37.038,110000000.0,1000.0,1000000000.0,4,2.0,1,True,4088.913,RUS,63,None,None,4034.177,4051.979,4089.017,269.0,286.0,298.0,271.0,True,Mercedes,4004.124,2026-03-08T04:07:50.747000000,False,None,False,True,4033.811,24.1,54.1,1012.9,False,36.1,112,1.6,Australian Grand Prix
84.017,5,MEDIUM,1,29.636,17.848,36.533,10010000.0,3301.0,300000011.0,5,2.0,1,True,4172.93,RUS,63,None,None,4118.653,4136.501,4173.034,264.0,305.0,296.0,291.0,True,Mercedes,4088.913,2026-03-08T04:09:15.536000000,False,None,False,True,4153.828,24.2,54.2,1012.8,False,35.1,127,2.2,Australian Grand Prix
84.639,6,MEDIUM,1,29.498,17.709,37.432,100000030.0,0.0,100000.0,6,2.0,1,False,4257.569,RUS,63,None,None,4202.532,4220.241,4257.673,263.0,291.0,314.0,298.0,True,Mercedes,4172.93,2026-03-08T04:10:39.553000000,False,None,False,True,4213.83,24.2,54.3,1012.6,False,35.3,114,2.7,Australian Grand Prix
84.099,7,MEDIUM,1,29.617,18.059,36.423,13310000.0,3000.0,11.0,7,2.0,1,False,4341.668,RUS,63,None,None,4287.29,4305.349,4341.772,263.0,288.0,307.0,285.0,True,Mercedes,4257.569,2026-03-08T04:12:04.192000000,False,None,False,True,4273.82,24.2,54.7,1012.6,False,35.1,99,3.4,Australian Grand Prix
85.19,8,MEDIUM,1,29.435,18.391,37.364,310010000.0,0.0,0.0,8,2.0,1,False,4426.858,RUS,63,None,None,4371.207,4389.598,4426.962,258.0,287.0,316.0,301.0,True,Mercedes,4341.668,2026-03-08T04:13:28.291000000,False,None,False,True,4393.821,24.5,54.3,1012.6,False,36.6,104,2.4,Australian Grand Prix
85.978,9,MEDIUM,1,31.313,18.163,36.502,10.0,0.0,1011000000.0,9,2.0,1,False,4512.836,RUS,63,None,None,4458.275,4476.438,4512.94,258.0,280.0,304.0,298.0,True,Mercedes,4426.858,2026-03-08T04:14:53.481000000,False,None,False,True,4453.832,24.4,53.7,1012.6,False,38.1,121,3.1,Australian Grand Prix
84.112,10,MEDIUM,1,29.655,18.171,36.286,710000000.0,0.0,0.0,10,2.0,1,False,4596.948,RUS,63,None,None,4542.595,4560.766,4597.052,261.0,291.0,307.0,289.0,True,Mercedes,4512.836,2026-03-08T04:16:19.459000000,False,None,False,True,4573.833,24.5,53.3,1012.6,False,36.7,119,1.6,Australian Grand Prix
83.967,11,MEDIUM,1,29.442,18.107,36.418,700000000.0,0.0,555.0,11,2.0,1,True,4680.915,RUS,63,None,None,4626.494,4644.601,4681.019,265.0,301.0,305.0,305.0,True,Mercedes,4596.948,2026-03-08T04:17:43.571000000,False,None,False,True,4633.861,24.4,53.1,1012.4,False,36.6,128,2.7,Australian Grand Prix
125.94,12,MEDIUM,1,40.129,29.038,56.773,500000000.0,0.0,0.0,12,3.0,16,False,4806.855,RUS,63,None,4791.153,4721.148,4750.186,4806.959,243.0,149.0,None,279.0,True,Mercedes,4680.915,2026-03-08T04:19:07.538000000,False,None,False,False,4753.868,24.5,53.5,1012.4,False,36.5,128,2.0,Australian Grand Prix
117.659,13,HARD,2,42.643,28.724,46.292,1000.0,10000.0,1000101000.0,1,3.0,67,False,4924.514,RUS,63,4809.298,None,4849.602,4878.326,4924.618,158.0,141.0,218.0,215.0,True,Mercedes,4806.855,2026-03-08T04:21:13.478000000,False,None,False,False,4873.87,24.6,52.3,1012.4,False,36.8,113,2.0,Australian Grand Prix
87.094,14,HARD,2,32.616,18.054,36.424,713001130.0,13000.0,3011111100.0,2,3.0,71,False,5011.608,RUS,63,None,None,4957.234,4975.288,5011.712,267.0,296.0,281.0,187.0,True,Mercedes,4924.514,2026-03-08T04:23:11.137000000,False,None,False,False,4993.903,24.3,53.3,1012.4,False,36.6,114,2.5,Australian Grand Prix
82.825,15,HARD,2,29.08,17.746,35.999,700010300.0,0.0,3001000000.0,3,3.0,1,True,5094.433,RUS,63,None,None,5040.792,5058.538,5094.537,263.0,300.0,283.0,291.0,True,Mercedes,5011.608,2026-03-08T04:24:38.231000000,False,None,False,True,5053.917,24.3,53.7,1012.3,False,37.3,125,2.0,Australian Grand Prix
82.923,16,HARD,2,29.106,17.699,36.118,710001000.0,0.0,1010000.0,4,3.0,1,False,5177.356,RUS,63,None,None,5123.643,5141.342,5177.46,261.0,302.0,289.0,290.0,True,Mercedes,5094.433,2026-03-08T04:26:01.056000000,False,None,False,True,5113.908,24.3,53.9,1012.3,False,38.4,140,3.5,Australian Grand Prix
82.765,17,HARD,2,29.085,17.75,35.93,700010000.0,0.0,10000000.0,5,3.0,1,True,5260.121,RUS,63,None,None,5206.545,5224.295,5260.225,259.0,302.0,292.0,298.0,True,Mercedes,5177.356,2026-03-08T04:27:23.979000000,False,None,False,True,5233.92,24.6,53.1,1012.3,False,37.7,111,3.0,Australian Grand Prix
88.979,18,HARD,2,29.523,17.783,41.673,700000000.0,0.0,0.0,6,3.0,126,False,5349.1,RUS,63,None,None,5289.748,5307.531,5349.204,262.0,302.0,273.0,294.0,True,Mercedes,5260.121,2026-03-08T04:28:46.744000000,False,None,False,False,5293.918,24.6,52.5,1012.3,False,36.7,138,4.1,Australian Grand Prix
115.257,19,HARD,2,39.873,26.221,49.163,700000000.0,0.0,0.0,7,3.0,6,False,5464.357,RUS,63,None,None,5389.077,5415.298,5464.461,200.0,153.0,113.0,144.0,True,Mercedes,5349.1,2026-03-08T04:30:15.723000000,False,None,False,False,5413.936,24.7,53.0,1012.3,False,35.9,142,2.9,Australian Grand Prix
90.936,20,HARD,2,37.085,17.866,35.985,703000000.0,0.0,0.0,8,3.0,671,False,5555.293,RUS,63,None,None,5501.546,5519.412,5555.397,259.0,301.0,296.0,239.0,True,Mercedes,5464.357,2026-03-08T04:32:10.980000000,False,None,False,False,5533.969,24.6,53.4,1012.2,False,35.8,126,2.8,Australian Grand Prix
82.67,21,HARD,2,28.979,17.717,35.974,700000000.0,0.0,0.0,9,3.0,1,True,5637.963,RUS,63,None,None,5584.376,5602.093,5638.067,260.0,309.0,296.0,299.0,True,Mercedes,5555.293,2026-03-08T04:33:41.916000000,False,None,False,True,5593.968,24.6,53.3,1012.1,False,35.7,119,3.8,Australian Grand Prix
82.892,22,HARD,2,29.065,17.777,36.05,700000011.0,100.0,0.0,10,3.0,1,False,5720.855,RUS,63,None,None,5667.132,5684.909,5720.959,263.0,303.0,295.0,295.0,True,Mercedes,5637.963,2026-03-08T04:35:04.586000000,False,None,False,True,5713.957,24.6,52.8,1012.1,False,36.4,111,2.9,Australian Grand Prix
82.828,23,HARD,2,28.915,17.696,36.217,700000031.0,0.0,0.0,11,3.0,1,False,5803.683,RUS,63,None,None,5749.874,5767.57,5803.787,268.0,306.0,297.0,298.0,True,Mercedes,5720.855,2026-03-08T04:36:27.478000000,False,None,False,True,5773.973,24.5,52.9,1012.2,False,36.6,95,1.4,Australian Grand Prix
83.466,24,HARD,2,29.631,17.798,36.037,700000031.0,0.0,0.0,12,3.0,1,False,5887.149,RUS,63,None,None,5833.418,5851.216,5887.253,271.0,302.0,295.0,268.0,True,Mercedes,5803.683,2026-03-08T04:37:50.306000000,False,None,False,True,5833.959,24.6,53.4,1012.1,False,37.0,114,2.1,Australian Grand Prix
82.879,25,HARD,2,28.936,17.717,36.226,700000000.0,0.0,0.0,13,2.0,1,False,5970.028,RUS,63,None,None,5916.189,5933.906,5970.132,273.0,303.0,299.0,301.0,True,Mercedes,5887.149,2026-03-08T04:39:13.772000000,False,None,False,True,5953.975,24.8,52.6,1012.1,False,37.6,147,3.1,Australian Grand Prix
83.093,26,HARD,2,29.058,17.797,36.238,700000000.0,0.0,0.0,14,2.0,1,False,6053.121,RUS,63,None,None,5999.19,6016.987,6053.225,273.0,303.0,295.0,305.0,True,Mercedes,5970.028,2026-03-08T04:40:36.651000000,False,None,False,True,6013.976,24.8,52.7,1012.0,False,37.4,106,3.3,Australian Grand Prix
83.188,27,HARD,2,29.123,17.719,36.346,700000033.0,300.0,0.0,15,2.0,1,False,6136.309,RUS,63,None,None,6082.348,6100.067,6136.413,272.0,306.0,299.0,302.0,True,Mercedes,6053.121,2026-03-08T04:41:59.744000000,False,None,False,True,6134.01,24.8,52.0,1012.0,False,36.5,98,2.5,Australian Grand Prix
83.39,28,HARD,2,28.857,17.643,36.89,730000000.0,0.0,0.0,16,1.0,1,False,6219.699,RUS,63,None,None,6165.27,6182.913,6219.803,275.0,304.0,311.0,301.0,True,Mercedes,6136.309,2026-03-08T04:43:22.932000000,False,None,False,True,6194.01,24.8,52.8,1012.0,False,36.3,98,4.0,Australian Grand Prix
83.486,29,HARD,2,29.066,18.031,36.389,700000000.0,0.0,10000000.0,17,1.0,1,False,6303.185,RUS,63,None,None,6248.869,6266.9,6303.289,270.0,301.0,294.0,321.0,True,Mercedes,6219.699,2026-03-08T04:44:46.322000000,False,None,False,True,6254.01,24.8,52.8,1012.1,False,36.1,120,3.0,Australian Grand Prix
83.272,30,HARD,2,29.204,17.788,36.28,700000000.0,0.0,0.0,18,1.0,1,False,6386.457,RUS,63,None,None,6332.493,6350.281,6386.561,267.0,303.0,293.0,288.0,True,Mercedes,6303.185,2026-03-08T04:46:09.808000000,False,None,False,True,6374.017,25.3,53.7,1012.0,False,36.1,123,2.5,Australian Grand Prix
83.147,31,HARD,2,29.132,17.699,36.316,700000000.0,0.0,0.0,19,1.0,1,False,6469.604,RUS,63,None,None,6415.693,6433.392,6469.708,271.0,308.0,299.0,296.0,True,Mercedes,6386.457,2026-03-08T04:47:33.080000000,False,None,False,True,6434.013,25.2,53.5,1011.9,False,37.3,184,1.0,Australian Grand Prix
83.54,32,HARD,2,29.174,17.728,36.638,700000000.0,0.0,0.0,20,1.0,1,False,6553.144,RUS,63,None,None,6498.882,6516.61,6553.248,274.0,308.0,293.0,303.0,True,Mercedes,6469.604,2026-03-08T04:48:56.227000000,False,None,False,True,6554.015,25.2,53.1,1012.0,False,37.0,125,4.0,Australian Grand Prix
83.838,33,HARD,2,29.242,17.777,36.819,700000000.0,1000.0,0.0,21,1.0,1,False,6636.982,RUS,63,None,None,6582.49,6600.267,6637.086,274.0,300.0,292.0,301.0,True,Mercedes,6553.144,2026-03-08T04:50:19.767000000,False,None,False,True,6614.014,25.1,53.0,1012.0,False,37.2,147,3.0,Australian Grand Prix
97.592,34,HARD,2,29.314,25.319,42.959,700000000.0,0.0,3000100000.0,22,1.0,167,False,6734.574,RUS,63,None,None,6666.4,6691.719,6734.678,260.0,138.0,300.0,296.0,True,Mercedes,6636.982,2026-03-08T04:51:43.605000000,False,None,False,False,6674.029,25.1,53.2,1011.8,False,37.7,107,2.5,Australian Grand Prix
83.017,35,HARD,2,29.314,17.824,35.879,700000000.0,0.0,300000.0,23,1.0,1,False,6817.591,RUS,63,None,None,None,6781.816,6817.695,260.0,299.0,296.0,302.0,True,Mercedes,6734.574,2026-03-08T04:53:21.197000000,False,None,False,True,6794.063,25.2,52.4,1011.9,False,37.2,105,3.7,Australian Grand Prix
82.729,36,HARD,2,29.079,17.753,35.897,700000000.0,1000.0,1000000.0,24,1.0,1,False,6900.32,RUS,63,None,None,6846.774,6864.527,6900.424,256.0,299.0,293.0,300.0,True,Mercedes,6817.591,2026-03-08T04:54:44.214000000,False,None,False,True,6914.079,25.2,52.5,1011.8,False,37.8,119,3.8,Australian Grand Prix
82.839,37,HARD,2,29.197,17.745,35.897,700000000.0,0.0,300000001.0,25,1.0,1,False,6983.159,RUS,63,None,None,6929.621,6947.366,6983.263,256.0,299.0,298.0,295.0,True,Mercedes,6900.32,2026-03-08T04:56:06.943000000,False,None,False,True,6974.097,25.2,52.8,1011.8,False,37.0,120,3.8,Australian Grand Prix
82.863,38,HARD,2,29.211,17.79,35.862,700000000.0,3000.0,0.0,26,1.0,1,False,7066.022,RUS,63,None,None,7012.474,7030.264,7066.126,255.0,300.0,300.0,296.0,True,Mercedes,6983.159,2026-03-08T04:57:29.782000000,False,None,False,True,7094.098,25.1,53.0,1011.8,False,35.9,115,3.0,Australian Grand Prix
82.738,39,HARD,2,29.102,17.664,35.972,700000000.0,0.0,0.0,27,1.0,1,False,7148.76,RUS,63,None,None,7095.228,7112.892,7148.864,257.0,302.0,300.0,299.0,True,Mercedes,7066.022,2026-03-08T04:58:52.645000000,False,None,False,True,7154.099,25.0,52.1,1011.8,False,35.7,98,2.5,Australian Grand Prix
82.915,40,HARD,2,29.172,17.651,36.092,700000000.0,0.0,0.0,28,1.0,1,False,7231.675,RUS,63,None,None,7178.036,7195.687,7231.779,257.0,304.0,300.0,300.0,True,Mercedes,7148.76,2026-03-08T05:00:15.383000000,False,None,False,True,7214.101,25.0,52.7,1011.8,False,35.5,140,3.1,Australian Grand Prix
83.073,41,HARD,2,29.173,17.609,36.291,700000000.0,0.0,0.0,29,1.0,1,False,7314.748,RUS,63,None,None,7260.952,7278.561,7314.852,260.0,305.0,303.0,303.0,True,Mercedes,7231.675,2026-03-08T05:01:38.298000000,False,None,False,True,7334.114,25.0,52.8,1011.7,False,35.5,136,3.6,Australian Grand Prix
83.054,42,HARD,2,29.325,17.652,36.077,700000000.0,3000.0,0.0,30,1.0,1,False,7397.802,RUS,63,None,None,7344.177,7361.829,7397.906,261.0,304.0,298.0,305.0,True,Mercedes,7314.748,2026-03-08T05:03:01.371000000,False,None,False,True,7394.119,25.0,52.8,1011.8,False,35.4,96,2.8,Australian Grand Prix
82.893,43,HARD,2,29.111,17.575,36.207,700000000.0,0.0,0.0,31,1.0,1,False,7480.695,RUS,63,None,None,7427.017,7444.592,7480.799,258.0,306.0,301.0,300.0,True,Mercedes,7397.802,2026-03-08T05:04:24.425000000,False,None,False,True,7454.108,25.1,52.6,1011.6,False,35.5,99,1.3,Australian Grand Prix
82.856,44,HARD,2,29.17,17.585,36.101,700000000.0,0.0,0.0,32,1.0,1,False,7563.551,RUS,63,None,None,7509.969,7527.554,7563.655,260.0,307.0,301.0,304.0,True,Mercedes,7480.695,2026-03-08T05:05:47.318000000,False,None,False,True,7574.136,25.2,52.7,1011.7,False,36.2,93,1.0,Australian Grand Prix
83.477,45,HARD,2,29.305,17.512,36.66,700000000.0,0.0,0.0,33,1.0,1,False,7647.028,RUS,63,None,None,7592.96,7610.472,7647.132,262.0,312.0,305.0,304.0,True,Mercedes,7563.551,2026-03-08T05:07:10.174000000,False,None,False,True,7634.151,25.1,52.5,1011.7,False,36.6,110,2.0,Australian Grand Prix
83.751,46,HARD,2,29.348,18.049,36.354,700000000.0,1000.0,0.0,34,1.0,1,False,7730.779,RUS,63,None,None,7676.48,7694.529,7730.883,269.0,304.0,297.0,306.0,True,Mercedes,7647.028,2026-03-08T05:08:33.651000000,False,None,False,True,7754.15,25.1,51.4,1011.6,False,35.7,118,3.9,Australian Grand Prix
83.033,47,HARD,2,29.286,17.617,36.13,700000000.0,100.0,0.0,35,1.0,1,False,7813.812,RUS,63,None,None,7760.169,7777.786,7813.916,263.0,303.0,295.0,302.0,True,Mercedes,7730.779,2026-03-08T05:09:57.402000000,False,None,False,True,7814.153,25.1,51.4,1011.6,False,35.6,140,2.9,Australian Grand Prix
83.034,48,HARD,2,29.18,17.596,36.258,700000000.0,100.0,0.0,36,1.0,1,False,7896.846,RUS,63,None,None,7843.096,7860.692,7896.95,260.0,304.0,300.0,302.0,True,Mercedes,7813.812,2026-03-08T05:11:20.435000000,False,None,False,True,7874.138,25.1,52.4,1011.6,False,35.4,106,4.0,Australian Grand Prix
82.844,49,HARD,2,29.104,17.537,36.203,700000000.0,0.0,0.0,37,1.0,1,False,7979.69,RUS,63,None,None,7926.054,7943.591,7979.794,260.0,308.0,304.0,304.0,True,Mercedes,7896.846,2026-03-08T05:12:43.469000000,False,None,False,True,7994.158,25.1,52.9,1011.6,False,36.8,110,2.4,Australian Grand Prix
83.087,50,HARD,2,29.182,17.631,36.274,700000000.0,0.0,100000000.0,38,1.0,1,False,8062.777,RUS,63,None,None,8008.976,8026.607,8062.881,262.0,305.0,300.0,306.0,True,Mercedes,7979.69,2026-03-08T05:14:06.313000000,False,None,False,True,8054.173,25.2,53.0,1011.6,False,36.5,116,2.6,Australian Grand Prix
82.762,51,HARD,2,29.204,17.493,36.065,700000000.0,101.0,10.0,39,1.0,1,False,8145.539,RUS,63,None,None,8092.085,8109.578,8145.643,263.0,310.0,306.0,306.0,True,Mercedes,8062.777,2026-03-08T05:15:29.400000000,False,None,False,True,8174.192,25.3,52.0,1011.6,False,35.9,125,2.3,Australian Grand Prix
83.106,52,HARD,2,29.323,17.606,36.177,700000000.0,1100.0,0.0,40,1.0,1,False,8228.645,RUS,63,None,None,8174.966,8192.572,8228.749,262.0,313.0,305.0,309.0,True,Mercedes,8145.539,2026-03-08T05:16:52.162000000,False,None,False,True,8234.191,25.3,52.2,1011.5,False,35.6,106,3.1,Australian Grand Prix
83.069,53,HARD,2,29.144,17.461,36.464,700000000.0,0.0,0.0,41,1.0,1,False,8311.714,RUS,63,None,None,8257.893,8275.354,8311.818,263.0,309.0,305.0,309.0,True,Mercedes,8228.645,2026-03-08T05:18:15.268000000,False,None,False,True,8294.207,25.3,51.1,1011.5,False,35.3,121,3.0,Australian Grand Prix
83.1,54,HARD,2,29.272,17.56,36.268,700000000.0,0.0,0.0,42,1.0,1,False,8394.814,RUS,63,None,None,8341.09,8358.65,8394.918,266.0,307.0,302.0,295.0,True,Mercedes,8311.714,2026-03-08T05:19:38.337000000,False,None,False,True,8414.244,25.3,51.9,1011.5,False,34.8,115,3.0,Australian Grand Prix
82.67,55,HARD,2,29.116,17.549,36.005,700000000.0,0.0,100000010.0,43,1.0,1,False,8477.484,RUS,63,None,None,8424.034,8441.583,8477.588,262.0,305.0,301.0,307.0,True,Mercedes,8394.814,2026-03-08T05:21:01.437000000,False,None,False,True,8474.264,25.3,51.7,1011.5,False,34.7,130,4.2,Australian Grand Prix
82.757,56,HARD,2,29.134,17.535,36.088,700000000.0,1.0,100000000.0,44,1.0,1,False,8560.241,RUS,63,None,None,8506.722,8524.257,8560.345,260.0,308.0,305.0,306.0,True,Mercedes,8477.484,2026-03-08T05:22:24.107000000,False,None,False,True,8534.293,25.2,51.6,1011.6,False,34.6,126,3.2,Australian Grand Prix
83.188,57,HARD,2,29.225,17.458,36.505,700000000.0,0.0,0.0,45,1.0,1,False,8643.429,RUS,63,None,None,8589.57,8607.028,8643.533,263.0,312.0,301.0,307.0,True,Mercedes,8560.241,2026-03-08T05:23:46.864000000,False,None,False,True,8654.277,25.2,52.0,1011.5,False,34.4,105,2.9,Australian Grand Prix
83.351,58,HARD,2,29.312,17.63,36.409,700000000.0,0.0,0.0,46,1.0,1,False,8726.78,RUS,63,None,None,8672.845,8690.475,8726.884,261.0,302.0,300.0,301.0,True,Mercedes,8643.429,2026-03-08T05:25:10.052000000,False,None,False,True,8714.29,25.1,51.7,1011.5,False,34.5,103,2.9,Australian Grand Prix
99.815,1,SOFT,1,,19.143,39.148,1011.0,0.0,77.0,1,14.0,1,False,3839.794,SAI,55,None,None,None,3801.445,3840.3,214.0,298.0,288.0,210.0,True,Williams,3739.743,2026-03-08T04:03:26.366000000,False,None,False,False,3793.796,24.2,54.0,1012.8,False,36.6,104,4.4,Australian Grand Prix
87.98,2,SOFT,1,31.713,18.211,38.056,711100111.0,11001.0,10100001.0,2,14.0,1,True,3927.774,SAI,55,None,None,3871.561,3889.772,3927.828,254.0,296.0,298.0,238.0,True,Williams,3839.794,2026-03-08T04:05:06.417000000,False,None,False,True,3853.794,24.2,54.4,1012.8,False,36.0,135,2.3,Australian Grand Prix
88.093,3,SOFT,1,31.187,18.048,38.858,711111110.0,0.0,11010.0,3,15.0,1,False,4015.867,SAI,55,None,None,3959.015,3977.063,4015.921,258.0,315.0,302.0,259.0,True,Williams,3927.774,2026-03-08T04:06:34.397000000,False,None,False,True,3973.816,24.1,54.1,1012.9,False,36.1,112,1.6,Australian Grand Prix
87.216,4,SOFT,1,30.511,18.372,38.333,11110011.0,10000.0,100.0,4,15.0,1,True,4103.083,SAI,55,None,None,4046.432,4064.804,4103.137,258.0,311.0,298.0,270.0,True,Williams,4015.867,2026-03-08T04:08:02.490000000,False,None,False,True,4033.811,24.1,54.1,1012.9,False,36.1,112,1.6,Australian Grand Prix
87.511,5,SOFT,1,30.419,18.057,39.035,700000011.0,1000.0,1110100.0,5,15.0,1,False,4190.594,SAI,55,None,None,4133.556,4151.613,4190.648,260.0,303.0,301.0,281.0,True,Williams,4103.083,2026-03-08T04:09:29.706000000,False,None,False,True,4153.828,24.2,54.2,1012.8,False,35.1,127,2.2,Australian Grand Prix
86.872,6,SOFT,1,30.787,18.201,37.884,711011111.0,11000.0,1011100100.0,6,14.0,1,True,4277.466,SAI,55,None,None,4221.435,4239.636,4277.52,256.0,320.0,286.0,273.0,True,Williams,4190.594,2026-03-08T04:10:57.217000000,False,None,False,True,4213.83,24.2,54.3,1012.6,False,35.3,114,2.7,Australian Grand Prix
85.698,7,SOFT,1,30.022,18.348,37.328,710000011.0,11000.0,1010001100.0,7,14.0,1,True,4363.164,SAI,55,None,None,4307.542,4325.89,4363.218,263.0,304.0,286.0,285.0,True,Williams,4277.466,2026-03-08T04:12:24.089000000,False,None,False,True,4273.82,24.2,54.7,1012.6,False,35.1,99,3.4,Australian Grand Prix
85.433,8,SOFT,1,30.051,18.228,37.154,710010000.0,0.0,0.0,8,14.0,1,True,4448.597,SAI,55,None,None,4393.269,4411.497,4448.651,264.0,305.0,293.0,286.0,True,Williams,4363.164,2026-03-08T04:13:49.787000000,False,None,False,True,4393.821,24.5,54.3,1012.6,False,36.6,104,2.4,Australian Grand Prix
85.826,9,SOFT,1,29.997,18.347,37.482,710000000.0,0.0,10000000.0,9,14.0,1,False,4534.423,SAI,55,None,None,4478.648,4496.995,4534.477,263.0,304.0,292.0,294.0,True,Williams,4448.597,2026-03-08T04:15:15.220000000,False,None,False,True,4453.832,24.4,53.7,1012.6,False,38.1,121,3.1,Australian Grand Prix
86.202,10,SOFT,1,30.638,18.332,37.232,700000000.0,0.0,100000555.0,10,14.0,1,False,4620.625,SAI,55,None,None,4565.115,4583.447,4620.679,263.0,303.0,293.0,292.0,True,Williams,4534.423,2026-03-08T04:16:41.046000000,False,None,False,True,4573.833,24.5,53.3,1012.6,False,36.7,119,1.6,Australian Grand Prix
106.912,11,SOFT,1,30.181,18.25,58.481,500000000.0,0.0,0.0,11,13.0,16,False,4727.537,SAI,55,None,4709.832,4650.86,4669.11,4727.591,262.0,301.0,None,287.0,True,Williams,4620.625,2026-03-08T04:18:07.248000000,False,None,False,False,4633.861,24.4,53.1,1012.4,False,36.6,128,2.7,Australian Grand Prix
116.846,12,HARD,2,43.366,25.069,48.411,0.0,0.0,11.0,1,13.0,6,False,4844.383,SAI,55,4729.955,None,4770.957,4796.026,4844.437,241.0,158.0,248.0,225.0,True,Williams,4727.537,2026-03-08T04:19:54.160000000,False,None,False,False,4753.868,24.5,53.5,1012.4,False,36.5,128,2.0,Australian Grand Prix
108.341,13,HARD,2,41.682,26.884,39.775,110000100.0,11000.0,1010000.0,2,13.0,671,False,4952.724,SAI,55,None,None,4886.119,4913.003,4952.778,232.0,116.0,303.0,159.0,True,Williams,4844.383,2026-03-08T04:21:51.006000000,False,None,False,False,4873.87,24.6,52.3,1012.4,False,36.8,113,2.0,Australian Grand Prix
84.927,14,HARD,2,29.998,18.087,36.842,1101.0,0.0,10010000.0,3,13.0,1,True,5037.651,SAI,55,None,None,4982.776,5000.863,5037.705,264.0,306.0,298.0,290.0,True,Williams,4952.724,2026-03-08T04:23:39.347000000,False,None,False,True,4993.903,24.3,53.3,1012.4,False,36.6,114,2.5,Australian Grand Prix
84.824,15,HARD,2,29.765,18.155,36.904,700001000.0,10000.0,1000000.0,4,13.0,1,True,5122.475,SAI,55,None,None,5067.47,5085.625,5122.529,267.0,308.0,299.0,287.0,True,Williams,5037.651,2026-03-08T04:25:04.274000000,False,None,False,True,5053.917,24.3,53.7,1012.3,False,37.3,125,2.0,Australian Grand Prix
84.94,16,HARD,2,29.783,18.143,37.014,701000000.0,10000.0,1000010000.0,5,12.0,1,False,5207.415,SAI,55,None,None,5152.312,5170.455,5207.469,263.0,303.0,296.0,294.0,True,Williams,5122.475,2026-03-08T04:26:29.098000000,False,None,False,True,5113.908,24.3,53.9,1012.3,False,38.4,140,3.5,Australian Grand Prix
85.151,17,HARD,2,29.86,18.235,37.056,711010000.0,0.0,0.0,6,12.0,1,False,5292.566,SAI,55,None,None,5237.329,5255.564,5292.62,265.0,300.0,290.0,288.0,True,Williams,5207.415,2026-03-08T04:27:54.038000000,False,None,False,True,5233.92,24.6,53.1,1012.3,False,37.7,111,3.0,Australian Grand Prix
102.82,18,HARD,2,29.887,27.055,45.878,700000000.0,0.0,0.0,7,12.0,126,False,5395.386,SAI,55,None,None,5322.507,5349.562,5395.44,262.0,210.0,209.0,291.0,True,Williams,5292.566,2026-03-08T04:29:19.189000000,False,None,False,False,5293.918,24.6,52.5,1012.3,False,36.7,138,4.1,Australian Grand Prix
110.08,19,HARD,2,42.226,23.719,44.135,100000000.0,0.0,0.0,8,12.0,671,False,5505.466,SAI,55,None,None,5437.666,5461.385,5505.52,221.0,218.0,303.0,213.0,True,Williams,5395.386,2026-03-08T04:31:02.009000000,False,None,False,False,5413.936,24.7,53.0,1012.3,False,35.9,142,2.9,Australian Grand Prix
85.394,20,HARD,2,29.948,18.238,37.208,1000000.0,0.0,0.0,9,12.0,1,False,5590.86,SAI,55,None,None,5535.468,5553.706,5590.914,263.0,299.0,294.0,289.0,True,Williams,5505.466,2026-03-08T04:32:52.089000000,False,None,False,True,5533.969,24.6,53.4,1012.2,False,35.8,126,2.8,Australian Grand Prix
85.409,21,HARD,2,29.886,18.212,37.311,700000000.0,0.0,0.0,10,12.0,1,False,5676.269,SAI,55,None,None,5620.8,5639.012,5676.323,266.0,307.0,290.0,290.0,True,Williams,5590.86,2026-03-08T04:34:17.483000000,False,None,False,True,5593.968,24.6,53.3,1012.1,False,35.7,119,3.8,Australian Grand Prix
85.37,22,HARD,2,30.0,18.143,37.227,700000000.0,0.0,0.0,11,12.0,1,False,5761.639,SAI,55,None,None,5706.323,5724.466,5761.693,264.0,306.0,297.0,299.0,True,Williams,5676.269,2026-03-08T04:35:42.892000000,False,None,False,True,5713.957,24.6,52.8,1012.1,False,36.4,111,2.9,Australian Grand Prix
85.6,23,HARD,2,29.925,18.23,37.445,700000000.0,0.0,0.0,12,12.0,1,False,5847.239,SAI,55,None,None,5791.618,5809.848,5847.293,264.0,303.0,295.0,293.0,True,Williams,5761.639,2026-03-08T04:37:08.262000000,False,None,False,True,5773.973,24.5,52.9,1012.2,False,36.6,95,1.4,Australian Grand Prix
85.704,24,HARD,2,30.109,18.234,37.361,700000000.0,0.0,0.0,13,12.0,1,False,5932.943,SAI,55,None,None,5877.402,5895.636,5932.997,257.0,302.0,293.0,294.0,True,Williams,5847.239,2026-03-08T04:38:33.862000000,False,None,False,True,5833.959,24.6,53.4,1012.1,False,37.0,114,2.1,Australian Grand Prix
86.122,25,HARD,2,30.227,18.286,37.609,700000000.0,0.0,0.0,14,12.0,1,False,6019.065,SAI,55,None,None,5963.224,5981.51,6019.119,264.0,301.0,295.0,291.0,True,Williams,5932.943,2026-03-08T04:39:59.566000000,False,None,False,True,5953.975,24.8,52.6,1012.1,False,37.6,147,3.1,Australian Grand Prix
86.141,26,HARD,2,30.101,18.471,37.569,700010000.0,0.0,0.0,15,12.0,1,False,6105.206,SAI,55,None,None,6049.22,6067.691,6105.26,264.0,296.0,295.0,294.0,True,Williams,6019.065,2026-03-08T04:41:25.688000000,False,None,False,True,6013.976,24.8,52.7,1012.0,False,37.4,106,3.3,Australian Grand Prix
86.124,27,HARD,2,30.032,18.344,37.748,710000000.0,0.0,0.0,16,12.0,1,False,6191.33,SAI,55,None,None,6135.292,6153.636,6191.384,261.0,299.0,294.0,298.0,True,Williams,6105.206,2026-03-08T04:42:51.829000000,False,None,False,True,6134.01,24.8,52.0,1012.0,False,36.5,98,2.5,Australian Grand Prix
86.796,28,HARD,2,30.439,18.438,37.919,700000000.0,0.0,0.0,17,12.0,1,False,6278.126,SAI,55,None,None,6221.823,6240.261,6278.18,257.0,296.0,292.0,299.0,True,Williams,6191.33,2026-03-08T04:44:17.953000000,False,None,False,True,6194.01,24.8,52.8,1012.0,False,36.3,98,4.0,Australian Grand Prix
88.049,29,HARD,2,30.484,18.443,39.122,700000000.0,0.0,0.0,18,13.0,1,False,6366.175,SAI,55,None,None,6308.664,6327.107,6366.229,254.0,298.0,296.0,290.0,True,Williams,6278.126,2026-03-08T04:45:44.749000000,False,None,False,True,6254.01,24.8,52.8,1012.1,False,36.1,120,3.0,Australian Grand Prix
87.095,30,HARD,2,30.748,18.308,38.039,700010000.0,0.0,0.0,19,13.0,1,False,6453.27,SAI,55,None,None,6396.977,6415.285,6453.324,250.0,307.0,294.0,285.0,True,Williams,6366.175,2026-03-08T04:47:12.798000000,False,None,False,True,6374.017,25.3,53.7,1012.0,False,36.1,123,2.5,Australian Grand Prix
86.639,31,HARD,2,30.585,18.197,37.857,700000000.0,0.0,0.0,20,13.0,1,False,6539.909,SAI,55,None,None,6483.909,6502.106,6539.963,253.0,306.0,297.0,282.0,True,Williams,6453.27,2026-03-08T04:48:39.893000000,False,None,False,True,6434.013,25.2,53.5,1011.9,False,37.3,184,1.0,Australian Grand Prix
87.386,32,HARD,2,30.628,18.361,38.397,700000000.0,0.0,555.0,21,13.0,1,False,6627.295,SAI,55,None,None,6570.591,6588.952,6627.349,251.0,299.0,294.0,294.0,True,Williams,6539.909,2026-03-08T04:50:06.532000000,False,None,False,True,6554.015,25.2,53.1,1012.0,False,37.0,125,4.0,Australian Grand Prix
119.861,33,HARD,2,30.606,18.531,70.724,500000000.0,100.0,11.0,22,14.0,167,False,6747.156,SAI,55,None,6723.329,6657.955,6676.486,6747.21,254.0,261.0,None,289.0,True,Williams,6627.295,2026-03-08T04:51:33.918000000,False,None,False,False,6614.014,25.1,53.0,1012.0,False,37.2,147,3.0,Australian Grand Prix
93.021,34,MEDIUM,3,36.393,18.189,38.439,100000100.0,1000.0,1000000.0,1,15.0,1,False,6840.177,SAI,55,6749.495,None,6783.603,6801.792,6840.231,250.0,306.0,304.0,208.0,True,Williams,6747.156,2026-03-08T04:53:33.779000000,False,None,False,False,6674.029,25.1,53.2,1011.8,False,37.7,107,2.5,Australian Grand Prix
84.881,35,MEDIUM,3,29.725,18.12,37.036,1000000.0,0.0,1000000000.0,2,15.0,1,False,6925.058,SAI,55,None,None,6869.956,6888.076,6925.112,266.0,303.0,297.0,295.0,True,Williams,6840.177,2026-03-08T04:55:06.800000000,False,None,False,True,6794.063,25.2,52.4,1011.9,False,37.2,105,3.7,Australian Grand Prix
84.804,36,MEDIUM,3,29.914,18.07,36.82,700110000.0,0.0,1.0,3,15.0,1,True,7009.862,SAI,55,None,None,6955.026,6973.096,7009.916,262.0,305.0,300.0,293.0,True,Williams,6925.058,2026-03-08T04:56:31.681000000,False,None,False,True,6914.079,25.2,52.5,1011.8,False,37.8,119,3.8,Australian Grand Prix
85.21,37,MEDIUM,3,29.697,18.099,37.414,100000000.0,100.0,0.0,4,15.0,1,False,7095.072,SAI,55,None,None,7039.613,7057.712,7095.126,267.0,307.0,316.0,296.0,True,Williams,7009.862,2026-03-08T04:57:56.485000000,False,None,False,True,6974.097,25.2,52.8,1011.8,False,37.0,120,3.8,Australian Grand Prix
87.205,38,MEDIUM,3,30.364,18.312,38.529,0.0,1111.0,0.0,5,15.0,1,False,7182.277,SAI,55,None,None,7125.49,7143.802,7182.331,253.0,311.0,299.0,282.0,True,Williams,7095.072,2026-03-08T04:59:21.695000000,False,None,False,True,7094.098,25.1,53.0,1011.8,False,35.9,115,3.0,Australian Grand Prix
87.266,39,MEDIUM,3,30.213,17.83,39.223,700100000.0,0.0,0.0,6,15.0,1,False,7269.543,SAI,55,None,None,7212.544,7230.374,7269.597,264.0,311.0,291.0,289.0,True,Williams,7182.277,2026-03-08T05:00:48.900000000,False,None,False,True,7154.099,25.0,52.1,1011.8,False,35.7,98,2.5,Australian Grand Prix
86.222,40,MEDIUM,3,30.49,17.986,37.746,100000000.0,0.0,100000000.0,7,15.0,1,False,7355.765,SAI,55,None,None,7300.087,7318.073,7355.819,267.0,313.0,310.0,286.0,True,Williams,7269.543,2026-03-08T05:02:16.166000000,False,None,False,True,7214.101,25.0,52.7,1011.8,False,35.5,140,3.1,Australian Grand Prix
86.717,41,MEDIUM,3,30.627,17.963,38.127,0.0,0.0,110000000.0,8,15.0,1,False,7442.482,SAI,55,None,None,7386.446,7404.409,7442.536,257.0,319.0,292.0,287.0,True,Williams,7355.765,2026-03-08T05:03:42.388000000,False,None,False,True,7334.114,25.0,52.8,1011.7,False,35.5,136,3.6,Australian Grand Prix
85.361,42,MEDIUM,3,30.05,17.96,37.351,700000000.0,1000.0,0.0,9,15.0,1,False,7527.843,SAI,55,None,None,7472.586,7490.546,7527.897,260.0,312.0,293.0,286.0,True,Williams,7442.482,2026-03-08T05:05:09.105000000,False,None,False,True,7394.119,25.0,52.8,1011.8,False,35.4,96,2.8,Australian Grand Prix
85.287,43,MEDIUM,3,30.117,17.882,37.288,700000000.0,0.0,0.0,10,15.0,1,False,7613.13,SAI,55,None,None,7558.014,7575.896,7613.184,260.0,313.0,297.0,295.0,True,Williams,7527.843,2026-03-08T05:06:34.466000000,False,None,False,True,7454.108,25.1,52.6,1011.6,False,35.5,99,1.3,Australian Grand Prix
85.529,44,MEDIUM,3,30.218,18.005,37.306,700000000.0,0.0,1000000555.0,11,15.0,1,False,7698.659,SAI,55,None,None,7643.402,7661.407,7698.713,259.0,309.0,298.0,303.0,True,Williams,7613.13,2026-03-08T05:07:59.753000000,False,None,False,True,7574.136,25.2,52.7,1011.7,False,36.2,93,1.0,Australian Grand Prix
116.391,45,MEDIUM,3,30.019,18.045,68.327,500000001.0,0.0,1011100110.0,12,15.0,1,False,7815.05,SAI,55,None,7782.506,7728.732,7746.777,7815.104,260.0,310.0,None,300.0,True,Williams,7698.659,2026-03-08T05:09:25.282000000,False,None,False,False,7634.151,25.1,52.5,1011.7,False,36.6,110,2.0,Australian Grand Prix
91.589,46,SOFT,4,37.024,18.112,36.453,11110011.0,1000.0,100000000.0,1,15.0,1,False,7906.639,SAI,55,7817.375,None,7852.128,7870.24,7906.693,269.0,306.0,301.0,201.0,True,Williams,7815.05,2026-03-08T05:11:21.673000000,False,None,False,False,7754.15,25.1,51.4,1011.6,False,35.7,118,3.9,Australian Grand Prix
96.209,47,SOFT,4,29.27,17.805,49.134,700000000.0,10000.0,100100.0,2,15.0,1,False,8002.848,SAI,55,None,None,7935.963,7953.768,8002.902,274.0,319.0,273.0,304.0,True,Williams,7906.639,2026-03-08T05:12:53.262000000,False,None,False,True,7814.153,25.1,51.4,1011.6,False,35.6,140,2.9,Australian Grand Prix
84.977,48,SOFT,4,30.091,18.142,36.744,710001110.0,10000.0,1000110100.0,3,15.0,1,False,8087.825,SAI,55,None,None,8032.993,8051.135,8087.879,259.0,300.0,285.0,278.0,True,Williams,8002.848,2026-03-08T05:14:29.471000000,False,None,False,True,7874.138,25.1,52.4,1011.6,False,35.4,106,4.0,Australian Grand Prix
83.922,49,SOFT,4,29.343,18.041,36.538,711001111.0,10000.0,1000000000.0,4,15.0,1,True,8171.747,SAI,55,None,None,8117.222,8135.263,8171.801,267.0,300.0,291.0,293.0,True,Williams,8087.825,2026-03-08T05:15:54.448000000,False,None,False,True,7994.158,25.1,52.9,1011.6,False,36.8,110,2.4,Australian Grand Prix
83.6,50,SOFT,4,29.2,17.936,36.464,710000010.0,0.0,0.0,5,15.0,1,True,8255.347,SAI,55,None,None,8201.001,8218.937,8255.401,271.0,301.0,294.0,293.0,True,Williams,8171.747,2026-03-08T05:17:18.370000000,False,None,False,True,8054.173,25.2,53.0,1011.6,False,36.5,116,2.6,Australian Grand Prix
83.87,51,SOFT,4,29.442,18.002,36.426,700000000.0,1000.0,1000100.0,6,15.0,1,False,8339.217,SAI,55,None,None,8284.843,8302.845,8339.271,268.0,302.0,297.0,290.0,True,Williams,8255.347,2026-03-08T05:18:41.970000000,False,None,False,True,8174.192,25.3,52.0,1011.6,False,35.9,125,2.3,Australian Grand Prix
83.59,52,SOFT,4,29.198,18.018,36.374,710000000.0,0.0,0.0,7,15.0,1,True,8422.807,SAI,55,None,None,8368.469,8386.487,8422.861,270.0,301.0,296.0,289.0,True,Williams,8339.217,2026-03-08T05:20:05.840000000,False,None,False,True,8234.191,25.3,52.2,1011.5,False,35.6,106,3.1,Australian Grand Prix
87.961,53,SOFT,4,33.135,18.257,36.569,700000001.0,0.0,100000.0,8,15.0,1,False,8510.768,SAI,55,None,None,8455.996,8474.253,8510.822,256.0,301.0,298.0,293.0,True,Williams,8422.807,2026-03-08T05:21:29.430000000,True,TRACK LIMITS AT TURN 3 LAP 53 ,False,True,8294.207,25.3,51.1,1011.5,False,35.3,121,3.0,Australian Grand Prix
84.266,54,SOFT,4,29.358,18.216,36.692,701000000.0,0.0,1000100000.0,9,15.0,1,False,8595.034,SAI,55,None,None,8540.18,8558.396,8595.088,271.0,296.0,292.0,291.0,True,Williams,8510.768,2026-03-08T05:22:57.391000000,False,None,False,True,8414.244,25.3,51.9,1011.5,False,34.8,115,3.0,Australian Grand Prix
83.809,55,SOFT,4,29.303,18.121,36.385,700001011.0,0.0,0.0,10,15.0,1,False,8678.843,SAI,55,None,None,8624.391,8642.512,8678.897,270.0,295.0,294.0,287.0,True,Williams,8595.034,2026-03-08T05:24:21.657000000,False,None,False,True,8474.264,25.3,51.7,1011.5,False,34.7,130,4.2,Australian Grand Prix
84.823,56,SOFT,4,29.171,18.86,36.792,700000000.0,0.0,,11,15.0,1,False,8763.666,SAI,55,None,None,8708.068,8726.928,8763.72,272.0,300.0,295.0,293.0,True,Williams,8678.843,2026-03-08T05:25:45.466000000,False,None,False,True,8534.293,25.2,51.6,1011.6,False,34.6,126,3.2,Australian Grand Prix
103.37,1,MEDIUM,1,,19.505,40.559,77777777.0,0.0,77.0,1,20.0,1,False,3843.349,STR,18,None,None,None,3803.481,3843.562,232.0,272.0,292.0,188.0,True,Aston Martin,3739.743,2026-03-08T04:03:26.366000000,False,None,False,False,3793.796,24.2,54.0,1012.8,False,36.6,104,4.4,Australian Grand Prix
88.773,2,MEDIUM,1,31.679,18.599,38.495,711110000.0,11111.0,1110011.0,2,20.0,1,True,3932.122,STR,18,None,None,3875.047,3893.646,3932.141,248.0,292.0,293.0,244.0,True,Aston Martin,3843.349,2026-03-08T04:05:09.972000000,False,None,False,True,3853.794,24.2,54.4,1012.8,False,36.0,135,2.3,Australian Grand Prix
88.58,3,MEDIUM,1,31.507,18.467,38.606,111000011.0,1.0,11010011.0,3,20.0,1,True,4020.702,STR,18,None,None,3963.648,3982.115,4020.721,245.0,297.0,302.0,261.0,True,Aston Martin,3932.122,2026-03-08T04:06:38.745000000,False,None,False,True,3973.816,24.1,54.1,1012.9,False,36.1,112,1.6,Australian Grand Prix
88.079,4,MEDIUM,1,31.176,18.646,38.257,710000000.0,10000.0,1011000000.0,4,20.0,1,True,4108.781,STR,18,None,None,4051.897,4070.543,4108.8,249.0,299.0,304.0,282.0,True,Aston Martin,4020.702,2026-03-08T04:08:07.325000000,False,None,False,True,4033.811,24.1,54.1,1012.9,False,36.1,112,1.6,Australian Grand Prix
88.185,5,MEDIUM,1,31.252,18.541,38.392,10010.0,10000.0,10010000.0,5,20.0,1,False,4196.966,STR,18,None,None,4140.052,4158.593,4196.985,247.0,292.0,292.0,281.0,True,Aston Martin,4108.781,2026-03-08T04:09:35.404000000,False,None,False,True,4153.828,24.2,54.2,1012.8,False,35.1,127,2.2,Australian Grand Prix
88.202,6,MEDIUM,1,31.239,18.645,38.318,700011000.0,11000.0,1000000100.0,6,20.0,1,False,4285.168,STR,18,None,None,4228.224,4246.869,4285.187,247.0,285.0,291.0,265.0,True,Aston Martin,4196.966,2026-03-08T04:11:03.589000000,False,None,False,True,4213.83,24.2,54.3,1012.6,False,35.3,114,2.7,Australian Grand Prix
87.987,7,MEDIUM,1,31.152,18.586,38.249,701001011.0,11000.0,1011001100.0,7,20.0,1,True,4373.155,STR,18,None,None,4316.339,4334.925,4373.174,246.0,296.0,288.0,275.0,True,Aston Martin,4285.168,2026-03-08T04:12:31.791000000,False,None,False,True,4273.82,24.2,54.7,1012.6,False,35.1,99,3.4,Australian Grand Prix
87.644,8,MEDIUM,1,30.941,18.662,38.041,701001011.0,10000.0,10100000.0,8,20.0,1,True,4460.799,STR,18,None,None,4404.115,4422.777,4460.818,249.0,291.0,285.0,278.0,True,Aston Martin,4373.155,2026-03-08T04:13:59.778000000,False,None,False,True,4393.821,24.5,54.3,1012.6,False,36.6,104,2.4,Australian Grand Prix
88.072,9,MEDIUM,1,30.958,18.759,38.355,700000000.0,10000.0,10100000.0,9,19.0,1,False,4548.871,STR,18,None,None,4491.776,4510.535,4548.89,249.0,278.0,284.0,274.0,True,Aston Martin,4460.799,2026-03-08T04:15:27.422000000,False,None,False,True,4453.832,24.4,53.7,1012.6,False,38.1,121,3.1,Australian Grand Prix
87.614,10,MEDIUM,1,31.028,18.726,37.86,710001011.0,0.0,555.0,10,19.0,1,True,4636.485,STR,18,None,None,4579.918,4598.644,4636.504,249.0,276.0,284.0,277.0,True,Aston Martin,4548.871,2026-03-08T04:16:55.494000000,False,None,False,True,4573.833,24.5,53.3,1012.6,False,36.7,119,1.6,Australian Grand Prix
132.251,11,MEDIUM,1,30.877,18.895,82.479,500000000.0,0.0,0.0,11,19.0,16,False,4768.736,STR,18,None,4734.258,4667.381,4686.276,4768.755,249.0,233.0,None,278.0,True,Aston Martin,4636.485,2026-03-08T04:18:23.108000000,False,None,False,False,4633.861,24.4,53.1,1012.4,False,36.6,128,2.7,Australian Grand Prix
118.206,12,HARD,2,43.992,27.8,46.414,0.0,0.0,111010.0,1,18.0,6,False,4886.942,STR,18,4771.102,None,4812.747,4840.547,4886.961,202.0,136.0,270.0,198.0,True,Aston Martin,4768.736,2026-03-08T04:20:35.359000000,False,None,False,False,4753.868,24.5,53.5,1012.4,False,36.5,128,2.0,Australian Grand Prix
98.945,13,HARD,2,40.361,20.569,38.015,701001111.0,11000.0,1111000.0,2,17.0,671,False,4985.887,STR,18,None,None,4927.322,4947.891,4985.906,229.0,267.0,282.0,142.0,True,Aston Martin,4886.942,2026-03-08T04:22:33.565000000,False,None,False,False,4873.87,24.6,52.3,1012.4,False,36.8,113,2.0,Australian Grand Prix
87.008,14,HARD,2,30.582,18.7,37.726,711010011.0,0.0,100000000.0,3,17.0,1,True,5072.895,STR,18,None,None,5016.488,5035.188,5072.914,250.0,269.0,283.0,268.0,True,Aston Martin,4985.887,2026-03-08T04:24:12.510000000,False,None,False,True,4993.903,24.3,53.3,1012.4,False,36.6,114,2.5,Australian Grand Prix
86.872,15,HARD,2,30.449,18.787,37.636,711000000.0,10000.0,101100000.0,4,17.0,1,True,5159.767,STR,18,None,None,5103.363,5122.15,5159.786,250.0,268.0,282.0,277.0,True,Aston Martin,5072.895,2026-03-08T04:25:39.518000000,False,None,False,True,5053.917,24.3,53.7,1012.3,False,37.3,125,2.0,Australian Grand Prix
87.37,16,HARD,2,30.539,18.86,37.971,710000010.0,0.0,0.0,5,17.0,1,False,5247.137,STR,18,None,None,5190.325,5209.185,5247.156,248.0,266.0,282.0,277.0,True,Aston Martin,5159.767,2026-03-08T04:27:06.390000000,False,None,False,True,5113.908,24.3,53.9,1012.3,False,38.4,140,3.5,Australian Grand Prix
90.502,17,HARD,2,30.552,18.854,41.096,700000000.0,0.0,0.0,6,17.0,126,False,5337.639,STR,18,None,None,5277.708,5296.562,5337.658,249.0,267.0,139.0,277.0,True,Aston Martin,5247.137,2026-03-08T04:28:33.760000000,False,None,False,False,5233.92,24.6,53.1,1012.3,False,37.7,111,3.0,Australian Grand Prix
114.0,18,HARD,2,41.181,23.17,49.649,700000000.0,0.0,1000.0,7,17.0,6,False,5451.639,STR,18,None,None,5378.839,5402.009,5451.658,237.0,230.0,270.0,188.0,True,Aston Martin,5337.639,2026-03-08T04:30:04.262000000,False,None,False,False,5293.918,24.6,52.5,1012.3,False,36.7,138,4.1,Australian Grand Prix
99.887,19,HARD,2,39.971,20.637,39.279,700010001.0,0.0,1000000000.0,8,17.0,671,False,5551.526,STR,18,None,None,5491.629,5512.266,5551.545,181.0,223.0,285.0,198.0,True,Aston Martin,5451.639,2026-03-08T04:31:58.262000000,False,None,False,False,5413.936,24.7,53.0,1012.3,False,35.9,142,2.9,Australian Grand Prix
88.097,20,HARD,2,30.414,18.829,38.854,700010001.0,0.0,0.0,9,17.0,1,False,5639.623,STR,18,None,None,5581.959,5600.788,5639.642,251.0,284.0,287.0,281.0,True,Aston Martin,5551.526,2026-03-08T04:33:38.149000000,False,None,False,True,5533.969,24.6,53.4,1012.2,False,35.8,126,2.8,Australian Grand Prix
87.915,21,HARD,2,30.951,18.969,37.995,700000001.0,0.0,10000.0,10,17.0,1,False,5727.538,STR,18,None,None,5670.593,5689.562,5727.557,251.0,286.0,262.0,284.0,True,Aston Martin,5639.623,2026-03-08T04:35:06.246000000,False,None,False,True,5593.968,24.6,53.3,1012.1,False,35.7,119,3.8,Australian Grand Prix
87.48,22,HARD,2,30.985,18.744,37.751,700000000.0,0.0,100000.0,11,17.0,1,False,5815.018,STR,18,None,None,5758.542,5777.286,5815.037,256.0,287.0,280.0,245.0,True,Aston Martin,5727.538,2026-03-08T04:36:34.161000000,False,None,False,True,5713.957,24.6,52.8,1012.1,False,36.4,111,2.9,Australian Grand Prix
87.511,23,HARD,2,30.801,19.05,37.66,700000000.0,0.0,100100000.0,12,17.0,1,False,5902.529,STR,18,None,None,5845.838,5864.888,5902.548,249.0,258.0,281.0,274.0,True,Aston Martin,5815.018,2026-03-08T04:38:01.641000000,False,None,False,True,5773.973,24.5,52.9,1012.2,False,36.6,95,1.4,Australian Grand Prix
87.122,24,HARD,2,30.653,18.936,37.533,700000000.0,0.0,0.0,13,17.0,1,False,5989.651,STR,18,None,None,5933.201,5952.137,5989.67,248.0,259.0,281.0,275.0,True,Aston Martin,5902.529,2026-03-08T04:39:29.152000000,False,None,False,True,5833.959,24.6,53.4,1012.1,False,37.0,114,2.1,Australian Grand Prix
89.033,25,HARD,2,30.673,18.907,39.453,700000000.0,0.0,555.0,14,17.0,1,False,6078.684,STR,18,None,None,6020.343,6039.25,6078.703,251.0,262.0,282.0,275.0,True,Aston Martin,5989.651,2026-03-08T04:40:56.274000000,False,None,False,True,5953.975,24.8,52.6,1012.1,False,37.6,147,3.1,Australian Grand Prix
118.866,26,HARD,2,30.903,18.957,69.006,500000000.0,0.0,0.0,15,17.0,1,False,6197.55,STR,18,None,6166.531,6109.606,6128.563,6197.569,249.0,289.0,None,272.0,True,Aston Martin,6078.684,2026-03-08T04:42:25.307000000,False,None,False,False,6013.976,24.8,52.7,1012.0,False,37.4,106,3.3,Australian Grand Prix
97.514,27,SOFT,3,38.666,19.35,39.498,11001110.0,11000.0,1110100.0,1,17.0,1,False,6295.064,STR,18,6199.975,None,6236.235,6255.585,6295.083,245.0,259.0,283.0,209.0,True,Aston Martin,6197.55,2026-03-08T04:44:24.173000000,False,None,False,False,6134.01,24.8,52.0,1012.0,False,36.5,98,2.5,Australian Grand Prix
86.074,28,SOFT,3,30.185,18.792,37.097,701000000.0,10000.0,0.0,2,17.0,1,True,6381.138,STR,18,None,None,6325.268,6344.06,6381.157,252.0,262.0,284.0,276.0,True,Aston Martin,6295.064,2026-03-08T04:46:01.687000000,False,None,False,True,6194.01,24.8,52.8,1012.0,False,36.3,98,4.0,Australian Grand Prix
86.064,29,SOFT,3,30.217,18.613,37.234,700000010.0,0.0,0.0,3,17.0,1,True,6467.202,STR,18,None,None,6411.374,6429.987,6467.221,252.0,266.0,286.0,276.0,True,Aston Martin,6381.138,2026-03-08T04:47:27.761000000,False,None,False,True,6254.01,24.8,52.8,1012.1,False,36.1,120,3.0,Australian Grand Prix
87.416,30,SOFT,3,30.233,18.674,38.509,700000000.0,0.0,10000000.0,4,17.0,1,False,6554.618,STR,18,None,None,6497.454,6516.128,6554.637,252.0,265.0,290.0,275.0,True,Aston Martin,6467.202,2026-03-08T04:48:53.825000000,False,None,False,True,6374.017,25.3,53.7,1012.0,False,36.1,123,2.5,Australian Grand Prix
86.387,31,SOFT,3,30.422,18.577,37.388,700000000.0,0.0,0.0,5,17.0,1,False,6641.005,STR,18,None,None,6585.059,6603.636,6641.024,251.0,268.0,284.0,276.0,True,Aston Martin,6554.618,2026-03-08T04:50:21.241000000,False,None,False,True,6434.013,25.2,53.5,1011.9,False,37.3,184,1.0,Australian Grand Prix
102.468,32,SOFT,3,31.787,30.644,40.037,700000000.0,0.0,0.0,6,17.0,167,False,6743.473,STR,18,None,None,6672.811,6703.455,6743.492,252.0,208.0,285.0,273.0,True,Aston Martin,6641.005,2026-03-08T04:51:47.628000000,False,None,False,False,6554.015,25.2,53.1,1012.0,False,37.0,125,4.0,Australian Grand Prix
86.528,33,SOFT,3,30.503,18.728,37.297,710000000.0,0.0,555.0,7,17.0,1,False,6830.001,STR,18,None,None,6773.995,6792.723,6830.02,251.0,265.0,292.0,274.0,True,Aston Martin,6743.473,2026-03-08T04:53:30.096000000,False,None,False,True,6614.014,25.1,53.0,1012.0,False,37.2,147,3.0,Australian Grand Prix
1168.144,34,SOFT,3,30.496,19.613,,500000000.0,0.0,1100100.0,8,17.0,1,False,7998.247,STR,18,None,6918.611,6860.759,6880.301,None,252.0,296.0,None,298.0,True,Aston Martin,6830.001,2026-03-08T04:54:56.624000000,False,None,False,False,6674.029,25.1,53.2,1011.8,False,37.7,107,2.5,Australian Grand Prix
95.637,35,SOFT,4,39.439,18.905,37.293,11110.0,1100.0,1000100000.0,1,17.0,1,False,8093.884,STR,18,8000.515,None,8037.705,8056.61,8093.903,244.0,265.0,290.0,151.0,True,Aston Martin,7998.247,2026-03-08T05:14:24.870000000,False,None,False,False,6794.063,25.2,52.4,1011.9,False,37.2,105,3.7,Australian Grand Prix
85.41,36,SOFT,4,29.828,18.491,37.091,700000000.0,0.0,1010000.0,2,17.0,1,True,8179.294,STR,18,None,None,8123.731,8142.222,8179.313,251.0,268.0,284.0,285.0,True,Aston Martin,8093.884,2026-03-08T05:16:00.507000000,False,None,False,True,6914.079,25.2,52.5,1011.8,False,37.8,119,3.8,Australian Grand Prix
86.32,37,SOFT,4,30.139,18.756,37.425,700000000.0,0.0,0.0,3,17.0,1,False,8265.614,STR,18,None,None,8209.452,8228.208,8265.633,251.0,261.0,287.0,276.0,True,Aston Martin,8179.294,2026-03-08T05:17:25.917000000,False,None,False,True,6974.097,25.2,52.8,1011.8,False,37.0,120,3.8,Australian Grand Prix
86.37,38,SOFT,4,30.177,18.735,37.458,700000000.0,0.0,555.0,4,17.0,1,False,8351.984,STR,18,None,None,8295.81,8314.545,8352.003,251.0,262.0,286.0,278.0,True,Aston Martin,8265.614,2026-03-08T05:18:52.237000000,False,None,False,True,7094.098,25.1,53.0,1011.8,False,35.9,115,3.0,Australian Grand Prix
105.889,39,SOFT,4,30.411,18.745,56.733,500000000.0,0.0,111000.0,5,17.0,1,False,8457.873,STR,18,None,8437.402,8382.414,8401.159,8457.892,248.0,261.0,None,278.0,True,Aston Martin,8351.984,2026-03-08T05:20:18.607000000,False,None,False,False,7154.099,25.0,52.1,1011.8,False,35.7,98,2.5,Australian Grand Prix
92.972,40,SOFT,5,36.906,19.049,37.017,11000100.0,0.0,100000.0,1,17.0,1,False,8550.845,STR,18,8460.243,None,8494.798,8513.847,8550.864,247.0,259.0,295.0,209.0,True,Aston Martin,8457.873,2026-03-08T05:22:04.496000000,False,None,False,False,7214.101,25.0,52.7,1011.8,False,35.5,140,3.1,Australian Grand Prix
85.444,41,SOFT,5,29.694,18.741,37.009,700000010.0,1000.0,101000000.0,2,17.0,1,False,8636.289,STR,18,None,None,8580.558,8599.299,8636.308,252.0,260.0,285.0,302.0,True,Aston Martin,8550.845,2026-03-08T05:23:37.468000000,False,None,False,True,7334.114,25.0,52.8,1011.7,False,35.5,136,3.6,Australian Grand Prix
85.707,42,SOFT,5,29.973,18.791,36.943,700000110.0,0.0,0.0,3,17.0,1,False,8721.996,STR,18,None,None,8666.281,8685.072,8722.015,252.0,257.0,283.0,275.0,True,Aston Martin,8636.289,2026-03-08T05:25:02.912000000,False,None,False,True,7394.119,25.0,52.8,1011.8,False,35.4,96,2.8,Australian Grand Prix
85.919,43,SOFT,5,29.948,18.837,37.134,777777777.0,,,4,17.0,1,False,8807.915,STR,18,None,None,8751.963,8770.8,8807.934,251.0,257.0,283.0,274.0,True,Aston Martin,8721.996,2026-03-08T05:26:28.619000000,False,None,False,True,7454.108,25.1,52.6,1011.6,False,35.5,99,1.3,Australian Grand Prix
101.333,1,HARD,1,,18.975,39.753,77777777.0,0.0,77.0,1,16.0,1,False,3841.312,VER,3,None,None,None,3802.591,3841.376,235.0,292.0,277.0,211.0,True,Red Bull Racing,3739.743,2026-03-08T04:03:26.366000000,False,None,False,False,3793.796,24.2,54.0,1012.8,False,36.6,104,4.4,Australian Grand Prix
86.828,2,HARD,1,31.2,18.005,37.623,701310010.0,11000.0,1001.0,2,15.0,1,True,3928.14,VER,3,None,None,3872.576,3890.581,3928.204,245.0,313.0,306.0,269.0,True,Red Bull Racing,3841.312,2026-03-08T04:05:07.935000000,False,None,False,True,3853.794,24.2,54.4,1012.8,False,36.0,135,2.3,Australian Grand Prix
87.096,3,HARD,1,31.213,18.031,37.852,711001111.0,1.0,110000.0,3,14.0,1,False,4015.236,VER,3,None,None,3959.417,3977.448,4015.3,246.0,306.0,306.0,266.0,True,Red Bull Racing,3928.14,2026-03-08T04:06:34.763000000,False,None,False,True,3973.816,24.1,54.1,1012.9,False,36.1,112,1.6,Australian Grand Prix
86.571,4,HARD,1,30.547,17.928,38.096,711011110.0,13000.0,1111111011.0,4,13.0,1,True,4101.807,VER,3,None,None,4045.847,4063.775,4101.871,251.0,292.0,303.0,282.0,True,Red Bull Racing,4015.236,2026-03-08T04:08:01.859000000,False,None,False,True,4033.811,24.1,54.1,1012.9,False,36.1,112,1.6,Australian Grand Prix
84.879,5,HARD,1,29.902,18.36,36.617,710001001.0,11.0,1000000001.0,5,12.0,1,True,4186.686,VER,3,None,None,4131.773,4150.133,4186.75,247.0,295.0,308.0,281.0,True,Red Bull Racing,4101.807,2026-03-08T04:09:28.430000000,False,None,False,True,4153.828,24.2,54.2,1012.8,False,35.1,127,2.2,Australian Grand Prix
84.968,6,HARD,1,30.063,17.806,37.099,700000001.0,10000.0,1000000001.0,6,11.0,1,False,4271.654,VER,3,None,None,4216.813,4234.619,4271.718,253.0,324.0,308.0,295.0,True,Red Bull Racing,4186.686,2026-03-08T04:10:53.309000000,False,None,False,True,4213.83,24.2,54.3,1012.6,False,35.3,114,2.7,Australian Grand Prix
85.384,7,HARD,1,30.335,18.224,36.825,710100010.0,10000.0,111100.0,7,11.0,1,False,4357.038,VER,3,None,None,4302.053,4320.277,4357.102,254.0,303.0,312.0,275.0,True,Red Bull Racing,4271.654,2026-03-08T04:12:18.277000000,False,None,False,True,4273.82,24.2,54.7,1012.6,False,35.1,99,3.4,Australian Grand Prix
84.707,8,HARD,1,29.79,18.051,36.866,0.0,1000.0,0.0,8,10.0,1,True,4441.745,VER,3,None,None,4386.892,4404.943,4441.809,251.0,300.0,301.0,305.0,True,Red Bull Racing,4357.038,2026-03-08T04:13:43.661000000,False,None,False,True,4393.821,24.5,54.3,1012.6,False,36.6,104,2.4,Australian Grand Prix
85.071,9,HARD,1,29.879,17.966,37.226,700100001.0,133.0,110000000.0,9,10.0,1,False,4526.816,VER,3,None,None,4471.688,4489.654,4526.88,249.0,304.0,302.0,297.0,True,Red Bull Racing,4441.745,2026-03-08T04:15:08.368000000,False,None,False,True,4453.832,24.4,53.7,1012.6,False,38.1,121,3.1,Australian Grand Prix
85.133,10,HARD,1,30.036,17.609,37.488,711010000.0,0.0,0.0,10,9.0,1,False,4611.949,VER,3,None,None,4556.916,4574.525,4612.013,254.0,324.0,300.0,298.0,True,Red Bull Racing,4526.816,2026-03-08T04:16:33.439000000,False,None,False,True,4573.833,24.5,53.3,1012.6,False,36.7,119,1.6,Australian Grand Prix
91.029,11,HARD,1,29.804,18.006,43.219,700000000.0,0.0,0.0,11,6.0,16,False,4702.978,VER,3,None,None,4641.817,4659.823,4703.042,253.0,308.0,226.0,300.0,True,Red Bull Racing,4611.949,2026-03-08T04:17:58.572000000,False,None,False,False,4633.861,24.4,53.1,1012.4,False,36.6,128,2.7,Australian Grand Prix
114.214,12,HARD,1,39.818,27.803,46.593,700000000.0,0.0,0.0,12,6.0,6,False,4817.192,VER,3,None,None,4742.86,4770.663,4817.256,175.0,141.0,196.0,180.0,True,Red Bull Racing,4702.978,2026-03-08T04:19:29.601000000,False,None,False,False,4753.868,24.5,53.5,1012.4,False,36.5,128,2.0,Australian Grand Prix
114.861,13,HARD,1,40.5,28.662,45.699,700000100.0,0.0,1111000.0,13,6.0,67,False,4932.053,VER,3,None,None,4857.756,4886.418,4932.117,211.0,135.0,196.0,184.0,True,Red Bull Racing,4817.192,2026-03-08T04:21:23.815000000,False,None,False,False,4873.87,24.6,52.3,1012.4,False,36.8,113,2.0,Australian Grand Prix
86.13,14,HARD,1,31.326,18.104,36.7,711010100.0,11000.0,1000100000.0,14,6.0,71,False,5018.183,VER,3,None,None,4963.443,4981.547,5018.247,252.0,302.0,295.0,266.0,True,Red Bull Racing,4932.053,2026-03-08T04:23:18.676000000,False,None,False,False,4993.903,24.3,53.3,1012.4,False,36.6,114,2.5,Australian Grand Prix
84.098,15,HARD,1,29.618,17.939,36.541,710000001.0,10000.0,0.0,15,6.0,1,True,5102.281,VER,3,None,None,5047.865,5065.804,5102.345,247.0,301.0,300.0,299.0,True,Red Bull Racing,5018.183,2026-03-08T04:24:44.806000000,False,None,False,True,5053.917,24.3,53.7,1012.3,False,37.3,125,2.0,Australian Grand Prix
84.606,16,HARD,1,29.522,18.04,37.044,701000000.0,0.0,0.0,16,6.0,1,False,5186.887,VER,3,None,None,5131.867,5149.907,5186.951,267.0,301.0,296.0,305.0,True,Red Bull Racing,5102.281,2026-03-08T04:26:08.904000000,False,None,False,True,5113.908,24.3,53.9,1012.3,False,38.4,140,3.5,Australian Grand Prix
84.757,17,HARD,1,29.737,17.967,37.053,700000000.0,100.0,555.0,17,6.0,1,False,5271.644,VER,3,None,None,5216.688,5234.655,5271.708,251.0,305.0,303.0,298.0,True,Red Bull Racing,5186.887,2026-03-08T04:27:33.510000000,False,None,False,True,5233.92,24.6,53.1,1012.3,False,37.7,111,3.0,Australian Grand Prix
108.547,18,HARD,1,30.11,17.724,60.713,500000000.0,0.0,0.0,18,7.0,126,False,5380.191,VER,3,None,5363.209,5301.818,5319.542,5380.255,249.0,318.0,None,295.0,True,Red Bull Racing,5271.644,2026-03-08T04:28:58.267000000,False,None,False,False,5293.918,24.6,52.5,1012.3,False,36.7,138,4.1,Australian Grand Prix
116.349,19,MEDIUM,2,42.485,26.161,47.703,100100.0,1000.0,1001111100.0,1,7.0,671,False,5496.54,VER,3,5382.692,None,5422.74,5448.901,5496.604,231.0,237.0,282.0,226.0,True,Red Bull Racing,5380.191,2026-03-08T04:30:46.814000000,False,None,False,False,5413.936,24.7,53.0,1012.3,False,35.9,142,2.9,Australian Grand Prix
83.566,20,MEDIUM,2,29.779,17.769,36.018,711001110.0,11000.0,101000000.0,2,6.0,1,True,5580.106,VER,3,None,None,5526.383,5544.152,5580.17,252.0,309.0,303.0,269.0,True,Red Bull Racing,5496.54,2026-03-08T04:32:43.163000000,False,None,False,True,5533.969,24.6,53.4,1012.2,False,35.8,126,2.8,Australian Grand Prix
83.536,21,MEDIUM,2,29.143,18.11,36.283,700010000.0,1000.0,0.0,3,6.0,1,True,5663.642,VER,3,None,None,5609.313,5627.423,5663.706,245.0,292.0,299.0,306.0,True,Red Bull Racing,5580.106,2026-03-08T04:34:06.729000000,False,None,False,True,5593.968,24.6,53.3,1012.1,False,35.7,119,3.8,Australian Grand Prix
83.458,22,MEDIUM,2,29.148,17.987,36.323,700010000.0,3000.0,101000000.0,4,6.0,1,True,5747.1,VER,3,None,None,5692.854,5710.841,5747.164,250.0,296.0,296.0,299.0,True,Red Bull Racing,5663.642,2026-03-08T04:35:30.265000000,False,None,False,True,5713.957,24.6,52.8,1012.1,False,36.4,111,2.9,Australian Grand Prix
83.516,23,MEDIUM,2,29.193,18.022,36.301,700000000.0,0.0,1100000.0,5,6.0,1,False,5830.616,VER,3,None,None,5776.357,5794.379,5830.68,250.0,294.0,293.0,296.0,True,Red Bull Racing,5747.1,2026-03-08T04:36:53.723000000,False,None,False,True,5773.973,24.5,52.9,1012.2,False,36.6,95,1.4,Australian Grand Prix
83.472,24,MEDIUM,2,29.331,17.986,36.155,700000000.0,10000.0,100000.0,6,6.0,1,False,5914.088,VER,3,None,None,5860.011,5877.997,5914.152,250.0,295.0,295.0,294.0,True,Red Bull Racing,5830.616,2026-03-08T04:38:17.239000000,False,None,False,True,5833.959,24.6,53.4,1012.1,False,37.0,114,2.1,Australian Grand Prix
83.554,25,MEDIUM,2,29.364,17.93,36.26,700000000.0,0.0,1000000.0,7,6.0,1,False,5997.642,VER,3,None,None,5943.516,5961.446,5997.706,250.0,296.0,298.0,294.0,True,Red Bull Racing,5914.088,2026-03-08T04:39:40.711000000,False,None,False,True,5953.975,24.8,52.6,1012.1,False,37.6,147,3.1,Australian Grand Prix
83.363,26,MEDIUM,2,29.297,17.886,36.18,700000000.0,0.0,0.0,8,6.0,1,True,6081.005,VER,3,None,None,6027.003,6044.889,6081.069,250.0,298.0,299.0,299.0,True,Red Bull Racing,5997.642,2026-03-08T04:41:04.265000000,False,None,False,True,6013.976,24.8,52.7,1012.0,False,37.4,106,3.3,Australian Grand Prix
83.74,27,MEDIUM,2,29.355,17.915,36.47,700000000.0,0.0,100000000.0,9,6.0,1,False,6164.745,VER,3,None,None,6110.424,6128.339,6164.809,255.0,298.0,297.0,299.0,True,Red Bull Racing,6081.005,2026-03-08T04:42:27.628000000,False,None,False,True,6134.01,24.8,52.0,1012.0,False,36.5,98,2.5,Australian Grand Prix
83.463,28,MEDIUM,2,29.351,17.958,36.154,710010000.0,0.0,0.0,10,6.0,1,False,6248.208,VER,3,None,None,6194.16,6212.118,6248.272,252.0,296.0,297.0,295.0,True,Red Bull Racing,6164.745,2026-03-08T04:43:51.368000000,False,None,False,True,6194.01,24.8,52.8,1012.0,False,36.3,98,4.0,Australian Grand Prix
83.439,29,MEDIUM,2,29.24,17.886,36.313,700000000.0,10000.0,0.0,11,6.0,1,False,6331.647,VER,3,None,None,6277.512,6295.398,6331.711,253.0,302.0,297.0,299.0,True,Red Bull Racing,6248.208,2026-03-08T04:45:14.831000000,False,None,False,True,6254.01,24.8,52.8,1012.1,False,36.1,120,3.0,Australian Grand Prix
83.39,30,MEDIUM,2,29.256,17.871,36.263,700000000.0,0.0,0.0,12,6.0,1,False,6415.037,VER,3,None,None,6360.967,6378.838,6415.101,252.0,299.0,300.0,296.0,True,Red Bull Racing,6331.647,2026-03-08T04:46:38.270000000,False,None,False,True,6374.017,25.3,53.7,1012.0,False,36.1,123,2.5,Australian Grand Prix
83.51,31,MEDIUM,2,29.324,17.844,36.342,700000000.0,0.0,0.0,13,6.0,1,False,6498.547,VER,3,None,None,6444.425,6462.269,6498.611,253.0,300.0,304.0,295.0,True,Red Bull Racing,6415.037,2026-03-08T04:48:01.660000000,False,None,False,True,6434.013,25.2,53.5,1011.9,False,37.3,184,1.0,Australian Grand Prix
83.587,32,MEDIUM,2,29.193,17.877,36.517,700000000.0,0.0,0.0,14,6.0,1,False,6582.134,VER,3,None,None,6527.804,6545.681,6582.198,254.0,300.0,292.0,303.0,True,Red Bull Racing,6498.547,2026-03-08T04:49:25.170000000,False,None,False,True,6554.015,25.2,53.1,1012.0,False,37.0,125,4.0,Australian Grand Prix
83.93,33,MEDIUM,2,29.526,17.854,36.55,700000000.0,0.0,10000003.0,15,6.0,1,False,6666.064,VER,3,None,None,6611.724,6629.578,6666.128,250.0,303.0,302.0,297.0,True,Red Bull Racing,6582.134,2026-03-08T04:50:48.757000000,False,None,False,True,6614.014,25.1,53.0,1012.0,False,37.2,147,3.0,Australian Grand Prix
98.216,34,MEDIUM,2,39.424,22.416,36.376,100000000.0,0.0,100000.0,16,5.0,167,False,6764.28,VER,3,None,None,6705.552,6727.968,6764.344,217.0,291.0,314.0,303.0,True,Red Bull Racing,6666.064,2026-03-08T04:52:12.687000000,False,None,False,False,6674.029,25.1,53.2,1011.8,False,37.7,107,2.5,Australian Grand Prix
84.556,35,MEDIUM,2,29.456,18.087,37.013,10.0,0.0,0.0,17,5.0,1,False,6848.836,VER,3,None,None,6793.8,6811.887,6848.9,251.0,292.0,313.0,313.0,True,Red Bull Racing,6764.28,2026-03-08T04:53:50.903000000,False,None,False,True,6794.063,25.2,52.4,1011.9,False,37.2,105,3.7,Australian Grand Prix
83.967,36,MEDIUM,2,29.51,18.177,36.28,700000010.0,0.0,0.0,18,5.0,1,False,6932.803,VER,3,None,None,6878.41,6896.587,6932.867,252.0,291.0,311.0,311.0,True,Red Bull Racing,6848.836,2026-03-08T04:55:15.459000000,False,None,False,True,6914.079,25.2,52.5,1011.8,False,37.8,119,3.8,Australian Grand Prix
83.675,37,MEDIUM,2,29.34,18.18,36.155,700000000.0,0.0,0.0,19,5.0,1,False,7016.478,VER,3,None,None,6962.207,6980.387,7016.542,253.0,291.0,312.0,308.0,True,Red Bull Racing,6932.803,2026-03-08T04:56:39.426000000,False,None,False,True,6974.097,25.2,52.8,1011.8,False,37.0,120,3.8,Australian Grand Prix
83.912,38,MEDIUM,2,29.242,18.212,36.458,700000000.0,0.0,0.0,20,5.0,1,False,7100.39,VER,3,None,None,7045.784,7063.996,7100.454,252.0,292.0,307.0,308.0,True,Red Bull Racing,7016.478,2026-03-08T04:58:03.101000000,False,None,False,True,7094.098,25.1,53.0,1011.8,False,35.9,115,3.0,Australian Grand Prix
83.715,39,MEDIUM,2,29.316,18.034,36.365,700010000.0,0.0,0.0,21,5.0,1,False,7184.105,VER,3,None,None,7129.77,7147.804,7184.169,251.0,297.0,305.0,304.0,True,Red Bull Racing,7100.39,2026-03-08T04:59:27.013000000,False,None,False,True,7154.099,25.0,52.1,1011.8,False,35.7,98,2.5,Australian Grand Prix
84.595,40,MEDIUM,2,29.579,17.878,37.138,700000000.0,0.0,1555.0,22,5.0,1,False,7268.7,VER,3,None,None,7213.748,7231.626,7268.764,254.0,304.0,295.0,295.0,True,Red Bull Racing,7184.105,2026-03-08T05:00:50.728000000,False,None,False,True,7214.101,25.0,52.7,1011.8,False,35.5,140,3.1,Australian Grand Prix
98.866,41,MEDIUM,2,29.633,17.899,51.334,500000010.0,0.0,100000.0,23,5.0,1,False,7367.566,VER,3,None,7351.678,7298.397,7316.296,7367.63,252.0,297.0,None,291.0,True,Red Bull Racing,7268.7,2026-03-08T05:02:15.323000000,False,None,False,False,7334.114,25.0,52.8,1011.7,False,35.5,136,3.6,Australian Grand Prix
87.991,42,HARD,3,34.309,17.942,35.74,1001110.0,13100.0,101000100.0,1,6.0,1,False,7455.557,VER,3,7369.983,None,7401.939,7419.881,7455.621,253.0,297.0,293.0,233.0,True,Red Bull Racing,7367.566,2026-03-08T05:03:54.189000000,False,None,False,False,7394.119,25.0,52.8,1011.8,False,35.4,96,2.8,Australian Grand Prix
82.091,43,HARD,3,28.823,17.616,35.652,700000000.0,0.0,0.0,2,6.0,1,True,7537.648,VER,3,None,None,7484.444,7502.06,7537.712,255.0,300.0,305.0,297.0,True,Red Bull Racing,7455.557,2026-03-08T05:05:22.180000000,False,None,False,True,7454.108,25.1,52.6,1011.6,False,35.5,99,1.3,Australian Grand Prix
82.52,44,HARD,3,28.919,17.767,35.834,700000001.0,0.0,300000000.0,3,6.0,1,False,7620.168,VER,3,None,None,7566.631,7584.398,7620.232,253.0,300.0,302.0,304.0,True,Red Bull Racing,7537.648,2026-03-08T05:06:44.271000000,False,None,False,True,7574.136,25.2,52.7,1011.7,False,36.2,93,1.0,Australian Grand Prix
82.453,45,HARD,3,28.859,17.681,35.913,700000000.0,100.0,1000000.0,4,6.0,1,False,7702.621,VER,3,None,None,7649.091,7666.772,7702.685,269.0,303.0,299.0,306.0,True,Red Bull Racing,7620.168,2026-03-08T05:08:06.791000000,False,None,False,True,7634.151,25.1,52.5,1011.7,False,36.6,110,2.0,Australian Grand Prix
82.81,46,HARD,3,29.22,17.664,35.926,700010000.0,300.0,0.0,5,6.0,1,False,7785.431,VER,3,None,None,7731.905,7749.569,7785.495,251.0,305.0,308.0,302.0,True,Red Bull Racing,7702.621,2026-03-08T05:09:29.244000000,False,None,False,True,7754.15,25.1,51.4,1011.6,False,35.7,118,3.9,Australian Grand Prix
82.489,47,HARD,3,28.873,17.603,36.013,700000000.0,300.0,0.0,6,6.0,1,False,7867.92,VER,3,None,None,7814.368,7831.971,7867.984,259.0,307.0,305.0,309.0,True,Red Bull Racing,7785.431,2026-03-08T05:10:52.054000000,False,None,False,True,7814.153,25.1,51.4,1011.6,False,35.6,140,2.9,Australian Grand Prix
82.906,48,HARD,3,29.093,17.536,36.277,700000000.0,0.0,0.0,7,6.0,1,False,7950.826,VER,3,None,None,7897.077,7914.613,7950.89,258.0,312.0,307.0,307.0,True,Red Bull Racing,7867.92,2026-03-08T05:12:14.543000000,False,None,False,True,7874.138,25.1,52.4,1011.6,False,35.4,106,4.0,Australian Grand Prix
82.939,49,HARD,3,29.15,17.584,36.205,700000010.0,0.0,300000000.0,8,6.0,1,False,8033.765,VER,3,None,None,7980.04,7997.624,8033.829,259.0,308.0,304.0,302.0,True,Red Bull Racing,7950.826,2026-03-08T05:13:37.449000000,False,None,False,True,7994.158,25.1,52.9,1011.6,False,36.8,110,2.4,Australian Grand Prix
82.738,50,HARD,3,29.125,17.654,35.959,710000000.0,0.0,0.0,9,6.0,1,False,8116.503,VER,3,None,None,8062.954,8080.608,8116.567,256.0,305.0,307.0,306.0,True,Red Bull Racing,8033.765,2026-03-08T05:15:00.388000000,False,None,False,True,8054.173,25.2,53.0,1011.6,False,36.5,116,2.6,Australian Grand Prix
82.69,51,HARD,3,29.042,17.676,35.972,700000010.0,100.0,0.0,10,6.0,1,False,8199.193,VER,3,None,None,8145.609,8163.285,8199.257,256.0,302.0,308.0,307.0,True,Red Bull Racing,8116.503,2026-03-08T05:16:23.126000000,False,None,False,True,8174.192,25.3,52.0,1011.6,False,35.9,125,2.3,Australian Grand Prix
82.683,52,HARD,3,28.971,17.606,36.106,700100000.0,0.0,0.0,11,6.0,1,False,8281.876,VER,3,None,None,8228.228,8245.834,8281.94,250.0,304.0,309.0,309.0,True,Red Bull Racing,8199.193,2026-03-08T05:17:45.816000000,False,None,False,True,8234.191,25.3,52.2,1011.5,False,35.6,106,3.1,Australian Grand Prix
83.109,53,HARD,3,29.115,17.894,36.1,700000000.0,0.0,0.0,12,6.0,1,False,8364.985,VER,3,None,None,8311.055,8328.949,8365.049,242.0,297.0,305.0,313.0,True,Red Bull Racing,8281.876,2026-03-08T05:19:08.499000000,False,None,False,True,8294.207,25.3,51.1,1011.5,False,35.3,121,3.0,Australian Grand Prix
83.09,54,HARD,3,29.024,17.803,36.263,700010000.0,0.0,0.0,13,6.0,1,False,8448.075,VER,3,None,None,8394.073,8411.876,8448.139,258.0,296.0,304.0,304.0,True,Red Bull Racing,8364.985,2026-03-08T05:20:31.608000000,False,None,False,True,8414.244,25.3,51.9,1011.5,False,34.8,115,3.0,Australian Grand Prix
83.211,55,HARD,3,29.154,17.844,36.213,700000001.0,0.0,0.0,14,6.0,1,False,8531.286,VER,3,None,None,8477.293,8495.137,8531.35,243.0,295.0,304.0,304.0,True,Red Bull Racing,8448.075,2026-03-08T05:21:54.698000000,False,None,False,True,8474.264,25.3,51.7,1011.5,False,34.7,130,4.2,Australian Grand Prix
83.109,56,HARD,3,29.051,17.734,36.324,710000000.0,0.0,0.0,15,6.0,1,False,8614.395,VER,3,None,None,8560.401,8578.135,8614.459,271.0,295.0,303.0,303.0,True,Red Bull Racing,8531.286,2026-03-08T05:23:17.909000000,False,None,False,True,8534.293,25.2,51.6,1011.6,False,34.6,126,3.2,Australian Grand Prix
83.469,57,HARD,3,29.153,17.83,36.486,700100000.0,0.0,0.0,16,6.0,1,False,8697.864,VER,3,None,None,8643.612,8661.442,8697.928,252.0,296.0,308.0,306.0,True,Red Bull Racing,8614.395,2026-03-08T05:24:41.018000000,False,None,False,True,8654.277,25.2,52.0,1011.5,False,34.4,105,2.9,Australian Grand Prix
83.533,58,HARD,3,29.247,17.832,36.454,700000000.0,0.0,,17,6.0,1,False,8781.397,VER,3,None,None,8727.175,8745.007,8781.461,254.0,294.0,292.0,303.0,True,Red Bull Racing,8697.864,2026-03-08T05:26:04.487000000,False,None,False,True,8714.29,25.1,51.7,1011.5,False,34.5,103,2.9,Australian Grand Prix
