time,lap,compound,stint,s1,s2,s3,ms1,ms2,ms3,life,pos,status,pb,sesT,drv,dNum,pout,pin,s1T,s2T,s3T,vi1,vi2,vfl,vst,fresh,team,lST,lSD,del,delR,ff1G,iacc,wT,wAT,wH,wP,wR,wTT,wWD,wWS,race
107.23,1,HARD,1,,31.309,44.412,111111.0,111111.0,11111111111.0,1,10.0,12,False,3491.542,ALO,14,None,None,None,3447.245,3491.693,286.0,268.0,261.0,323.0,True,Aston Martin,3384.05,2026-03-15T07:03:59.831000000,False,None,False,False,3420.295,15.6,55.2,1024.4,False,23.3,72,2.8,Chinese Grand Prix
102.291,2,HARD,1,26.719,31.646,43.926,1111111.0,101000.0,1100111111.0,2,13.0,1,True,3593.833,ALO,14,None,None,3518.347,3549.993,3593.919,287.0,253.0,265.0,325.0,True,Aston Martin,3491.542,2026-03-15T07:05:47.323000000,False,None,False,True,3540.312,15.6,55.3,1024.5,False,22.5,102,4.5,Chinese Grand Prix
101.588,3,HARD,1,26.6,31.151,43.837,7110100.0,1110.0,10000011100.0,3,14.0,1,True,3695.421,ALO,14,None,None,3620.519,3651.67,3695.507,263.0,250.0,263.0,309.0,True,Aston Martin,3593.833,2026-03-15T07:07:29.614000000,False,None,False,True,3600.332,15.5,55.8,1024.4,False,23.0,107,1.8,Chinese Grand Prix
100.471,4,HARD,1,26.212,30.81,43.449,11100.0,100100.0,10000101110.0,4,14.0,1,True,3795.892,ALO,14,None,None,3721.719,3752.529,3795.978,274.0,251.0,263.0,312.0,True,Aston Martin,3695.421,2026-03-15T07:09:11.202000000,False,None,False,True,3720.342,15.5,55.4,1024.5,False,23.0,105,2.5,Chinese Grand Prix
101.554,5,HARD,1,26.535,31.007,44.012,7011000.0,100.0,11000.0,5,14.0,1,False,3897.446,ALO,14,None,None,3822.513,3853.52,3897.532,255.0,247.0,263.0,306.0,True,Aston Martin,3795.892,2026-03-15T07:10:51.673000000,False,None,False,True,3840.33,15.5,55.3,1024.5,False,23.1,92,3.7,Chinese Grand Prix
101.824,6,HARD,1,26.393,31.047,44.384,7010000.0,0.0,0.0,6,15.0,1,False,3999.27,ALO,14,None,None,3923.925,3954.972,3999.356,256.0,249.0,260.0,302.0,True,Aston Martin,3897.446,2026-03-15T07:12:33.227000000,False,None,False,True,3900.33,15.6,55.6,1024.5,False,22.9,107,2.2,Chinese Grand Prix
101.659,7,HARD,1,26.579,31.303,43.777,7000000.0,0.0,11.0,7,15.0,1,False,4100.929,ALO,14,None,None,4025.935,4057.238,4101.015,267.0,248.0,265.0,316.0,True,Aston Martin,3999.27,2026-03-15T07:14:15.051000000,False,None,False,True,4020.34,15.6,55.8,1024.5,False,22.4,111,2.4,Chinese Grand Prix
101.113,8,HARD,1,26.389,31.171,43.553,7000000.0,0.0,10000000000.0,8,15.0,1,False,4202.042,ALO,14,None,None,4127.404,4158.575,4202.128,258.0,250.0,263.0,315.0,True,Aston Martin,4100.929,2026-03-15T07:15:56.710000000,False,None,False,True,4080.343,15.6,55.9,1024.3,False,22.8,88,2.1,Chinese Grand Prix
101.631,9,HARD,1,26.658,31.46,43.513,7000000.0,0.0,11.0,9,15.0,1,False,4303.673,ALO,14,None,None,4228.786,4260.246,4303.759,255.0,247.0,265.0,310.0,True,Aston Martin,4202.042,2026-03-15T07:17:37.823000000,False,None,False,True,4200.397,15.6,56.0,1024.5,False,22.6,110,2.6,Chinese Grand Prix
119.919,10,HARD,1,26.504,37.346,56.069,7000000.0,0.0,0.0,10,11.0,124,False,4423.592,ALO,14,None,None,4330.263,4367.609,4423.678,255.0,200.0,166.0,226.0,True,Aston Martin,4303.673,2026-03-15T07:19:19.454000000,False,None,False,False,4320.396,15.5,56.2,1024.6,False,22.4,92,1.5,Chinese Grand Prix
135.393,11,HARD,1,37.207,40.635,57.551,7000000.0,0.0,0.0,11,11.0,4,False,4558.985,ALO,14,None,None,4460.885,4501.52,4559.071,170.0,218.0,216.0,250.0,True,Aston Martin,4423.592,2026-03-15T07:21:19.373000000,False,None,False,False,4440.382,15.5,55.5,1024.6,False,22.8,77,0.8,Chinese Grand Prix
140.998,12,HARD,1,36.95,40.579,63.469,7000000.0,0.0,0.0,12,11.0,4,False,4699.983,ALO,14,None,None,4596.021,4636.6,4700.069,238.0,180.0,124.0,124.0,True,Aston Martin,4558.985,2026-03-15T07:23:34.766000000,False,None,False,False,4560.395,15.5,55.3,1024.7,False,22.7,0,0.0,Chinese Grand Prix
143.746,13,HARD,1,35.617,45.735,62.394,7000000.0,0.0,0.0,13,11.0,41,False,4843.729,ALO,14,None,None,4735.686,4781.421,4843.815,213.0,189.0,262.0,196.0,True,Aston Martin,4699.983,2026-03-15T07:25:55.764000000,False,None,False,False,4740.397,15.5,55.1,1024.6,False,22.0,131,1.7,Chinese Grand Prix
103.5,14,HARD,1,27.411,31.734,44.355,1100000.0,0.0,10001.0,14,16.0,1,False,4947.229,ALO,14,None,None,4871.226,4902.96,4947.315,267.0,252.0,269.0,325.0,True,Aston Martin,4843.729,2026-03-15T07:28:19.510000000,False,None,False,True,4860.43,15.4,56.3,1024.7,False,22.4,112,1.1,Chinese Grand Prix
101.183,15,HARD,1,26.24,30.898,44.045,7100000.0,0.0,0.0,15,17.0,1,False,5048.412,ALO,14,None,None,4973.555,5004.453,5048.498,280.0,255.0,267.0,317.0,True,Aston Martin,4947.229,2026-03-15T07:30:03.010000000,False,None,False,True,4980.417,15.4,56.2,1024.7,False,21.6,116,2.8,Chinese Grand Prix
100.26,16,HARD,1,26.131,30.815,43.314,0.0,100000.0,10011000.0,16,17.0,1,True,5148.672,ALO,14,None,None,5074.629,5105.444,5148.758,276.0,250.0,266.0,313.0,True,Aston Martin,5048.412,2026-03-15T07:31:44.193000000,False,None,False,True,5100.455,15.2,56.6,1024.7,False,21.9,114,3.2,Chinese Grand Prix
100.363,17,HARD,1,26.281,30.849,43.233,7011000.0,0.0,100011000.0,17,16.0,12,False,5249.035,ALO,14,None,None,5175.039,5205.888,5249.121,260.0,248.0,265.0,315.0,True,Aston Martin,5148.672,2026-03-15T07:33:24.453000000,False,None,False,True,5160.435,15.2,56.7,1024.7,False,21.9,126,1.0,Chinese Grand Prix
101.241,18,HARD,1,27.183,30.854,43.204,7000000.0,100000.0,10000000000.0,18,17.0,21,False,5350.276,ALO,14,None,None,5276.304,5307.158,5350.362,257.0,253.0,266.0,313.0,True,Aston Martin,5249.035,2026-03-15T07:35:04.816000000,False,None,False,True,5280.444,15.3,56.2,1024.6,False,21.6,101,1.6,Chinese Grand Prix
100.356,19,HARD,1,26.15,30.915,43.291,7011000.0,0.0,1000000010.0,19,17.0,1,False,5450.632,ALO,14,None,None,5376.512,5407.427,5450.718,258.0,247.0,265.0,310.0,True,Aston Martin,5350.276,2026-03-15T07:36:46.057000000,False,None,False,True,5340.458,15.3,56.4,1024.6,False,21.6,98,2.0,Chinese Grand Prix
100.254,20,HARD,1,26.25,30.766,43.238,7010100.0,100000.0,1000000110.0,20,17.0,1,True,5550.886,ALO,14,None,None,5476.968,5507.734,5550.972,256.0,252.0,266.0,307.0,True,Aston Martin,5450.632,2026-03-15T07:38:26.413000000,False,None,False,True,5460.458,15.3,56.8,1024.5,False,21.5,108,1.7,Chinese Grand Prix
99.812,21,HARD,1,26.203,30.635,42.974,7000000.0,100100.0,11100100110.0,21,17.0,1,True,5650.698,ALO,14,None,None,5577.175,5607.81,5650.784,256.0,251.0,266.0,306.0,True,Aston Martin,5550.886,2026-03-15T07:40:06.667000000,False,None,False,True,5580.486,15.3,56.9,1024.5,False,21.8,92,2.8,Chinese Grand Prix
99.938,22,HARD,1,26.218,30.615,43.105,7010000.0,100000.0,1100111000.0,22,17.0,1,False,5750.636,ALO,14,None,None,5677.002,5707.617,5750.722,257.0,248.0,264.0,305.0,True,Aston Martin,5650.698,2026-03-15T07:41:46.479000000,False,None,False,True,5640.491,15.3,57.0,1024.3,False,21.7,110,2.4,Chinese Grand Prix
99.801,23,HARD,1,26.192,30.561,43.048,7003000.0,100.0,100100000.0,23,17.0,1,True,5850.437,ALO,14,None,None,5776.914,5807.475,5850.523,257.0,252.0,266.0,305.0,True,Aston Martin,5750.636,2026-03-15T07:43:26.417000000,False,None,False,True,5760.489,15.3,56.2,1024.3,False,21.6,89,1.5,Chinese Grand Prix
99.767,24,HARD,1,26.222,30.534,43.011,7010100.0,100100.0,0.0,24,17.0,1,True,5950.204,ALO,14,None,None,5876.745,5907.279,5950.29,256.0,249.0,268.0,304.0,True,Aston Martin,5850.437,2026-03-15T07:45:06.218000000,False,None,False,True,5880.499,15.4,56.2,1024.3,False,21.8,94,2.8,Chinese Grand Prix
99.721,25,HARD,1,26.187,30.538,42.996,7010000.0,100.0,10000000010.0,25,17.0,1,True,6049.925,ALO,14,None,None,5976.477,6007.015,6050.011,257.0,253.0,266.0,306.0,True,Aston Martin,5950.204,2026-03-15T07:46:45.985000000,False,None,False,True,5940.541,15.3,56.3,1024.3,False,21.7,93,2.2,Chinese Grand Prix
99.755,26,HARD,1,26.207,30.556,42.992,7000000.0,0.0,10100000001.0,26,17.0,1,False,6149.68,ALO,14,None,None,6076.218,6106.774,6149.766,256.0,251.0,270.0,305.0,True,Aston Martin,6049.925,2026-03-15T07:48:25.706000000,False,None,False,True,6060.553,15.3,56.5,1024.4,False,21.8,63,2.3,Chinese Grand Prix
100.242,27,HARD,1,26.259,30.598,43.385,7000000.0,0.0,0.0,27,17.0,12,False,6249.922,ALO,14,None,None,6176.025,6206.623,6250.008,257.0,250.0,267.0,301.0,True,Aston Martin,6149.68,2026-03-15T07:50:05.461000000,False,None,False,True,6180.548,15.4,56.0,1024.4,False,21.8,70,2.2,Chinese Grand Prix
99.745,28,HARD,1,26.146,30.566,43.033,7000000.0,100000.0,0.0,28,17.0,1,False,6349.667,ALO,14,None,None,6276.154,6306.72,6349.753,257.0,253.0,267.0,308.0,True,Aston Martin,6249.922,2026-03-15T07:51:45.703000000,False,None,False,True,6240.572,15.4,56.0,1024.4,False,21.7,67,2.0,Chinese Grand Prix
99.945,29,HARD,1,26.276,30.659,43.01,7000000.0,0.0,0.0,29,17.0,1,False,6449.612,ALO,14,None,None,6376.029,6406.688,6449.698,256.0,251.0,268.0,311.0,True,Aston Martin,6349.667,2026-03-15T07:53:25.448000000,False,None,False,True,6360.641,15.4,55.6,1024.4,False,21.6,77,3.0,Chinese Grand Prix
100.349,30,HARD,1,26.136,30.955,43.258,7000000.0,1000.0,0.0,30,17.0,1,False,6549.961,ALO,14,None,None,6475.834,6506.789,6550.047,260.0,252.0,269.0,312.0,True,Aston Martin,6449.612,2026-03-15T07:55:05.393000000,False,None,False,True,6480.569,15.4,55.8,1024.4,False,21.2,77,2.6,Chinese Grand Prix
106.419,31,HARD,1,26.45,30.953,49.016,7000000.0,0.0,11555.0,31,17.0,1,False,6656.38,ALO,14,None,6654.634,6576.497,6607.45,6656.466,258.0,249.0,None,308.0,True,Aston Martin,6549.961,2026-03-15T07:56:45.742000000,False,None,False,False,6540.585,15.4,55.8,1024.4,False,21.2,77,2.6,Chinese Grand Prix
127.515,32,MEDIUM,2,45.832,31.686,49.997,5500000.0,10.0,11100000555.0,1,17.0,12,False,6783.895,ALO,14,6677.946,6782.232,6702.298,6733.984,6783.981,255.0,251.0,None,305.0,True,Aston Martin,6656.38,2026-03-15T07:58:32.161000000,False,None,False,False,6660.608,15.2,56.6,1024.5,False,21.1,84,1.6,Chinese Grand Prix
100.137,1,MEDIUM,1,,29.788,41.977,111133.0,111113.0,13311111133.0,1,2.0,12,False,3484.449,ANT,12,None,None,None,3442.676,3484.692,298.0,264.0,270.0,325.0,True,Mercedes,3384.05,2026-03-15T07:03:59.831000000,False,None,False,False,3420.295,15.6,55.2,1024.4,False,23.3,72,2.8,Chinese Grand Prix
98.305,2,MEDIUM,1,26.129,30.278,41.898,1111100.0,10010.0,10311310.0,2,1.0,1,True,3582.754,ANT,12,None,None,3510.693,3540.971,3582.869,278.0,263.0,266.0,316.0,True,Mercedes,3484.449,2026-03-15T07:05:40.230000000,False,None,False,True,3540.312,15.6,55.3,1024.5,False,22.5,102,4.5,Chinese Grand Prix
98.013,3,MEDIUM,1,25.948,29.572,42.493,13100.0,101130.0,1000.0,3,1.0,1,True,3680.767,ANT,12,None,None,3608.817,3638.389,3680.882,267.0,257.0,266.0,304.0,True,Mercedes,3582.754,2026-03-15T07:07:18.535000000,False,None,False,True,3600.332,15.5,55.8,1024.4,False,23.0,107,1.8,Chinese Grand Prix
97.394,4,MEDIUM,1,26.003,29.327,42.064,7010100.0,301030.0,30000011110.0,4,1.0,1,True,3778.161,ANT,12,None,None,3706.885,3736.212,3778.276,269.0,259.0,267.0,306.0,True,Mercedes,3680.767,2026-03-15T07:08:56.548000000,False,None,False,True,3720.342,15.5,55.4,1024.5,False,23.0,105,2.5,Chinese Grand Prix
97.535,5,MEDIUM,1,25.859,29.51,42.166,7011000.0,1100.0,11110.0,5,1.0,1,False,3875.696,ANT,12,None,None,3804.135,3833.645,3875.811,270.0,257.0,267.0,307.0,True,Mercedes,3778.161,2026-03-15T07:10:33.942000000,False,None,False,True,3840.33,15.5,55.3,1024.5,False,23.1,92,3.7,Chinese Grand Prix
97.172,6,MEDIUM,1,25.696,29.434,42.042,7013100.0,301100.0,101000.0,6,1.0,1,True,3972.868,ANT,12,None,None,3901.507,3930.941,3972.983,270.0,258.0,267.0,307.0,True,Mercedes,3875.696,2026-03-15T07:12:11.477000000,False,None,False,True,3900.33,15.6,55.6,1024.5,False,22.9,107,2.2,Chinese Grand Prix
97.412,7,MEDIUM,1,25.891,29.467,42.054,7000100.0,101000.0,300001000.0,7,1.0,1,False,4070.28,ANT,12,None,None,3998.874,4028.341,4070.395,271.0,258.0,267.0,306.0,True,Mercedes,3972.868,2026-03-15T07:13:48.649000000,False,None,False,True,4020.34,15.6,55.8,1024.5,False,22.4,111,2.4,Chinese Grand Prix
97.322,8,MEDIUM,1,25.807,29.454,42.061,7000100.0,101100.0,110.0,8,1.0,1,False,4167.602,ANT,12,None,None,4096.202,4125.656,4167.717,271.0,257.0,266.0,307.0,True,Mercedes,4070.28,2026-03-15T07:15:26.061000000,False,None,False,True,4080.343,15.6,55.9,1024.3,False,22.8,88,2.1,Chinese Grand Prix
97.356,9,MEDIUM,1,25.839,29.585,41.932,7000100.0,1000.0,11000.0,9,1.0,1,False,4264.958,ANT,12,None,None,4193.556,4223.141,4265.073,269.0,256.0,269.0,309.0,True,Mercedes,4167.602,2026-03-15T07:17:03.383000000,False,None,False,True,4200.397,15.6,56.0,1024.5,False,22.6,110,2.6,Chinese Grand Prix
106.671,10,MEDIUM,1,25.717,29.56,51.394,7000000.0,0.0,1555.0,10,1.0,124,False,4371.629,ANT,12,None,4369.922,4290.79,4320.35,4371.744,270.0,257.0,None,307.0,True,Mercedes,4264.958,2026-03-15T07:18:40.739000000,False,None,False,False,4320.396,15.5,56.2,1024.6,False,22.4,92,1.5,Chinese Grand Prix
167.222,11,HARD,2,57.422,45.272,64.528,5500000.0,0.0,0.0,1,1.0,4,False,4538.818,ANT,12,4392.979,None,4429.222,4474.478,4539.118,174.0,158.0,204.0,210.0,True,Mercedes,4371.629,2026-03-15T07:20:27.410000000,False,None,False,False,4440.382,15.5,55.5,1024.6,False,22.8,77,0.8,Chinese Grand Prix
149.91,12,HARD,2,43.356,43.386,63.168,0.0,0.0,0.0,2,1.0,4,False,4688.728,ANT,12,None,None,4582.289,4625.675,4688.843,164.0,182.0,214.0,186.0,True,Mercedes,4538.818,2026-03-15T07:23:14.599000000,False,None,False,False,4560.395,15.5,55.3,1024.7,False,22.7,0,0.0,Chinese Grand Prix
150.521,13,HARD,2,37.267,44.242,69.012,7000000.0,0.0,0.0,3,1.0,41,False,4839.246,ANT,12,None,None,4726.204,4770.445,4839.552,178.0,138.0,264.0,158.0,True,Mercedes,4688.728,2026-03-15T07:25:44.509000000,False,None,False,False,4740.397,15.5,55.1,1024.6,False,22.0,131,1.7,Chinese Grand Prix
98.957,14,HARD,2,26.203,30.021,42.733,1000000.0,0.0,0.0,4,1.0,1,False,4938.203,ANT,12,None,None,4865.564,4895.585,4938.318,277.0,271.0,266.0,309.0,True,Mercedes,4839.246,2026-03-15T07:28:15.027000000,False,None,False,True,4860.43,15.4,56.3,1024.7,False,22.4,112,1.1,Chinese Grand Prix
98.222,15,HARD,2,26.027,29.867,42.328,0.0,0.0,1.0,5,1.0,1,False,5036.425,ANT,12,None,None,4964.345,4994.212,5036.54,272.0,257.0,271.0,308.0,True,Mercedes,4938.203,2026-03-15T07:29:53.984000000,False,None,False,True,4980.417,15.4,56.2,1024.7,False,21.6,116,2.8,Chinese Grand Prix
96.604,16,HARD,2,25.324,29.229,42.051,1113310.0,301000.0,100010000.0,6,1.0,1,True,5133.029,ANT,12,None,None,5061.864,5091.093,5133.144,269.0,255.0,268.0,305.0,True,Mercedes,5036.425,2026-03-15T07:31:32.206000000,False,None,False,True,5100.455,15.2,56.6,1024.7,False,21.9,114,3.2,Chinese Grand Prix
96.555,17,HARD,2,25.593,29.128,41.834,300.0,11000.0,300110000.0,7,1.0,1,True,5229.584,ANT,12,None,None,5158.737,5187.865,5229.699,273.0,260.0,269.0,309.0,True,Mercedes,5133.029,2026-03-15T07:33:08.810000000,False,None,False,True,5160.435,15.2,56.7,1024.7,False,21.9,126,1.0,Chinese Grand Prix
97.059,18,HARD,2,25.595,29.513,41.951,7000000.0,10000.0,10000.0,8,1.0,12,False,5326.643,ANT,12,None,None,5255.294,5284.807,5326.758,273.0,259.0,270.0,309.0,True,Mercedes,5229.584,2026-03-15T07:34:45.365000000,False,None,False,True,5280.444,15.3,56.2,1024.6,False,21.6,101,1.6,Chinese Grand Prix
96.816,19,HARD,2,25.574,29.505,41.737,7000010.0,0.0,110000.0,9,1.0,1,False,5423.459,ANT,12,None,None,5352.332,5381.837,5423.574,270.0,258.0,270.0,308.0,True,Mercedes,5326.643,2026-03-15T07:36:22.424000000,False,None,False,True,5340.458,15.3,56.4,1024.6,False,21.6,98,2.0,Chinese Grand Prix
96.762,20,HARD,2,25.551,29.411,41.8,7001000.0,0.0,10001.0,10,1.0,1,False,5520.221,ANT,12,None,None,5449.125,5478.536,5520.336,272.0,258.0,271.0,308.0,True,Mercedes,5423.459,2026-03-15T07:37:59.240000000,False,None,False,True,5460.458,15.3,56.8,1024.5,False,21.5,108,1.7,Chinese Grand Prix
96.929,21,HARD,2,25.652,29.348,41.929,7000000.0,0.0,30000000000.0,11,1.0,1,False,5617.15,ANT,12,None,None,5545.988,5575.336,5617.265,273.0,258.0,271.0,307.0,True,Mercedes,5520.221,2026-03-15T07:39:36.002000000,False,None,False,True,5580.486,15.3,56.9,1024.5,False,21.8,92,2.8,Chinese Grand Prix
96.612,22,HARD,2,25.668,29.194,41.75,7000000.0,100.0,10000.0,12,1.0,1,False,5713.762,ANT,12,None,None,5642.933,5672.127,5713.877,273.0,259.0,270.0,308.0,True,Mercedes,5617.15,2026-03-15T07:41:12.931000000,False,None,False,True,5640.491,15.3,57.0,1024.3,False,21.7,110,2.4,Chinese Grand Prix
96.806,23,HARD,2,25.681,29.239,41.886,7000000.0,100000.0,100010000.0,13,1.0,1,False,5810.568,ANT,12,None,None,5739.558,5768.797,5810.683,272.0,258.0,271.0,307.0,True,Mercedes,5713.762,2026-03-15T07:42:49.543000000,False,None,False,True,5760.489,15.3,56.2,1024.3,False,21.6,89,1.5,Chinese Grand Prix
96.513,24,HARD,2,25.539,29.189,41.785,7000000.0,0.0,10011.0,14,1.0,1,True,5907.081,ANT,12,None,None,5836.222,5865.411,5907.196,272.0,258.0,271.0,308.0,True,Mercedes,5810.568,2026-03-15T07:44:26.349000000,False,None,False,True,5880.499,15.4,56.2,1024.3,False,21.8,94,2.8,Chinese Grand Prix
96.514,25,HARD,2,25.495,29.19,41.829,7000000.0,110000.0,1.0,15,1.0,1,False,6003.595,ANT,12,None,None,5932.691,5961.881,6003.71,272.0,258.0,272.0,307.0,True,Mercedes,5907.081,2026-03-15T07:46:02.862000000,False,None,False,True,5940.541,15.3,56.3,1024.3,False,21.7,93,2.2,Chinese Grand Prix
96.588,26,HARD,2,25.55,29.207,41.831,7000000.0,1000.0,1.0,16,1.0,1,False,6100.183,ANT,12,None,None,6029.26,6058.467,6100.298,272.0,259.0,272.0,308.0,True,Mercedes,6003.595,2026-03-15T07:47:39.376000000,False,None,False,True,6060.553,15.3,56.5,1024.4,False,21.8,63,2.3,Chinese Grand Prix
96.59,27,HARD,2,25.515,29.2,41.875,7000000.0,0.0,1.0,17,1.0,1,False,6196.773,ANT,12,None,None,6125.813,6155.013,6196.888,272.0,259.0,272.0,309.0,True,Mercedes,6100.183,2026-03-15T07:49:15.964000000,False,None,False,True,6180.548,15.4,56.0,1024.4,False,21.8,70,2.2,Chinese Grand Prix
96.589,28,HARD,2,25.536,29.177,41.876,7000000.0,0.0,0.0,18,1.0,12,False,6293.362,ANT,12,None,None,6222.424,6251.601,6293.477,272.0,259.0,272.0,308.0,True,Mercedes,6196.773,2026-03-15T07:50:52.554000000,False,None,False,True,6240.572,15.4,56.0,1024.4,False,21.7,67,2.0,Chinese Grand Prix
96.381,29,HARD,2,25.583,29.116,41.682,7000000.0,110000.0,11.0,19,1.0,1,True,6389.743,ANT,12,None,None,6319.06,6348.176,6389.858,273.0,260.0,273.0,310.0,True,Mercedes,6293.362,2026-03-15T07:52:29.143000000,False,None,False,True,6360.641,15.4,55.6,1024.4,False,21.6,77,3.0,Chinese Grand Prix
96.166,30,HARD,2,25.389,29.103,41.674,7000100.0,100000.0,0.0,20,1.0,1,True,6485.909,ANT,12,None,None,6415.247,6444.35,6486.024,273.0,260.0,273.0,311.0,True,Mercedes,6389.743,2026-03-15T07:54:05.524000000,False,None,False,True,6480.569,15.4,55.8,1024.4,False,21.2,77,2.6,Chinese Grand Prix
96.108,31,HARD,2,25.417,28.996,41.695,7000000.0,1100.0,300000000.0,21,1.0,1,True,6582.017,ANT,12,None,None,6511.441,6540.437,6582.132,272.0,259.0,272.0,308.0,True,Mercedes,6485.909,2026-03-15T07:55:41.690000000,False,None,False,True,6540.585,15.4,55.8,1024.4,False,21.2,77,2.6,Chinese Grand Prix
95.983,32,HARD,2,25.328,28.984,41.671,7000300.0,111000.0,300000.0,22,1.0,1,True,6678.0,ANT,12,None,None,6607.46,6636.444,6678.115,273.0,260.0,271.0,311.0,True,Mercedes,6582.017,2026-03-15T07:57:17.798000000,False,None,False,True,6660.608,15.2,56.6,1024.5,False,21.1,84,1.6,Chinese Grand Prix
96.443,33,HARD,2,25.615,29.163,41.665,7010000.0,0.0,300000.0,23,1.0,12,False,6774.443,ANT,12,None,None,6703.73,6732.893,6774.558,274.0,258.0,271.0,309.0,True,Mercedes,6678.0,2026-03-15T07:58:53.781000000,False,None,False,True,6720.626,15.3,56.8,1024.5,False,21.1,84,2.2,Chinese Grand Prix
96.021,34,HARD,2,25.454,29.002,41.565,7010000.0,0.0,10000.0,24,1.0,1,False,6870.464,ANT,12,None,None,6800.012,6829.014,6870.579,272.0,260.0,271.0,312.0,True,Mercedes,6774.443,2026-03-15T08:00:30.224000000,False,None,False,True,6840.653,15.3,56.2,1024.5,False,20.8,86,1.7,Chinese Grand Prix
96.037,35,HARD,2,25.515,28.991,41.531,7000000.0,1000.0,300010.0,25,1.0,1,False,6966.501,ANT,12,None,None,6896.094,6925.085,6966.616,273.0,259.0,272.0,309.0,True,Mercedes,6870.464,2026-03-15T08:02:06.245000000,False,None,False,True,6960.665,15.3,56.1,1024.5,False,21.0,108,1.6,Chinese Grand Prix
96.014,36,HARD,2,25.48,28.908,41.626,7000000.0,310000.0,300010000.0,26,1.0,1,False,7062.515,ANT,12,None,None,6992.096,7021.004,7062.63,274.0,261.0,273.0,311.0,True,Mercedes,6966.501,2026-03-15T08:03:42.282000000,False,None,False,True,7020.691,15.3,55.9,1024.4,False,21.0,98,1.6,Chinese Grand Prix
96.159,37,HARD,2,25.497,28.938,41.724,7000000.0,0.0,10000.0,27,1.0,1,False,7158.674,ANT,12,None,None,7088.127,7117.065,7158.789,274.0,261.0,273.0,312.0,True,Mercedes,7062.515,2026-03-15T08:05:18.296000000,False,None,False,True,7140.713,15.3,55.4,1024.5,False,20.3,121,2.4,Chinese Grand Prix
95.526,38,HARD,2,25.283,28.807,41.436,7000000.0,11100.0,1.0,28,1.0,1,True,7254.2,ANT,12,None,None,7184.072,7212.879,7254.315,274.0,261.0,273.0,314.0,True,Mercedes,7158.674,2026-03-15T08:06:54.455000000,False,None,False,True,7200.701,15.3,55.4,1024.5,False,20.3,121,2.4,Chinese Grand Prix
95.494,39,HARD,2,25.3,28.82,41.374,7010000.0,300.0,10011.0,29,1.0,1,True,7349.694,ANT,12,None,None,7279.615,7308.435,7349.809,273.0,261.0,274.0,316.0,True,Mercedes,7254.2,2026-03-15T08:08:29.981000000,False,None,False,True,7320.732,15.1,56.6,1024.4,False,20.9,83,3.1,Chinese Grand Prix
96.15,40,HARD,2,25.342,29.022,41.786,7000000.0,0.0,1000000.0,30,1.0,1,False,7445.844,ANT,12,None,None,7375.151,7404.173,7445.959,275.0,267.0,273.0,332.0,True,Mercedes,7349.694,2026-03-15T08:10:05.475000000,False,None,False,True,7440.702,15.2,56.3,1024.4,False,20.3,88,3.1,Chinese Grand Prix
95.343,41,HARD,2,25.291,28.839,41.213,7000000.0,11100.0,300001.0,31,1.0,1,True,7541.187,ANT,12,None,None,7471.25,7500.089,7541.302,277.0,261.0,274.0,321.0,True,Mercedes,7445.844,2026-03-15T08:11:41.625000000,False,None,False,True,7500.718,15.2,55.9,1024.3,False,20.5,92,2.6,Chinese Grand Prix
95.93,42,HARD,2,25.261,28.909,41.76,7100000.0,100000.0,1.0,32,1.0,1,False,7637.117,ANT,12,None,None,7566.563,7595.472,7637.232,275.0,262.0,274.0,318.0,True,Mercedes,7541.187,2026-03-15T08:13:16.968000000,False,None,False,True,7620.711,15.1,56.5,1024.3,False,20.5,88,2.7,Chinese Grand Prix
95.936,43,HARD,2,25.295,29.031,41.61,7101000.0,0.0,1.0,33,1.0,1,False,7733.053,ANT,12,None,None,7662.527,7691.558,7733.168,276.0,264.0,277.0,324.0,True,Mercedes,7637.117,2026-03-15T08:14:52.898000000,False,None,False,True,7740.749,15.1,56.3,1024.2,False,20.3,91,3.3,Chinese Grand Prix
95.332,44,HARD,2,25.253,28.719,41.36,1000000.0,310000.0,10000000000.0,34,1.0,1,True,7828.385,ANT,12,None,None,7758.421,7787.14,7828.5,278.0,261.0,274.0,314.0,True,Mercedes,7733.053,2026-03-15T08:16:28.834000000,False,None,False,True,7800.765,15.1,56.6,1024.3,False,20.4,61,2.7,Chinese Grand Prix
95.528,45,HARD,2,25.211,28.83,41.487,0.0,0.0,100000010.0,35,1.0,1,False,7923.913,ANT,12,None,None,7853.711,7882.541,7924.028,274.0,261.0,274.0,308.0,True,Mercedes,7828.385,2026-03-15T08:18:04.166000000,False,None,False,True,7920.767,15.1,56.9,1024.3,False,20.4,77,3.3,Chinese Grand Prix
95.282,46,HARD,2,25.14,28.694,41.448,7011000.0,300000.0,10000.0,36,1.0,1,True,8019.195,ANT,12,None,None,7949.168,7977.862,8019.31,275.0,261.0,275.0,310.0,True,Mercedes,7923.913,2026-03-15T08:19:39.694000000,False,None,False,True,7980.783,15.1,56.5,1024.4,False,20.5,81,3.9,Chinese Grand Prix
95.501,47,HARD,2,25.25,28.612,41.639,7000000.0,13000.0,0.0,37,1.0,1,False,8114.696,ANT,12,None,None,8044.56,8073.172,8114.811,273.0,259.0,273.0,309.0,True,Mercedes,8019.195,2026-03-15T08:21:14.976000000,False,None,False,True,8100.772,15.1,56.9,1024.4,False,20.2,77,3.3,Chinese Grand Prix
95.706,48,HARD,2,25.262,28.55,41.894,7010010.0,3100.0,0.0,38,1.0,1,False,8210.402,ANT,12,None,None,8140.073,8168.623,8210.517,274.0,260.0,271.0,308.0,True,Mercedes,8114.696,2026-03-15T08:22:50.477000000,False,None,False,True,8220.803,15.0,57.4,1024.4,False,20.1,91,2.4,Chinese Grand Prix
95.523,49,HARD,2,25.319,28.58,41.624,7000000.0,10100.0,0.0,39,1.0,1,False,8305.925,ANT,12,None,None,8235.836,8264.416,8306.04,274.0,260.0,276.0,309.0,True,Mercedes,8210.402,2026-03-15T08:24:26.183000000,False,None,False,True,8280.808,15.0,57.4,1024.4,False,20.2,93,2.0,Chinese Grand Prix
95.659,50,HARD,2,25.223,28.659,41.777,7010000.0,0.0,0.0,40,1.0,1,False,8401.584,ANT,12,None,None,8331.263,8359.922,8401.699,275.0,264.0,275.0,316.0,True,Mercedes,8305.925,2026-03-15T08:26:01.706000000,False,None,False,True,8400.828,15.0,57.3,1024.5,False,20.2,77,2.9,Chinese Grand Prix
96.011,51,HARD,2,25.263,28.96,41.788,7000000.0,30000.0,0.0,41,1.0,1,False,8497.595,ANT,12,None,None,8426.962,8455.922,8497.71,276.0,259.0,273.0,307.0,True,Mercedes,8401.584,2026-03-15T08:27:37.365000000,False,None,False,True,8460.818,15.0,57.4,1024.6,False,20.1,84,3.1,Chinese Grand Prix
95.275,52,HARD,2,25.295,28.532,41.448,7010000.0,100.0,1010000001.0,42,1.0,1,True,8592.87,ANT,12,None,None,8523.005,8551.537,8592.985,274.0,260.0,273.0,306.0,True,Mercedes,8497.595,2026-03-15T08:29:13.376000000,False,None,False,True,8580.801,14.9,57.3,1024.6,False,20.0,95,4.1,Chinese Grand Prix
97.53,53,HARD,2,25.235,28.462,43.833,7001000.0,100.0,10300010000.0,43,1.0,12,False,8690.4,ANT,12,None,None,8618.22,8646.682,8690.515,275.0,260.0,271.0,306.0,True,Mercedes,8592.87,2026-03-15T08:30:48.651000000,True,TRACK LIMITS AT TURN 14 LAP 53 ,False,True,8700.85,15.0,57.4,1024.7,False,19.9,93,2.5,Chinese Grand Prix
96.176,54,HARD,2,25.478,28.787,41.911,7000000.0,0.0,300000000.0,44,1.0,1,False,8786.576,ANT,12,None,None,8715.993,8744.78,8786.691,274.0,261.0,272.0,307.0,True,Mercedes,8690.4,2026-03-15T08:32:26.181000000,False,None,False,True,8760.855,15.0,57.4,1024.5,False,20.0,84,2.4,Chinese Grand Prix
96.378,55,HARD,2,25.56,28.886,41.932,7000000.0,0.0,0.0,45,1.0,1,False,8882.954,ANT,12,None,None,8812.251,8841.137,8883.069,274.0,260.0,271.0,308.0,True,Mercedes,8786.576,2026-03-15T08:34:02.357000000,False,None,False,True,8880.869,15.0,57.5,1024.6,False,20.1,86,2.8,Chinese Grand Prix
96.929,56,HARD,2,25.314,28.861,42.754,7000000.0,30000.0,0.0,46,1.0,1,False,8979.883,ANT,12,None,None,8908.383,8937.244,8979.998,274.0,259.0,217.0,306.0,True,Mercedes,8882.954,2026-03-15T08:35:38.735000000,False,None,False,True,9000.856,14.9,57.5,1024.5,False,19.7,112,2.3,Chinese Grand Prix
107.851,1,MEDIUM,1,,30.969,47.198,111111.0,131111.0,11111111111.0,1,12.0,12,False,3492.163,BEA,87,None,None,None,3445.174,3492.412,298.0,251.0,254.0,340.0,True,Haas F1 Team,3384.05,2026-03-15T07:03:59.831000000,False,None,False,False,3420.295,15.6,55.2,1024.4,False,23.3,72,2.8,Chinese Grand Prix
101.136,2,MEDIUM,1,26.995,30.997,43.144,1110100.0,100001.0,1130111111.0,2,12.0,1,True,3593.299,BEA,87,None,None,3519.247,3550.244,3593.388,273.0,262.0,269.0,331.0,True,Haas F1 Team,3492.163,2026-03-15T07:05:47.944000000,False,None,False,True,3540.312,15.6,55.3,1024.5,False,22.5,102,4.5,Chinese Grand Prix
99.715,3,MEDIUM,1,26.962,30.362,42.391,7100100.0,101110.0,10001111111.0,3,12.0,1,True,3693.014,BEA,87,None,None,3620.35,3650.712,3693.103,268.0,258.0,270.0,339.0,True,Haas F1 Team,3593.299,2026-03-15T07:07:29.080000000,False,None,False,True,3600.332,15.5,55.8,1024.4,False,23.0,107,1.8,Chinese Grand Prix
99.18,4,MEDIUM,1,26.545,30.225,42.41,7110000.0,111.0,10100001111.0,4,12.0,1,True,3792.194,BEA,87,None,None,3719.648,3749.873,3792.283,270.0,262.0,272.0,333.0,True,Haas F1 Team,3693.014,2026-03-15T07:09:08.795000000,False,None,False,True,3720.342,15.5,55.4,1024.5,False,23.0,105,2.5,Chinese Grand Prix
99.504,5,MEDIUM,1,26.485,30.442,42.577,10000.0,101000.0,1000000.0,5,12.0,1,False,3891.698,BEA,87,None,None,3818.768,3849.21,3891.787,272.0,259.0,272.0,340.0,True,Haas F1 Team,3792.194,2026-03-15T07:10:47.975000000,False,None,False,True,3840.33,15.5,55.3,1024.5,False,23.1,92,3.7,Chinese Grand Prix
98.61,6,MEDIUM,1,25.953,30.169,42.488,1101100.0,101000.0,1001.0,6,11.0,1,True,3990.308,BEA,87,None,None,3917.74,3947.909,3990.397,269.0,260.0,273.0,329.0,True,Haas F1 Team,3891.698,2026-03-15T07:12:27.479000000,False,None,False,True,3900.33,15.6,55.6,1024.5,False,22.9,107,2.2,Chinese Grand Prix
99.323,7,MEDIUM,1,26.1,30.476,42.747,7010100.0,1000.0,0.0,7,11.0,1,False,4089.631,BEA,87,None,None,4016.497,4046.973,4089.72,271.0,258.0,272.0,336.0,True,Haas F1 Team,3990.308,2026-03-15T07:14:06.089000000,False,None,False,True,4020.34,15.6,55.8,1024.5,False,22.4,111,2.4,Chinese Grand Prix
99.436,8,MEDIUM,1,26.217,30.611,42.608,0.0,0.0,100.0,8,11.0,1,False,4189.067,BEA,87,None,None,4115.937,4146.548,4189.156,272.0,261.0,272.0,334.0,True,Haas F1 Team,4089.631,2026-03-15T07:15:45.412000000,False,None,False,True,4080.343,15.6,55.9,1024.3,False,22.8,88,2.1,Chinese Grand Prix
99.71,9,MEDIUM,1,26.329,30.76,42.621,7000000.0,0.0,1010000.0,9,9.0,1,False,4288.777,BEA,87,None,None,4215.485,4246.245,4288.866,271.0,257.0,254.0,333.0,True,Haas F1 Team,4189.067,2026-03-15T07:17:24.848000000,False,None,False,True,4200.397,15.6,56.0,1024.5,False,22.6,110,2.6,Chinese Grand Prix
117.43,10,MEDIUM,1,26.336,30.168,60.926,7000100.0,1000.0,1555.0,10,10.0,124,False,4406.207,BEA,87,None,4404.518,4315.202,4345.37,4406.296,266.0,255.0,None,258.0,True,Haas F1 Team,4288.777,2026-03-15T07:19:04.558000000,False,None,False,False,4320.396,15.5,56.2,1024.6,False,22.4,92,1.5,Chinese Grand Prix
152.03,11,HARD,2,52.49,40.239,59.301,5500000.0,0.0,0.0,1,10.0,4,False,4558.226,BEA,87,4427.503,None,4458.85,4499.118,4558.408,192.0,218.0,225.0,198.0,True,Haas F1 Team,4406.207,2026-03-15T07:21:01.988000000,False,None,False,False,4440.382,15.5,55.5,1024.6,False,22.8,77,0.8,Chinese Grand Prix
140.475,12,HARD,2,36.414,41.154,62.907,0.0,0.0,0.0,2,10.0,4,False,4698.701,BEA,87,None,None,4594.729,4635.883,4698.79,187.0,214.0,146.0,98.0,True,Haas F1 Team,4558.226,2026-03-15T07:23:34.007000000,False,None,False,False,4560.395,15.5,55.3,1024.7,False,22.7,0,0.0,Chinese Grand Prix
144.54,13,HARD,2,36.284,45.107,63.149,7000000.0,0.0,0.0,3,10.0,41,False,4843.241,BEA,87,None,None,4735.074,4780.181,4843.33,197.0,161.0,270.0,175.0,True,Haas F1 Team,4698.701,2026-03-15T07:25:54.482000000,False,None,False,False,4740.397,15.5,55.1,1024.6,False,22.0,131,1.7,Chinese Grand Prix
99.24,14,HARD,2,26.103,30.378,42.759,1100000.0,1.0,100000000.0,4,8.0,1,False,4942.481,BEA,87,None,None,4869.433,4899.811,4942.57,284.0,272.0,269.0,342.0,True,Haas F1 Team,4843.241,2026-03-15T07:28:19.022000000,False,None,False,True,4860.43,15.4,56.3,1024.7,False,22.4,112,1.1,Chinese Grand Prix
99.289,15,HARD,2,26.229,30.381,42.679,0.0,0.0,111000000.0,5,8.0,1,False,5041.77,BEA,87,None,None,4968.799,4999.18,5041.859,280.0,261.0,272.0,343.0,True,Haas F1 Team,4942.481,2026-03-15T07:29:58.262000000,True,TRACK LIMITS AT TURN 14 LAP 15 ,False,True,4980.417,15.4,56.2,1024.7,False,21.6,116,2.8,Chinese Grand Prix
98.269,16,HARD,2,26.064,29.975,42.23,7000000.0,1010.0,101000000.0,6,7.0,1,True,5140.039,BEA,87,None,None,5067.923,5097.898,5140.128,269.0,259.0,272.0,327.0,True,Haas F1 Team,5041.77,2026-03-15T07:31:37.551000000,False,None,False,True,5100.455,15.2,56.6,1024.7,False,21.9,114,3.2,Chinese Grand Prix
98.343,17,HARD,2,25.952,29.696,42.695,7010000.0,101110.0,0.0,7,7.0,1,False,5238.382,BEA,87,None,None,5166.08,5195.776,5238.471,269.0,260.0,271.0,315.0,True,Haas F1 Team,5140.039,2026-03-15T07:33:15.820000000,False,None,False,True,5160.435,15.2,56.7,1024.7,False,21.9,126,1.0,Chinese Grand Prix
98.197,18,HARD,2,25.907,29.658,42.632,7000000.0,100100.0,100.0,8,7.0,12,True,5336.579,BEA,87,None,None,5264.378,5294.036,5336.668,274.0,259.0,256.0,327.0,True,Haas F1 Team,5238.382,2026-03-15T07:34:54.163000000,False,None,False,True,5280.444,15.3,56.2,1024.6,False,21.6,101,1.6,Chinese Grand Prix
99.009,19,HARD,2,25.981,30.329,42.699,7001010.0,0.0,100000000.0,9,6.0,1,False,5435.588,BEA,87,None,None,5362.649,5392.978,5435.677,273.0,260.0,257.0,328.0,True,Haas F1 Team,5336.579,2026-03-15T07:36:32.360000000,False,None,False,True,5340.458,15.3,56.4,1024.6,False,21.6,98,2.0,Chinese Grand Prix
98.618,20,HARD,2,26.152,29.786,42.68,7001000.0,1000.0,10000.0,10,6.0,1,False,5534.206,BEA,87,None,None,5461.829,5491.615,5534.295,272.0,260.0,250.0,325.0,True,Haas F1 Team,5435.588,2026-03-15T07:38:11.369000000,False,None,False,True,5460.458,15.3,56.8,1024.5,False,21.5,108,1.7,Chinese Grand Prix
98.526,21,HARD,2,26.602,29.775,42.149,7000010.0,0.0,1000100110.0,11,5.0,1,False,5632.732,BEA,87,None,None,5560.897,5590.672,5632.821,272.0,261.0,268.0,315.0,True,Haas F1 Team,5534.206,2026-03-15T07:39:49.987000000,False,None,False,True,5580.486,15.3,56.9,1024.5,False,21.8,92,2.8,Chinese Grand Prix
97.867,22,HARD,2,25.899,29.578,42.39,7000100.0,100100.0,10000000100.0,12,5.0,1,True,5730.599,BEA,87,None,None,5658.72,5688.298,5730.688,267.0,252.0,269.0,301.0,True,Haas F1 Team,5632.732,2026-03-15T07:41:28.513000000,False,None,False,True,5640.491,15.3,57.0,1024.3,False,21.7,110,2.4,Chinese Grand Prix
97.615,23,HARD,2,25.88,29.454,42.281,7010000.0,100110.0,100010.0,13,5.0,1,True,5828.214,BEA,87,None,None,5756.568,5786.022,5828.303,265.0,253.0,272.0,302.0,True,Haas F1 Team,5730.599,2026-03-15T07:43:06.380000000,False,None,False,True,5760.489,15.3,56.2,1024.3,False,21.6,89,1.5,Chinese Grand Prix
97.86,24,HARD,2,25.753,29.62,42.487,7000100.0,10.0,10000000000.0,14,5.0,1,False,5926.074,BEA,87,None,None,5854.056,5883.676,5926.163,264.0,251.0,268.0,300.0,True,Haas F1 Team,5828.214,2026-03-15T07:44:43.995000000,False,None,False,True,5880.499,15.4,56.2,1024.3,False,21.8,94,2.8,Chinese Grand Prix
97.68,25,HARD,2,25.942,29.495,42.243,7000000.0,0.0,1.0,15,5.0,1,False,6023.754,BEA,87,None,None,5952.105,5981.6,6023.843,266.0,252.0,273.0,303.0,True,Haas F1 Team,5926.074,2026-03-15T07:46:21.855000000,False,None,False,True,5940.541,15.3,56.3,1024.3,False,21.7,93,2.2,Chinese Grand Prix
97.392,26,HARD,2,25.68,29.397,42.315,7030100.0,10.0,10100000000.0,16,5.0,1,True,6121.146,BEA,87,None,None,6049.523,6078.92,6121.235,264.0,254.0,271.0,300.0,True,Haas F1 Team,6023.754,2026-03-15T07:47:59.535000000,False,None,False,True,6060.553,15.3,56.5,1024.4,False,21.8,63,2.3,Chinese Grand Prix
97.405,27,HARD,2,25.83,29.329,42.246,7000100.0,100010.0,111.0,17,5.0,1,False,6218.551,BEA,87,None,None,6147.065,6176.394,6218.64,267.0,255.0,274.0,302.0,True,Haas F1 Team,6121.146,2026-03-15T07:49:36.927000000,False,None,False,True,6180.548,15.4,56.0,1024.4,False,21.8,70,2.2,Chinese Grand Prix
97.638,28,HARD,2,25.728,29.416,42.494,7000000.0,100.0,0.0,18,5.0,12,False,6316.189,BEA,87,None,None,6244.368,6273.784,6316.278,265.0,255.0,272.0,302.0,True,Haas F1 Team,6218.551,2026-03-15T07:51:14.332000000,False,None,False,True,6240.572,15.4,56.0,1024.4,False,21.7,67,2.0,Chinese Grand Prix
97.684,29,HARD,2,25.876,29.507,42.301,7000000.0,0.0,111.0,19,5.0,1,False,6413.873,BEA,87,None,None,6342.154,6371.661,6413.962,265.0,257.0,275.0,301.0,True,Haas F1 Team,6316.189,2026-03-15T07:52:51.970000000,False,None,False,True,6360.641,15.4,55.6,1024.4,False,21.6,77,3.0,Chinese Grand Prix
97.276,30,HARD,2,25.616,29.364,42.296,7000000.0,100.0,100.0,20,5.0,1,True,6511.149,BEA,87,None,None,6439.578,6468.942,6511.238,267.0,253.0,273.0,302.0,True,Haas F1 Team,6413.873,2026-03-15T07:54:29.654000000,False,None,False,True,6480.569,15.4,55.8,1024.4,False,21.2,77,2.6,Chinese Grand Prix
97.583,31,HARD,2,25.822,29.395,42.366,7000000.0,100.0,0.0,21,5.0,1,False,6608.732,BEA,87,None,None,6537.06,6566.455,6608.821,264.0,253.0,274.0,302.0,True,Haas F1 Team,6511.149,2026-03-15T07:56:06.930000000,False,None,False,True,6540.585,15.4,55.8,1024.4,False,21.2,77,2.6,Chinese Grand Prix
97.496,32,HARD,2,25.749,29.516,42.231,7000000.0,0.0,1.0,22,5.0,1,False,6706.228,BEA,87,None,None,6634.57,6664.086,6706.317,266.0,253.0,275.0,303.0,True,Haas F1 Team,6608.732,2026-03-15T07:57:44.513000000,False,None,False,True,6660.608,15.2,56.6,1024.5,False,21.1,84,1.6,Chinese Grand Prix
97.267,33,HARD,2,25.673,29.373,42.221,7000000.0,0.0,0.0,23,5.0,12,True,6803.495,BEA,87,None,None,6731.99,6761.363,6803.584,265.0,256.0,272.0,302.0,True,Haas F1 Team,6706.228,2026-03-15T07:59:22.009000000,False,None,False,True,6720.626,15.3,56.8,1024.5,False,21.1,84,2.2,Chinese Grand Prix
97.395,34,HARD,2,25.837,29.278,42.28,7000000.0,100100.0,0.0,24,5.0,1,False,6900.89,BEA,87,None,None,6829.421,6858.699,6900.979,268.0,252.0,274.0,303.0,True,Haas F1 Team,6803.495,2026-03-15T08:00:59.276000000,False,None,False,True,6840.653,15.3,56.2,1024.5,False,20.8,86,1.7,Chinese Grand Prix
97.42,35,HARD,2,25.684,29.313,42.423,7000000.0,0.0,10000000000.0,25,5.0,1,False,6998.31,BEA,87,None,None,6926.663,6955.976,6998.399,270.0,256.0,272.0,300.0,True,Haas F1 Team,6900.89,2026-03-15T08:02:36.671000000,False,None,False,True,6960.665,15.3,56.1,1024.5,False,21.0,108,1.6,Chinese Grand Prix
97.48,36,HARD,2,25.802,29.289,42.389,7000000.0,1.0,0.0,26,5.0,1,False,7095.79,BEA,87,None,None,7024.201,7053.49,7095.879,270.0,259.0,275.0,301.0,True,Haas F1 Team,6998.31,2026-03-15T08:04:14.091000000,False,None,False,True,7020.691,15.3,55.9,1024.4,False,21.0,98,1.6,Chinese Grand Prix
97.242,37,HARD,2,25.653,29.382,42.207,7000000.0,10.0,100000001.0,27,5.0,1,True,7193.032,BEA,87,None,None,7121.532,7150.914,7193.121,265.0,257.0,275.0,301.0,True,Haas F1 Team,7095.79,2026-03-15T08:05:51.571000000,False,None,False,True,7140.713,15.3,55.4,1024.5,False,20.3,121,2.4,Chinese Grand Prix
97.222,38,HARD,2,25.669,29.284,42.269,7000000.0,100.0,1.0,28,5.0,1,True,7290.254,BEA,87,None,None,7218.79,7248.074,7290.343,264.0,254.0,275.0,302.0,True,Haas F1 Team,7193.032,2026-03-15T08:07:28.813000000,False,None,False,True,7200.701,15.3,55.4,1024.5,False,20.3,121,2.4,Chinese Grand Prix
97.043,39,HARD,2,25.602,29.17,42.271,7000000.0,110.0,10000000000.0,29,5.0,1,True,7387.297,BEA,87,None,None,7315.945,7345.115,7387.386,266.0,258.0,275.0,302.0,True,Haas F1 Team,7290.254,2026-03-15T08:09:06.035000000,False,None,False,True,7320.732,15.1,56.6,1024.4,False,20.9,83,3.1,Chinese Grand Prix
97.153,40,HARD,2,25.551,29.284,42.318,7010000.0,0.0,10000000000.0,30,5.0,1,False,7484.45,BEA,87,None,None,7412.937,7442.221,7484.539,268.0,257.0,275.0,300.0,True,Haas F1 Team,7387.297,2026-03-15T08:10:43.078000000,False,None,False,True,7440.702,15.2,56.3,1024.4,False,20.3,88,3.1,Chinese Grand Prix
97.029,41,HARD,2,25.444,29.283,42.302,7000000.0,100.0,10000000001.0,31,5.0,1,True,7581.479,BEA,87,None,None,7509.983,7539.266,7581.568,272.0,256.0,276.0,301.0,True,Haas F1 Team,7484.45,2026-03-15T08:12:20.231000000,False,None,False,True,7500.718,15.2,55.9,1024.3,False,20.5,92,2.6,Chinese Grand Prix
97.712,42,HARD,2,25.463,29.29,42.959,7000000.0,0.0,10000000000.0,32,5.0,1,False,7679.191,BEA,87,None,None,7607.031,7636.321,7679.28,270.0,258.0,266.0,299.0,True,Haas F1 Team,7581.479,2026-03-15T08:13:57.260000000,False,None,False,True,7620.711,15.1,56.5,1024.3,False,20.5,88,2.7,Chinese Grand Prix
97.214,43,HARD,2,25.801,29.152,42.261,7000000.0,100100.0,1.0,33,5.0,1,False,7776.405,BEA,87,None,None,7705.081,7734.233,7776.494,273.0,257.0,276.0,301.0,True,Haas F1 Team,7679.191,2026-03-15T08:15:34.972000000,False,None,False,True,7740.749,15.1,56.3,1024.2,False,20.3,91,3.3,Chinese Grand Prix
97.416,44,HARD,2,25.505,29.32,42.591,7010000.0,0.0,0.0,34,5.0,1,False,7873.821,BEA,87,None,None,7801.999,7831.319,7873.91,272.0,257.0,275.0,301.0,True,Haas F1 Team,7776.405,2026-03-15T08:17:12.186000000,False,None,False,True,7800.765,15.1,56.6,1024.3,False,20.4,61,2.7,Chinese Grand Prix
97.232,45,HARD,2,25.495,29.325,42.412,7000100.0,0.0,0.0,35,5.0,1,False,7971.053,BEA,87,None,None,7899.405,7928.73,7971.142,269.0,257.0,275.0,301.0,True,Haas F1 Team,7873.821,2026-03-15T08:18:49.602000000,False,None,False,True,7920.767,15.1,56.9,1024.3,False,20.4,77,3.3,Chinese Grand Prix
97.301,46,HARD,2,25.54,29.348,42.413,7000000.0,0.0,1.0,36,5.0,1,False,8068.354,BEA,87,None,None,7996.682,8026.03,8068.443,267.0,258.0,276.0,302.0,True,Haas F1 Team,7971.053,2026-03-15T08:20:26.834000000,False,None,False,True,7980.783,15.1,56.5,1024.4,False,20.5,81,3.9,Chinese Grand Prix
96.805,47,HARD,2,25.469,29.166,42.17,7000000.0,11.0,10000000001.0,37,5.0,1,True,8165.159,BEA,87,None,None,8093.912,8123.078,8165.248,270.0,260.0,276.0,304.0,True,Haas F1 Team,8068.354,2026-03-15T08:22:04.135000000,False,None,False,True,8100.772,15.1,56.9,1024.4,False,20.2,77,3.3,Chinese Grand Prix
97.238,48,HARD,2,25.443,29.293,42.502,7000000.0,0.0,10000000011.0,38,5.0,1,False,8262.397,BEA,87,None,None,8190.691,8219.984,8262.486,272.0,260.0,277.0,307.0,True,Haas F1 Team,8165.159,2026-03-15T08:23:40.940000000,False,None,False,True,8220.803,15.0,57.4,1024.4,False,20.1,91,2.4,Chinese Grand Prix
97.642,49,HARD,2,25.501,29.67,42.471,7000000.0,1000.0,0.0,39,5.0,1,False,8360.039,BEA,87,None,None,8287.987,8317.657,8360.128,271.0,262.0,273.0,301.0,True,Haas F1 Team,8262.397,2026-03-15T08:25:18.178000000,False,None,False,True,8280.808,15.0,57.4,1024.4,False,20.2,93,2.0,Chinese Grand Prix
96.989,50,HARD,2,25.619,29.069,42.301,7000000.0,101.0,10000000010.0,40,5.0,1,False,8457.028,BEA,87,None,None,8385.747,8414.816,8457.117,273.0,259.0,277.0,300.0,True,Haas F1 Team,8360.039,2026-03-15T08:26:55.820000000,False,None,False,True,8400.828,15.0,57.3,1024.5,False,20.2,77,2.9,Chinese Grand Prix
96.825,51,HARD,2,25.327,29.145,42.353,7000000.0,100.0,0.0,41,5.0,1,False,8553.853,BEA,87,None,None,8482.444,8511.589,8553.942,272.0,257.0,277.0,301.0,True,Haas F1 Team,8457.028,2026-03-15T08:28:32.809000000,False,None,False,True,8460.818,15.0,57.4,1024.6,False,20.1,84,3.1,Chinese Grand Prix
96.778,52,HARD,2,25.448,29.198,42.132,7000000.0,0.0,0.0,42,5.0,1,True,8650.631,BEA,87,None,None,8579.39,8608.588,8650.72,268.0,258.0,276.0,302.0,True,Haas F1 Team,8553.853,2026-03-15T08:30:09.634000000,False,None,False,True,8580.801,14.9,57.3,1024.6,False,20.0,95,4.1,Chinese Grand Prix
96.68,53,HARD,2,25.325,29.105,42.25,7001000.0,1.0,0.0,43,5.0,12,True,8747.311,BEA,87,None,None,8676.045,8705.15,8747.4,272.0,260.0,277.0,303.0,True,Haas F1 Team,8650.631,2026-03-15T08:31:46.412000000,False,None,False,True,8700.85,15.0,57.4,1024.7,False,19.9,93,2.5,Chinese Grand Prix
96.788,54,HARD,2,25.42,29.088,42.28,7000000.0,101.0,100000000.0,44,5.0,1,False,8844.099,BEA,87,None,None,8772.82,8801.908,8844.188,271.0,261.0,277.0,303.0,True,Haas F1 Team,8747.311,2026-03-15T08:33:23.092000000,False,None,False,True,8760.855,15.0,57.4,1024.5,False,20.0,84,2.4,Chinese Grand Prix
96.648,55,HARD,2,25.384,29.169,42.095,7010000.0,0.0,100000000.0,45,5.0,1,True,8940.747,BEA,87,None,None,8869.572,8898.741,8940.836,271.0,259.0,277.0,306.0,True,Haas F1 Team,8844.099,2026-03-15T08:34:59.880000000,False,None,False,True,8880.869,15.0,57.5,1024.6,False,20.1,86,2.8,Chinese Grand Prix
96.429,56,HARD,2,25.226,29.121,42.082,7000010.0,1.0,10000.0,46,5.0,1,True,9037.176,BEA,87,None,None,8966.062,8995.183,9037.265,275.0,270.0,254.0,327.0,True,Haas F1 Team,8940.747,2026-03-15T08:36:36.528000000,False,None,False,True,9000.856,14.9,57.5,1024.5,False,19.7,112,2.3,Chinese Grand Prix
108.335,1,MEDIUM,1,,32.177,43.908,111111.0,111111.0,11111111111.0,1,14.0,12,False,3492.647,BOT,77,None,None,None,3448.917,3492.787,274.0,258.0,271.0,335.0,True,Cadillac,3384.05,2026-03-15T07:03:59.831000000,False,None,False,False,3420.295,15.6,55.2,1024.4,False,23.3,72,2.8,Chinese Grand Prix
101.601,2,MEDIUM,1,26.947,31.365,43.289,1111110.0,111111.0,10110101111.0,2,14.0,1,True,3594.248,BOT,77,None,None,3519.673,3551.038,3594.327,278.0,262.0,273.0,328.0,True,Cadillac,3492.647,2026-03-15T07:05:48.428000000,False,None,False,True,3540.312,15.6,55.3,1024.5,False,22.5,102,4.5,Chinese Grand Prix
101.829,3,MEDIUM,1,26.659,31.934,43.236,7111110.0,110100.0,100101110.0,3,15.0,1,False,3696.077,BOT,77,None,None,3620.986,3652.92,3696.156,273.0,249.0,272.0,327.0,True,Cadillac,3594.248,2026-03-15T07:07:30.029000000,False,None,False,True,3600.332,15.5,55.8,1024.4,False,23.0,107,1.8,Chinese Grand Prix
100.904,4,MEDIUM,1,26.761,30.962,43.181,11000.0,100110.0,10000110000.0,4,15.0,1,True,3796.981,BOT,77,None,None,3722.917,3753.879,3797.06,271.0,255.0,251.0,322.0,True,Cadillac,3696.077,2026-03-15T07:09:11.858000000,False,None,False,True,3720.342,15.5,55.4,1024.5,False,23.0,105,2.5,Chinese Grand Prix
101.396,5,MEDIUM,1,27.059,31.039,43.298,7011000.0,110.0,100100.0,5,15.0,1,False,3898.377,BOT,77,None,None,3824.119,3855.158,3898.456,264.0,258.0,270.0,320.0,True,Cadillac,3796.981,2026-03-15T07:10:52.762000000,False,None,False,True,3840.33,15.5,55.3,1024.5,False,23.1,92,3.7,Chinese Grand Prix
100.278,6,MEDIUM,1,26.391,30.952,42.935,7001100.0,100000.0,1000000111.0,6,14.0,1,True,3998.655,BOT,77,None,None,3924.847,3955.799,3998.734,271.0,258.0,267.0,330.0,True,Cadillac,3898.377,2026-03-15T07:12:34.158000000,False,None,False,True,3900.33,15.6,55.6,1024.5,False,22.9,107,2.2,Chinese Grand Prix
100.875,7,MEDIUM,1,26.604,30.985,43.286,7010110.0,0.0,10100101000.0,7,14.0,1,False,4099.53,BOT,77,None,None,4025.338,4056.323,4099.609,263.0,253.0,266.0,315.0,True,Cadillac,3998.655,2026-03-15T07:14:14.436000000,False,None,False,True,4020.34,15.6,55.8,1024.5,False,22.4,111,2.4,Chinese Grand Prix
101.258,8,MEDIUM,1,26.882,31.015,43.361,7010000.0,0.0,10000001010.0,8,14.0,1,False,4200.788,BOT,77,None,None,4126.491,4157.506,4200.867,262.0,254.0,267.0,313.0,True,Cadillac,4099.53,2026-03-15T07:15:55.311000000,False,None,False,True,4080.343,15.6,55.9,1024.3,False,22.8,88,2.1,Chinese Grand Prix
101.349,9,MEDIUM,1,26.941,30.99,43.418,7000000.0,0.0,10000000000.0,9,14.0,1,False,4302.137,BOT,77,None,None,4227.808,4258.798,4302.216,262.0,251.0,268.0,310.0,True,Cadillac,4200.788,2026-03-15T07:17:36.569000000,False,None,False,True,4200.397,15.6,56.0,1024.5,False,22.6,110,2.6,Chinese Grand Prix
125.131,10,MEDIUM,1,26.878,35.613,62.64,7010000.0,100000.0,1555.0,10,12.0,124,False,4427.268,BOT,77,None,4425.503,4329.094,4364.707,4427.347,267.0,203.0,None,252.0,True,Cadillac,4302.137,2026-03-15T07:19:17.918000000,False,None,False,False,4320.396,15.5,56.2,1024.6,False,22.4,92,1.5,Chinese Grand Prix
156.783,11,HARD,2,58.486,40.93,57.367,5500000.0,0.0,0.0,1,16.0,4,False,4584.05,BOT,77,4453.35,None,4485.92,4526.914,4584.3,190.0,227.0,225.0,220.0,True,Cadillac,4427.268,2026-03-15T07:21:23.049000000,False,None,False,False,4440.382,15.5,55.5,1024.6,False,22.8,77,0.8,Chinese Grand Prix
121.448,12,HARD,2,33.862,33.038,54.548,0.0,0.0,0.0,2,15.0,4,False,4705.498,BOT,77,None,None,4617.991,4651.029,4705.577,267.0,234.0,220.0,180.0,True,Cadillac,4584.05,2026-03-15T07:23:59.831000000,False,None,False,False,4560.395,15.5,55.3,1024.7,False,22.7,0,0.0,Chinese Grand Prix
139.819,13,HARD,2,35.481,45.177,59.161,7000000.0,0.0,0.0,3,15.0,41,False,4845.317,BOT,77,None,None,4741.058,4786.235,4845.396,230.0,179.0,271.0,181.0,True,Cadillac,4705.498,2026-03-15T07:26:01.279000000,False,None,False,False,4740.397,15.5,55.1,1024.6,False,22.0,131,1.7,Chinese Grand Prix
101.294,14,HARD,2,26.737,31.46,43.097,7100000.0,1.0,1000001.0,4,15.0,1,False,4946.611,BOT,77,None,None,4872.133,4903.593,4946.69,278.0,274.0,273.0,332.0,True,Cadillac,4845.317,2026-03-15T07:28:21.098000000,False,None,False,True,4860.43,15.4,56.3,1024.7,False,22.4,112,1.1,Chinese Grand Prix
100.006,15,HARD,2,26.165,30.675,43.166,7000011.0,100.0,100000000.0,5,15.0,1,True,5046.617,BOT,77,None,None,4972.855,5003.53,5046.696,285.0,260.0,271.0,320.0,True,Cadillac,4946.611,2026-03-15T07:30:02.392000000,False,None,False,True,4980.417,15.4,56.2,1024.7,False,21.6,116,2.8,Chinese Grand Prix
99.739,16,HARD,2,26.191,30.624,42.924,7010010.0,100010.0,100100010.0,6,15.0,1,True,5146.356,BOT,77,None,None,5072.887,5103.511,5146.435,281.0,258.0,270.0,317.0,True,Cadillac,5046.617,2026-03-15T07:31:42.398000000,False,None,False,True,5100.455,15.2,56.6,1024.7,False,21.9,114,3.2,Chinese Grand Prix
100.23,17,HARD,2,26.489,30.745,42.996,7000000.0,10.0,10100000000.0,7,15.0,12,False,5246.586,BOT,77,None,None,5172.924,5203.669,5246.665,280.0,257.0,268.0,313.0,True,Cadillac,5146.356,2026-03-15T07:33:22.137000000,False,None,False,True,5160.435,15.2,56.7,1024.7,False,21.9,126,1.0,Chinese Grand Prix
100.099,18,HARD,2,26.368,30.689,43.042,7000100.0,0.0,10000000010.0,8,15.0,21,False,5346.685,BOT,77,None,None,5273.033,5303.722,5346.764,277.0,258.0,268.0,316.0,True,Cadillac,5246.586,2026-03-15T07:35:02.367000000,False,None,False,True,5280.444,15.3,56.2,1024.6,False,21.6,101,1.6,Chinese Grand Prix
100.164,19,HARD,2,26.517,30.671,42.976,7000010.0,100.0,0.0,9,15.0,1,False,5446.849,BOT,77,None,None,5373.281,5403.952,5446.928,276.0,255.0,267.0,313.0,True,Cadillac,5346.685,2026-03-15T07:36:42.466000000,False,None,False,True,5340.458,15.3,56.4,1024.6,False,21.6,98,2.0,Chinese Grand Prix
99.976,20,HARD,2,26.364,30.626,42.986,7000010.0,0.0,10000.0,10,15.0,1,False,5546.825,BOT,77,None,None,5473.292,5503.918,5546.904,275.0,257.0,268.0,310.0,True,Cadillac,5446.849,2026-03-15T07:38:22.630000000,False,None,False,True,5460.458,15.3,56.8,1024.5,False,21.5,108,1.7,Chinese Grand Prix
100.045,21,HARD,2,26.449,30.593,43.003,7000000.0,10.0,0.0,11,15.0,1,False,5646.87,BOT,77,None,None,5573.353,5603.946,5646.949,276.0,256.0,269.0,309.0,True,Cadillac,5546.825,2026-03-15T07:40:02.606000000,False,None,False,True,5580.486,15.3,56.9,1024.5,False,21.8,92,2.8,Chinese Grand Prix
99.813,22,HARD,2,26.212,30.653,42.948,7001010.0,0.0,100010.0,12,15.0,1,False,5746.683,BOT,77,None,None,5673.161,5703.814,5746.762,276.0,256.0,270.0,307.0,True,Cadillac,5646.87,2026-03-15T07:41:42.651000000,False,None,False,True,5640.491,15.3,57.0,1024.3,False,21.7,110,2.4,Chinese Grand Prix
99.967,23,HARD,2,26.487,30.566,42.914,7000000.0,0.0,1100000000.0,13,15.0,1,False,5846.65,BOT,77,None,None,5773.249,5803.815,5846.729,271.0,258.0,271.0,305.0,True,Cadillac,5746.683,2026-03-15T07:43:22.464000000,False,None,False,True,5760.489,15.3,56.2,1024.3,False,21.6,89,1.5,Chinese Grand Prix
99.846,24,HARD,2,26.425,30.561,42.86,7000000.0,0.0,0.0,14,15.0,1,False,5946.496,BOT,77,None,None,5873.154,5903.715,5946.575,272.0,256.0,271.0,307.0,True,Cadillac,5846.65,2026-03-15T07:45:02.431000000,False,None,False,True,5880.499,15.4,56.2,1024.3,False,21.8,94,2.8,Chinese Grand Prix
99.813,25,HARD,2,26.2,30.699,42.914,7011000.0,1000.0,10.0,15,15.0,1,False,6046.309,BOT,77,None,None,5972.775,6003.474,6046.388,274.0,258.0,270.0,306.0,True,Cadillac,5946.496,2026-03-15T07:46:42.277000000,False,None,False,True,5940.541,15.3,56.3,1024.3,False,21.7,93,2.2,Chinese Grand Prix
99.744,26,HARD,2,26.309,30.445,42.99,7000100.0,1000.0,10000.0,16,15.0,1,False,6146.053,BOT,77,None,None,6072.697,6103.142,6146.132,275.0,258.0,270.0,306.0,True,Cadillac,6046.309,2026-03-15T07:48:22.090000000,False,None,False,True,6060.553,15.3,56.5,1024.4,False,21.8,63,2.3,Chinese Grand Prix
100.805,27,HARD,2,26.104,30.394,44.307,7011100.0,1000.0,10.0,17,15.0,12,False,6246.858,BOT,77,None,None,6172.236,6202.63,6246.937,278.0,258.0,268.0,301.0,True,Cadillac,6146.053,2026-03-15T07:50:01.834000000,False,None,False,True,6180.548,15.4,56.0,1024.4,False,21.8,70,2.2,Chinese Grand Prix
99.636,28,HARD,2,26.274,30.448,42.914,7000100.0,1010.0,10.0,18,15.0,1,True,6346.494,BOT,77,None,None,6273.211,6303.659,6346.573,277.0,259.0,271.0,311.0,True,Cadillac,6246.858,2026-03-15T07:51:42.639000000,False,None,False,True,6240.572,15.4,56.0,1024.4,False,21.7,67,2.0,Chinese Grand Prix
99.566,29,HARD,2,26.098,30.501,42.967,7011000.0,0.0,0.0,19,15.0,1,True,6446.06,BOT,77,None,None,6372.671,6403.172,6446.139,278.0,257.0,271.0,311.0,True,Cadillac,6346.494,2026-03-15T07:53:22.275000000,False,None,False,True,6360.641,15.4,55.6,1024.4,False,21.6,77,3.0,Chinese Grand Prix
99.692,30,HARD,2,26.301,30.429,42.962,7000000.0,0.0,1000000010.0,20,14.0,1,False,6545.752,BOT,77,None,None,6472.44,6502.869,6545.831,277.0,258.0,273.0,306.0,True,Cadillac,6446.06,2026-03-15T07:55:01.841000000,False,None,False,True,6480.569,15.4,55.8,1024.4,False,21.2,77,2.6,Chinese Grand Prix
99.768,31,HARD,2,26.106,30.87,42.792,7000000.0,0.0,1.0,21,15.0,1,False,6645.52,BOT,77,None,None,6571.937,6602.807,6645.599,278.0,260.0,275.0,312.0,True,Cadillac,6545.752,2026-03-15T07:56:41.533000000,False,None,False,True,6540.585,15.4,55.8,1024.4,False,21.2,77,2.6,Chinese Grand Prix
99.542,32,HARD,2,26.151,30.446,42.945,7000000.0,11000.0,10100000000.0,22,15.0,1,True,6745.062,BOT,77,None,None,6671.75,6702.196,6745.141,280.0,258.0,273.0,307.0,True,Cadillac,6645.52,2026-03-15T07:58:21.301000000,False,None,False,True,6660.608,15.2,56.6,1024.5,False,21.1,84,1.6,Chinese Grand Prix
101.146,33,HARD,2,26.832,30.937,43.377,7000000.0,10000.0,0.0,23,14.0,12,False,6846.208,BOT,77,None,None,6771.973,6802.91,6846.287,282.0,261.0,270.0,310.0,True,Cadillac,6745.062,2026-03-15T08:00:00.843000000,False,None,False,True,6720.626,15.3,56.8,1024.5,False,21.1,84,2.2,Chinese Grand Prix
99.695,34,HARD,2,26.516,30.445,42.734,7000000.0,1101.0,10000.0,24,14.0,1,False,6945.903,BOT,77,None,None,6872.803,6903.248,6945.982,274.0,262.0,270.0,307.0,True,Cadillac,6846.208,2026-03-15T08:01:41.989000000,False,None,False,True,6840.653,15.3,56.2,1024.5,False,20.8,86,1.7,Chinese Grand Prix
99.539,35,HARD,2,26.304,30.277,42.958,7000000.0,0.0,10.0,25,14.0,1,True,7045.442,BOT,77,None,None,6972.286,7002.563,7045.521,279.0,260.0,271.0,305.0,True,Cadillac,6945.903,2026-03-15T08:03:21.684000000,False,None,False,True,6960.665,15.3,56.1,1024.5,False,21.0,108,1.6,Chinese Grand Prix
100.552,36,HARD,2,26.353,31.324,42.875,7000000.0,0.0,0.0,26,14.0,1,False,7145.994,BOT,77,None,None,7071.874,7103.198,7146.073,277.0,262.0,272.0,315.0,True,Cadillac,7045.442,2026-03-15T08:05:01.223000000,False,None,False,True,7020.691,15.3,55.9,1024.4,False,21.0,98,1.6,Chinese Grand Prix
99.444,37,HARD,2,26.253,30.429,42.762,7000000.0,1000.0,100000.0,27,14.0,1,True,7245.438,BOT,77,None,None,7172.326,7202.755,7245.517,278.0,259.0,273.0,312.0,True,Cadillac,7145.994,2026-03-15T08:06:41.775000000,False,None,False,True,7140.713,15.3,55.4,1024.5,False,20.3,121,2.4,Chinese Grand Prix
100.047,38,HARD,2,26.13,30.527,43.39,7010000.0,0.0,0.0,28,15.0,1,False,7345.485,BOT,77,None,None,7271.647,7302.174,7345.564,276.0,260.0,272.0,310.0,True,Cadillac,7245.438,2026-03-15T08:08:21.219000000,False,None,False,True,7200.701,15.3,55.4,1024.5,False,20.3,121,2.4,Chinese Grand Prix
99.734,39,HARD,2,26.45,30.283,43.001,7000000.0,11000.0,0.0,29,15.0,1,False,7445.219,BOT,77,None,None,7372.014,7402.297,7445.298,270.0,260.0,269.0,319.0,True,Cadillac,7345.485,2026-03-15T08:10:01.266000000,False,None,False,True,7320.732,15.1,56.6,1024.4,False,20.9,83,3.1,Chinese Grand Prix
100.571,40,HARD,2,27.407,30.087,43.077,7000000.0,11000.0,100000010.0,30,15.0,1,False,7545.79,BOT,77,None,None,7472.705,7502.792,7545.869,274.0,260.0,272.0,306.0,True,Cadillac,7445.219,2026-03-15T08:11:41.000000000,False,None,False,True,7440.702,15.2,56.3,1024.4,False,20.3,88,3.1,Chinese Grand Prix
100.077,41,HARD,2,26.195,30.027,43.855,7001000.0,1100.0,0.0,31,15.0,1,False,7645.867,BOT,77,None,None,7572.064,7602.091,7645.946,271.0,258.0,271.0,292.0,True,Cadillac,7545.79,2026-03-15T08:13:21.571000000,False,None,False,True,7500.718,15.2,55.9,1024.3,False,20.5,92,2.6,Chinese Grand Prix
99.02,42,HARD,2,26.101,30.045,42.874,7001000.0,0.0,10.0,32,15.0,1,True,7744.887,BOT,77,None,None,7672.047,7702.092,7744.966,275.0,261.0,273.0,304.0,True,Cadillac,7645.867,2026-03-15T08:15:01.648000000,False,None,False,True,7620.711,15.1,56.5,1024.3,False,20.5,88,2.7,Chinese Grand Prix
99.461,43,HARD,2,26.138,29.91,43.413,7000000.0,10100.0,100000000.0,33,15.0,1,False,7844.348,BOT,77,None,None,7771.104,7801.014,7844.427,273.0,258.0,273.0,302.0,True,Cadillac,7744.887,2026-03-15T08:16:40.668000000,False,None,False,True,7740.749,15.1,56.3,1024.2,False,20.3,91,3.3,Chinese Grand Prix
98.914,44,HARD,2,26.051,30.038,42.825,7000000.0,0.0,0.0,34,15.0,1,True,7943.262,BOT,77,None,None,7870.478,7900.516,7943.341,274.0,262.0,274.0,313.0,True,Cadillac,7844.348,2026-03-15T08:18:20.129000000,False,None,False,True,7800.765,15.1,56.6,1024.3,False,20.4,61,2.7,Chinese Grand Prix
100.379,45,HARD,2,25.99,30.076,44.313,7001000.0,1000.0,1.0,35,15.0,1,False,8043.641,BOT,77,None,None,7969.331,7999.407,8043.72,271.0,259.0,275.0,305.0,True,Cadillac,7943.262,2026-03-15T08:19:59.043000000,False,None,False,True,7920.767,15.1,56.9,1024.3,False,20.4,77,3.3,Chinese Grand Prix
99.658,46,HARD,2,26.021,30.022,43.615,7000000.0,10000.0,10000000000.0,36,14.0,1,False,8143.299,BOT,77,None,None,8069.741,8099.763,8143.378,274.0,261.0,275.0,265.0,True,Cadillac,8043.641,2026-03-15T08:21:39.422000000,False,None,False,True,7980.783,15.1,56.5,1024.4,False,20.5,81,3.9,Chinese Grand Prix
98.93,47,HARD,2,26.086,30.061,42.783,7000000.0,0.0,10.0,37,13.0,1,False,8242.229,BOT,77,None,None,8169.464,8199.525,8242.308,272.0,261.0,274.0,313.0,True,Cadillac,8143.299,2026-03-15T08:23:19.080000000,False,None,False,True,8100.772,15.1,56.9,1024.4,False,20.2,77,3.3,Chinese Grand Prix
99.135,48,HARD,2,26.175,29.953,43.007,7000000.0,1000.0,0.0,38,13.0,1,False,8341.364,BOT,77,None,None,8268.483,8298.436,8341.443,274.0,260.0,272.0,306.0,True,Cadillac,8242.229,2026-03-15T08:24:58.010000000,False,None,False,True,8220.803,15.0,57.4,1024.4,False,20.1,91,2.4,Chinese Grand Prix
99.212,49,HARD,2,26.108,30.008,43.096,7000000.0,1000.0,10.0,39,13.0,1,False,8440.576,BOT,77,None,None,8367.551,8397.559,8440.655,274.0,261.0,272.0,304.0,True,Cadillac,8341.364,2026-03-15T08:26:37.145000000,False,None,False,True,8280.808,15.0,57.4,1024.4,False,20.2,93,2.0,Chinese Grand Prix
99.327,50,HARD,2,26.214,29.909,43.204,7000000.0,100000.0,0.0,40,13.0,1,False,8539.903,BOT,77,None,None,8466.869,8496.778,8539.982,274.0,261.0,272.0,301.0,True,Cadillac,8440.576,2026-03-15T08:28:16.357000000,False,None,False,True,8400.828,15.0,57.3,1024.5,False,20.2,77,2.9,Chinese Grand Prix
99.581,51,HARD,2,26.336,30.143,43.102,7000000.0,0.0,0.0,41,13.0,1,False,8639.484,BOT,77,None,None,8566.318,8596.461,8639.563,266.0,260.0,273.0,307.0,True,Cadillac,8539.903,2026-03-15T08:29:55.684000000,False,None,False,True,8460.818,15.0,57.4,1024.6,False,20.1,84,3.1,Chinese Grand Prix
99.423,52,HARD,2,26.241,30.155,43.027,7000000.0,0.0,0.0,42,13.0,12,False,8738.907,BOT,77,None,None,8665.804,8695.959,8738.986,271.0,259.0,274.0,306.0,True,Cadillac,8639.484,2026-03-15T08:31:35.265000000,False,None,False,True,8580.801,14.9,57.3,1024.6,False,20.0,95,4.1,Chinese Grand Prix
99.353,53,HARD,2,26.181,30.107,43.065,7000000.0,0.0,0.0,43,13.0,1,False,8838.26,BOT,77,None,None,8765.167,8795.274,8838.339,274.0,259.0,274.0,305.0,True,Cadillac,8738.907,2026-03-15T08:33:14.688000000,False,None,False,True,8700.85,15.0,57.4,1024.7,False,19.9,93,2.5,Chinese Grand Prix
99.423,54,HARD,2,26.023,30.297,43.103,7001000.0,0.0,0.0,44,13.0,1,False,8937.683,BOT,77,None,None,8864.362,8894.659,8937.762,273.0,259.0,275.0,308.0,True,Cadillac,8838.26,2026-03-15T08:34:54.041000000,False,None,False,True,8760.855,15.0,57.4,1024.5,False,20.0,84,2.4,Chinese Grand Prix
98.393,55,HARD,2,25.855,29.825,42.713,7000000.0,11001.0,10000110000.0,45,13.0,1,True,9036.076,BOT,77,None,None,8963.617,8993.442,9036.155,274.0,260.0,271.0,300.0,True,Cadillac,8937.683,2026-03-15T08:36:33.464000000,False,None,False,True,8880.869,15.0,57.5,1024.6,False,20.1,86,2.8,Chinese Grand Prix
105.498,1,HARD,1,,31.009,44.11,111111.0,111111.0,11111111110.0,1,6.0,12,False,3489.81,COL,43,None,None,None,3445.868,3489.841,273.0,266.0,269.0,319.0,True,Alpine,3384.05,2026-03-15T07:03:59.831000000,False,None,False,False,3420.295,15.6,55.2,1024.4,False,23.3,72,2.8,Chinese Grand Prix
99.308,2,HARD,1,26.084,30.148,43.076,1131110.0,101110.0,11110101100.0,2,6.0,1,True,3589.118,COL,43,None,None,3515.925,3546.073,3589.149,272.0,258.0,263.0,313.0,True,Alpine,3489.81,2026-03-15T07:05:45.591000000,False,None,False,True,3540.312,15.6,55.3,1024.5,False,22.5,102,4.5,Chinese Grand Prix
98.925,3,HARD,1,26.235,29.918,42.772,11000.0,100100.0,10010111100.0,3,6.0,1,True,3688.043,COL,43,None,None,3615.384,3645.302,3688.074,272.0,259.0,263.0,314.0,True,Alpine,3589.118,2026-03-15T07:07:24.899000000,False,None,False,True,3600.332,15.5,55.8,1024.4,False,23.0,107,1.8,Chinese Grand Prix
98.865,4,HARD,1,26.235,29.933,42.697,7030000.0,100010.0,10011111.0,4,6.0,1,True,3786.908,COL,43,None,None,None,3744.242,3786.939,272.0,258.0,270.0,315.0,True,Alpine,3688.043,2026-03-15T07:09:03.824000000,False,None,False,True,3720.342,15.5,55.4,1024.5,False,23.0,105,2.5,Chinese Grand Prix
98.91,5,HARD,1,25.834,30.107,42.969,1001110.0,0.0,111.0,5,6.0,1,False,3885.818,COL,43,None,None,3812.773,3842.88,3885.849,274.0,258.0,270.0,312.0,True,Alpine,3786.908,2026-03-15T07:10:42.689000000,False,None,False,True,3840.33,15.5,55.3,1024.5,False,23.1,92,3.7,Chinese Grand Prix
98.734,6,HARD,1,26.108,29.992,42.634,0.0,100000.0,10000100111.0,6,6.0,1,True,3984.552,COL,43,None,None,3911.957,3941.949,3984.583,275.0,261.0,270.0,312.0,True,Alpine,3885.818,2026-03-15T07:12:21.599000000,False,None,False,True,3900.33,15.6,55.6,1024.5,False,22.9,107,2.2,Chinese Grand Prix
98.805,7,HARD,1,26.167,30.094,42.544,7010000.0,100000.0,10000111000.0,7,6.0,1,False,4083.357,COL,43,None,None,4010.75,4040.844,4083.388,275.0,261.0,269.0,313.0,True,Alpine,3984.552,2026-03-15T07:14:00.333000000,False,None,False,True,4020.34,15.6,55.8,1024.5,False,22.4,111,2.4,Chinese Grand Prix
98.959,8,HARD,1,26.143,30.175,42.641,7000100.0,0.0,1001100.0,8,6.0,1,False,4182.316,COL,43,None,None,4109.531,4139.706,4182.347,274.0,259.0,269.0,314.0,True,Alpine,4083.357,2026-03-15T07:15:39.138000000,False,None,False,True,4080.343,15.6,55.9,1024.3,False,22.8,88,2.1,Chinese Grand Prix
99.036,9,HARD,1,26.118,30.268,42.65,7000000.0,0.0,10100.0,9,6.0,1,False,4281.352,COL,43,None,None,4208.465,4238.733,4281.383,274.0,260.0,270.0,314.0,True,Alpine,4182.316,2026-03-15T07:17:18.097000000,False,None,False,True,4200.397,15.6,56.0,1024.5,False,22.6,110,2.6,Chinese Grand Prix
111.471,10,HARD,1,26.157,30.235,55.079,7000000.0,100000.0,0.0,10,6.0,124,False,4392.823,COL,43,None,None,4307.54,4337.775,4392.854,273.0,260.0,255.0,246.0,True,Alpine,4281.352,2026-03-15T07:18:57.133000000,False,None,False,False,4320.396,15.5,56.2,1024.6,False,22.4,92,1.5,Chinese Grand Prix
146.642,11,HARD,1,38.41,44.254,63.978,7000000.0,0.0,0.0,11,2.0,4,False,4539.465,COL,43,None,None,4431.264,4475.518,4539.496,129.0,162.0,203.0,214.0,True,Alpine,4392.823,2026-03-15T07:20:48.604000000,False,None,False,False,4440.382,15.5,55.5,1024.6,False,22.8,77,0.8,Chinese Grand Prix
149.978,12,HARD,1,43.532,43.109,63.337,7000000.0,0.0,0.0,12,2.0,4,False,4689.443,COL,43,None,None,4583.028,4626.137,4689.474,155.0,190.0,205.0,182.0,True,Alpine,4539.465,2026-03-15T07:23:15.246000000,False,None,False,False,4560.395,15.5,55.3,1024.7,False,22.7,0,0.0,Chinese Grand Prix
150.492,13,HARD,1,37.203,44.278,69.011,7000000.0,0.0,0.0,13,2.0,41,False,4839.995,COL,43,None,None,4726.797,4771.162,4840.177,205.0,122.0,263.0,166.0,True,Alpine,4689.443,2026-03-15T07:25:45.224000000,False,None,False,False,4740.397,15.5,55.1,1024.6,False,22.0,131,1.7,Chinese Grand Prix
99.465,14,HARD,1,26.212,30.44,42.813,1100000.0,1.0,10000000.0,14,2.0,1,False,4939.46,COL,43,None,None,4866.238,4896.678,4939.491,280.0,266.0,267.0,318.0,True,Alpine,4839.995,2026-03-15T07:28:15.776000000,False,None,False,True,4860.43,15.4,56.3,1024.7,False,22.4,112,1.1,Chinese Grand Prix
98.829,15,HARD,1,25.952,30.192,42.685,1010.0,100000.0,11000000.0,15,3.0,1,False,5038.289,COL,43,None,None,4965.443,4995.635,5038.32,276.0,266.0,267.0,325.0,True,Alpine,4939.46,2026-03-15T07:29:55.241000000,False,None,False,True,4980.417,15.4,56.2,1024.7,False,21.6,116,2.8,Chinese Grand Prix
100.106,16,HARD,1,26.303,30.371,43.432,7000000.0,0.0,0.0,16,5.0,1,False,5138.395,COL,43,None,None,5064.623,5094.994,5138.426,254.0,264.0,269.0,313.0,True,Alpine,5038.289,2026-03-15T07:31:34.070000000,False,None,False,True,5100.455,15.2,56.6,1024.7,False,21.9,114,3.2,Chinese Grand Prix
98.383,17,HARD,1,25.992,29.85,42.541,7000001.0,11001.0,11000.0,17,5.0,1,True,5236.778,COL,43,None,None,5164.418,5194.268,5236.809,284.0,266.0,270.0,315.0,True,Alpine,5138.395,2026-03-15T07:33:14.176000000,False,None,False,True,5160.435,15.2,56.7,1024.7,False,21.9,126,1.0,Chinese Grand Prix
98.946,18,HARD,1,26.049,29.919,42.978,7000010.0,100.0,0.0,18,5.0,12,False,5335.724,COL,43,None,None,5262.858,5292.777,5335.755,273.0,256.0,260.0,311.0,True,Alpine,5236.778,2026-03-15T07:34:52.559000000,False,None,False,True,5280.444,15.3,56.2,1024.6,False,21.6,101,1.6,Chinese Grand Prix
99.566,19,HARD,1,26.179,30.34,43.047,7000000.0,0.0,100000000.0,19,5.0,1,False,5435.29,COL,43,None,None,5361.934,5392.274,5435.321,270.0,255.0,264.0,309.0,True,Alpine,5335.724,2026-03-15T07:36:31.505000000,False,None,False,True,5340.458,15.3,56.4,1024.6,False,21.6,98,2.0,Chinese Grand Prix
98.955,20,HARD,1,25.964,29.945,43.046,7000000.0,0.0,30000.0,20,5.0,1,False,5534.245,COL,43,None,None,5461.285,5491.23,5534.276,269.0,255.0,257.0,308.0,True,Alpine,5435.29,2026-03-15T07:38:11.071000000,False,None,False,True,5460.458,15.3,56.8,1024.5,False,21.5,108,1.7,Chinese Grand Prix
99.324,21,HARD,1,26.271,29.857,43.196,7000010.0,101000.0,0.0,21,6.0,1,False,5633.569,COL,43,None,None,5560.547,5590.404,5633.6,270.0,257.0,268.0,308.0,True,Alpine,5534.245,2026-03-15T07:39:50.026000000,False,None,False,True,5580.486,15.3,56.9,1024.5,False,21.8,92,2.8,Chinese Grand Prix
99.182,22,HARD,1,25.937,30.663,42.582,7000000.0,10000.0,11000001.0,22,7.0,1,False,5732.751,COL,43,None,None,5659.537,5690.2,5732.782,278.0,256.0,273.0,323.0,True,Alpine,5633.569,2026-03-15T07:41:29.350000000,False,None,False,True,5640.491,15.3,57.0,1024.3,False,21.7,110,2.4,Chinese Grand Prix
98.493,23,HARD,1,26.102,29.982,42.409,7000000.0,1.0,0.0,23,7.0,1,False,5831.244,COL,43,None,None,5758.884,5788.866,5831.275,280.0,269.0,272.0,323.0,True,Alpine,5732.751,2026-03-15T07:43:08.532000000,False,None,False,True,5760.489,15.3,56.2,1024.3,False,21.6,89,1.5,Chinese Grand Prix
98.447,24,HARD,1,26.009,29.879,42.559,7000000.0,0.0,0.0,24,7.0,1,False,5929.691,COL,43,None,None,5857.284,5887.163,5929.722,274.0,259.0,272.0,319.0,True,Alpine,5831.244,2026-03-15T07:44:47.025000000,False,None,False,True,5880.499,15.4,56.2,1024.3,False,21.8,94,2.8,Chinese Grand Prix
98.384,25,HARD,1,26.04,29.859,42.485,7000000.0,1000.0,1.0,25,7.0,1,False,6028.075,COL,43,None,None,5955.762,5985.621,6028.106,276.0,262.0,273.0,316.0,True,Alpine,5929.691,2026-03-15T07:46:25.472000000,False,None,False,True,5940.541,15.3,56.3,1024.3,False,21.7,93,2.2,Chinese Grand Prix
98.07,26,HARD,1,25.888,29.772,42.41,7010000.0,1000.0,100011.0,26,7.0,1,True,6126.145,COL,43,None,None,6053.994,6083.766,6126.176,276.0,261.0,274.0,315.0,True,Alpine,6028.075,2026-03-15T07:48:03.856000000,False,None,False,True,6060.553,15.3,56.5,1024.4,False,21.8,63,2.3,Chinese Grand Prix
98.288,27,HARD,1,25.839,29.841,42.608,7000000.0,0.0,0.0,27,7.0,12,False,6224.433,COL,43,None,None,6152.015,6181.856,6224.464,277.0,257.0,270.0,311.0,True,Alpine,6126.145,2026-03-15T07:49:41.926000000,False,None,False,True,6180.548,15.4,56.0,1024.4,False,21.8,70,2.2,Chinese Grand Prix
99.299,28,HARD,1,25.942,29.767,43.59,7000000.0,100.0,30000.0,28,9.0,21,False,6323.732,COL,43,None,None,6250.406,6280.173,6323.763,274.0,259.0,246.0,312.0,True,Alpine,6224.433,2026-03-15T07:51:20.214000000,False,None,False,True,6240.572,15.4,56.0,1024.4,False,21.7,67,2.0,Chinese Grand Prix
98.724,29,HARD,1,26.421,29.978,42.325,7000000.0,0.0,100000.0,29,8.0,1,False,6422.456,COL,43,None,None,6350.184,6380.162,6422.487,281.0,264.0,269.0,320.0,True,Alpine,6323.732,2026-03-15T07:52:59.513000000,False,None,False,True,6360.641,15.4,55.6,1024.4,False,21.6,77,3.0,Chinese Grand Prix
98.235,30,HARD,1,26.045,29.848,42.342,7010000.0,0.0,0.0,30,8.0,1,False,6520.691,COL,43,None,None,6448.532,6478.38,6520.722,275.0,258.0,274.0,318.0,True,Alpine,6422.456,2026-03-15T07:54:38.237000000,False,None,False,True,6480.569,15.4,55.8,1024.4,False,21.2,77,2.6,Chinese Grand Prix
97.802,31,HARD,1,25.862,29.79,42.15,7010000.0,1000.0,100001.0,31,8.0,1,True,6618.493,COL,43,None,None,6546.584,6576.374,6618.524,276.0,260.0,274.0,318.0,True,Alpine,6520.691,2026-03-15T07:56:16.472000000,False,None,False,True,6540.585,15.4,55.8,1024.4,False,21.2,77,2.6,Chinese Grand Prix
102.819,32,HARD,1,25.789,29.718,47.312,7010000.0,100000.0,3555.0,32,11.0,1,False,6721.312,COL,43,None,6719.626,6644.313,6674.031,6721.343,276.0,258.0,None,321.0,True,Alpine,6618.493,2026-03-15T07:57:54.274000000,False,None,False,False,6660.608,15.2,56.6,1024.5,False,21.1,84,1.6,Chinese Grand Prix
124.117,33,MEDIUM,2,50.491,30.246,43.38,5500000.0,10001.0,1000000.0,1,13.0,12,False,6845.429,COL,43,6742.813,None,6771.834,6802.08,6845.46,266.0,268.0,274.0,329.0,True,Alpine,6721.312,2026-03-15T07:59:37.093000000,False,None,False,False,6720.626,15.3,56.8,1024.5,False,21.1,84,2.2,Chinese Grand Prix
97.233,34,MEDIUM,2,25.665,29.482,42.086,100.0,101000.0,10100000000.0,2,13.0,1,True,6942.662,COL,43,None,None,6871.125,6900.607,6942.693,276.0,260.0,272.0,311.0,True,Alpine,6845.429,2026-03-15T08:01:41.210000000,False,None,False,True,6840.653,15.3,56.2,1024.5,False,20.8,86,1.7,Chinese Grand Prix
96.783,35,MEDIUM,2,25.624,29.202,41.957,7010000.0,100010.0,100100110.0,3,13.0,1,True,7039.445,COL,43,None,None,6968.317,6997.519,7039.476,276.0,258.0,273.0,310.0,True,Alpine,6942.662,2026-03-15T08:03:18.443000000,False,None,False,True,6960.665,15.3,56.1,1024.5,False,21.0,108,1.6,Chinese Grand Prix
97.023,36,MEDIUM,2,25.597,29.333,42.093,7000000.0,1000.0,1100000000.0,4,12.0,1,False,7136.468,COL,43,None,None,7065.073,7094.406,7136.499,276.0,260.0,273.0,312.0,True,Alpine,7039.445,2026-03-15T08:04:55.226000000,False,None,False,True,7020.691,15.3,55.9,1024.4,False,21.0,98,1.6,Chinese Grand Prix
96.958,37,MEDIUM,2,25.573,29.393,41.992,7010000.0,0.0,100000.0,5,12.0,1,False,7233.426,COL,43,None,None,7162.072,7191.465,7233.457,275.0,259.0,274.0,314.0,True,Alpine,7136.468,2026-03-15T08:06:32.249000000,False,None,False,True,7140.713,15.3,55.4,1024.5,False,20.3,121,2.4,Chinese Grand Prix
96.819,38,MEDIUM,2,25.52,29.341,41.958,7000000.0,3000.0,0.0,6,12.0,1,False,7330.245,COL,43,None,None,7258.977,7288.318,7330.276,276.0,260.0,274.0,314.0,True,Alpine,7233.426,2026-03-15T08:08:09.207000000,False,None,False,True,7200.701,15.3,55.4,1024.5,False,20.3,121,2.4,Chinese Grand Prix
97.217,39,MEDIUM,2,25.682,29.478,42.057,7000000.0,0.0,0.0,7,12.0,1,False,7427.462,COL,43,None,None,7355.958,7385.436,7427.493,275.0,263.0,273.0,315.0,True,Alpine,7330.245,2026-03-15T08:09:46.026000000,False,None,False,True,7320.732,15.1,56.6,1024.4,False,20.9,83,3.1,Chinese Grand Prix
96.841,40,MEDIUM,2,25.596,29.316,41.929,7010000.0,1000.0,100001.0,8,12.0,1,False,7524.303,COL,43,None,None,7453.089,7482.405,7524.334,276.0,260.0,274.0,318.0,True,Alpine,7427.462,2026-03-15T08:11:23.243000000,False,None,False,True,7440.702,15.2,56.3,1024.4,False,20.3,88,3.1,Chinese Grand Prix
97.448,41,MEDIUM,2,25.661,29.497,42.29,7000000.0,0.0,100000.0,9,11.0,1,False,7621.751,COL,43,None,None,7549.995,7579.492,7621.782,277.0,262.0,272.0,327.0,True,Alpine,7524.303,2026-03-15T08:13:00.084000000,False,None,False,True,7500.718,15.2,55.9,1024.3,False,20.5,92,2.6,Chinese Grand Prix
97.53,42,MEDIUM,2,25.753,29.534,42.243,7000000.0,0.0,1.0,10,11.0,1,False,7719.281,COL,43,None,None,7647.535,7677.069,7719.312,275.0,261.0,275.0,309.0,True,Alpine,7621.751,2026-03-15T08:14:37.532000000,False,None,False,True,7620.711,15.1,56.5,1024.3,False,20.5,88,2.7,Chinese Grand Prix
97.381,43,MEDIUM,2,25.698,29.458,42.225,7000000.0,0.0,10.0,11,11.0,1,False,7816.662,COL,43,None,None,7745.01,7774.468,7816.693,276.0,262.0,275.0,309.0,True,Alpine,7719.281,2026-03-15T08:16:15.062000000,False,None,False,True,7740.749,15.1,56.3,1024.2,False,20.3,91,3.3,Chinese Grand Prix
97.075,44,MEDIUM,2,25.547,29.444,42.084,7000000.0,10000.0,11.0,12,11.0,1,False,7913.737,COL,43,None,None,7842.24,7871.684,7913.768,278.0,260.0,275.0,311.0,True,Alpine,7816.662,2026-03-15T08:17:52.443000000,False,None,False,True,7800.765,15.1,56.6,1024.3,False,20.4,61,2.7,Chinese Grand Prix
97.426,45,MEDIUM,2,25.65,29.576,42.2,7000000.0,0.0,11.0,13,10.0,1,False,8011.163,COL,43,None,None,7939.418,7968.994,8011.194,278.0,262.0,276.0,313.0,True,Alpine,7913.737,2026-03-15T08:19:29.518000000,False,None,False,True,7920.767,15.1,56.9,1024.3,False,20.4,77,3.3,Chinese Grand Prix
97.139,46,MEDIUM,2,25.598,29.426,42.115,7000000.0,0.0,0.0,14,10.0,1,False,8108.302,COL,43,None,None,8036.792,8066.218,8108.333,278.0,261.0,275.0,315.0,True,Alpine,8011.163,2026-03-15T08:21:06.944000000,False,None,False,True,7980.783,15.1,56.5,1024.4,False,20.5,81,3.9,Chinese Grand Prix
97.504,47,MEDIUM,2,25.759,29.491,42.254,7000000.0,0.0,0.0,15,10.0,1,False,8205.806,COL,43,None,None,8134.092,8163.583,8205.837,278.0,263.0,275.0,315.0,True,Alpine,8108.302,2026-03-15T08:22:44.083000000,False,None,False,True,8100.772,15.1,56.9,1024.4,False,20.2,77,3.3,Chinese Grand Prix
97.598,48,MEDIUM,2,25.66,29.557,42.381,7000000.0,0.0,0.0,16,10.0,1,False,8303.404,COL,43,None,None,8231.497,8261.054,8303.435,278.0,263.0,275.0,315.0,True,Alpine,8205.806,2026-03-15T08:24:21.587000000,False,None,False,True,8220.803,15.0,57.4,1024.4,False,20.1,91,2.4,Chinese Grand Prix
99.052,49,MEDIUM,2,25.876,29.627,43.549,7000000.0,0.0,1.0,17,10.0,1,False,8402.456,COL,43,None,None,8329.311,8358.938,8402.487,280.0,264.0,278.0,304.0,True,Alpine,8303.404,2026-03-15T08:25:59.185000000,False,None,False,True,8280.808,15.0,57.4,1024.4,False,20.2,93,2.0,Chinese Grand Prix
97.592,50,MEDIUM,2,25.714,29.601,42.277,7000001.0,0.0,11.0,18,10.0,1,False,8500.048,COL,43,None,None,8428.201,8457.802,8500.079,286.0,270.0,277.0,321.0,True,Alpine,8402.456,2026-03-15T08:27:38.237000000,False,None,False,True,8400.828,15.0,57.3,1024.5,False,20.2,77,2.9,Chinese Grand Prix
97.781,51,MEDIUM,2,25.742,29.919,42.12,7000000.0,0.0,1.0,19,10.0,1,False,8597.829,COL,43,None,None,8525.821,8555.74,8597.86,279.0,263.0,279.0,319.0,True,Alpine,8500.048,2026-03-15T08:29:15.829000000,False,None,False,True,8460.818,15.0,57.4,1024.6,False,20.1,84,3.1,Chinese Grand Prix
98.022,52,MEDIUM,2,25.738,29.834,42.45,1000000.0,0.0,100000001.0,20,10.0,12,False,8695.851,COL,43,None,None,8623.598,8653.432,8695.882,280.0,264.0,280.0,321.0,True,Alpine,8597.829,2026-03-15T08:30:53.610000000,False,None,False,True,8580.801,14.9,57.3,1024.6,False,20.0,95,4.1,Chinese Grand Prix
99.609,53,MEDIUM,2,25.868,30.008,43.733,0.0,10000.0,0.0,21,10.0,1,False,8795.46,COL,43,None,None,8721.75,8751.758,8795.491,284.0,266.0,277.0,309.0,True,Alpine,8695.851,2026-03-15T08:32:31.632000000,False,None,False,True,8700.85,15.0,57.4,1024.7,False,19.9,93,2.5,Chinese Grand Prix
98.685,54,MEDIUM,2,26.19,30.027,42.468,7000001.0,0.0,10000000.0,22,10.0,1,False,8894.145,COL,43,None,None,8821.681,8851.708,8894.176,288.0,267.0,279.0,323.0,True,Alpine,8795.46,2026-03-15T08:34:11.241000000,False,None,False,True,8760.855,15.0,57.4,1024.5,False,20.0,84,2.4,Chinese Grand Prix
98.237,55,MEDIUM,2,25.771,29.958,42.508,7000000.0,0.0,111000000.0,23,10.0,1,False,8992.382,COL,43,None,None,8919.947,8949.905,8992.413,285.0,266.0,268.0,338.0,True,Alpine,8894.145,2026-03-15T08:35:49.926000000,False,None,False,True,8880.869,15.0,57.5,1024.6,False,20.1,86,2.8,Chinese Grand Prix
102.591,1,MEDIUM,1,,30.332,42.559,111111.0,111111.0,11111131113.0,1,5.0,12,False,3486.903,GAS,10,None,None,None,3444.597,3487.033,283.0,265.0,272.0,337.0,True,Alpine,3384.05,2026-03-15T07:03:59.831000000,False,None,False,False,3420.295,15.6,55.2,1024.4,False,23.3,72,2.8,Chinese Grand Prix
98.917,2,MEDIUM,1,26.232,30.273,42.412,1111110.0,110.0,1110101110.0,2,5.0,1,True,3585.82,GAS,10,None,None,3513.192,3543.465,3585.877,275.0,261.0,268.0,320.0,True,Alpine,3486.903,2026-03-15T07:05:42.684000000,False,None,False,True,3540.312,15.6,55.3,1024.5,False,22.5,102,4.5,Chinese Grand Prix
98.923,3,MEDIUM,1,26.327,30.046,42.55,1100.0,100100.0,101100.0,3,5.0,1,False,3684.743,GAS,10,None,None,3612.204,3642.25,3684.8,272.0,261.0,265.0,314.0,True,Alpine,3585.82,2026-03-15T07:07:21.601000000,False,None,False,True,3600.332,15.5,55.8,1024.4,False,23.0,107,1.8,Chinese Grand Prix
98.717,4,MEDIUM,1,26.278,29.879,42.56,7011000.0,101110.0,11000.0,4,5.0,1,True,3783.46,GAS,10,None,None,3711.078,3740.957,3783.517,274.0,260.0,269.0,314.0,True,Alpine,3684.743,2026-03-15T07:09:00.524000000,False,None,False,True,3720.342,15.5,55.4,1024.5,False,23.0,105,2.5,Chinese Grand Prix
98.474,5,MEDIUM,1,26.142,29.826,42.506,7000100.0,101100.0,10.0,5,5.0,1,True,3881.934,GAS,10,None,None,3809.659,3839.485,3881.991,272.0,259.0,269.0,312.0,True,Alpine,3783.46,2026-03-15T07:10:39.241000000,False,None,False,True,3840.33,15.5,55.3,1024.5,False,23.1,92,3.7,Chinese Grand Prix
98.298,6,MEDIUM,1,26.134,29.798,42.366,7000000.0,1000.0,10000100010.0,6,5.0,1,True,3980.232,GAS,10,None,None,3908.125,3937.923,3980.289,272.0,262.0,271.0,314.0,True,Alpine,3881.934,2026-03-15T07:12:17.715000000,False,None,False,True,3900.33,15.6,55.6,1024.5,False,22.9,107,2.2,Chinese Grand Prix
98.635,7,MEDIUM,1,26.039,30.089,42.507,7001110.0,1000.0,100001000.0,7,5.0,1,False,4078.867,GAS,10,None,None,4006.328,4036.417,4078.924,272.0,258.0,268.0,313.0,True,Alpine,3980.232,2026-03-15T07:13:56.013000000,False,None,False,True,4020.34,15.6,55.8,1024.5,False,22.4,111,2.4,Chinese Grand Prix
98.427,8,MEDIUM,1,26.03,29.874,42.523,7001010.0,101000.0,0.0,8,5.0,1,False,4177.294,GAS,10,None,None,4104.954,4134.828,4177.351,272.0,258.0,267.0,312.0,True,Alpine,4078.867,2026-03-15T07:15:34.648000000,False,None,False,True,4080.343,15.6,55.9,1024.3,False,22.8,88,2.1,Chinese Grand Prix
98.609,9,MEDIUM,1,26.192,29.903,42.514,7001000.0,1000.0,10.0,9,5.0,1,False,4275.903,GAS,10,None,None,4203.543,4233.446,4275.96,272.0,257.0,268.0,311.0,True,Alpine,4177.294,2026-03-15T07:17:13.075000000,False,None,False,True,4200.397,15.6,56.0,1024.5,False,22.6,110,2.6,Chinese Grand Prix
112.994,10,MEDIUM,1,26.099,29.86,57.035,7010000.0,100000.0,1555.0,10,5.0,124,False,4388.897,GAS,10,None,4387.031,4302.059,4331.919,4388.954,271.0,258.0,None,215.0,True,Alpine,4275.903,2026-03-15T07:18:51.684000000,False,None,False,False,4320.396,15.5,56.2,1024.6,False,22.4,92,1.5,Chinese Grand Prix
158.639,11,HARD,2,54.68,40.781,63.178,5500000.0,0.0,0.0,1,9.0,4,False,4547.651,GAS,10,4410.471,None,4443.843,4484.53,4547.712,238.0,221.0,203.0,257.0,True,Alpine,4388.897,2026-03-15T07:20:44.678000000,False,None,False,False,4440.382,15.5,55.5,1024.6,False,22.8,77,0.8,Chinese Grand Prix
150.075,12,HARD,2,42.739,44.215,63.121,0.0,0.0,0.0,2,9.0,4,False,4697.634,GAS,10,None,None,4590.356,4634.642,4697.733,207.0,200.0,157.0,154.0,True,Alpine,4547.651,2026-03-15T07:23:23.432000000,False,None,False,False,4560.395,15.5,55.3,1024.7,False,22.7,0,0.0,Chinese Grand Prix
145.559,13,HARD,2,36.457,45.437,63.665,7000000.0,0.0,0.0,3,9.0,41,False,4843.193,GAS,10,None,None,4734.148,4779.585,4843.25,207.0,183.0,250.0,184.0,True,Alpine,4697.634,2026-03-15T07:25:53.415000000,False,None,False,False,4740.397,15.5,55.1,1024.6,False,22.0,131,1.7,Chinese Grand Prix
100.408,14,HARD,2,27.047,30.627,42.734,7000000.0,0.0,100000000.0,4,10.0,1,False,4943.601,GAS,10,None,None,4870.297,4900.924,4943.658,279.0,264.0,266.0,328.0,True,Alpine,4843.193,2026-03-15T07:28:18.974000000,False,None,False,True,4860.43,15.4,56.3,1024.7,False,22.4,112,1.1,Chinese Grand Prix
98.883,15,HARD,2,26.131,30.252,42.5,7100000.0,10000.0,333000000.0,5,10.0,1,False,5042.484,GAS,10,None,None,4969.789,5000.041,5042.541,282.0,272.0,268.0,353.0,True,Alpine,4943.601,2026-03-15T07:29:59.382000000,False,None,False,True,4980.417,15.4,56.2,1024.7,False,21.6,116,2.8,Chinese Grand Prix
98.644,16,HARD,2,26.058,30.253,42.333,7100011.0,10000.0,1330000001.0,6,9.0,1,False,5141.128,GAS,10,None,None,5068.599,5098.852,5141.185,287.0,270.0,274.0,338.0,True,Alpine,5042.484,2026-03-15T07:31:38.265000000,False,None,False,True,5100.455,15.2,56.6,1024.7,False,21.9,114,3.2,Chinese Grand Prix
98.238,17,HARD,2,25.803,30.3,42.135,1100000.0,10001.0,0.0,7,8.0,1,True,5239.366,GAS,10,None,None,5166.988,5197.288,5239.423,286.0,269.0,271.0,337.0,True,Alpine,5141.128,2026-03-15T07:33:16.909000000,False,None,False,True,5160.435,15.2,56.7,1024.7,False,21.9,126,1.0,Chinese Grand Prix
97.593,18,HARD,2,25.714,29.545,42.334,1000.0,101010.0,300000000.0,8,8.0,12,True,5336.959,GAS,10,None,None,5265.137,5294.682,5337.016,282.0,263.0,255.0,343.0,True,Alpine,5239.366,2026-03-15T07:34:55.147000000,False,None,False,True,5280.444,15.3,56.2,1024.6,False,21.6,101,1.6,Chinese Grand Prix
99.325,19,HARD,2,26.154,30.545,42.626,7100000.0,30000.0,0.0,9,8.0,1,False,5436.284,GAS,10,None,None,5363.17,5393.715,5436.341,280.0,259.0,271.0,327.0,True,Alpine,5336.959,2026-03-15T07:36:32.740000000,False,None,False,True,5340.458,15.3,56.4,1024.6,False,21.6,98,2.0,Chinese Grand Prix
99.504,20,HARD,2,27.158,30.103,42.243,1000000.0,0.0,10000000000.0,10,9.0,1,False,5535.788,GAS,10,None,None,5463.499,5493.602,5535.845,280.0,266.0,273.0,332.0,True,Alpine,5436.284,2026-03-15T07:38:12.065000000,False,None,False,True,5460.458,15.3,56.8,1024.5,False,21.5,108,1.7,Chinese Grand Prix
99.208,21,HARD,2,26.059,30.115,43.034,0.0,0.0,0.0,11,9.0,1,False,5634.996,GAS,10,None,None,5561.904,5592.019,5635.053,284.0,272.0,248.0,343.0,True,Alpine,5535.788,2026-03-15T07:39:51.569000000,False,None,False,True,5580.486,15.3,56.9,1024.5,False,21.8,92,2.8,Chinese Grand Prix
99.338,22,HARD,2,26.564,30.393,42.381,7000001.0,0.0,11.0,12,10.0,1,False,5734.334,GAS,10,None,None,5661.617,5692.01,5734.391,277.0,268.0,274.0,333.0,True,Alpine,5634.996,2026-03-15T07:41:30.777000000,False,None,False,True,5640.491,15.3,57.0,1024.3,False,21.7,110,2.4,Chinese Grand Prix
98.067,23,HARD,2,25.759,30.001,42.307,7000001.0,1000.0,0.0,13,9.0,1,False,5832.401,GAS,10,None,None,5760.15,5790.151,5832.458,291.0,269.0,273.0,328.0,True,Alpine,5734.334,2026-03-15T07:43:10.115000000,False,None,False,True,5760.489,15.3,56.2,1024.3,False,21.6,89,1.5,Chinese Grand Prix
98.373,24,HARD,2,25.781,29.894,42.698,7001000.0,1.0,0.0,14,9.0,1,False,5930.774,GAS,10,None,None,5858.239,5888.133,5930.831,283.0,269.0,267.0,336.0,True,Alpine,5832.401,2026-03-15T07:44:48.182000000,False,None,False,True,5880.499,15.4,56.2,1024.3,False,21.8,94,2.8,Chinese Grand Prix
98.568,25,HARD,2,26.28,30.069,42.219,7000000.0,0.0,1.0,15,9.0,1,False,6029.342,GAS,10,None,None,5957.111,5987.18,6029.399,280.0,265.0,276.0,335.0,True,Alpine,5930.774,2026-03-15T07:46:26.555000000,False,None,False,True,5940.541,15.3,56.3,1024.3,False,21.7,93,2.2,Chinese Grand Prix
97.82,26,HARD,2,25.953,29.802,42.065,7101000.0,0.0,10000000000.0,16,9.0,1,False,6127.162,GAS,10,None,None,6055.352,6085.154,6127.219,280.0,270.0,274.0,333.0,True,Alpine,6029.342,2026-03-15T07:48:05.123000000,False,None,False,True,6060.553,15.3,56.5,1024.4,False,21.8,63,2.3,Chinese Grand Prix
98.163,27,HARD,2,25.744,29.934,42.485,7001000.0,1000.0,0.0,17,9.0,12,False,6225.325,GAS,10,None,None,6152.963,6182.897,6225.382,286.0,270.0,271.0,332.0,True,Alpine,6127.162,2026-03-15T07:49:42.943000000,False,None,False,True,6180.548,15.4,56.0,1024.4,False,21.8,70,2.2,Chinese Grand Prix
98.225,28,HARD,2,25.886,29.866,42.473,7000000.0,0.0,0.0,18,8.0,21,False,6323.55,GAS,10,None,None,6251.268,6281.134,6323.607,284.0,269.0,268.0,335.0,True,Alpine,6225.325,2026-03-15T07:51:21.106000000,False,None,False,True,6240.572,15.4,56.0,1024.4,False,21.7,67,2.0,Chinese Grand Prix
97.566,29,HARD,2,25.857,29.475,42.234,7000000.0,1100.0,0.0,19,7.0,1,True,6421.116,GAS,10,None,None,6349.464,6378.939,6421.173,273.0,258.0,271.0,312.0,True,Alpine,6323.55,2026-03-15T07:52:59.331000000,False,None,False,True,6360.641,15.4,55.6,1024.4,False,21.6,77,3.0,Chinese Grand Prix
98.132,30,HARD,2,25.679,29.518,42.935,7011000.0,100100.0,10000000000.0,20,7.0,1,False,6519.248,GAS,10,None,None,6446.852,6476.37,6519.305,272.0,260.0,270.0,311.0,True,Alpine,6421.116,2026-03-15T07:54:36.897000000,False,None,False,True,6480.569,15.4,55.8,1024.4,False,21.2,77,2.6,Chinese Grand Prix
97.634,31,HARD,2,25.811,29.447,42.376,7000000.0,101000.0,10.0,21,7.0,1,False,6616.882,GAS,10,None,None,6545.116,6574.563,6616.939,273.0,259.0,270.0,309.0,True,Alpine,6519.248,2026-03-15T07:56:15.029000000,False,None,False,True,6540.585,15.4,55.8,1024.4,False,21.2,77,2.6,Chinese Grand Prix
97.253,32,HARD,2,25.75,29.413,42.09,7000000.0,101100.0,10010.0,22,7.0,1,True,6714.135,GAS,10,None,None,6642.689,6672.102,6714.192,273.0,260.0,273.0,313.0,True,Alpine,6616.882,2026-03-15T07:57:52.663000000,False,None,False,True,6660.608,15.2,56.6,1024.5,False,21.1,84,1.6,Chinese Grand Prix
97.123,33,HARD,2,25.649,29.312,42.162,7010000.0,100100.0,10000000110.0,23,7.0,12,True,6811.258,GAS,10,None,None,6739.841,6769.153,6811.315,273.0,260.0,272.0,313.0,True,Alpine,6714.135,2026-03-15T07:59:29.916000000,False,None,False,True,6720.626,15.3,56.8,1024.5,False,21.1,84,2.2,Chinese Grand Prix
97.193,34,HARD,2,25.703,29.32,42.17,7010000.0,100100.0,10000.0,24,7.0,1,False,6908.451,GAS,10,None,None,6837.018,6866.338,6908.508,273.0,258.0,271.0,313.0,True,Alpine,6811.258,2026-03-15T08:01:07.039000000,False,None,False,True,6840.653,15.3,56.2,1024.5,False,20.8,86,1.7,Chinese Grand Prix
97.293,35,HARD,2,25.72,29.432,42.141,7010000.0,1000.0,10000000000.0,25,7.0,1,False,7005.744,GAS,10,None,None,6934.228,6963.66,7005.801,274.0,260.0,271.0,312.0,True,Alpine,6908.451,2026-03-15T08:02:44.232000000,False,None,False,True,6960.665,15.3,56.1,1024.5,False,21.0,108,1.6,Chinese Grand Prix
97.103,36,HARD,2,25.743,29.398,41.962,7000000.0,0.0,100000.0,26,7.0,1,True,7102.847,GAS,10,None,None,7031.544,7060.942,7102.904,273.0,261.0,273.0,313.0,True,Alpine,7005.744,2026-03-15T08:04:21.525000000,False,None,False,True,7020.691,15.3,55.9,1024.4,False,21.0,98,1.6,Chinese Grand Prix
96.752,37,HARD,2,25.561,29.247,41.944,7010100.0,1000.0,100010.0,27,7.0,1,True,7199.599,GAS,10,None,None,7128.465,7157.712,7199.656,274.0,261.0,274.0,314.0,True,Alpine,7102.847,2026-03-15T08:05:58.628000000,False,None,False,True,7140.713,15.3,55.4,1024.5,False,20.3,121,2.4,Chinese Grand Prix
96.672,38,HARD,2,25.579,29.221,41.872,7000000.0,100000.0,10000010010.0,28,7.0,1,True,7296.271,GAS,10,None,None,7225.235,7254.456,7296.328,274.0,261.0,274.0,313.0,True,Alpine,7199.599,2026-03-15T08:07:35.380000000,False,None,False,True,7200.701,15.3,55.4,1024.5,False,20.3,121,2.4,Chinese Grand Prix
96.754,39,HARD,2,25.596,29.263,41.895,7000000.0,0.0,10000010000.0,29,7.0,1,False,7393.025,GAS,10,None,None,7321.924,7351.187,7393.082,275.0,263.0,273.0,313.0,True,Alpine,7296.271,2026-03-15T08:09:12.052000000,False,None,False,True,7320.732,15.1,56.6,1024.4,False,20.9,83,3.1,Chinese Grand Prix
96.865,40,HARD,2,25.632,29.297,41.936,7000000.0,3000.0,110000.0,30,7.0,1,False,7489.89,GAS,10,None,None,7418.714,7448.011,7489.947,275.0,261.0,273.0,314.0,True,Alpine,7393.025,2026-03-15T08:10:48.806000000,False,None,False,True,7440.702,15.2,56.3,1024.4,False,20.3,88,3.1,Chinese Grand Prix
97.214,41,HARD,2,25.596,29.407,42.211,7000000.0,0.0,0.0,31,7.0,1,False,7587.104,GAS,10,None,None,7515.543,7544.95,7587.161,277.0,260.0,275.0,315.0,True,Alpine,7489.89,2026-03-15T08:12:25.671000000,False,None,False,True,7500.718,15.2,55.9,1024.3,False,20.5,92,2.6,Chinese Grand Prix
97.026,42,HARD,2,25.53,29.337,42.159,7000100.0,0.0,10000.0,32,7.0,1,False,7684.13,GAS,10,None,None,7612.691,7642.028,7684.187,275.0,261.0,274.0,314.0,True,Alpine,7587.104,2026-03-15T08:14:02.885000000,False,None,False,True,7620.711,15.1,56.5,1024.3,False,20.5,88,2.7,Chinese Grand Prix
96.877,43,HARD,2,25.507,29.286,42.084,7000000.0,0.0,1.0,33,7.0,1,False,7781.007,GAS,10,None,None,7709.694,7738.98,7781.064,276.0,261.0,275.0,313.0,True,Alpine,7684.13,2026-03-15T08:15:39.911000000,False,None,False,True,7740.749,15.1,56.3,1024.2,False,20.3,91,3.3,Chinese Grand Prix
96.764,44,HARD,2,25.497,29.267,42.0,7001000.0,1000.0,0.0,34,7.0,1,False,7877.771,GAS,10,None,None,7806.561,7835.828,7877.828,276.0,265.0,274.0,315.0,True,Alpine,7781.007,2026-03-15T08:17:16.788000000,False,None,False,True,7800.765,15.1,56.6,1024.3,False,20.4,61,2.7,Chinese Grand Prix
96.895,45,HARD,2,25.484,29.296,42.115,7010000.0,0.0,0.0,35,6.0,1,False,7974.666,GAS,10,None,None,7903.312,7932.608,7974.723,277.0,262.0,275.0,313.0,True,Alpine,7877.771,2026-03-15T08:18:53.552000000,False,None,False,True,7920.767,15.1,56.9,1024.3,False,20.4,77,3.3,Chinese Grand Prix
96.748,46,HARD,2,25.528,29.293,41.927,7000000.0,0.0,10000.0,36,6.0,1,False,8071.414,GAS,10,None,None,8000.251,8029.544,8071.471,276.0,262.0,273.0,314.0,True,Alpine,7974.666,2026-03-15T08:20:30.447000000,False,None,False,True,7980.783,15.1,56.5,1024.4,False,20.5,81,3.9,Chinese Grand Prix
97.584,47,HARD,2,25.608,29.299,42.677,7000000.0,0.0,0.0,37,6.0,1,False,8168.998,GAS,10,None,None,8097.079,8126.378,8169.055,277.0,262.0,274.0,316.0,True,Alpine,8071.414,2026-03-15T08:22:07.195000000,False,None,False,True,8100.772,15.1,56.9,1024.4,False,20.2,77,3.3,Chinese Grand Prix
97.01,48,HARD,2,25.56,29.288,42.162,7001000.0,0.0,10001.0,38,6.0,1,False,8266.008,GAS,10,None,None,8194.615,8223.903,8266.065,275.0,261.0,275.0,312.0,True,Alpine,8168.998,2026-03-15T08:23:44.779000000,False,None,False,True,8220.803,15.0,57.4,1024.4,False,20.1,91,2.4,Chinese Grand Prix
96.752,49,HARD,2,25.496,29.22,42.036,7000000.0,0.0,10001.0,39,6.0,1,False,8362.76,GAS,10,None,None,8291.561,8320.781,8362.817,278.0,263.0,277.0,319.0,True,Alpine,8266.008,2026-03-15T08:25:21.789000000,False,None,False,True,8280.808,15.0,57.4,1024.4,False,20.2,93,2.0,Chinese Grand Prix
97.04,50,HARD,2,25.51,29.456,42.074,7000000.0,0.0,0.0,40,6.0,1,False,8459.8,GAS,10,None,None,8388.327,8417.783,8459.857,279.0,268.0,275.0,328.0,True,Alpine,8362.76,2026-03-15T08:26:58.541000000,False,None,False,True,8400.828,15.0,57.3,1024.5,False,20.2,77,2.9,Chinese Grand Prix
96.753,51,HARD,2,25.517,29.221,42.015,7000000.0,0.0,0.0,41,6.0,1,False,8556.553,GAS,10,None,None,8485.374,8514.595,8556.61,277.0,263.0,276.0,312.0,True,Alpine,8459.8,2026-03-15T08:28:35.581000000,False,None,False,True,8460.818,15.0,57.4,1024.6,False,20.1,84,3.1,Chinese Grand Prix
96.642,52,HARD,2,25.469,29.305,41.868,7000000.0,0.0,10001.0,42,6.0,1,True,8653.195,GAS,10,None,None,8582.079,8611.384,8653.252,278.0,264.0,277.0,315.0,True,Alpine,8556.553,2026-03-15T08:30:12.334000000,False,None,False,True,8580.801,14.9,57.3,1024.6,False,20.0,95,4.1,Chinese Grand Prix
96.505,53,HARD,2,25.388,29.218,41.899,7001000.0,1100.0,10001.0,43,6.0,12,True,8749.7,GAS,10,None,None,8678.64,8707.858,8749.757,278.0,263.0,277.0,316.0,True,Alpine,8653.195,2026-03-15T08:31:48.976000000,False,None,False,True,8700.85,15.0,57.4,1024.7,False,19.9,93,2.5,Chinese Grand Prix
96.682,54,HARD,2,25.356,29.236,42.09,7010000.0,0.0,10001.0,44,6.0,1,False,8846.382,GAS,10,None,None,8775.113,8804.349,8846.439,280.0,263.0,277.0,316.0,True,Alpine,8749.7,2026-03-15T08:33:25.481000000,False,None,False,True,8760.855,15.0,57.4,1024.5,False,20.0,84,2.4,Chinese Grand Prix
96.638,55,HARD,2,25.449,29.222,41.967,7000000.0,100.0,100000001.0,45,6.0,1,False,8943.02,GAS,10,None,None,8871.888,8901.11,8943.077,278.0,263.0,278.0,318.0,True,Alpine,8846.382,2026-03-15T08:35:02.163000000,False,None,False,True,8880.869,15.0,57.5,1024.6,False,20.1,86,2.8,Chinese Grand Prix
96.569,56,HARD,2,25.321,29.355,41.893,1000000.0,0.0,0.0,46,6.0,1,False,9039.589,GAS,10,None,None,8968.398,8997.753,9039.646,276.0,262.0,270.0,326.0,True,Alpine,8943.02,2026-03-15T08:36:38.801000000,False,None,False,True,9000.856,14.9,57.5,1024.5,False,19.7,112,2.3,Chinese Grand Prix
123.643,1,SOFT,1,,30.907,62.905,7111111.0,111111.0,11111113555.0,4,18.0,12,False,3507.955,HAD,6,None,3506.239,None,3445.281,3508.114,284.0,280.0,None,274.0,False,Red Bull Racing,3384.05,2026-03-15T07:03:59.831000000,False,None,False,False,3420.295,15.6,55.2,1024.4,False,23.3,72,2.8,Chinese Grand Prix
120.199,2,HARD,2,46.15,30.387,43.662,7501100.0,101110.0,10111100111.0,1,18.0,1,False,3628.154,HAD,6,3529.235,None,3554.162,3584.549,3628.211,260.0,259.0,261.0,306.0,True,Red Bull Racing,3507.955,2026-03-15T07:06:03.736000000,False,None,False,False,3540.312,15.6,55.3,1024.5,False,22.5,102,4.5,Chinese Grand Prix
98.812,3,HARD,2,26.221,30.048,42.543,1111110.0,101000.0,111100111.0,2,18.0,1,True,3726.966,HAD,6,None,None,3654.432,3684.48,3727.023,264.0,260.0,270.0,311.0,True,Red Bull Racing,3628.154,2026-03-15T07:08:03.935000000,False,None,False,True,3600.332,15.5,55.8,1024.4,False,23.0,107,1.8,Chinese Grand Prix
99.088,4,HARD,2,26.095,30.275,42.718,7101000.0,0.0,111.0,3,18.0,1,False,3826.054,HAD,6,None,None,3753.118,3783.393,3826.111,263.0,257.0,270.0,307.0,True,Red Bull Racing,3726.966,2026-03-15T07:09:42.747000000,False,None,False,True,3720.342,15.5,55.4,1024.5,False,23.0,105,2.5,Chinese Grand Prix
98.824,5,HARD,2,25.985,30.083,42.756,1100.0,100000.0,111.0,4,18.0,1,False,3924.878,HAD,6,None,None,3852.096,3882.179,3924.935,266.0,258.0,272.0,309.0,True,Red Bull Racing,3826.054,2026-03-15T07:11:21.835000000,False,None,False,True,3840.33,15.5,55.3,1024.5,False,23.1,92,3.7,Chinese Grand Prix
98.261,6,HARD,2,25.948,29.935,42.378,1110000.0,101000.0,10100000.0,5,18.0,1,True,4023.139,HAD,6,None,None,3950.883,3980.818,4023.196,265.0,259.0,271.0,309.0,True,Red Bull Racing,3924.878,2026-03-15T07:13:00.659000000,False,None,False,True,3900.33,15.6,55.6,1024.5,False,22.9,107,2.2,Chinese Grand Prix
98.457,7,HARD,2,25.97,30.015,42.472,0.0,100.0,110000110.0,6,18.0,1,False,4121.596,HAD,6,None,None,4049.166,4079.181,4121.653,268.0,259.0,269.0,309.0,True,Red Bull Racing,4023.139,2026-03-15T07:14:38.920000000,False,None,False,True,4020.34,15.6,55.8,1024.5,False,22.4,111,2.4,Chinese Grand Prix
98.661,8,HARD,2,26.132,30.026,42.503,7000000.0,0.0,100000.0,7,18.0,1,False,4220.257,HAD,6,None,None,4147.785,4177.811,4220.314,264.0,258.0,271.0,308.0,True,Red Bull Racing,4121.596,2026-03-15T07:16:17.377000000,False,None,False,True,4080.343,15.6,55.9,1024.3,False,22.8,88,2.1,Chinese Grand Prix
98.662,9,HARD,2,26.18,30.093,42.389,7000000.0,0.0,100000.0,8,18.0,1,False,4318.919,HAD,6,None,None,4246.494,4276.587,4318.976,263.0,257.0,271.0,308.0,True,Red Bull Racing,4220.257,2026-03-15T07:17:56.038000000,False,None,False,True,4200.397,15.6,56.0,1024.5,False,22.6,110,2.6,Chinese Grand Prix
128.038,10,HARD,2,26.322,40.743,60.973,7000000.0,0.0,555.0,9,17.0,124,False,4446.957,HAD,6,None,4445.173,4345.298,4386.041,4447.014,265.0,246.0,None,225.0,True,Red Bull Racing,4318.919,2026-03-15T07:19:34.700000000,False,None,False,False,4320.396,15.5,56.2,1024.6,False,22.4,92,1.5,Chinese Grand Prix
154.638,11,HARD,3,56.842,40.16,57.636,5500000.0,0.0,0.0,1,17.0,4,False,4601.638,HAD,6,4470.898,None,4504.038,4544.196,4601.73,139.0,158.0,225.0,148.0,True,Red Bull Racing,4446.957,2026-03-15T07:21:42.738000000,False,None,False,False,4440.382,15.5,55.5,1024.6,False,22.8,77,0.8,Chinese Grand Prix
111.211,12,HARD,3,32.169,32.463,46.579,0.0,0.0,0.0,2,17.0,4,False,4712.849,HAD,6,None,None,4633.864,4666.327,4712.906,236.0,243.0,233.0,272.0,True,Red Bull Racing,4601.638,2026-03-15T07:24:17.419000000,False,None,False,False,4560.395,15.5,55.3,1024.7,False,22.7,0,0.0,Chinese Grand Prix
133.423,13,HARD,3,29.856,45.152,58.415,7000000.0,0.0,1.0,3,17.0,41,False,4846.272,HAD,6,None,None,4742.762,4787.914,4846.329,234.0,139.0,274.0,164.0,True,Red Bull Racing,4712.849,2026-03-15T07:26:08.630000000,False,None,False,False,4740.397,15.5,55.1,1024.6,False,22.0,131,1.7,Chinese Grand Prix
99.331,14,HARD,3,25.781,30.923,42.627,1100011.0,0.0,11000001.0,4,14.0,1,False,4945.603,HAD,6,None,None,4872.11,4903.033,4945.66,304.0,273.0,272.0,332.0,True,Red Bull Racing,4846.272,2026-03-15T07:28:22.053000000,False,None,False,True,4860.43,15.4,56.3,1024.7,False,22.4,112,1.1,Chinese Grand Prix
99.161,15,HARD,3,26.347,30.28,42.534,0.0,0.0,11010000.0,5,14.0,1,False,5044.764,HAD,6,None,None,4972.007,5002.287,5044.821,276.0,268.0,271.0,335.0,True,Red Bull Racing,4945.603,2026-03-15T07:30:01.384000000,False,None,False,True,4980.417,15.4,56.2,1024.7,False,21.6,116,2.8,Chinese Grand Prix
99.689,16,HARD,3,26.493,30.629,42.567,7000000.0,0.0,100010001.0,6,14.0,1,False,5144.453,HAD,6,None,None,5071.314,5101.943,5144.51,275.0,266.0,276.0,325.0,True,Red Bull Racing,5044.764,2026-03-15T07:31:40.545000000,False,None,False,True,5100.455,15.2,56.6,1024.7,False,21.9,114,3.2,Chinese Grand Prix
98.952,17,HARD,3,26.03,30.493,42.429,7000000.0,0.0,0.0,7,14.0,12,False,5243.405,HAD,6,None,None,5170.54,5201.033,5243.462,274.0,265.0,276.0,328.0,True,Red Bull Racing,5144.453,2026-03-15T07:33:20.234000000,False,None,False,True,5160.435,15.2,56.7,1024.7,False,21.9,126,1.0,Chinese Grand Prix
98.823,18,HARD,3,26.093,30.299,42.431,7000000.0,0.0,1.0,8,14.0,21,False,5342.228,HAD,6,None,None,5269.555,5299.854,5342.285,276.0,268.0,276.0,335.0,True,Red Bull Racing,5243.405,2026-03-15T07:34:59.186000000,False,None,False,True,5280.444,15.3,56.2,1024.6,False,21.6,101,1.6,Chinese Grand Prix
98.757,19,HARD,3,26.126,30.277,42.354,7000000.0,1000.0,1.0,9,14.0,1,False,5440.985,HAD,6,None,None,5368.411,5398.688,5441.042,277.0,268.0,276.0,333.0,True,Red Bull Racing,5342.228,2026-03-15T07:36:38.009000000,False,None,False,True,5340.458,15.3,56.4,1024.6,False,21.6,98,2.0,Chinese Grand Prix
99.269,20,HARD,3,26.351,30.424,42.494,7000000.0,0.0,11000011.0,10,14.0,1,False,5540.254,HAD,6,None,None,5467.393,5497.817,5540.311,265.0,267.0,278.0,344.0,True,Red Bull Racing,5440.985,2026-03-15T07:38:16.766000000,False,None,False,True,5460.458,15.3,56.8,1024.5,False,21.5,108,1.7,Chinese Grand Prix
99.133,21,HARD,3,26.629,30.22,42.284,7000000.0,1000.0,110000000.0,11,14.0,1,False,5639.387,HAD,6,None,None,5566.94,5597.16,5639.444,276.0,267.0,277.0,339.0,True,Red Bull Racing,5540.254,2026-03-15T07:39:56.035000000,False,None,False,True,5580.486,15.3,56.9,1024.5,False,21.8,92,2.8,Chinese Grand Prix
98.392,22,HARD,3,26.049,30.045,42.298,7000000.0,1.0,0.0,12,13.0,1,False,5737.779,HAD,6,None,None,5665.493,5695.538,5737.836,266.0,268.0,276.0,328.0,True,Red Bull Racing,5639.387,2026-03-15T07:41:35.168000000,False,None,False,True,5640.491,15.3,57.0,1024.3,False,21.7,110,2.4,Chinese Grand Prix
98.437,23,HARD,3,26.086,30.19,42.161,7000000.0,1000.0,10.0,13,13.0,1,False,5836.216,HAD,6,None,None,5763.922,5794.112,5836.273,277.0,268.0,276.0,338.0,True,Red Bull Racing,5737.779,2026-03-15T07:43:13.560000000,False,None,False,True,5760.489,15.3,56.2,1024.3,False,21.6,89,1.5,Chinese Grand Prix
98.88,24,HARD,3,26.12,30.186,42.574,7000010.0,0.0,0.0,14,13.0,1,False,5935.096,HAD,6,None,None,5862.393,5892.579,5935.153,270.0,269.0,275.0,339.0,True,Red Bull Racing,5836.216,2026-03-15T07:44:51.997000000,False,None,False,True,5880.499,15.4,56.2,1024.3,False,21.8,94,2.8,Chinese Grand Prix
98.617,25,HARD,3,26.148,30.262,42.207,7000000.0,0.0,10000010.0,15,12.0,1,False,6033.713,HAD,6,None,None,5961.301,5991.563,6033.77,273.0,267.0,274.0,334.0,True,Red Bull Racing,5935.096,2026-03-15T07:46:30.877000000,False,None,False,True,5940.541,15.3,56.3,1024.3,False,21.7,93,2.2,Chinese Grand Prix
98.374,26,HARD,3,26.077,30.008,42.289,7000000.0,1000.0,10000.0,16,12.0,1,False,6132.087,HAD,6,None,None,6059.847,6089.855,6132.144,265.0,262.0,275.0,312.0,True,Red Bull Racing,6033.713,2026-03-15T07:48:09.494000000,False,None,False,True,6060.553,15.3,56.5,1024.4,False,21.8,63,2.3,Chinese Grand Prix
98.293,27,HARD,3,26.017,30.018,42.258,7000000.0,0.0,0.0,17,12.0,12,False,6230.38,HAD,6,None,None,6158.161,6188.179,6230.437,269.0,265.0,275.0,316.0,True,Red Bull Racing,6132.087,2026-03-15T07:49:47.868000000,False,None,False,True,6180.548,15.4,56.0,1024.4,False,21.8,70,2.2,Chinese Grand Prix
98.359,28,HARD,3,26.171,29.952,42.236,7000000.0,100000.0,10.0,18,12.0,1,False,6328.739,HAD,6,None,None,6256.608,6286.56,6328.796,271.0,261.0,277.0,316.0,True,Red Bull Racing,6230.38,2026-03-15T07:51:26.161000000,False,None,False,True,6240.572,15.4,56.0,1024.4,False,21.7,67,2.0,Chinese Grand Prix
98.082,29,HARD,3,25.909,29.942,42.231,7000000.0,0.0,0.0,19,11.0,1,True,6426.821,HAD,6,None,None,6354.705,6384.647,6426.878,273.0,263.0,276.0,322.0,True,Red Bull Racing,6328.739,2026-03-15T07:53:04.520000000,False,None,False,True,6360.641,15.4,55.6,1024.4,False,21.6,77,3.0,Chinese Grand Prix
97.919,30,HARD,3,25.896,29.857,42.166,7010000.0,1000.0,0.0,20,11.0,1,True,6524.74,HAD,6,None,None,6452.774,6482.631,6524.797,271.0,263.0,277.0,322.0,True,Red Bull Racing,6426.821,2026-03-15T07:54:42.602000000,False,None,False,True,6480.569,15.4,55.8,1024.4,False,21.2,77,2.6,Chinese Grand Prix
97.868,31,HARD,3,25.822,29.932,42.114,7000000.0,0.0,0.0,21,11.0,1,True,6622.608,HAD,6,None,None,6550.619,6580.551,6622.665,272.0,266.0,278.0,321.0,True,Red Bull Racing,6524.74,2026-03-15T07:56:20.521000000,False,None,False,True,6540.585,15.4,55.8,1024.4,False,21.2,77,2.6,Chinese Grand Prix
98.089,32,HARD,3,25.935,29.982,42.172,7000000.0,0.0,111.0,22,10.0,1,False,6720.697,HAD,6,None,None,6648.6,6678.582,6720.754,272.0,264.0,278.0,323.0,True,Red Bull Racing,6622.608,2026-03-15T07:57:58.389000000,False,None,False,True,6660.608,15.2,56.6,1024.5,False,21.1,84,1.6,Chinese Grand Prix
97.821,33,HARD,3,25.888,29.878,42.055,7000000.0,1000.0,100000.0,23,10.0,12,True,6818.518,HAD,6,None,None,6746.642,6776.52,6818.575,274.0,262.0,276.0,326.0,True,Red Bull Racing,6720.697,2026-03-15T07:59:36.478000000,False,None,False,True,6720.626,15.3,56.8,1024.5,False,21.1,84,2.2,Chinese Grand Prix
98.039,34,HARD,3,26.086,29.809,42.144,7000000.0,100000.0,0.0,24,10.0,1,False,6916.557,HAD,6,None,None,6844.661,6874.47,6916.614,272.0,266.0,276.0,326.0,True,Red Bull Racing,6818.518,2026-03-15T08:01:14.299000000,False,None,False,True,6840.653,15.3,56.2,1024.5,False,20.8,86,1.7,Chinese Grand Prix
97.938,35,HARD,3,25.979,29.739,42.22,7000000.0,1.0,10000.0,25,9.0,1,False,7014.495,HAD,6,None,None,6942.593,6972.332,7014.552,273.0,269.0,276.0,320.0,True,Red Bull Racing,6916.557,2026-03-15T08:02:52.338000000,False,None,False,True,6960.665,15.3,56.1,1024.5,False,21.0,108,1.6,Chinese Grand Prix
97.754,36,HARD,3,25.797,29.839,42.118,7000000.0,0.0,0.0,26,9.0,1,True,7112.249,HAD,6,None,None,7040.349,7070.188,7112.306,275.0,267.0,277.0,322.0,True,Red Bull Racing,7014.495,2026-03-15T08:04:30.276000000,False,None,False,True,7020.691,15.3,55.9,1024.4,False,21.0,98,1.6,Chinese Grand Prix
97.842,37,HARD,3,25.927,29.847,42.068,7000000.0,0.0,100000000.0,27,9.0,1,False,7210.091,HAD,6,None,None,7138.233,7168.08,7210.148,278.0,266.0,276.0,331.0,True,Red Bull Racing,7112.249,2026-03-15T08:06:08.030000000,False,None,False,True,7140.713,15.3,55.4,1024.5,False,20.3,121,2.4,Chinese Grand Prix
97.579,38,HARD,3,25.797,29.802,41.98,7001000.0,1.0,0.0,28,9.0,1,True,7307.67,HAD,6,None,None,7235.945,7265.747,7307.727,278.0,268.0,278.0,322.0,True,Red Bull Racing,7210.091,2026-03-15T08:07:45.872000000,False,None,False,True,7200.701,15.3,55.4,1024.5,False,20.3,121,2.4,Chinese Grand Prix
97.653,39,HARD,3,25.952,29.79,41.911,7000000.0,1000.0,1.0,29,9.0,1,False,7405.323,HAD,6,None,None,7333.679,7363.469,7405.38,278.0,268.0,279.0,323.0,True,Red Bull Racing,7307.67,2026-03-15T08:09:23.451000000,False,None,False,True,7320.732,15.1,56.6,1024.4,False,20.9,83,3.1,Chinese Grand Prix
97.935,40,HARD,3,26.096,29.716,42.123,7000010.0,1000.0,0.0,30,9.0,1,False,7503.258,HAD,6,None,None,7431.476,7461.192,7503.315,274.0,267.0,277.0,328.0,True,Red Bull Racing,7405.323,2026-03-15T08:11:01.104000000,False,None,False,True,7440.702,15.2,56.3,1024.4,False,20.3,88,3.1,Chinese Grand Prix
97.923,41,HARD,3,25.778,30.072,42.073,7000010.0,100.0,10000000011.0,31,9.0,1,False,7601.181,HAD,6,None,None,7529.093,7559.165,7601.238,276.0,268.0,279.0,316.0,True,Red Bull Racing,7503.258,2026-03-15T08:12:39.039000000,False,None,False,True,7500.718,15.2,55.9,1024.3,False,20.5,92,2.6,Chinese Grand Prix
97.353,42,HARD,3,25.707,29.704,41.942,7000000.0,0.0,0.0,32,9.0,1,True,7698.534,HAD,6,None,None,7626.945,7656.649,7698.591,280.0,266.0,279.0,319.0,True,Red Bull Racing,7601.181,2026-03-15T08:14:16.962000000,False,None,False,True,7620.711,15.1,56.5,1024.3,False,20.5,88,2.7,Chinese Grand Prix
97.647,43,HARD,3,25.835,29.812,42.0,7000000.0,0.0,3.0,33,9.0,1,False,7796.181,HAD,6,None,None,7724.426,7754.238,7796.238,283.0,266.0,279.0,318.0,True,Red Bull Racing,7698.534,2026-03-15T08:15:54.315000000,False,None,False,True,7740.749,15.1,56.3,1024.2,False,20.3,91,3.3,Chinese Grand Prix
97.359,44,HARD,3,25.8,29.701,41.858,7000000.0,0.0,113.0,34,9.0,1,False,7893.54,HAD,6,None,None,7822.038,7851.739,7893.597,276.0,267.0,281.0,320.0,True,Red Bull Racing,7796.181,2026-03-15T08:17:31.962000000,False,None,False,True,7800.765,15.1,56.6,1024.3,False,20.4,61,2.7,Chinese Grand Prix
97.616,45,HARD,3,25.79,29.742,42.084,7000000.0,0.0,0.0,35,8.0,1,False,7991.156,HAD,6,None,None,7919.387,7949.129,7991.213,279.0,267.0,279.0,320.0,True,Red Bull Racing,7893.54,2026-03-15T08:19:09.321000000,False,None,False,True,7920.767,15.1,56.9,1024.3,False,20.4,77,3.3,Chinese Grand Prix
97.311,46,HARD,3,25.711,29.636,41.964,7000000.0,3.0,10000000000.0,36,8.0,1,True,8088.467,HAD,6,None,None,8016.924,8046.56,8088.524,276.0,291.0,272.0,320.0,True,Red Bull Racing,7991.156,2026-03-15T08:20:46.937000000,False,None,False,True,7980.783,15.1,56.5,1024.4,False,20.5,81,3.9,Chinese Grand Prix
98.205,47,HARD,3,25.938,30.263,42.004,7001000.0,0.0,110000.0,37,8.0,1,False,8186.672,HAD,6,None,None,8114.462,8144.725,8186.729,276.0,269.0,275.0,326.0,True,Red Bull Racing,8088.467,2026-03-15T08:22:24.248000000,False,None,False,True,8100.772,15.1,56.9,1024.4,False,20.2,77,3.3,Chinese Grand Prix
98.006,48,HARD,3,26.038,29.769,42.199,7000000.0,0.0,0.0,38,8.0,1,False,8284.678,HAD,6,None,None,8212.767,8242.536,8284.735,274.0,266.0,278.0,316.0,True,Red Bull Racing,8186.672,2026-03-15T08:24:02.453000000,False,None,False,True,8220.803,15.0,57.4,1024.4,False,20.1,91,2.4,Chinese Grand Prix
97.83,49,HARD,3,25.964,29.805,42.061,7000000.0,0.0,10100.0,39,8.0,1,False,8382.508,HAD,6,None,None,8310.699,8340.504,8382.565,274.0,264.0,278.0,315.0,True,Red Bull Racing,8284.678,2026-03-15T08:25:40.459000000,False,None,False,True,8280.808,15.0,57.4,1024.4,False,20.2,93,2.0,Chinese Grand Prix
97.689,50,HARD,3,25.851,29.612,42.226,7000000.0,0.0,10000000000.0,40,8.0,1,False,8480.197,HAD,6,None,None,8408.416,8438.028,8480.254,276.0,266.0,278.0,315.0,True,Red Bull Racing,8382.508,2026-03-15T08:27:18.289000000,False,None,False,True,8400.828,15.0,57.3,1024.5,False,20.2,77,2.9,Chinese Grand Prix
98.003,51,HARD,3,26.056,29.885,42.062,7000000.0,0.0,10000.0,41,8.0,1,False,8578.2,HAD,6,None,None,8506.31,8536.195,8578.257,275.0,265.0,279.0,314.0,True,Red Bull Racing,8480.197,2026-03-15T08:28:55.978000000,False,None,False,True,8460.818,15.0,57.4,1024.6,False,20.1,84,3.1,Chinese Grand Prix
97.805,52,HARD,3,25.92,29.761,42.124,7000000.0,0.0,0.0,42,8.0,1,False,8676.005,HAD,6,None,None,8604.177,8633.938,8676.062,274.0,267.0,278.0,319.0,True,Red Bull Racing,8578.2,2026-03-15T08:30:33.981000000,False,None,False,True,8580.801,14.9,57.3,1024.6,False,20.0,95,4.1,Chinese Grand Prix
97.937,53,HARD,3,25.918,29.894,42.125,7000000.0,0.0,0.0,43,8.0,12,False,8773.942,HAD,6,None,None,8701.98,8731.874,8773.999,273.0,267.0,279.0,320.0,True,Red Bull Racing,8676.005,2026-03-15T08:32:11.786000000,False,None,False,True,8700.85,15.0,57.4,1024.7,False,19.9,93,2.5,Chinese Grand Prix
97.925,54,HARD,3,25.849,29.807,42.269,7000000.0,0.0,0.0,44,8.0,1,False,8871.867,HAD,6,None,None,8799.848,8829.655,8871.924,275.0,265.0,276.0,323.0,True,Red Bull Racing,8773.942,2026-03-15T08:33:49.723000000,False,None,False,True,8760.855,15.0,57.4,1024.5,False,20.0,84,2.4,Chinese Grand Prix
97.798,55,HARD,3,25.992,29.655,42.151,7000000.0,0.0,0.0,45,8.0,1,False,8969.665,HAD,6,None,None,8897.916,8927.571,8969.722,274.0,264.0,278.0,322.0,True,Red Bull Racing,8871.867,2026-03-15T08:35:27.648000000,False,None,False,True,8880.869,15.0,57.5,1024.6,False,20.1,86,2.8,Chinese Grand Prix
97.544,56,HARD,3,25.764,29.704,42.076,7000000.0,0.0,10000010000.0,46,8.0,1,False,9067.209,HAD,6,None,None,8995.486,9025.19,9067.266,273.0,266.0,278.0,320.0,True,Red Bull Racing,8969.665,2026-03-15T08:37:05.446000000,False,None,False,True,9000.856,14.9,57.5,1024.5,False,19.7,112,2.3,Chinese Grand Prix
99.448,1,MEDIUM,1,,29.4,42.279,133311.0,313331.0,31111313313.0,1,1.0,12,False,3483.76,HAM,44,None,None,None,3441.696,3483.942,279.0,253.0,270.0,309.0,True,Ferrari,3384.05,2026-03-15T07:03:59.831000000,False,None,False,False,3420.295,15.6,55.2,1024.4,False,23.3,72,2.8,Chinese Grand Prix
99.561,2,MEDIUM,1,26.571,30.167,42.823,1100000.0,10000.0,1100010000.0,2,2.0,1,True,3583.321,HAM,44,None,None,3510.42,3540.587,3583.41,259.0,251.0,268.0,306.0,True,Ferrari,3483.76,2026-03-15T07:05:39.541000000,False,None,False,True,3540.312,15.6,55.3,1024.5,False,22.5,102,4.5,Chinese Grand Prix
98.587,3,MEDIUM,1,26.036,29.899,42.652,7110010.0,11001.0,1100031000.0,3,2.0,1,True,3681.908,HAM,44,None,None,3609.446,3639.345,3681.997,267.0,257.0,238.0,301.0,True,Ferrari,3583.321,2026-03-15T07:07:19.102000000,False,None,False,True,3600.332,15.5,55.8,1024.4,False,23.0,107,1.8,Chinese Grand Prix
98.234,4,MEDIUM,1,26.445,29.518,42.271,1000.0,0.0,11000011.0,4,3.0,1,True,3780.142,HAM,44,None,None,3708.442,3737.96,3780.231,267.0,258.0,270.0,317.0,True,Ferrari,3681.908,2026-03-15T07:08:57.689000000,False,None,False,True,3720.342,15.5,55.4,1024.5,False,23.0,105,2.5,Chinese Grand Prix
97.636,5,MEDIUM,1,25.888,29.561,42.187,7010000.0,0.0,1030100.0,5,3.0,1,True,3877.778,HAM,44,None,None,3806.119,3835.68,3877.867,266.0,252.0,256.0,316.0,True,Ferrari,3780.142,2026-03-15T07:10:35.923000000,False,None,False,True,3840.33,15.5,55.3,1024.5,False,23.1,92,3.7,Chinese Grand Prix
97.962,6,MEDIUM,1,26.388,29.48,42.094,7000300.0,0.0,11001000.0,6,3.0,1,False,3975.74,HAM,44,None,None,3904.255,3933.735,3975.829,265.0,259.0,245.0,316.0,True,Ferrari,3877.778,2026-03-15T07:12:13.559000000,False,None,False,True,3900.33,15.6,55.6,1024.5,False,22.9,107,2.2,Chinese Grand Prix
98.221,7,MEDIUM,1,26.353,29.64,42.228,7001300.0,300000.0,1101.0,7,3.0,1,False,4073.961,HAM,44,None,None,4002.182,4031.822,4074.05,268.0,252.0,271.0,308.0,True,Ferrari,3975.74,2026-03-15T07:13:51.521000000,False,None,False,True,4020.34,15.6,55.8,1024.5,False,22.4,111,2.4,Chinese Grand Prix
97.929,8,MEDIUM,1,25.948,29.645,42.336,7000000.0,300.0,0.0,8,3.0,1,False,4171.89,HAM,44,None,None,4099.998,4129.643,4171.979,262.0,248.0,263.0,304.0,True,Ferrari,4073.961,2026-03-15T07:15:29.742000000,False,None,False,True,4080.343,15.6,55.9,1024.3,False,22.8,88,2.1,Chinese Grand Prix
98.371,9,MEDIUM,1,26.231,29.813,42.327,7001000.0,0.0,111.0,9,3.0,1,False,4270.261,HAM,44,None,None,4198.21,4228.023,4270.35,264.0,252.0,271.0,304.0,True,Ferrari,4171.89,2026-03-15T07:17:07.671000000,False,None,False,True,4200.397,15.6,56.0,1024.5,False,22.6,110,2.6,Chinese Grand Prix
109.946,10,MEDIUM,1,26.118,29.593,54.235,7001000.0,0.0,555.0,10,3.0,124,False,4380.207,HAM,44,None,4378.531,4296.468,4326.061,4380.296,260.0,255.0,None,296.0,True,Ferrari,4270.261,2026-03-15T07:18:46.042000000,False,None,False,False,4320.396,15.5,56.2,1024.6,False,22.4,92,1.5,Chinese Grand Prix
162.319,11,HARD,2,56.333,42.193,63.793,5500000.0,0.0,0.0,1,5.0,4,False,4542.546,HAM,44,4400.846,None,4436.699,4478.842,4542.759,214.0,208.0,195.0,218.0,True,Ferrari,4380.207,2026-03-15T07:20:35.988000000,False,None,False,False,4440.382,15.5,55.5,1024.6,False,22.8,77,0.8,Chinese Grand Prix
150.004,12,HARD,2,43.585,43.402,63.017,0.0,0.0,0.0,2,5.0,4,False,4692.515,HAM,44,None,None,4586.22,4629.73,4692.778,116.0,159.0,191.0,200.0,True,Ferrari,4542.546,2026-03-15T07:23:18.327000000,False,None,False,False,4560.395,15.5,55.3,1024.7,False,22.7,0,0.0,Chinese Grand Prix
148.395,13,HARD,2,37.523,43.814,67.058,7000000.0,0.0,0.0,3,5.0,41,False,4840.91,HAM,44,None,None,4730.127,4773.941,4840.999,188.0,157.0,268.0,166.0,True,Ferrari,4692.515,2026-03-15T07:25:48.296000000,False,None,False,False,4740.397,15.5,55.1,1024.6,False,22.0,131,1.7,Chinese Grand Prix
98.966,14,HARD,2,26.346,30.144,42.476,1100000.0,10000.0,111000011.0,4,3.0,1,False,4939.876,HAM,44,None,None,4867.345,4897.489,4939.965,276.0,262.0,274.0,312.0,True,Ferrari,4840.91,2026-03-15T07:28:16.691000000,False,None,False,True,4860.43,15.4,56.3,1024.7,False,22.4,112,1.1,Chinese Grand Prix
97.073,15,HARD,2,25.729,29.636,41.708,10000.0,300.0,1011000011.0,5,2.0,1,True,5036.949,HAM,44,None,None,4965.694,4995.33,5037.038,275.0,254.0,276.0,322.0,True,Ferrari,4939.876,2026-03-15T07:29:55.657000000,False,None,False,True,4980.417,15.4,56.2,1024.7,False,21.6,116,2.8,Chinese Grand Prix
96.931,16,HARD,2,25.52,29.383,42.028,7001010.0,0.0,100000000.0,6,2.0,1,True,5133.88,HAM,44,None,None,5062.558,5091.941,5133.969,268.0,253.0,273.0,315.0,True,Ferrari,5036.949,2026-03-15T07:31:32.730000000,False,None,False,True,5100.455,15.2,56.6,1024.7,False,21.9,114,3.2,Chinese Grand Prix
96.697,17,HARD,2,25.604,29.185,41.908,7000000.0,301001.0,100000000.0,7,2.0,1,True,5230.577,HAM,44,None,None,5159.573,5188.758,5230.666,276.0,258.0,272.0,312.0,True,Ferrari,5133.88,2026-03-15T07:33:09.661000000,False,None,False,True,5160.435,15.2,56.7,1024.7,False,21.9,126,1.0,Chinese Grand Prix
97.117,18,HARD,2,25.84,29.308,41.969,7001000.0,1.0,1000000000.0,8,2.0,12,False,5327.694,HAM,44,None,None,5256.506,5285.814,5327.783,264.0,260.0,268.0,309.0,True,Ferrari,5230.577,2026-03-15T07:34:46.358000000,False,None,False,True,5280.444,15.3,56.2,1024.6,False,21.6,101,1.6,Chinese Grand Prix
97.103,19,HARD,2,25.734,29.303,42.066,7001000.0,0.0,10000000000.0,9,2.0,1,False,5424.797,HAM,44,None,None,5353.517,5382.82,5424.886,270.0,260.0,265.0,308.0,True,Ferrari,5327.694,2026-03-15T07:36:23.475000000,False,None,False,True,5340.458,15.3,56.4,1024.6,False,21.6,98,2.0,Chinese Grand Prix
96.915,20,HARD,2,25.684,29.332,41.899,7001000.0,0.0,1000.0,10,2.0,1,False,5521.712,HAM,44,None,None,5450.57,5479.902,5521.801,269.0,253.0,273.0,307.0,True,Ferrari,5424.797,2026-03-15T07:38:00.578000000,False,None,False,True,5460.458,15.3,56.8,1024.5,False,21.5,108,1.7,Chinese Grand Prix
96.972,21,HARD,2,25.719,29.177,42.076,7000000.0,0.0,10000000000.0,11,2.0,1,False,5618.684,HAM,44,None,None,5547.52,5576.697,5618.773,266.0,257.0,269.0,305.0,True,Ferrari,5521.712,2026-03-15T07:39:37.493000000,False,None,False,True,5580.486,15.3,56.9,1024.5,False,21.8,92,2.8,Chinese Grand Prix
97.006,22,HARD,2,25.706,29.242,42.058,7000000.0,100000.0,0.0,12,2.0,1,False,5715.69,HAM,44,None,None,5644.479,5673.721,5715.779,268.0,254.0,269.0,307.0,True,Ferrari,5618.684,2026-03-15T07:41:14.465000000,False,None,False,True,5640.491,15.3,57.0,1024.3,False,21.7,110,2.4,Chinese Grand Prix
97.049,23,HARD,2,25.717,29.202,42.13,7010000.0,0.0,0.0,13,2.0,1,False,5812.739,HAM,44,None,None,5741.496,5770.698,5812.828,264.0,258.0,271.0,304.0,True,Ferrari,5715.69,2026-03-15T07:42:51.471000000,False,None,False,True,5760.489,15.3,56.2,1024.3,False,21.6,89,1.5,Chinese Grand Prix
98.223,24,HARD,2,25.672,29.236,43.315,7000000.0,1000.0,0.0,14,3.0,1,False,5910.962,HAM,44,None,None,5838.5,5867.736,5911.051,264.0,251.0,273.0,302.0,True,Ferrari,5812.739,2026-03-15T07:44:28.520000000,False,None,False,True,5880.499,15.4,56.2,1024.3,False,21.8,94,2.8,Chinese Grand Prix
97.893,25,HARD,2,26.039,29.707,42.147,7010000.0,11000.0,0.0,15,3.0,1,False,6008.855,HAM,44,None,None,5937.09,5966.797,6008.944,284.0,253.0,273.0,316.0,True,Ferrari,5910.962,2026-03-15T07:46:06.743000000,False,None,False,True,5940.541,15.3,56.3,1024.3,False,21.7,93,2.2,Chinese Grand Prix
96.739,26,HARD,2,25.666,29.374,41.699,7001000.0,1000.0,111000000.0,16,2.0,1,False,6105.594,HAM,44,None,None,6034.61,6063.984,6105.683,268.0,260.0,252.0,328.0,True,Ferrari,6008.855,2026-03-15T07:47:44.636000000,False,None,False,True,6060.553,15.3,56.5,1024.4,False,21.8,63,2.3,Chinese Grand Prix
99.232,27,HARD,2,26.166,30.041,43.025,7000001.0,10000.0,0.0,17,4.0,1,False,6204.826,HAM,44,None,None,6131.849,6161.89,6204.915,289.0,266.0,248.0,317.0,True,Ferrari,6105.594,2026-03-15T07:49:21.375000000,False,None,False,True,6180.548,15.4,56.0,1024.4,False,21.8,70,2.2,Chinese Grand Prix
97.218,28,HARD,2,26.103,29.358,41.757,7000000.0,0.0,100000000.0,18,4.0,12,False,6302.044,HAM,44,None,None,6231.018,6260.376,6302.133,272.0,260.0,276.0,318.0,True,Ferrari,6204.826,2026-03-15T07:51:00.607000000,False,None,False,True,6240.572,15.4,56.0,1024.4,False,21.7,67,2.0,Chinese Grand Prix
96.771,29,HARD,2,25.725,29.304,41.742,7010000.0,0.0,0.0,19,4.0,1,False,6398.815,HAM,44,None,None,6327.858,6357.162,6398.904,267.0,259.0,273.0,315.0,True,Ferrari,6302.044,2026-03-15T07:52:37.825000000,False,None,False,True,6360.641,15.4,55.6,1024.4,False,21.6,77,3.0,Chinese Grand Prix
96.685,30,HARD,2,25.68,29.346,41.659,7000000.0,0.0,1000000000.0,20,4.0,1,True,6495.5,HAM,44,None,None,6424.584,6453.93,6495.589,270.0,261.0,275.0,322.0,True,Ferrari,6398.815,2026-03-15T07:54:14.596000000,False,None,False,True,6480.569,15.4,55.8,1024.4,False,21.2,77,2.6,Chinese Grand Prix
96.496,31,HARD,2,25.602,29.15,41.744,7000000.0,1.0,0.0,21,4.0,1,True,6591.996,HAM,44,None,None,6521.191,6550.341,6592.085,272.0,262.0,272.0,317.0,True,Ferrari,6495.5,2026-03-15T07:55:51.281000000,False,None,False,True,6540.585,15.4,55.8,1024.4,False,21.2,77,2.6,Chinese Grand Prix
96.629,32,HARD,2,25.517,29.32,41.792,7000000.0,0.0,0.0,22,4.0,1,False,6688.625,HAM,44,None,None,6617.602,6646.922,6688.714,274.0,261.0,270.0,323.0,True,Ferrari,6591.996,2026-03-15T07:57:27.777000000,False,None,False,True,6660.608,15.2,56.6,1024.5,False,21.1,84,1.6,Chinese Grand Prix
96.496,33,HARD,2,25.616,29.26,41.62,7000100.0,0.0,1.0,23,4.0,12,False,6785.121,HAM,44,None,None,6714.33,6743.59,6785.21,270.0,259.0,276.0,323.0,True,Ferrari,6688.625,2026-03-15T07:59:04.406000000,False,None,False,True,6720.626,15.3,56.8,1024.5,False,21.1,84,2.2,Chinese Grand Prix
96.752,34,HARD,2,25.768,29.141,41.843,7000000.0,1000.0,0.0,24,4.0,1,False,6881.873,HAM,44,None,None,6810.978,6840.119,6881.962,269.0,259.0,271.0,316.0,True,Ferrari,6785.121,2026-03-15T08:00:40.902000000,False,None,False,True,6840.653,15.3,56.2,1024.5,False,20.8,86,1.7,Chinese Grand Prix
97.337,35,HARD,2,25.703,29.169,42.465,7001000.0,0.0,0.0,25,3.0,1,False,6979.21,HAM,44,None,None,6907.665,6936.834,6979.299,272.0,261.0,272.0,316.0,True,Ferrari,6881.873,2026-03-15T08:02:17.654000000,False,None,False,True,6960.665,15.3,56.1,1024.5,False,21.0,108,1.6,Chinese Grand Prix
97.001,36,HARD,2,25.741,29.147,42.113,7000100.0,0.0,30000000000.0,26,3.0,1,False,7076.211,HAM,44,None,None,7005.04,7034.187,7076.3,262.0,255.0,274.0,302.0,True,Ferrari,6979.21,2026-03-15T08:03:54.991000000,False,None,False,True,7020.691,15.3,55.9,1024.4,False,21.0,98,1.6,Chinese Grand Prix
96.649,37,HARD,2,25.572,29.135,41.942,7000100.0,0.0,30100000110.0,27,3.0,1,False,7172.86,HAM,44,None,None,7101.872,7131.007,7172.949,264.0,258.0,269.0,300.0,True,Ferrari,7076.211,2026-03-15T08:05:31.992000000,False,None,False,True,7140.713,15.3,55.4,1024.5,False,20.3,121,2.4,Chinese Grand Prix
96.876,38,HARD,2,25.693,29.008,42.175,7000000.0,0.0,0.0,28,3.0,1,False,7269.736,HAM,44,None,None,7198.642,7227.65,7269.825,264.0,257.0,274.0,300.0,True,Ferrari,7172.86,2026-03-15T08:07:08.641000000,False,None,False,True,7200.701,15.3,55.4,1024.5,False,20.3,121,2.4,Chinese Grand Prix
98.092,39,HARD,2,25.749,29.07,43.273,7000000.0,0.0,100000000.0,29,4.0,1,False,7367.828,HAM,44,None,None,7295.574,7324.644,7367.917,263.0,254.0,273.0,302.0,True,Ferrari,7269.736,2026-03-15T08:08:45.517000000,False,None,False,True,7320.732,15.1,56.6,1024.4,False,20.9,83,3.1,Chinese Grand Prix
96.952,40,HARD,2,25.408,29.544,42.0,1100000.0,0.0,1.0,30,3.0,1,False,7464.78,HAM,44,None,None,7393.325,7422.869,7464.869,276.0,252.0,271.0,305.0,True,Ferrari,7367.828,2026-03-15T08:10:23.609000000,False,None,False,True,7440.702,15.2,56.3,1024.4,False,20.3,88,3.1,Chinese Grand Prix
96.471,41,HARD,2,25.703,28.94,41.828,0.0,300.0,10.0,31,3.0,1,True,7561.251,HAM,44,None,None,7490.572,7519.512,7561.34,268.0,257.0,275.0,302.0,True,Ferrari,7464.78,2026-03-15T08:12:00.561000000,False,None,False,True,7500.718,15.2,55.9,1024.3,False,20.5,92,2.6,Chinese Grand Prix
96.516,42,HARD,2,25.364,28.875,42.277,7010000.0,300001.0,0.0,32,3.0,1,False,7657.767,HAM,44,None,None,7586.704,7615.579,7657.856,266.0,259.0,271.0,300.0,True,Ferrari,7561.251,2026-03-15T08:13:37.032000000,False,None,False,True,7620.711,15.1,56.5,1024.3,False,20.5,88,2.7,Chinese Grand Prix
96.218,43,HARD,2,25.477,28.969,41.772,7000000.0,1.0,0.0,33,3.0,1,True,7753.985,HAM,44,None,None,7683.333,7712.302,7754.074,270.0,259.0,275.0,301.0,True,Ferrari,7657.767,2026-03-15T08:15:13.548000000,False,None,False,True,7740.749,15.1,56.3,1024.2,False,20.3,91,3.3,Chinese Grand Prix
96.24,44,HARD,2,25.298,29.006,41.936,7010000.0,0.0,11.0,34,3.0,1,False,7850.225,HAM,44,None,None,7779.372,7808.378,7850.314,269.0,255.0,277.0,304.0,True,Ferrari,7753.985,2026-03-15T08:16:49.766000000,False,None,False,True,7800.765,15.1,56.6,1024.3,False,20.4,61,2.7,Chinese Grand Prix
96.396,45,HARD,2,25.274,29.21,41.912,7010000.0,0.0,0.0,35,3.0,1,False,7946.621,HAM,44,None,None,7875.588,7904.798,7946.71,273.0,260.0,274.0,303.0,True,Ferrari,7850.225,2026-03-15T08:18:26.006000000,False,None,False,True,7920.767,15.1,56.9,1024.3,False,20.4,77,3.3,Chinese Grand Prix
96.309,46,HARD,2,25.368,29.083,41.858,7000000.0,0.0,10.0,36,3.0,1,False,8042.93,HAM,44,None,None,7972.078,8001.161,8043.019,270.0,259.0,276.0,311.0,True,Ferrari,7946.621,2026-03-15T08:20:02.402000000,False,None,False,True,7980.783,15.1,56.5,1024.4,False,20.5,81,3.9,Chinese Grand Prix
96.204,47,HARD,2,25.237,28.885,42.082,7000000.0,1.0,100000000.0,37,3.0,1,True,8139.134,HAM,44,None,None,8068.256,8097.141,8139.223,273.0,262.0,272.0,301.0,True,Ferrari,8042.93,2026-03-15T08:21:38.711000000,False,None,False,True,8100.772,15.1,56.9,1024.4,False,20.2,77,3.3,Chinese Grand Prix
96.151,48,HARD,2,25.412,28.954,41.785,7000000.0,300.0,0.0,38,3.0,1,True,8235.285,HAM,44,None,None,8164.635,8193.589,8235.374,272.0,256.0,276.0,303.0,True,Ferrari,8139.134,2026-03-15T08:23:14.915000000,False,None,False,True,8220.803,15.0,57.4,1024.4,False,20.1,91,2.4,Chinese Grand Prix
96.385,49,HARD,2,25.273,28.918,42.194,7000000.0,0.0,110.0,39,3.0,1,False,8331.67,HAM,44,None,None,8260.647,8289.565,8331.759,272.0,260.0,273.0,301.0,True,Ferrari,8235.285,2026-03-15T08:24:51.066000000,False,None,False,True,8280.808,15.0,57.4,1024.4,False,20.2,93,2.0,Chinese Grand Prix
96.237,50,HARD,2,25.365,28.913,41.959,7000000.0,0.0,10.0,40,3.0,1,False,8427.907,HAM,44,None,None,8357.124,8386.037,8427.996,273.0,262.0,276.0,301.0,True,Ferrari,8331.67,2026-03-15T08:26:27.451000000,False,None,False,True,8400.828,15.0,57.3,1024.5,False,20.2,77,2.9,Chinese Grand Prix
96.134,51,HARD,2,25.336,28.856,41.942,7000000.0,100001.0,0.0,41,3.0,1,True,8524.041,HAM,44,None,None,8453.332,8482.188,8524.13,270.0,262.0,273.0,301.0,True,Ferrari,8427.907,2026-03-15T08:28:03.688000000,False,None,False,True,8460.818,15.0,57.4,1024.6,False,20.1,84,3.1,Chinese Grand Prix
96.296,52,HARD,2,25.355,28.86,42.081,7000000.0,0.0,0.0,42,3.0,1,False,8620.337,HAM,44,None,None,8549.485,8578.345,8620.426,273.0,261.0,276.0,302.0,True,Ferrari,8524.041,2026-03-15T08:29:39.822000000,False,None,False,True,8580.801,14.9,57.3,1024.6,False,20.0,95,4.1,Chinese Grand Prix
96.199,53,HARD,2,25.203,28.889,42.107,7010000.0,0.0,100000000.0,43,3.0,12,False,8716.536,HAM,44,None,None,8645.629,8674.518,8716.625,272.0,262.0,274.0,301.0,True,Ferrari,8620.337,2026-03-15T08:31:16.118000000,False,None,False,True,8700.85,15.0,57.4,1024.7,False,19.9,93,2.5,Chinese Grand Prix
96.44,54,HARD,2,25.465,28.998,41.977,7000000.0,0.0,1.0,44,3.0,1,False,8812.976,HAM,44,None,None,8742.09,8771.088,8813.065,271.0,261.0,277.0,306.0,True,Ferrari,8716.536,2026-03-15T08:32:52.317000000,False,None,False,True,8760.855,15.0,57.4,1024.5,False,20.0,84,2.4,Chinese Grand Prix
96.092,55,HARD,2,25.176,28.906,42.01,7010000.0,1.0,0.0,45,3.0,1,True,8909.068,HAM,44,None,None,8838.241,8867.147,8909.157,272.0,262.0,276.0,304.0,True,Ferrari,8812.976,2026-03-15T08:34:28.757000000,False,None,False,True,8880.869,15.0,57.5,1024.6,False,20.1,86,2.8,Chinese Grand Prix
96.103,56,HARD,2,25.198,28.968,41.937,7000000.0,0.0,100000000.0,46,3.0,1,False,9005.171,HAM,44,None,None,8934.355,8963.323,9005.26,273.0,262.0,278.0,306.0,True,Ferrari,8909.068,2026-03-15T08:36:04.849000000,False,None,False,True,9000.856,14.9,57.5,1024.5,False,19.7,112,2.3,Chinese Grand Prix
108.719,1,HARD,1,,32.022,43.88,111111.0,111111.0,11111111110.0,1,15.0,12,False,3493.031,HUL,27,None,None,None,3449.379,3493.101,268.0,262.0,273.0,336.0,True,Audi,3384.05,2026-03-15T07:03:59.831000000,False,None,False,False,3420.295,15.6,55.2,1024.4,False,23.3,72,2.8,Chinese Grand Prix
101.634,2,HARD,1,26.751,31.478,43.405,1111111.0,111011.0,10011100100.0,2,15.0,1,True,3594.665,HUL,27,None,None,3519.816,3551.294,3594.699,289.0,270.0,271.0,342.0,True,Audi,3493.031,2026-03-15T07:05:48.812000000,False,None,False,True,3540.312,15.6,55.3,1024.5,False,22.5,102,4.5,Chinese Grand Prix
99.907,3,HARD,1,26.275,30.985,42.647,111111.0,100110.0,1110011111.0,3,13.0,1,True,3694.572,HUL,27,None,None,3620.974,3651.959,3694.606,287.0,263.0,269.0,329.0,True,Audi,3594.665,2026-03-15T07:07:30.446000000,False,None,False,True,3600.332,15.5,55.8,1024.4,False,23.0,107,1.8,Chinese Grand Prix
99.517,4,HARD,1,26.06,30.528,42.929,7011100.0,101110.0,10100111000.0,4,13.0,1,True,3794.089,HUL,27,None,None,3720.666,3751.194,3794.123,273.0,263.0,268.0,312.0,True,Audi,3694.572,2026-03-15T07:09:10.353000000,False,None,False,True,3720.342,15.5,55.4,1024.5,False,23.0,105,2.5,Chinese Grand Prix
99.264,5,HARD,1,26.036,30.403,42.825,7011000.0,1110.0,100110000.0,5,13.0,1,True,3893.353,HUL,27,None,None,3820.159,3850.562,3893.387,274.0,263.0,269.0,313.0,True,Audi,3794.089,2026-03-15T07:10:49.870000000,False,None,False,True,3840.33,15.5,55.3,1024.5,False,23.1,92,3.7,Chinese Grand Prix
98.775,6,HARD,1,25.939,30.17,42.666,7011000.0,101100.0,0.0,6,13.0,1,True,3992.128,HUL,27,None,None,3919.326,3949.496,3992.162,276.0,267.0,267.0,329.0,True,Audi,3893.353,2026-03-15T07:12:29.134000000,False,None,False,True,3900.33,15.6,55.6,1024.5,False,22.9,107,2.2,Chinese Grand Prix
99.39,7,HARD,1,26.174,30.54,42.676,7000000.0,10000.0,10001010.0,7,12.0,1,False,4091.518,HUL,27,None,None,4018.336,4048.876,4091.552,284.0,269.0,268.0,329.0,True,Audi,3992.128,2026-03-15T07:14:07.909000000,False,None,False,True,4020.34,15.6,55.8,1024.5,False,22.4,111,2.4,Chinese Grand Prix
99.027,8,HARD,1,26.119,30.173,42.735,7001000.0,100.0,10000011010.0,8,12.0,1,False,4190.545,HUL,27,None,None,4117.671,4147.844,4190.579,272.0,263.0,270.0,314.0,True,Audi,4091.518,2026-03-15T07:15:47.299000000,False,None,False,True,4080.343,15.6,55.9,1024.3,False,22.8,88,2.1,Chinese Grand Prix
99.164,9,HARD,1,25.939,30.387,42.838,7010000.0,0.0,10000.0,9,10.0,1,False,4289.709,HUL,27,None,None,4216.518,4246.905,4289.743,272.0,267.0,267.0,323.0,True,Audi,4190.545,2026-03-15T07:17:26.326000000,False,None,False,True,4200.397,15.6,56.0,1024.5,False,22.6,110,2.6,Chinese Grand Prix
113.809,10,HARD,1,25.977,30.406,57.426,7000000.0,0.0,0.0,10,9.0,124,False,4403.518,HUL,27,None,None,4315.72,4346.126,4403.552,276.0,266.0,188.0,260.0,True,Audi,4289.709,2026-03-15T07:19:05.490000000,False,None,False,False,4320.396,15.5,56.2,1024.6,False,22.4,92,1.5,Chinese Grand Prix
141.998,11,HARD,1,38.541,40.272,63.185,7000000.0,0.0,0.0,11,8.0,4,False,4545.516,HUL,27,None,None,4442.093,4482.365,4545.55,232.0,242.0,231.0,245.0,True,Audi,4403.518,2026-03-15T07:20:59.299000000,False,None,False,False,4440.382,15.5,55.5,1024.6,False,22.8,77,0.8,Chinese Grand Prix
150.857,12,HARD,1,42.774,44.575,63.508,7000000.0,0.0,0.0,12,8.0,4,False,4696.434,HUL,27,None,None,4588.575,4633.001,4696.597,149.0,158.0,181.0,178.0,True,Audi,4545.516,2026-03-15T07:23:21.297000000,False,None,False,False,4560.395,15.5,55.3,1024.7,False,22.7,0,0.0,Chinese Grand Prix
145.608,13,HARD,1,36.536,45.081,63.991,7000000.0,0.0,0.0,13,8.0,41,False,4842.042,HUL,27,None,None,4733.004,4778.085,4842.076,207.0,128.0,270.0,186.0,True,Audi,4696.434,2026-03-15T07:25:52.215000000,False,None,False,False,4740.397,15.5,55.1,1024.6,False,22.0,131,1.7,Chinese Grand Prix
100.945,14,HARD,1,26.559,30.703,43.683,1100000.0,1.0,0.0,14,9.0,1,False,4942.987,HUL,27,None,None,4868.635,4899.338,4943.021,284.0,274.0,269.0,341.0,True,Audi,4842.042,2026-03-15T07:28:17.823000000,False,None,False,True,4860.43,15.4,56.3,1024.7,False,22.4,112,1.1,Chinese Grand Prix
99.198,15,HARD,1,26.218,30.306,42.674,0.0,1011.0,11000000.0,15,9.0,1,False,5042.185,HUL,27,None,None,4969.239,4999.545,5042.219,280.0,272.0,266.0,344.0,True,Audi,4942.987,2026-03-15T07:29:58.768000000,False,None,False,True,4980.417,15.4,56.2,1024.7,False,21.6,116,2.8,Chinese Grand Prix
99.566,16,HARD,1,26.1,30.176,43.29,7000000.0,11.0,0.0,16,10.0,1,False,5141.751,HUL,27,None,None,5068.319,5098.495,5141.785,279.0,265.0,264.0,333.0,True,Audi,5042.185,2026-03-15T07:31:37.966000000,False,None,False,True,5100.455,15.2,56.6,1024.7,False,21.9,114,3.2,Chinese Grand Prix
99.235,17,HARD,1,26.467,30.212,42.556,7000010.0,100.0,1100000001.0,17,11.0,12,False,5240.986,HUL,27,None,None,5168.252,5198.464,5241.02,276.0,268.0,272.0,328.0,True,Audi,5141.751,2026-03-15T07:33:17.532000000,False,None,False,True,5160.435,15.2,56.7,1024.7,False,21.9,126,1.0,Chinese Grand Prix
98.874,18,HARD,1,26.034,30.284,42.556,7000000.0,0.0,110000000.0,18,11.0,21,False,5339.86,HUL,27,None,None,5267.054,5297.338,5339.894,280.0,270.0,269.0,339.0,True,Audi,5240.986,2026-03-15T07:34:56.767000000,False,None,False,True,5280.444,15.3,56.2,1024.6,False,21.6,101,1.6,Chinese Grand Prix
98.382,19,HARD,1,26.016,30.329,42.037,7001000.0,0.0,10100000.0,19,10.0,1,True,5438.242,HUL,27,None,None,5365.91,5396.239,5438.276,278.0,268.0,268.0,336.0,True,Audi,5339.86,2026-03-15T07:36:35.641000000,False,None,False,True,5340.458,15.3,56.4,1024.6,False,21.6,98,2.0,Chinese Grand Prix
98.824,20,HARD,1,26.054,30.067,42.703,7000000.0,1100.0,10000000011.0,20,10.0,1,False,5537.066,HUL,27,None,None,5464.33,5494.397,5537.1,273.0,265.0,272.0,315.0,True,Audi,5438.242,2026-03-15T07:38:14.023000000,False,None,False,True,5460.458,15.3,56.8,1024.5,False,21.5,108,1.7,Chinese Grand Prix
98.394,21,HARD,1,25.954,29.926,42.514,7000000.0,101100.0,1100010001.0,21,10.0,1,False,5635.46,HUL,27,None,None,5563.054,5592.98,5635.494,275.0,266.0,275.0,320.0,True,Audi,5537.066,2026-03-15T07:39:52.847000000,False,None,False,True,5580.486,15.3,56.9,1024.5,False,21.8,92,2.8,Chinese Grand Prix
98.443,22,HARD,1,25.997,30.156,42.29,7000000.0,1000.0,0.0,22,9.0,1,False,5733.903,HUL,27,None,None,5661.491,5691.647,5733.937,273.0,265.0,271.0,340.0,True,Audi,5635.46,2026-03-15T07:41:31.241000000,False,None,False,True,5640.491,15.3,57.0,1024.3,False,21.7,110,2.4,Chinese Grand Prix
99.496,23,HARD,1,26.054,30.781,42.661,7000000.0,0.0,0.0,23,10.0,1,False,5833.399,HUL,27,None,None,5759.991,5790.772,5833.433,288.0,267.0,271.0,321.0,True,Audi,5733.903,2026-03-15T07:43:09.684000000,False,None,False,True,5760.489,15.3,56.2,1024.3,False,21.6,89,1.5,Chinese Grand Prix
98.712,24,HARD,1,25.934,30.123,42.655,7000000.0,0.0,1000001100.0,24,10.0,1,False,5932.111,HUL,27,None,None,5859.367,5889.49,5932.145,274.0,264.0,273.0,309.0,True,Audi,5833.399,2026-03-15T07:44:49.180000000,False,None,False,True,5880.499,15.4,56.2,1024.3,False,21.8,94,2.8,Chinese Grand Prix
98.588,25,HARD,1,25.959,30.15,42.479,7000000.0,0.0,10000010000.0,25,10.0,1,False,6030.699,HUL,27,None,None,5958.104,5988.254,6030.733,277.0,267.0,274.0,315.0,True,Audi,5932.111,2026-03-15T07:46:27.892000000,False,None,False,True,5940.541,15.3,56.3,1024.3,False,21.7,93,2.2,Chinese Grand Prix
98.302,26,HARD,1,25.749,29.901,42.652,7000000.0,101000.0,10011.0,26,10.0,1,True,6129.001,HUL,27,None,None,6056.482,6086.383,6129.035,277.0,269.0,275.0,312.0,True,Audi,6030.699,2026-03-15T07:48:06.480000000,False,None,False,True,6060.553,15.3,56.5,1024.4,False,21.8,63,2.3,Chinese Grand Prix
97.959,27,HARD,1,25.666,29.778,42.515,7000000.0,101100.0,10.0,27,10.0,12,True,6226.96,HUL,27,None,None,6154.701,6184.479,6226.994,278.0,269.0,274.0,312.0,True,Audi,6129.001,2026-03-15T07:49:44.782000000,False,None,False,True,6180.548,15.4,56.0,1024.4,False,21.8,70,2.2,Chinese Grand Prix
98.15,28,HARD,1,25.75,29.903,42.497,7000000.0,1.0,10000000000.0,28,10.0,21,False,6325.11,HUL,27,None,None,6252.744,6282.647,6325.144,277.0,268.0,271.0,318.0,True,Audi,6226.96,2026-03-15T07:51:22.741000000,False,None,False,True,6240.572,15.4,56.0,1024.4,False,21.7,67,2.0,Chinese Grand Prix
98.677,29,HARD,1,26.029,30.152,42.496,7000000.0,0.0,0.0,29,9.0,1,False,6423.787,HUL,27,None,None,6351.173,6381.325,6423.821,279.0,270.0,271.0,328.0,True,Audi,6325.11,2026-03-15T07:53:00.891000000,False,None,False,True,6360.641,15.4,55.6,1024.4,False,21.6,77,3.0,Chinese Grand Prix
97.859,30,HARD,1,25.774,29.835,42.25,7000000.0,100000.0,100000010.0,30,9.0,1,True,6521.646,HUL,27,None,None,6449.595,6479.43,6521.68,275.0,266.0,273.0,319.0,True,Audi,6423.787,2026-03-15T07:54:39.568000000,False,None,False,True,6480.569,15.4,55.8,1024.4,False,21.2,77,2.6,Chinese Grand Prix
97.762,31,HARD,1,25.658,29.921,42.183,7011000.0,1001.0,0.0,31,9.0,1,True,6619.408,HUL,27,None,None,6547.338,6577.259,6619.442,277.0,268.0,271.0,327.0,True,Audi,6521.646,2026-03-15T07:56:17.427000000,False,None,False,True,6540.585,15.4,55.8,1024.4,False,21.2,77,2.6,Chinese Grand Prix
98.296,32,HARD,1,25.866,29.87,42.56,7000000.0,1000.0,100.0,32,8.0,1,False,6717.704,HUL,27,None,None,6645.308,6675.178,6717.738,275.0,266.0,271.0,313.0,True,Audi,6619.408,2026-03-15T07:57:55.189000000,False,None,False,True,6660.608,15.2,56.6,1024.5,False,21.1,84,1.6,Chinese Grand Prix
98.663,33,HARD,1,25.833,29.84,42.99,7010000.0,0.0,10000000000.0,33,8.0,12,False,6816.367,HUL,27,None,None,6743.571,6773.411,6816.401,271.0,262.0,257.0,305.0,True,Audi,6717.704,2026-03-15T07:59:33.485000000,False,None,False,True,6720.626,15.3,56.8,1024.5,False,21.1,84,2.2,Chinese Grand Prix
98.427,34,HARD,1,26.029,29.572,42.826,7000000.0,111100.0,100.0,34,8.0,1,False,6914.794,HUL,27,None,None,6842.43,6872.002,6914.828,272.0,262.0,270.0,303.0,True,Audi,6816.367,2026-03-15T08:01:12.148000000,False,None,False,True,6840.653,15.3,56.2,1024.5,False,20.8,86,1.7,Chinese Grand Prix
104.913,35,HARD,1,25.9,30.099,48.914,7000100.0,0.0,10000001555.0,35,10.0,1,False,7019.707,HUL,27,None,7017.832,6940.728,6970.827,7019.741,272.0,261.0,None,318.0,True,Audi,6914.794,2026-03-15T08:02:50.575000000,False,None,False,False,6960.665,15.3,56.1,1024.5,False,21.0,108,1.6,Chinese Grand Prix
132.21,36,MEDIUM,2,59.719,30.117,42.374,5500000.0,10.0,100000110.0,1,16.0,1,False,7151.917,HUL,27,7055.057,None,7079.46,7109.577,7151.951,268.0,264.0,272.0,305.0,True,Audi,7019.707,2026-03-15T08:04:35.488000000,False,None,False,False,7020.691,15.3,55.9,1024.4,False,21.0,98,1.6,Chinese Grand Prix
96.62,37,MEDIUM,2,25.673,29.278,41.669,110.0,100111.0,11100110111.0,2,16.0,1,True,7248.537,HUL,27,None,None,7177.624,7206.902,7248.571,276.0,268.0,278.0,315.0,True,Audi,7151.917,2026-03-15T08:06:47.698000000,False,None,False,True,7140.713,15.3,55.4,1024.5,False,20.3,121,2.4,Chinese Grand Prix
96.18,38,MEDIUM,2,25.049,29.479,41.652,7001001.0,100000.0,1100000100.0,3,14.0,1,True,7344.717,HUL,27,None,None,7273.62,7303.099,7344.751,301.0,268.0,272.0,340.0,True,Audi,7248.537,2026-03-15T08:08:24.318000000,False,None,False,True,7200.701,15.3,55.4,1024.5,False,20.3,121,2.4,Chinese Grand Prix
97.116,39,MEDIUM,2,25.51,29.206,42.4,7010300.0,11100.0,0.0,4,14.0,1,False,7441.833,HUL,27,None,None,7370.261,7399.467,7441.867,271.0,262.0,273.0,304.0,True,Audi,7344.717,2026-03-15T08:10:00.498000000,False,None,False,True,7320.732,15.1,56.6,1024.4,False,20.9,83,3.1,Chinese Grand Prix
96.873,40,MEDIUM,2,25.544,29.074,42.255,7010000.0,10100.0,110.0,5,14.0,1,False,7538.706,HUL,27,None,None,7467.411,7496.485,7538.74,271.0,263.0,274.0,306.0,True,Audi,7441.833,2026-03-15T08:11:37.614000000,False,None,False,True,7440.702,15.2,56.3,1024.4,False,20.3,88,3.1,Chinese Grand Prix
96.625,41,MEDIUM,2,25.476,29.107,42.042,7000000.0,10000.0,0.0,6,14.0,1,False,7635.331,HUL,27,None,None,7564.216,7593.323,7635.365,273.0,264.0,273.0,308.0,True,Audi,7538.706,2026-03-15T08:13:14.487000000,False,None,False,True,7500.718,15.2,55.9,1024.3,False,20.5,92,2.6,Chinese Grand Prix
98.675,42,MEDIUM,2,25.518,29.563,43.594,7001000.0,0.0,0.0,7,14.0,1,False,7734.006,HUL,27,None,None,7660.883,7690.446,7734.04,275.0,268.0,275.0,251.0,True,Audi,7635.331,2026-03-15T08:14:51.112000000,False,None,False,True,7620.711,15.1,56.5,1024.3,False,20.5,88,2.7,Chinese Grand Prix
96.761,43,MEDIUM,2,25.464,29.118,42.179,7000011.0,3000.0,110.0,8,12.0,1,False,7830.767,HUL,27,None,None,7759.504,7788.622,7830.801,304.0,264.0,273.0,304.0,True,Audi,7734.006,2026-03-15T08:16:29.787000000,False,None,False,True,7740.749,15.1,56.3,1024.2,False,20.3,91,3.3,Chinese Grand Prix
96.868,44,MEDIUM,2,25.48,29.178,42.21,7000000.0,100100.0,100.0,9,12.0,1,False,7927.635,HUL,27,None,None,7856.281,7885.459,7927.669,271.0,263.0,275.0,303.0,True,Audi,7830.767,2026-03-15T08:18:06.548000000,False,None,False,True,7800.765,15.1,56.6,1024.3,False,20.4,61,2.7,Chinese Grand Prix
96.901,45,MEDIUM,2,25.475,29.157,42.269,7010000.0,0.0,100.0,10,11.0,1,False,8024.536,HUL,27,None,None,7953.144,7982.301,8024.57,274.0,264.0,274.0,302.0,True,Audi,7927.635,2026-03-15T08:19:43.416000000,False,None,False,True,7920.767,15.1,56.9,1024.3,False,20.4,77,3.3,Chinese Grand Prix
96.985,46,MEDIUM,2,25.488,29.2,42.297,7000000.0,0.0,0.0,11,11.0,1,False,8121.521,HUL,27,None,None,8050.058,8079.258,8121.555,274.0,263.0,274.0,302.0,True,Audi,8024.536,2026-03-15T08:21:20.317000000,False,None,False,True,7980.783,15.1,56.5,1024.4,False,20.5,81,3.9,Chinese Grand Prix
98.763,47,MEDIUM,2,25.609,29.393,43.761,7000000.0,0.0,0.0,12,11.0,1,False,8220.284,HUL,27,None,None,8147.164,8176.557,8220.318,274.0,265.0,275.0,291.0,True,Audi,8121.521,2026-03-15T08:22:57.302000000,False,None,False,True,8100.772,15.1,56.9,1024.4,False,20.2,77,3.3,Chinese Grand Prix
96.776,48,MEDIUM,2,25.604,29.334,41.838,7000000.0,1.0,10000.0,13,11.0,1,False,8317.06,HUL,27,None,None,8245.922,8275.256,8317.094,279.0,270.0,266.0,332.0,True,Audi,8220.284,2026-03-15T08:24:36.065000000,False,None,False,True,8220.803,15.0,57.4,1024.4,False,20.1,91,2.4,Chinese Grand Prix
98.064,49,MEDIUM,2,25.828,29.409,42.827,7000000.0,0.0,0.0,14,11.0,1,False,8415.124,HUL,27,None,None,8342.922,8372.331,8415.158,273.0,263.0,273.0,298.0,True,Audi,8317.06,2026-03-15T08:26:12.841000000,False,None,False,True,8280.808,15.0,57.4,1024.4,False,20.2,93,2.0,Chinese Grand Prix
97.696,50,MEDIUM,2,25.661,29.684,42.351,7000000.0,0.0,0.0,15,11.0,1,False,8512.82,HUL,27,None,None,8440.819,8470.503,8512.854,273.0,265.0,274.0,303.0,True,Audi,8415.124,2026-03-15T08:27:50.905000000,False,None,False,True,8400.828,15.0,57.3,1024.5,False,20.2,77,2.9,Chinese Grand Prix
97.505,51,MEDIUM,2,25.573,29.393,42.539,7000000.0,0.0,0.0,16,11.0,1,False,8610.325,HUL,27,None,None,8538.427,8567.82,8610.359,275.0,264.0,274.0,301.0,True,Audi,8512.82,2026-03-15T08:29:28.601000000,False,None,False,True,8460.818,15.0,57.4,1024.6,False,20.1,84,3.1,Chinese Grand Prix
97.614,52,MEDIUM,2,25.659,29.366,42.589,7000000.0,0.0,0.0,17,11.0,12,False,8707.939,HUL,27,None,None,8636.018,8665.384,8707.973,275.0,264.0,273.0,300.0,True,Audi,8610.325,2026-03-15T08:31:06.106000000,False,None,False,True,8580.801,14.9,57.3,1024.6,False,20.0,95,4.1,Chinese Grand Prix
97.97,53,MEDIUM,2,25.787,29.547,42.636,7000000.0,0.0,0.0,18,11.0,1,False,8805.909,HUL,27,None,None,8733.76,8763.307,8805.943,274.0,264.0,274.0,300.0,True,Audi,8707.939,2026-03-15T08:32:43.720000000,False,None,False,True,8700.85,15.0,57.4,1024.7,False,19.9,93,2.5,Chinese Grand Prix
97.609,54,MEDIUM,2,25.605,29.479,42.525,7000000.0,0.0,0.0,19,11.0,1,False,8903.518,HUL,27,None,None,8831.548,8861.027,8903.552,274.0,264.0,274.0,301.0,True,Audi,8805.909,2026-03-15T08:34:21.690000000,False,None,False,True,8760.855,15.0,57.4,1024.5,False,20.0,84,2.4,Chinese Grand Prix
97.571,55,MEDIUM,2,25.677,29.426,42.468,7000000.0,0.0,0.0,20,11.0,1,False,9001.089,HUL,27,None,None,8929.229,8958.655,9001.123,274.0,262.0,266.0,307.0,True,Audi,8903.518,2026-03-15T08:35:59.299000000,False,None,False,True,8880.869,15.0,57.5,1024.6,False,20.1,86,2.8,Chinese Grand Prix
106.084,1,MEDIUM,1,,31.35,43.622,7111111.0,111111.0,11111111110.0,1,7.0,12,False,3490.396,LAW,30,None,None,None,3446.899,3490.396,285.0,260.0,269.0,345.0,True,Racing Bulls,3384.05,2026-03-15T07:03:59.831000000,False,None,False,False,3420.295,15.6,55.2,1024.4,False,23.3,72,2.8,Chinese Grand Prix
99.798,2,MEDIUM,1,26.269,30.557,42.972,1111110.0,101110.0,11100111111.0,2,7.0,1,True,3590.194,LAW,30,None,None,3516.665,3547.222,3590.194,266.0,260.0,271.0,318.0,True,Racing Bulls,3490.396,2026-03-15T07:05:46.177000000,False,None,False,True,3540.312,15.6,55.3,1024.5,False,22.5,102,4.5,Chinese Grand Prix
98.947,3,MEDIUM,1,26.007,30.129,42.811,7111010.0,101110.0,10000101111.0,3,7.0,1,True,3689.141,LAW,30,None,None,3616.201,3646.33,3689.141,268.0,262.0,272.0,318.0,True,Racing Bulls,3590.194,2026-03-15T07:07:25.975000000,False,None,False,True,3600.332,15.5,55.8,1024.4,False,23.0,107,1.8,Chinese Grand Prix
99.114,4,MEDIUM,1,26.045,30.283,42.786,10110.0,101000.0,101111.0,4,7.0,1,False,3788.255,LAW,30,None,None,3715.186,3745.469,3788.255,270.0,260.0,274.0,318.0,True,Racing Bulls,3689.141,2026-03-15T07:09:04.922000000,False,None,False,True,3720.342,15.5,55.4,1024.5,False,23.0,105,2.5,Chinese Grand Prix
100.055,5,MEDIUM,1,26.168,30.359,43.528,7110000.0,0.0,0.0,5,8.0,1,False,3888.31,LAW,30,None,None,3814.423,3844.782,3888.31,266.0,259.0,270.0,312.0,True,Racing Bulls,3788.255,2026-03-15T07:10:44.036000000,False,None,False,True,3840.33,15.5,55.3,1024.5,False,23.1,92,3.7,Chinese Grand Prix
99.51,6,MEDIUM,1,26.2,30.544,42.766,7000000.0,0.0,100001.0,6,8.0,1,False,3987.82,LAW,30,None,None,3914.51,3945.054,3987.82,272.0,260.0,274.0,319.0,True,Racing Bulls,3888.31,2026-03-15T07:12:24.091000000,False,None,False,True,3900.33,15.6,55.6,1024.5,False,22.9,107,2.2,Chinese Grand Prix
99.709,7,MEDIUM,1,26.055,30.472,43.182,1000000.0,0.0,0.0,7,8.0,1,False,4087.529,LAW,30,None,None,4013.875,4044.347,4087.529,270.0,263.0,271.0,314.0,True,Racing Bulls,3987.82,2026-03-15T07:14:03.601000000,False,None,False,True,4020.34,15.6,55.8,1024.5,False,22.4,111,2.4,Chinese Grand Prix
99.878,8,MEDIUM,1,26.311,30.4,43.167,0.0,0.0,0.0,8,8.0,1,False,4187.407,LAW,30,None,None,4113.84,4144.24,4187.407,268.0,263.0,272.0,314.0,True,Racing Bulls,4087.529,2026-03-15T07:15:43.310000000,False,None,False,True,4080.343,15.6,55.9,1024.3,False,22.8,88,2.1,Chinese Grand Prix
106.179,9,MEDIUM,1,26.345,30.669,49.165,7000000.0,0.0,1555.0,9,11.0,1,False,4293.586,LAW,30,None,4291.865,4213.752,4244.421,4293.586,266.0,255.0,None,310.0,True,Racing Bulls,4187.407,2026-03-15T07:17:23.188000000,False,None,False,False,4200.397,15.6,56.0,1024.5,False,22.6,110,2.6,Chinese Grand Prix
142.138,10,HARD,2,45.558,39.863,56.717,5500000.0,0.0,0.0,1,14.0,124,False,4435.724,LAW,30,4314.818,None,4339.144,4379.007,4435.724,266.0,152.0,197.0,198.0,True,Racing Bulls,4293.586,2026-03-15T07:19:09.367000000,False,None,False,False,4320.396,15.5,56.2,1024.6,False,22.4,92,1.5,Chinese Grand Prix
135.169,11,HARD,2,35.409,40.895,58.865,0.0,0.0,0.0,2,13.0,4,False,4570.893,LAW,30,None,None,4471.133,4512.028,4570.893,220.0,193.0,209.0,216.0,True,Racing Bulls,4435.724,2026-03-15T07:21:31.505000000,False,None,False,False,4440.382,15.5,55.5,1024.6,False,22.8,77,0.8,Chinese Grand Prix
130.584,12,HARD,2,33.054,34.546,62.984,7000000.0,0.0,0.0,3,12.0,4,False,4701.477,LAW,30,None,None,4603.947,4638.493,4701.477,231.0,177.0,121.0,111.0,True,Racing Bulls,4570.893,2026-03-15T07:23:46.674000000,False,None,False,False,4560.395,15.5,55.3,1024.7,False,22.7,0,0.0,Chinese Grand Prix
142.417,13,HARD,2,35.431,45.931,61.055,7000000.0,0.0,0.0,4,12.0,41,False,4843.894,LAW,30,None,None,4736.908,4782.839,4843.894,225.0,191.0,274.0,206.0,True,Racing Bulls,4701.477,2026-03-15T07:25:57.258000000,False,None,False,False,4740.397,15.5,55.1,1024.6,False,22.0,131,1.7,Chinese Grand Prix
100.779,14,HARD,2,26.543,31.232,43.004,1100001.0,10000.0,0.0,5,12.0,1,False,4944.673,LAW,30,None,None,4870.437,4901.669,4944.673,289.0,269.0,274.0,339.0,True,Racing Bulls,4843.894,2026-03-15T07:28:19.675000000,False,None,False,True,4860.43,15.4,56.3,1024.7,False,22.4,112,1.1,Chinese Grand Prix
99.02,15,HARD,2,26.023,30.415,42.582,0.0,10001.0,110000000.0,6,12.0,1,False,5043.693,LAW,30,None,None,4970.696,5001.111,5043.693,279.0,256.0,272.0,335.0,True,Racing Bulls,4944.673,2026-03-15T07:30:00.454000000,False,None,False,True,4980.417,15.4,56.2,1024.7,False,21.6,116,2.8,Chinese Grand Prix
99.437,16,HARD,2,26.171,30.308,42.958,7000000.0,10.0,0.0,7,12.0,1,False,5143.13,LAW,30,None,None,5069.864,5100.172,5143.13,266.0,260.0,272.0,319.0,True,Racing Bulls,5043.693,2026-03-15T07:31:39.474000000,False,None,False,True,5100.455,15.2,56.6,1024.7,False,21.9,114,3.2,Chinese Grand Prix
98.909,17,HARD,2,25.953,30.137,42.819,7000100.0,11.0,1000000001.0,8,12.0,12,True,5242.039,LAW,30,None,None,5169.083,5199.22,5242.039,277.0,264.0,274.0,321.0,True,Racing Bulls,5143.13,2026-03-15T07:33:18.911000000,False,None,False,True,5160.435,15.2,56.7,1024.7,False,21.9,126,1.0,Chinese Grand Prix
98.709,18,HARD,2,26.021,30.077,42.611,7000010.0,0.0,100100000.0,9,12.0,21,True,5340.748,LAW,30,None,None,5268.06,5298.137,5340.748,275.0,262.0,272.0,322.0,True,Racing Bulls,5242.039,2026-03-15T07:34:57.820000000,False,None,False,True,5280.444,15.3,56.2,1024.6,False,21.6,101,1.6,Chinese Grand Prix
98.989,19,HARD,2,26.058,30.253,42.678,7000000.0,0.0,10000010000.0,10,12.0,1,False,5439.737,LAW,30,None,None,5366.806,5397.059,5439.737,274.0,266.0,272.0,320.0,True,Racing Bulls,5340.748,2026-03-15T07:36:36.529000000,False,None,False,True,5340.458,15.3,56.4,1024.6,False,21.6,98,2.0,Chinese Grand Prix
99.187,20,HARD,2,26.148,30.308,42.731,7000000.0,0.0,10000010000.0,11,12.0,1,False,5538.924,LAW,30,None,None,5465.885,5496.193,5538.924,271.0,267.0,273.0,322.0,True,Racing Bulls,5439.737,2026-03-15T07:38:15.518000000,False,None,False,True,5460.458,15.3,56.8,1024.5,False,21.5,108,1.7,Chinese Grand Prix
98.491,21,HARD,2,25.84,30.036,42.615,7001010.0,110001.0,10010010.0,12,11.0,1,True,5637.415,LAW,30,None,None,5564.764,5594.8,5637.415,279.0,268.0,272.0,334.0,True,Racing Bulls,5538.924,2026-03-15T07:39:54.705000000,False,None,False,True,5580.486,15.3,56.9,1024.5,False,21.8,92,2.8,Chinese Grand Prix
98.8,22,HARD,2,26.023,29.99,42.787,7000000.0,100000.0,0.0,13,11.0,1,False,5736.215,LAW,30,None,None,5663.438,5693.428,5736.215,276.0,265.0,272.0,315.0,True,Racing Bulls,5637.415,2026-03-15T07:41:33.196000000,False,None,False,True,5640.491,15.3,57.0,1024.3,False,21.7,110,2.4,Chinese Grand Prix
98.552,23,HARD,2,26.069,29.916,42.567,7010000.0,110.0,0.0,14,11.0,1,False,5834.767,LAW,30,None,None,5762.284,5792.2,5834.767,274.0,261.0,273.0,318.0,True,Racing Bulls,5736.215,2026-03-15T07:43:11.996000000,False,None,False,True,5760.489,15.3,56.2,1024.3,False,21.6,89,1.5,Chinese Grand Prix
98.546,24,HARD,2,25.936,30.014,42.596,7000000.0,1000.0,100000000.0,15,11.0,1,False,5933.313,LAW,30,None,None,5860.703,5890.717,5933.313,274.0,265.0,271.0,318.0,True,Racing Bulls,5834.767,2026-03-15T07:44:50.548000000,False,None,False,True,5880.499,15.4,56.2,1024.3,False,21.8,94,2.8,Chinese Grand Prix
98.599,25,HARD,2,25.955,30.06,42.584,7000000.0,11.0,11.0,16,11.0,1,False,6031.912,LAW,30,None,None,5959.268,5989.328,6031.912,277.0,265.0,276.0,319.0,True,Racing Bulls,5933.313,2026-03-15T07:46:29.094000000,False,None,False,True,5940.541,15.3,56.3,1024.3,False,21.7,93,2.2,Chinese Grand Prix
98.445,26,HARD,2,25.844,29.994,42.607,7000000.0,0.0,10000010000.0,17,11.0,1,True,6130.357,LAW,30,None,None,6057.756,6087.75,6130.357,277.0,266.0,272.0,319.0,True,Racing Bulls,6031.912,2026-03-15T07:48:07.693000000,False,None,False,True,6060.553,15.3,56.5,1024.4,False,21.8,63,2.3,Chinese Grand Prix
98.358,27,HARD,2,25.779,29.938,42.641,7000000.0,100000.0,10000000000.0,18,11.0,12,True,6228.715,LAW,30,None,None,6156.136,6186.074,6228.715,281.0,267.0,274.0,314.0,True,Racing Bulls,6130.357,2026-03-15T07:49:46.138000000,False,None,False,True,6180.548,15.4,56.0,1024.4,False,21.8,70,2.2,Chinese Grand Prix
98.389,28,HARD,2,25.79,29.893,42.706,7000000.0,1000.0,10000000000.0,19,11.0,21,False,6327.104,LAW,30,None,None,6254.505,6284.398,6327.104,278.0,262.0,270.0,315.0,True,Racing Bulls,6228.715,2026-03-15T07:51:24.496000000,False,None,False,True,6240.572,15.4,56.0,1024.4,False,21.7,67,2.0,Chinese Grand Prix
98.308,29,HARD,2,25.917,29.943,42.448,7000000.0,0.0,10000100011.0,20,10.0,1,True,6425.412,LAW,30,None,None,6353.021,6382.964,6425.412,276.0,265.0,277.0,319.0,True,Racing Bulls,6327.104,2026-03-15T07:53:02.885000000,False,None,False,True,6360.641,15.4,55.6,1024.4,False,21.6,77,3.0,Chinese Grand Prix
97.894,30,HARD,2,25.74,29.884,42.27,7000000.0,0.0,10000110000.0,21,10.0,1,True,6523.306,LAW,30,None,None,6451.152,6481.036,6523.306,280.0,263.0,275.0,319.0,True,Racing Bulls,6425.412,2026-03-15T07:54:41.193000000,False,None,False,True,6480.569,15.4,55.8,1024.4,False,21.2,77,2.6,Chinese Grand Prix
98.084,31,HARD,2,25.748,29.851,42.485,7000100.0,1000.0,0.0,22,10.0,1,False,6621.39,LAW,30,None,None,6549.054,6578.905,6621.39,278.0,262.0,273.0,318.0,True,Racing Bulls,6523.306,2026-03-15T07:56:19.087000000,False,None,False,True,6540.585,15.4,55.8,1024.4,False,21.2,77,2.6,Chinese Grand Prix
97.959,32,HARD,2,25.802,29.723,42.434,7010100.0,1010.0,10.0,23,9.0,1,False,6719.349,LAW,30,None,None,6647.192,6676.915,6719.349,278.0,264.0,276.0,318.0,True,Racing Bulls,6621.39,2026-03-15T07:57:57.171000000,False,None,False,True,6660.608,15.2,56.6,1024.5,False,21.1,84,1.6,Chinese Grand Prix
97.898,33,HARD,2,25.657,29.768,42.473,7010000.0,1.0,10000.0,24,9.0,12,False,6817.247,LAW,30,None,None,6745.006,6774.774,6817.247,281.0,264.0,276.0,319.0,True,Racing Bulls,6719.349,2026-03-15T07:59:35.130000000,False,None,False,True,6720.626,15.3,56.8,1024.5,False,21.1,84,2.2,Chinese Grand Prix
98.224,34,HARD,2,25.826,29.894,42.504,7000000.0,0.0,10000.0,25,9.0,1,False,6915.471,LAW,30,None,None,6843.073,6872.967,6915.471,285.0,265.0,274.0,319.0,True,Racing Bulls,6817.247,2026-03-15T08:01:13.028000000,False,None,False,True,6840.653,15.3,56.2,1024.5,False,20.8,86,1.7,Chinese Grand Prix
98.009,35,HARD,2,25.786,30.09,42.133,7000000.0,10000.0,100000000.0,26,8.0,1,False,7013.48,LAW,30,None,None,6941.257,6971.347,7013.48,281.0,269.0,272.0,330.0,True,Racing Bulls,6915.471,2026-03-15T08:02:51.252000000,False,None,False,True,6960.665,15.3,56.1,1024.5,False,21.0,108,1.6,Chinese Grand Prix
97.981,36,HARD,2,25.804,29.62,42.557,7000010.0,1110.0,0.0,27,8.0,1,False,7111.461,LAW,30,None,None,7039.284,7068.904,7111.461,277.0,262.0,270.0,309.0,True,Racing Bulls,7013.48,2026-03-15T08:04:29.261000000,False,None,False,True,7020.691,15.3,55.9,1024.4,False,21.0,98,1.6,Chinese Grand Prix
97.972,37,HARD,2,26.089,29.555,42.328,7000100.0,11010.0,10110.0,28,8.0,1,False,7209.433,LAW,30,None,None,7137.55,7167.105,7209.433,278.0,264.0,275.0,312.0,True,Racing Bulls,7111.461,2026-03-15T08:06:07.242000000,False,None,False,True,7140.713,15.3,55.4,1024.5,False,20.3,121,2.4,Chinese Grand Prix
97.568,38,HARD,2,25.79,29.497,42.281,7000000.0,100100.0,10000010010.0,29,8.0,1,True,7307.001,LAW,30,None,None,7235.223,7264.72,7307.001,273.0,264.0,275.0,310.0,True,Racing Bulls,7209.433,2026-03-15T08:07:45.214000000,False,None,False,True,7200.701,15.3,55.4,1024.5,False,20.3,121,2.4,Chinese Grand Prix
97.763,39,HARD,2,25.824,29.535,42.404,7001000.0,10.0,0.0,30,8.0,1,False,7404.764,LAW,30,None,None,7332.825,7362.36,7404.764,274.0,262.0,273.0,310.0,True,Racing Bulls,7307.001,2026-03-15T08:09:22.782000000,False,None,False,True,7320.732,15.1,56.6,1024.4,False,20.9,83,3.1,Chinese Grand Prix
97.81,40,HARD,2,26.032,29.449,42.329,7000000.0,1100.0,0.0,31,8.0,1,False,7502.574,LAW,30,None,None,7430.796,7460.245,7502.574,275.0,262.0,273.0,311.0,True,Racing Bulls,7404.764,2026-03-15T08:11:00.545000000,False,None,False,True,7440.702,15.2,56.3,1024.4,False,20.3,88,3.1,Chinese Grand Prix
97.616,41,HARD,2,25.711,29.404,42.501,7000000.0,101100.0,10000.0,32,8.0,1,False,7600.19,LAW,30,None,None,7528.285,7557.689,7600.19,279.0,264.0,274.0,305.0,True,Racing Bulls,7502.574,2026-03-15T08:12:38.355000000,False,None,False,True,7500.718,15.2,55.9,1024.3,False,20.5,92,2.6,Chinese Grand Prix
97.556,42,HARD,2,25.758,29.421,42.377,7000100.0,10001.0,10000010030.0,33,8.0,1,True,7697.746,LAW,30,None,None,7625.948,7655.369,7697.746,278.0,267.0,275.0,305.0,True,Racing Bulls,7600.19,2026-03-15T08:14:15.971000000,False,None,False,True,7620.711,15.1,56.5,1024.3,False,20.5,88,2.7,Chinese Grand Prix
97.561,43,HARD,2,25.734,29.425,42.402,7000010.0,100000.0,100000000.0,34,8.0,1,False,7795.307,LAW,30,None,None,7723.48,7752.905,7795.307,280.0,264.0,276.0,305.0,True,Racing Bulls,7697.746,2026-03-15T08:15:53.527000000,False,None,False,True,7740.749,15.1,56.3,1024.2,False,20.3,91,3.3,Chinese Grand Prix
97.354,44,HARD,2,25.636,29.449,42.269,7000100.0,0.0,0.0,35,8.0,1,True,7892.661,LAW,30,None,None,7820.943,7850.392,7892.661,278.0,265.0,275.0,308.0,True,Racing Bulls,7795.307,2026-03-15T08:17:31.088000000,False,None,False,True,7800.765,15.1,56.6,1024.3,False,20.4,61,2.7,Chinese Grand Prix
97.547,45,HARD,2,25.595,29.5,42.452,7000000.0,10000.0,10011.0,36,7.0,1,False,7990.208,LAW,30,None,None,7918.256,7947.756,7990.208,279.0,264.0,276.0,305.0,True,Racing Bulls,7892.661,2026-03-15T08:19:08.442000000,False,None,False,True,7920.767,15.1,56.9,1024.3,False,20.4,77,3.3,Chinese Grand Prix
97.369,46,HARD,2,25.556,29.476,42.337,7001000.0,100000.0,10000000000.0,37,7.0,1,False,8087.577,LAW,30,None,None,8015.764,8045.24,8087.577,280.0,262.0,276.0,307.0,True,Racing Bulls,7990.208,2026-03-15T08:20:45.989000000,False,None,False,True,7980.783,15.1,56.5,1024.4,False,20.5,81,3.9,Chinese Grand Prix
97.298,47,HARD,2,25.579,29.339,42.38,7010000.0,100.0,0.0,38,7.0,1,True,8184.875,LAW,30,None,None,8113.156,8142.495,8184.875,279.0,267.0,274.0,309.0,True,Racing Bulls,8087.577,2026-03-15T08:22:23.358000000,False,None,False,True,8100.772,15.1,56.9,1024.4,False,20.2,77,3.3,Chinese Grand Prix
97.443,48,HARD,2,25.642,29.43,42.371,7000000.0,1.0,0.0,39,7.0,1,False,8282.318,LAW,30,None,None,8210.517,8239.947,8282.318,283.0,268.0,275.0,308.0,True,Racing Bulls,8184.875,2026-03-15T08:24:00.656000000,False,None,False,True,8220.803,15.0,57.4,1024.4,False,20.1,91,2.4,Chinese Grand Prix
97.457,49,HARD,2,25.599,29.495,42.363,7000000.0,0.0,1.0,40,7.0,1,False,8379.775,LAW,30,None,None,8307.917,8337.412,8379.775,279.0,260.0,277.0,307.0,True,Racing Bulls,8282.318,2026-03-15T08:25:38.099000000,False,None,False,True,8280.808,15.0,57.4,1024.4,False,20.2,93,2.0,Chinese Grand Prix
97.201,50,HARD,2,25.469,29.437,42.295,7011000.0,0.0,110.0,41,7.0,1,True,8476.976,LAW,30,None,None,8405.244,8434.681,8476.976,281.0,266.0,276.0,309.0,True,Racing Bulls,8379.775,2026-03-15T08:27:15.556000000,False,None,False,True,8400.828,15.0,57.3,1024.5,False,20.2,77,2.9,Chinese Grand Prix
97.393,51,HARD,2,25.586,29.535,42.272,7000000.0,10000.0,100000000.0,42,7.0,1,False,8574.369,LAW,30,None,None,8502.562,8532.097,8574.369,281.0,265.0,275.0,310.0,True,Racing Bulls,8476.976,2026-03-15T08:28:52.757000000,False,None,False,True,8460.818,15.0,57.4,1024.6,False,20.1,84,3.1,Chinese Grand Prix
97.324,52,HARD,2,25.544,29.481,42.299,7010000.0,0.0,100010000.0,43,7.0,1,False,8671.693,LAW,30,None,None,8599.913,8629.394,8671.693,282.0,265.0,275.0,307.0,True,Racing Bulls,8574.369,2026-03-15T08:30:30.150000000,False,None,False,True,8580.801,14.9,57.3,1024.6,False,20.0,95,4.1,Chinese Grand Prix
97.35,53,HARD,2,25.602,29.408,42.34,7000000.0,0.0,11.0,44,7.0,12,False,8769.043,LAW,30,None,None,8697.295,8726.703,8769.043,283.0,264.0,277.0,309.0,True,Racing Bulls,8671.693,2026-03-15T08:32:07.474000000,False,None,False,True,8700.85,15.0,57.4,1024.7,False,19.9,93,2.5,Chinese Grand Prix
97.202,54,HARD,2,25.555,29.431,42.216,7010000.0,100000.0,1.0,45,7.0,1,False,8866.245,LAW,30,None,None,8794.598,8824.029,8866.245,282.0,265.0,277.0,310.0,True,Racing Bulls,8769.043,2026-03-15T08:33:44.824000000,False,None,False,True,8760.855,15.0,57.4,1024.5,False,20.0,84,2.4,Chinese Grand Prix
97.166,55,HARD,2,25.444,29.481,42.241,7011001.0,0.0,10000010000.0,46,7.0,1,True,8963.411,LAW,30,None,None,8891.689,8921.17,8963.411,281.0,264.0,276.0,310.0,True,Racing Bulls,8866.245,2026-03-15T08:35:22.026000000,False,None,False,True,8880.869,15.0,57.5,1024.6,False,20.1,86,2.8,Chinese Grand Prix
97.096,56,HARD,2,25.458,29.543,42.095,7000000.0,10000.0,10100000130.0,47,7.0,1,True,9060.507,LAW,30,None,None,8988.869,9018.412,9060.507,282.0,264.0,280.0,310.0,True,Racing Bulls,8963.411,2026-03-15T08:36:59.192000000,False,None,False,True,9000.856,14.9,57.5,1024.5,False,19.7,112,2.3,Chinese Grand Prix
101.064,1,MEDIUM,1,,30.192,42.302,7111111.0,111111.0,11111111111.0,1,3.0,12,False,3485.376,LEC,16,None,None,None,3443.184,3485.53,292.0,256.0,271.0,320.0,True,Ferrari,3384.05,2026-03-15T07:03:59.831000000,False,None,False,False,3420.295,15.6,55.2,1024.4,False,23.3,72,2.8,Chinese Grand Prix
98.558,2,MEDIUM,1,25.954,29.998,42.606,1111100.0,113001.0,110010100.0,2,3.0,1,True,3583.934,LEC,16,None,None,3511.412,3541.41,3584.016,276.0,267.0,266.0,314.0,True,Ferrari,3485.376,2026-03-15T07:05:41.157000000,False,None,False,True,3540.312,15.6,55.3,1024.5,False,22.5,102,4.5,Chinese Grand Prix
99.148,3,MEDIUM,1,26.669,29.902,42.577,100.0,100.0,11111.0,3,4.0,1,False,3683.082,LEC,16,None,None,3610.685,3640.587,3683.164,265.0,255.0,272.0,324.0,True,Ferrari,3583.934,2026-03-15T07:07:19.715000000,False,None,False,True,3600.332,15.5,55.8,1024.4,False,23.0,107,1.8,Chinese Grand Prix
97.835,4,MEDIUM,1,25.914,29.661,42.26,7010100.0,100110.0,10000111111.0,4,4.0,1,True,3780.917,LEC,16,None,None,3709.078,3738.739,3780.999,272.0,256.0,274.0,314.0,True,Ferrari,3683.082,2026-03-15T07:08:58.863000000,False,None,False,True,3720.342,15.5,55.4,1024.5,False,23.0,105,2.5,Chinese Grand Prix
97.863,5,MEDIUM,1,25.914,29.632,42.317,1111000.0,100.0,101000.0,5,4.0,1,False,3878.78,LEC,16,None,None,None,3836.545,3878.862,265.0,255.0,268.0,320.0,True,Ferrari,3780.917,2026-03-15T07:10:36.698000000,False,None,False,True,3840.33,15.5,55.3,1024.5,False,23.1,92,3.7,Chinese Grand Prix
98.136,6,MEDIUM,1,26.144,29.86,42.132,1000.0,100000.0,10000100000.0,6,4.0,1,False,3976.916,LEC,16,None,None,3905.006,3934.866,3976.998,266.0,254.0,271.0,312.0,True,Ferrari,3878.78,2026-03-15T07:12:14.561000000,False,None,False,True,3900.33,15.6,55.6,1024.5,False,22.9,107,2.2,Chinese Grand Prix
97.994,7,MEDIUM,1,25.894,29.733,42.367,7000100.0,100000.0,1100.0,7,4.0,1,False,4074.91,LEC,16,None,None,4002.892,4032.625,4074.992,267.0,255.0,270.0,311.0,True,Ferrari,3976.916,2026-03-15T07:13:52.697000000,False,None,False,True,4020.34,15.6,55.8,1024.5,False,22.4,111,2.4,Chinese Grand Prix
97.794,8,MEDIUM,1,25.841,29.734,42.219,7000100.0,100100.0,0.0,8,4.0,1,True,4172.704,LEC,16,None,None,4100.833,4130.567,4172.786,272.0,251.0,264.0,314.0,True,Ferrari,4074.91,2026-03-15T07:15:30.691000000,False,None,False,True,4080.343,15.6,55.9,1024.3,False,22.8,88,2.1,Chinese Grand Prix
98.13,9,MEDIUM,1,26.108,29.872,42.15,7000000.0,111000.0,110.0,9,4.0,1,False,4270.834,LEC,16,None,None,4198.894,4228.766,4270.916,276.0,252.0,273.0,314.0,True,Ferrari,4172.704,2026-03-15T07:17:08.485000000,False,None,False,True,4200.397,15.6,56.0,1024.5,False,22.6,110,2.6,Chinese Grand Prix
112.397,10,MEDIUM,1,26.115,30.067,56.215,7000000.0,0.0,555.0,10,4.0,124,False,4383.231,LEC,16,None,4381.547,4297.031,4327.098,4383.313,267.0,251.0,None,238.0,True,Ferrari,4270.834,2026-03-15T07:18:46.615000000,False,None,False,False,4320.396,15.5,56.2,1024.6,False,22.4,92,1.5,Chinese Grand Prix
161.733,11,HARD,2,57.124,41.154,63.455,5500000.0,0.0,0.0,1,7.0,4,False,4545.025,LEC,16,4407.065,None,4440.63,4481.652,4545.18,252.0,220.0,217.0,235.0,True,Ferrari,4383.231,2026-03-15T07:20:39.012000000,False,None,False,False,4440.382,15.5,55.5,1024.6,False,22.8,77,0.8,Chinese Grand Prix
150.182,12,HARD,2,42.91,44.533,62.739,0.0,0.0,0.0,2,7.0,4,False,4695.13,LEC,16,None,None,4587.965,4632.499,4695.316,137.0,180.0,193.0,154.0,True,Ferrari,4545.025,2026-03-15T07:23:20.806000000,False,None,False,False,4560.395,15.5,55.3,1024.7,False,22.7,0,0.0,Chinese Grand Prix
146.486,13,HARD,2,37.128,45.067,64.291,7000000.0,0.0,0.0,3,7.0,41,False,4841.616,LEC,16,None,None,4732.34,4777.407,4841.698,223.0,167.0,271.0,174.0,True,Ferrari,4695.13,2026-03-15T07:25:50.911000000,False,None,False,False,4740.397,15.5,55.1,1024.6,False,22.0,131,1.7,Chinese Grand Prix
99.851,14,HARD,2,26.409,30.888,42.554,1100000.0,10000.0,11010001.0,4,6.0,1,False,4941.467,LEC,16,None,None,4868.107,4898.995,4941.549,283.0,261.0,277.0,336.0,True,Ferrari,4841.616,2026-03-15T07:28:17.397000000,False,None,False,True,4860.43,15.4,56.3,1024.7,False,22.4,112,1.1,Chinese Grand Prix
97.205,15,HARD,2,25.671,29.86,41.674,11000.0,10000.0,1110000010.0,5,4.0,1,True,5038.672,LEC,16,None,None,4967.22,4997.08,5038.754,267.0,257.0,274.0,329.0,True,Ferrari,4941.467,2026-03-15T07:29:57.248000000,False,None,False,True,4980.417,15.4,56.2,1024.7,False,21.6,116,2.8,Chinese Grand Prix
97.306,16,HARD,2,25.684,29.518,42.104,7001010.0,100010.0,100000.0,6,3.0,1,False,5135.978,LEC,16,None,None,5064.438,5093.956,5136.06,263.0,253.0,269.0,310.0,True,Ferrari,5038.672,2026-03-15T07:31:34.453000000,False,None,False,True,5100.455,15.2,56.6,1024.7,False,21.9,114,3.2,Chinese Grand Prix
96.877,17,HARD,2,25.833,29.22,41.824,7011100.0,100100.0,10000301000.0,7,3.0,1,True,5232.855,LEC,16,None,None,5161.893,5191.113,5232.937,262.0,251.0,273.0,306.0,True,Ferrari,5135.978,2026-03-15T07:33:11.759000000,False,None,False,True,5160.435,15.2,56.7,1024.7,False,21.9,126,1.0,Chinese Grand Prix
96.599,18,HARD,2,25.407,29.314,41.878,7011100.0,0.0,1000.0,8,3.0,12,True,5329.454,LEC,16,None,None,5258.344,5287.658,5329.536,264.0,253.0,269.0,307.0,True,Ferrari,5232.855,2026-03-15T07:34:48.636000000,False,None,False,True,5280.444,15.3,56.2,1024.6,False,21.6,101,1.6,Chinese Grand Prix
96.861,19,HARD,2,25.435,29.322,42.104,7003100.0,100000.0,110.0,9,3.0,1,False,5426.315,LEC,16,None,None,5354.971,5384.293,5426.397,269.0,252.0,271.0,307.0,True,Ferrari,5329.454,2026-03-15T07:36:25.235000000,False,None,False,True,5340.458,15.3,56.4,1024.6,False,21.6,98,2.0,Chinese Grand Prix
96.833,20,HARD,2,25.608,29.339,41.886,7000000.0,0.0,100001110.0,10,3.0,1,False,5523.148,LEC,16,None,None,5452.005,5481.344,5523.23,264.0,253.0,273.0,308.0,True,Ferrari,5426.315,2026-03-15T07:38:02.096000000,False,None,False,True,5460.458,15.3,56.8,1024.5,False,21.5,108,1.7,Chinese Grand Prix
96.705,21,HARD,2,25.423,29.23,42.052,7000000.0,310000.0,10100000000.0,11,3.0,1,False,5619.853,LEC,16,None,None,5548.653,5577.883,5619.935,267.0,253.0,269.0,308.0,True,Ferrari,5523.148,2026-03-15T07:39:38.929000000,False,None,False,True,5580.486,15.3,56.9,1024.5,False,21.8,92,2.8,Chinese Grand Prix
96.643,22,HARD,2,25.59,29.215,41.838,7000000.0,0.0,10000000000.0,12,3.0,1,False,5716.496,LEC,16,None,None,5645.525,5674.74,5716.578,271.0,255.0,274.0,311.0,True,Ferrari,5619.853,2026-03-15T07:41:15.634000000,False,None,False,True,5640.491,15.3,57.0,1024.3,False,21.7,110,2.4,Chinese Grand Prix
96.813,23,HARD,2,25.616,29.24,41.957,7010000.0,0.0,100000000.0,13,3.0,1,False,5813.309,LEC,16,None,None,5742.194,5771.434,5813.391,267.0,260.0,275.0,321.0,True,Ferrari,5716.496,2026-03-15T07:42:52.277000000,False,None,False,True,5760.489,15.3,56.2,1024.3,False,21.6,89,1.5,Chinese Grand Prix
97.277,24,HARD,2,25.656,29.4,42.221,7000000.0,1000.0,0.0,14,2.0,1,False,5910.586,LEC,16,None,None,5839.047,5868.447,5910.668,269.0,254.0,266.0,331.0,True,Ferrari,5813.309,2026-03-15T07:44:29.090000000,False,None,False,True,5880.499,15.4,56.2,1024.3,False,21.8,94,2.8,Chinese Grand Prix
97.681,25,HARD,2,26.054,29.422,42.205,7000000.0,1000.0,10000000000.0,15,2.0,1,False,6008.267,LEC,16,None,None,5936.722,5966.144,6008.349,262.0,249.0,269.0,299.0,True,Ferrari,5910.586,2026-03-15T07:46:06.367000000,False,None,False,True,5940.541,15.3,56.3,1024.3,False,21.7,93,2.2,Chinese Grand Prix
97.574,26,HARD,2,25.771,29.158,42.645,7000000.0,10000.0,10000000000.0,16,3.0,1,False,6105.841,LEC,16,None,None,6034.12,6063.278,6105.923,261.0,252.0,275.0,303.0,True,Ferrari,6008.267,2026-03-15T07:47:44.048000000,False,None,False,True,6060.553,15.3,56.5,1024.4,False,21.8,63,2.3,Chinese Grand Prix
97.872,27,HARD,2,25.711,30.036,42.125,7000000.0,10000.0,0.0,17,2.0,1,False,6203.713,LEC,16,None,None,6131.634,6161.67,6203.795,265.0,246.0,270.0,303.0,True,Ferrari,6105.841,2026-03-15T07:49:21.622000000,False,None,False,True,6180.548,15.4,56.0,1024.4,False,21.8,70,2.2,Chinese Grand Prix
97.076,28,HARD,2,25.691,29.208,42.177,7000000.0,100.0,110.0,18,2.0,12,False,6300.789,LEC,16,None,None,6229.486,6258.694,6300.871,262.0,252.0,274.0,302.0,True,Ferrari,6203.713,2026-03-15T07:50:59.494000000,False,None,False,True,6240.572,15.4,56.0,1024.4,False,21.7,67,2.0,Chinese Grand Prix
97.107,29,HARD,2,25.517,29.109,42.481,7000000.0,110.0,10000000010.0,19,3.0,1,False,6397.896,LEC,16,None,None,6326.388,6355.497,6397.978,261.0,252.0,275.0,300.0,True,Ferrari,6300.789,2026-03-15T07:52:36.570000000,False,None,False,True,6360.641,15.4,55.6,1024.4,False,21.6,77,3.0,Chinese Grand Prix
96.797,30,HARD,2,25.699,29.408,41.69,7000000.0,1000.0,100000000.0,20,3.0,1,False,6494.693,LEC,16,None,None,6423.677,6453.085,6494.775,270.0,257.0,274.0,317.0,True,Ferrari,6397.896,2026-03-15T07:54:13.677000000,False,None,False,True,6480.569,15.4,55.8,1024.4,False,21.2,77,2.6,Chinese Grand Prix
96.409,31,HARD,2,25.405,29.148,41.856,7013000.0,1000.0,0.0,21,3.0,1,True,6591.102,LEC,16,None,None,6520.18,6549.328,6591.184,270.0,260.0,258.0,319.0,True,Ferrari,6494.693,2026-03-15T07:55:50.474000000,False,None,False,True,6540.585,15.4,55.8,1024.4,False,21.2,77,2.6,Chinese Grand Prix
96.624,32,HARD,2,25.841,29.185,41.598,7000000.0,0.0,11.0,22,3.0,1,False,6687.726,LEC,16,None,None,6617.025,6646.21,6687.808,268.0,255.0,276.0,318.0,True,Ferrari,6591.102,2026-03-15T07:57:26.883000000,False,None,False,True,6660.608,15.2,56.6,1024.5,False,21.1,84,1.6,Chinese Grand Prix
96.55,33,HARD,2,25.393,29.223,41.934,7030000.0,0.0,10000000000.0,23,3.0,12,False,6784.276,LEC,16,None,None,6713.201,6742.424,6784.358,266.0,254.0,271.0,307.0,True,Ferrari,6687.726,2026-03-15T07:59:03.507000000,False,None,False,True,6720.626,15.3,56.8,1024.5,False,21.1,84,2.2,Chinese Grand Prix
96.729,34,HARD,2,25.656,29.08,41.993,7000000.0,10300.0,0.0,24,3.0,1,False,6881.005,LEC,16,None,None,6810.014,6839.094,6881.087,264.0,253.0,272.0,305.0,True,Ferrari,6784.276,2026-03-15T08:00:40.057000000,False,None,False,True,6840.653,15.3,56.2,1024.5,False,20.8,86,1.7,Chinese Grand Prix
98.511,35,HARD,2,25.494,29.203,43.814,7000000.0,0.0,0.0,25,4.0,1,False,6979.516,LEC,16,None,None,6906.581,6935.784,6979.598,268.0,253.0,275.0,303.0,True,Ferrari,6881.005,2026-03-15T08:02:16.786000000,False,None,False,True,6960.665,15.3,56.1,1024.5,False,21.0,108,1.6,Chinese Grand Prix
97.247,36,HARD,2,25.858,29.426,41.963,7000000.0,0.0,100000000.0,26,4.0,1,False,7076.763,LEC,16,None,None,7005.456,7034.882,7076.845,266.0,257.0,256.0,327.0,True,Ferrari,6979.516,2026-03-15T08:03:55.297000000,False,None,False,True,7020.691,15.3,55.9,1024.4,False,21.0,98,1.6,Chinese Grand Prix
96.767,37,HARD,2,25.901,29.213,41.653,7000000.0,0.0,1000000011.0,27,4.0,1,False,7173.53,LEC,16,None,None,7102.746,7131.959,7173.612,273.0,260.0,278.0,310.0,True,Ferrari,7076.763,2026-03-15T08:05:32.544000000,False,None,False,True,7140.713,15.3,55.4,1024.5,False,20.3,121,2.4,Chinese Grand Prix
96.759,38,HARD,2,25.516,29.349,41.894,7000000.0,11000.0,100000000.0,28,4.0,1,False,7270.289,LEC,16,None,None,7199.128,7228.477,7270.371,273.0,256.0,276.0,316.0,True,Ferrari,7173.53,2026-03-15T08:07:09.311000000,False,None,False,True,7200.701,15.3,55.4,1024.5,False,20.3,121,2.4,Chinese Grand Prix
96.993,39,HARD,2,25.561,29.25,42.182,7000000.0,11001.0,100000000.0,29,3.0,1,False,7367.282,LEC,16,None,None,7295.932,7325.182,7367.364,278.0,265.0,270.0,329.0,True,Ferrari,7270.289,2026-03-15T08:08:46.070000000,False,None,False,True,7320.732,15.1,56.6,1024.4,False,20.9,83,3.1,Chinese Grand Prix
98.256,40,HARD,2,26.043,29.941,42.272,7000000.0,10000.0,0.0,30,4.0,1,False,7465.538,LEC,16,None,None,7393.407,7423.348,7465.62,274.0,253.0,278.0,308.0,True,Ferrari,7367.282,2026-03-15T08:10:23.063000000,False,None,False,True,7440.702,15.2,56.3,1024.4,False,20.3,88,3.1,Chinese Grand Prix
96.84,41,HARD,2,25.517,29.252,42.071,7000000.0,3000.0,0.0,31,4.0,1,False,7562.378,LEC,16,None,None,7491.137,7520.389,7562.46,273.0,260.0,273.0,311.0,True,Ferrari,7465.538,2026-03-15T08:12:01.319000000,False,None,False,True,7500.718,15.2,55.9,1024.3,False,20.5,92,2.6,Chinese Grand Prix
96.795,42,HARD,2,25.544,29.158,42.093,7000000.0,0.0,10.0,32,4.0,1,False,7659.173,LEC,16,None,None,7588.004,7617.162,7659.255,273.0,257.0,277.0,304.0,True,Ferrari,7562.378,2026-03-15T08:13:38.159000000,False,None,False,True,7620.711,15.1,56.5,1024.3,False,20.5,88,2.7,Chinese Grand Prix
96.584,43,HARD,2,25.335,29.135,42.114,7000000.0,0.0,0.0,33,4.0,1,False,7755.757,LEC,16,None,None,7684.59,7713.725,7755.839,268.0,257.0,274.0,303.0,True,Ferrari,7659.173,2026-03-15T08:15:14.954000000,False,None,False,True,7740.749,15.1,56.3,1024.2,False,20.3,91,3.3,Chinese Grand Prix
96.649,44,HARD,2,25.554,29.115,41.98,7000000.0,0.0,0.0,34,4.0,1,False,7852.406,LEC,16,None,None,7781.393,7810.508,7852.488,267.0,255.0,275.0,305.0,True,Ferrari,7755.757,2026-03-15T08:16:51.538000000,False,None,False,True,7800.765,15.1,56.6,1024.3,False,20.4,61,2.7,Chinese Grand Prix
97.224,45,HARD,2,25.414,29.223,42.587,7010000.0,1.0,0.0,35,4.0,1,False,7949.63,LEC,16,None,None,7877.902,7907.125,7949.712,268.0,268.0,276.0,304.0,True,Ferrari,7852.406,2026-03-15T08:18:28.187000000,False,None,False,True,7920.767,15.1,56.9,1024.3,False,20.4,77,3.3,Chinese Grand Prix
96.271,46,HARD,2,25.203,29.112,41.956,7000000.0,10.0,100000110.0,36,4.0,1,True,8045.901,LEC,16,None,None,7974.915,8004.027,8045.983,271.0,255.0,275.0,304.0,True,Ferrari,7949.63,2026-03-15T08:20:05.411000000,False,None,False,True,7980.783,15.1,56.5,1024.4,False,20.5,81,3.9,Chinese Grand Prix
96.204,47,HARD,2,25.441,29.151,41.612,7000000.0,0.0,100000110.0,37,4.0,1,True,8142.105,LEC,16,None,None,8071.424,8100.575,8142.187,270.0,263.0,277.0,316.0,True,Ferrari,8045.901,2026-03-15T08:21:41.682000000,False,None,False,True,8100.772,15.1,56.9,1024.4,False,20.2,77,3.3,Chinese Grand Prix
96.228,48,HARD,2,25.151,29.049,42.028,7000000.0,0.0,1010.0,38,4.0,1,False,8238.333,LEC,16,None,None,8167.338,8196.387,8238.415,274.0,256.0,274.0,302.0,True,Ferrari,8142.105,2026-03-15T08:23:17.886000000,False,None,False,True,8220.803,15.0,57.4,1024.4,False,20.1,91,2.4,Chinese Grand Prix
96.331,49,HARD,2,25.332,28.967,42.032,7000000.0,300.0,10.0,39,4.0,1,False,8334.664,LEC,16,None,None,8263.747,8292.714,8334.746,271.0,257.0,276.0,302.0,True,Ferrari,8238.333,2026-03-15T08:24:54.114000000,False,None,False,True,8280.808,15.0,57.4,1024.4,False,20.2,93,2.0,Chinese Grand Prix
96.387,50,HARD,2,25.34,29.021,42.026,7000000.0,0.0,331.0,40,4.0,1,False,8431.051,LEC,16,None,None,8360.086,8389.107,8431.133,271.0,256.0,278.0,303.0,True,Ferrari,8334.664,2026-03-15T08:26:30.445000000,False,None,False,True,8400.828,15.0,57.3,1024.5,False,20.2,77,2.9,Chinese Grand Prix
96.744,51,HARD,2,25.22,28.931,42.593,7000000.0,0.0,0.0,41,4.0,1,False,8527.795,LEC,16,None,None,8456.353,8485.284,8527.877,271.0,257.0,274.0,303.0,True,Ferrari,8431.051,2026-03-15T08:28:06.832000000,False,None,False,True,8460.818,15.0,57.4,1024.6,False,20.1,84,3.1,Chinese Grand Prix
96.324,52,HARD,2,25.373,28.989,41.962,7000000.0,11.0,10000000001.0,42,4.0,1,False,8624.119,LEC,16,None,None,8553.25,8582.239,8624.201,269.0,262.0,278.0,303.0,True,Ferrari,8527.795,2026-03-15T08:29:43.576000000,False,None,False,True,8580.801,14.9,57.3,1024.6,False,20.0,95,4.1,Chinese Grand Prix
96.32,53,HARD,2,25.134,29.028,42.158,7000000.0,0.0,100000000.0,43,4.0,12,False,8720.439,LEC,16,None,None,8649.335,8678.363,8720.521,271.0,255.0,276.0,302.0,True,Ferrari,8624.119,2026-03-15T08:31:19.900000000,False,None,False,True,8700.85,15.0,57.4,1024.7,False,19.9,93,2.5,Chinese Grand Prix
96.213,54,HARD,2,25.197,28.969,42.047,7003000.0,0.0,1001.0,44,4.0,1,False,8816.652,LEC,16,None,None,8745.718,8774.687,8816.734,271.0,257.0,279.0,304.0,True,Ferrari,8720.439,2026-03-15T08:32:56.220000000,False,None,False,True,8760.855,15.0,57.4,1024.5,False,20.0,84,2.4,Chinese Grand Prix
96.134,55,HARD,2,25.047,29.019,42.068,7000000.0,10.0,1000.0,45,4.0,1,True,8912.786,LEC,16,None,None,8841.781,8870.8,8912.868,273.0,258.0,276.0,303.0,True,Ferrari,8816.652,2026-03-15T08:34:32.433000000,False,None,False,True,8880.869,15.0,57.5,1024.6,False,20.1,86,2.8,Chinese Grand Prix
96.011,56,HARD,2,25.129,28.862,42.02,7000000.0,0.0,0.0,46,4.0,1,True,9008.797,LEC,16,None,None,8937.997,8966.859,9008.879,273.0,260.0,277.0,303.0,True,Ferrari,8912.786,2026-03-15T08:36:08.567000000,False,None,False,True,9000.856,14.9,57.5,1024.5,False,19.7,112,2.3,Chinese Grand Prix
106.513,1,HARD,1,,31.383,44.478,7111111.0,111111.0,11111111111.0,1,8.0,12,False,3490.825,LIN,41,None,None,None,3446.546,3491.005,289.0,268.0,271.0,336.0,True,Racing Bulls,3384.05,2026-03-15T07:03:59.831000000,False,None,False,False,3420.295,15.6,55.2,1024.4,False,23.3,72,2.8,Chinese Grand Prix
101.049,2,HARD,1,26.553,31.14,43.356,1110100.0,100110.0,1110111111.0,2,9.0,1,True,3591.874,LIN,41,None,None,3517.448,3548.588,3591.944,275.0,264.0,273.0,323.0,True,Racing Bulls,3490.825,2026-03-15T07:05:46.606000000,False,None,False,True,3540.312,15.6,55.3,1024.5,False,22.5,102,4.5,Chinese Grand Prix
99.308,3,HARD,1,26.135,30.408,42.765,11100.0,101110.0,10000111111.0,3,9.0,1,True,3691.182,LIN,41,None,None,3618.079,3648.487,3691.252,274.0,259.0,275.0,317.0,True,Racing Bulls,3591.874,2026-03-15T07:07:27.655000000,False,None,False,True,3600.332,15.5,55.8,1024.4,False,23.0,107,1.8,Chinese Grand Prix
99.298,4,HARD,1,25.808,30.252,43.238,7111100.0,101010.0,11110.0,4,9.0,1,True,3790.48,LIN,41,None,None,3717.06,3747.312,3790.55,272.0,258.0,274.0,320.0,True,Racing Bulls,3691.182,2026-03-15T07:09:06.963000000,False,None,False,True,3720.342,15.5,55.4,1024.5,False,23.0,105,2.5,Chinese Grand Prix
99.395,5,HARD,1,26.065,30.405,42.925,7000000.0,11000.0,10000011110.0,5,9.0,1,False,3889.875,LIN,41,None,None,3816.615,3847.02,3889.945,272.0,256.0,273.0,316.0,True,Racing Bulls,3790.48,2026-03-15T07:10:46.261000000,False,None,False,True,3840.33,15.5,55.3,1024.5,False,23.1,92,3.7,Chinese Grand Prix
99.363,6,HARD,1,26.056,30.378,42.929,7000000.0,0.0,100000.0,6,9.0,1,False,3989.238,LIN,41,None,None,3916.001,3946.379,3989.308,271.0,260.0,274.0,320.0,True,Racing Bulls,3889.875,2026-03-15T07:12:25.656000000,False,None,False,True,3900.33,15.6,55.6,1024.5,False,22.9,107,2.2,Chinese Grand Prix
99.198,7,HARD,1,25.898,30.408,42.892,1100000.0,0.0,100000000.0,7,9.0,1,True,4088.436,LIN,41,None,None,4015.206,4045.614,4088.506,270.0,257.0,274.0,320.0,True,Racing Bulls,3989.238,2026-03-15T07:14:05.019000000,False,None,False,True,4020.34,15.6,55.8,1024.5,False,22.4,111,2.4,Chinese Grand Prix
99.45,8,HARD,1,26.064,30.44,42.946,0.0,1.0,11000000.0,8,9.0,1,False,4187.886,LIN,41,None,None,4114.57,4145.01,4187.956,276.0,265.0,271.0,336.0,True,Racing Bulls,4088.436,2026-03-15T07:15:44.217000000,False,None,False,True,4080.343,15.6,55.9,1024.3,False,22.8,88,2.1,Chinese Grand Prix
99.859,9,HARD,1,26.316,30.745,42.798,7000000.0,0.0,0.0,9,8.0,1,False,4287.745,LIN,41,None,None,4214.272,4245.017,4287.815,274.0,262.0,270.0,328.0,True,Racing Bulls,4187.886,2026-03-15T07:17:23.667000000,False,None,False,True,4200.397,15.6,56.0,1024.5,False,22.6,110,2.6,Chinese Grand Prix
113.138,10,HARD,1,26.148,30.22,56.77,7000100.0,100100.0,10000000000.0,10,8.0,124,False,4400.883,LIN,41,None,None,4313.963,4344.183,4400.953,268.0,256.0,218.0,260.0,True,Racing Bulls,4287.745,2026-03-15T07:19:03.526000000,False,None,False,False,4320.396,15.5,56.2,1024.6,False,22.4,92,1.5,Chinese Grand Prix
143.056,11,HARD,1,37.892,41.196,63.968,7000000.0,0.0,0.0,11,6.0,4,False,4543.939,LIN,41,None,None,4438.845,4480.041,4544.009,225.0,173.0,177.0,222.0,True,Racing Bulls,4400.883,2026-03-15T07:20:56.664000000,False,None,False,False,4440.382,15.5,55.5,1024.6,False,22.8,77,0.8,Chinese Grand Prix
149.824,12,HARD,1,42.835,43.447,63.542,7000000.0,0.0,0.0,12,6.0,4,False,4693.763,LIN,41,None,None,4586.844,4630.291,4693.833,153.0,178.0,173.0,182.0,True,Racing Bulls,4543.939,2026-03-15T07:23:19.720000000,False,None,False,False,4560.395,15.5,55.3,1024.7,False,22.7,0,0.0,Chinese Grand Prix
147.571,13,HARD,1,36.919,44.554,66.098,7000000.0,0.0,0.0,13,6.0,41,False,4841.334,LIN,41,None,None,4730.752,4775.306,4841.404,193.0,173.0,269.0,169.0,True,Racing Bulls,4693.763,2026-03-15T07:25:49.544000000,False,None,False,False,4740.397,15.5,55.1,1024.6,False,22.0,131,1.7,Chinese Grand Prix
100.873,14,HARD,1,26.298,30.968,43.607,1100010.0,10000.0,0.0,14,7.0,1,False,4942.207,LIN,41,None,None,4867.702,4898.67,4942.277,286.0,262.0,270.0,339.0,True,Racing Bulls,4841.334,2026-03-15T07:28:17.115000000,False,None,False,True,4860.43,15.4,56.3,1024.7,False,22.4,112,1.1,Chinese Grand Prix
99.084,15,HARD,1,26.252,30.235,42.597,0.0,11.0,111.0,15,7.0,1,True,5041.291,LIN,41,None,None,4968.529,4998.764,5041.361,275.0,262.0,276.0,334.0,True,Racing Bulls,4942.207,2026-03-15T07:29:57.988000000,False,None,False,True,4980.417,15.4,56.2,1024.7,False,21.6,116,2.8,Chinese Grand Prix
99.328,16,HARD,1,25.876,30.217,43.235,7001000.0,1010.0,0.0,16,8.0,1,False,5140.619,LIN,41,None,None,5067.237,5097.454,5140.689,272.0,261.0,275.0,319.0,True,Racing Bulls,5041.291,2026-03-15T07:31:37.072000000,False,None,False,True,5100.455,15.2,56.6,1024.7,False,21.9,114,3.2,Chinese Grand Prix
99.287,17,HARD,1,26.008,30.24,43.039,7000000.0,11.0,10001.0,17,9.0,12,False,5239.906,LIN,41,None,None,5166.697,5196.937,5239.976,277.0,261.0,275.0,322.0,True,Racing Bulls,5140.619,2026-03-15T07:33:16.400000000,False,None,False,True,5160.435,15.2,56.7,1024.7,False,21.9,126,1.0,Chinese Grand Prix
99.47,18,HARD,1,26.547,30.293,42.63,7000000.0,1.0,10000.0,18,10.0,21,False,5339.376,LIN,41,None,None,5266.523,5296.816,5339.446,276.0,263.0,274.0,322.0,True,Racing Bulls,5239.906,2026-03-15T07:34:55.687000000,False,None,False,True,5280.444,15.3,56.2,1024.6,False,21.6,101,1.6,Chinese Grand Prix
99.363,19,HARD,1,26.075,30.303,42.985,7000000.0,0.0,10100000000.0,19,11.0,1,False,5438.739,LIN,41,None,None,5365.521,5395.824,5438.809,271.0,258.0,275.0,319.0,True,Racing Bulls,5339.376,2026-03-15T07:36:35.157000000,False,None,False,True,5340.458,15.3,56.4,1024.6,False,21.6,98,2.0,Chinese Grand Prix
99.466,20,HARD,1,26.213,30.418,42.835,7000000.0,1.0,10001.0,20,11.0,1,False,5538.205,LIN,41,None,None,5465.022,5495.44,5538.275,276.0,266.0,276.0,320.0,True,Racing Bulls,5438.739,2026-03-15T07:38:14.520000000,False,None,False,True,5460.458,15.3,56.8,1024.5,False,21.5,108,1.7,Chinese Grand Prix
99.78,21,HARD,1,25.823,30.148,43.809,7001000.0,1000.0,0.0,21,12.0,1,False,5637.985,LIN,41,None,None,5564.098,5594.246,5638.055,276.0,263.0,274.0,315.0,True,Racing Bulls,5538.205,2026-03-15T07:39:53.986000000,True,TRACK LIMITS AT TURN 14 LAP 21 ,False,True,5580.486,15.3,56.9,1024.5,False,21.8,92,2.8,Chinese Grand Prix
99.306,22,HARD,1,26.144,30.331,42.831,7000000.0,0.0,10000.0,22,12.0,1,False,5737.291,LIN,41,None,None,5664.199,5694.53,5737.361,278.0,266.0,275.0,323.0,True,Racing Bulls,5637.985,2026-03-15T07:41:33.766000000,False,None,False,True,5640.491,15.3,57.0,1024.3,False,21.7,110,2.4,Chinese Grand Prix
98.456,23,HARD,1,25.919,30.047,42.49,7000000.0,100010.0,10001.0,23,12.0,1,True,5835.747,LIN,41,None,None,5763.28,5793.327,5835.817,279.0,266.0,276.0,333.0,True,Racing Bulls,5737.291,2026-03-15T07:43:13.072000000,False,None,False,True,5760.489,15.3,56.2,1024.3,False,21.6,89,1.5,Chinese Grand Prix
98.975,24,HARD,1,25.96,30.206,42.809,7000000.0,0.0,1.0,24,12.0,1,False,5934.722,LIN,41,None,None,5861.777,5891.983,5934.792,275.0,264.0,276.0,319.0,True,Racing Bulls,5835.747,2026-03-15T07:44:51.528000000,False,None,False,True,5880.499,15.4,56.2,1024.3,False,21.8,94,2.8,Chinese Grand Prix
99.529,25,HARD,1,26.052,30.166,43.311,7000000.0,0.0,0.0,25,13.0,1,False,6034.251,LIN,41,None,None,5960.844,5991.01,6034.321,273.0,262.0,275.0,322.0,True,Racing Bulls,5934.722,2026-03-15T07:46:30.503000000,False,None,False,True,5940.541,15.3,56.3,1024.3,False,21.7,93,2.2,Chinese Grand Prix
99.139,26,HARD,1,26.176,30.255,42.708,7000000.0,0.0,10001.0,26,13.0,1,False,6133.39,LIN,41,None,None,6060.497,6090.752,6133.46,276.0,267.0,277.0,318.0,True,Racing Bulls,6034.251,2026-03-15T07:48:10.032000000,False,None,False,True,6060.553,15.3,56.5,1024.4,False,21.8,63,2.3,Chinese Grand Prix
110.154,27,HARD,1,25.868,30.209,54.077,7010000.0,0.0,0.0,27,14.0,12,False,6243.544,LIN,41,None,None,6159.328,6189.537,6243.614,276.0,267.0,256.0,313.0,True,Racing Bulls,6133.39,2026-03-15T07:49:49.171000000,True,TRACK LIMITS AT TURN 14 LAP 27 ,False,True,6180.548,15.4,56.0,1024.4,False,21.8,70,2.2,Chinese Grand Prix
99.843,28,HARD,1,26.661,30.116,43.066,7000000.0,10.0,10.0,28,14.0,1,False,6343.387,LIN,41,None,None,6270.275,6300.391,6343.457,269.0,261.0,275.0,308.0,True,Racing Bulls,6243.544,2026-03-15T07:51:39.325000000,False,None,False,True,6240.572,15.4,56.0,1024.4,False,21.7,67,2.0,Chinese Grand Prix
98.66,29,HARD,1,25.851,30.018,42.791,7010010.0,1000.0,100000110.0,29,14.0,1,False,6442.047,LIN,41,None,None,6369.308,6399.326,6442.117,270.0,261.0,275.0,309.0,True,Racing Bulls,6343.387,2026-03-15T07:53:19.168000000,False,None,False,True,6360.641,15.4,55.6,1024.4,False,21.6,77,3.0,Chinese Grand Prix
98.503,30,HARD,1,25.844,29.915,42.744,7000000.0,101100.0,1110.0,30,13.0,1,False,6540.55,LIN,41,None,None,6467.961,6497.876,6540.62,270.0,260.0,275.0,308.0,True,Racing Bulls,6442.047,2026-03-15T07:54:57.828000000,False,None,False,True,6480.569,15.4,55.8,1024.4,False,21.2,77,2.6,Chinese Grand Prix
98.543,31,HARD,1,25.856,29.932,42.755,7000010.0,0.0,0.0,31,13.0,1,False,6639.093,LIN,41,None,None,6566.476,6596.408,6639.163,272.0,261.0,276.0,309.0,True,Racing Bulls,6540.55,2026-03-15T07:56:36.331000000,False,None,False,True,6540.585,15.4,55.8,1024.4,False,21.2,77,2.6,Chinese Grand Prix
98.387,32,HARD,1,25.793,29.936,42.658,7001010.0,100.0,10000001011.0,32,13.0,1,True,6737.48,LIN,41,None,None,6664.956,6694.892,6737.55,272.0,260.0,276.0,310.0,True,Racing Bulls,6639.093,2026-03-15T07:58:14.874000000,False,None,False,True,6660.608,15.2,56.6,1024.5,False,21.1,84,1.6,Chinese Grand Prix
98.223,33,HARD,1,25.742,29.869,42.612,7000010.0,11.0,10000010000.0,33,12.0,12,True,6835.703,LIN,41,None,None,6763.292,6793.161,6835.773,271.0,262.0,276.0,309.0,True,Racing Bulls,6737.48,2026-03-15T07:59:53.261000000,False,None,False,True,6720.626,15.3,56.8,1024.5,False,21.1,84,2.2,Chinese Grand Prix
98.471,34,HARD,1,25.882,29.88,42.709,7010000.0,1100.0,100000001.0,34,12.0,1,False,6934.174,LIN,41,None,None,6861.655,6891.535,6934.244,273.0,261.0,277.0,308.0,True,Racing Bulls,6835.703,2026-03-15T08:01:31.484000000,False,None,False,True,6840.653,15.3,56.2,1024.5,False,20.8,86,1.7,Chinese Grand Prix
98.321,35,HARD,1,25.815,29.825,42.681,7000000.0,100000.0,100.0,35,12.0,1,False,7032.495,LIN,41,None,None,6960.059,6989.884,7032.565,274.0,262.0,276.0,309.0,True,Racing Bulls,6934.174,2026-03-15T08:03:09.955000000,False,None,False,True,6960.665,15.3,56.1,1024.5,False,21.0,108,1.6,Chinese Grand Prix
98.052,36,HARD,1,25.75,29.838,42.464,7000010.0,11.0,10100011101.0,36,11.0,1,True,7130.547,LIN,41,None,None,7058.315,7088.153,7130.617,274.0,262.0,277.0,310.0,True,Racing Bulls,7032.495,2026-03-15T08:04:48.276000000,False,None,False,True,7020.691,15.3,55.9,1024.4,False,21.0,98,1.6,Chinese Grand Prix
98.067,37,HARD,1,25.72,29.682,42.665,7010000.0,1010.0,100000111.0,37,11.0,1,False,7228.614,LIN,41,None,None,7156.337,7186.019,7228.684,272.0,265.0,278.0,308.0,True,Racing Bulls,7130.547,2026-03-15T08:06:26.328000000,False,None,False,True,7140.713,15.3,55.4,1024.5,False,20.3,121,2.4,Chinese Grand Prix
97.97,38,HARD,1,25.71,29.706,42.554,7010000.0,1000.0,10000000011.0,38,11.0,1,True,7326.584,LIN,41,None,None,7254.394,7284.1,7326.654,272.0,263.0,278.0,308.0,True,Racing Bulls,7228.614,2026-03-15T08:08:04.395000000,False,None,False,True,7200.701,15.3,55.4,1024.5,False,20.3,121,2.4,Chinese Grand Prix
98.031,39,HARD,1,25.708,29.736,42.587,7010000.0,100000.0,0.0,39,11.0,1,False,7424.615,LIN,41,None,None,7352.362,7382.098,7424.685,272.0,262.0,276.0,310.0,True,Racing Bulls,7326.584,2026-03-15T08:09:42.365000000,False,None,False,True,7320.732,15.1,56.6,1024.4,False,20.9,83,3.1,Chinese Grand Prix
98.037,40,HARD,1,25.666,29.573,42.798,7000000.0,101100.0,11.0,40,11.0,1,False,7522.652,LIN,41,None,None,7450.351,7479.924,7522.722,272.0,263.0,277.0,308.0,True,Racing Bulls,7424.615,2026-03-15T08:11:20.396000000,False,None,False,True,7440.702,15.2,56.3,1024.4,False,20.3,88,3.1,Chinese Grand Prix
100.061,41,HARD,1,25.665,29.663,44.733,7000000.0,100000.0,0.0,41,12.0,1,False,7622.713,LIN,41,None,None,7548.387,7578.05,7622.783,274.0,262.0,276.0,311.0,True,Racing Bulls,7522.652,2026-03-15T08:12:58.433000000,False,None,False,True,7500.718,15.2,55.9,1024.3,False,20.5,92,2.6,Chinese Grand Prix
103.637,42,HARD,1,25.822,29.857,47.958,7000000.0,0.0,100011555.0,42,12.0,1,False,7726.35,LIN,41,None,7724.608,7648.605,7678.462,7726.42,278.0,266.0,None,312.0,True,Racing Bulls,7622.713,2026-03-15T08:14:38.494000000,False,None,False,False,7620.711,15.1,56.5,1024.3,False,20.5,88,2.7,Chinese Grand Prix
117.028,43,MEDIUM,2,45.629,29.611,41.788,5500000.0,11.0,1300100133.0,1,14.0,1,False,7843.378,LIN,41,7747.882,None,7772.049,7801.66,7843.448,277.0,271.0,280.0,331.0,True,Racing Bulls,7726.35,2026-03-15T08:16:22.131000000,False,None,False,False,7740.749,15.1,56.3,1024.2,False,20.3,91,3.3,Chinese Grand Prix
96.338,44,MEDIUM,2,25.297,29.065,41.976,10110.0,100113.0,11000100130.0,2,14.0,1,True,7939.716,LIN,41,None,None,7868.745,7897.81,7939.786,272.0,263.0,278.0,306.0,True,Racing Bulls,7843.378,2026-03-15T08:18:19.159000000,False,None,False,True,7800.765,15.1,56.6,1024.3,False,20.4,61,2.7,Chinese Grand Prix
96.104,45,MEDIUM,2,25.082,29.099,41.923,7031110.0,100000.0,10000000130.0,3,14.0,1,True,8035.82,LIN,41,None,None,7964.868,7993.967,8035.89,273.0,264.0,279.0,307.0,True,Racing Bulls,7939.716,2026-03-15T08:19:55.497000000,False,None,False,True,7920.767,15.1,56.9,1024.3,False,20.4,77,3.3,Chinese Grand Prix
96.099,46,MEDIUM,2,25.11,29.057,41.932,7001000.0,100000.0,100000.0,4,12.0,1,True,8131.919,LIN,41,None,None,8061.0,8090.057,8131.989,273.0,264.0,278.0,311.0,True,Racing Bulls,8035.82,2026-03-15T08:21:31.601000000,False,None,False,True,7980.783,15.1,56.5,1024.4,False,20.5,81,3.9,Chinese Grand Prix
96.147,47,MEDIUM,2,25.21,29.12,41.817,7000000.0,1.0,100100.0,5,12.0,1,False,8228.066,LIN,41,None,None,8157.199,8186.319,8228.136,275.0,265.0,278.0,308.0,True,Racing Bulls,8131.919,2026-03-15T08:23:07.700000000,False,None,False,True,8100.772,15.1,56.9,1024.4,False,20.2,77,3.3,Chinese Grand Prix
96.224,48,MEDIUM,2,25.113,29.245,41.866,7000000.0,100.0,133.0,6,12.0,1,False,8324.29,LIN,41,None,None,8253.249,8282.494,8324.36,274.0,264.0,280.0,306.0,True,Racing Bulls,8228.066,2026-03-15T08:24:43.847000000,False,None,False,True,8220.803,15.0,57.4,1024.4,False,20.1,91,2.4,Chinese Grand Prix
96.203,49,MEDIUM,2,25.181,29.149,41.873,7000000.0,0.0,30.0,7,12.0,1,False,8420.493,LIN,41,None,None,8349.541,8378.69,8420.563,273.0,264.0,279.0,310.0,True,Racing Bulls,8324.29,2026-03-15T08:26:20.071000000,False,None,False,True,8280.808,15.0,57.4,1024.4,False,20.2,93,2.0,Chinese Grand Prix
96.382,50,MEDIUM,2,25.16,29.197,42.025,7000000.0,0.0,0.0,8,12.0,1,False,8516.875,LIN,41,None,None,8445.723,8474.92,8516.945,276.0,264.0,280.0,309.0,True,Racing Bulls,8420.493,2026-03-15T08:27:56.274000000,False,None,False,True,8400.828,15.0,57.3,1024.5,False,20.2,77,2.9,Chinese Grand Prix
96.782,51,MEDIUM,2,25.207,29.435,42.14,7000000.0,0.0,0.0,9,12.0,1,False,8613.657,LIN,41,None,None,8542.152,8571.587,8613.727,276.0,263.0,279.0,311.0,True,Racing Bulls,8516.875,2026-03-15T08:29:32.656000000,False,None,False,True,8460.818,15.0,57.4,1024.6,False,20.1,84,3.1,Chinese Grand Prix
96.945,52,MEDIUM,2,25.403,29.424,42.118,7000000.0,0.0,3.0,10,12.0,12,False,8710.602,LIN,41,None,None,8639.13,8668.554,8710.672,276.0,266.0,280.0,311.0,True,Racing Bulls,8613.657,2026-03-15T08:31:09.438000000,False,None,False,True,8580.801,14.9,57.3,1024.6,False,20.0,95,4.1,Chinese Grand Prix
97.164,53,MEDIUM,2,25.472,29.536,42.156,7000000.0,0.0,3.0,11,12.0,1,False,8807.766,LIN,41,None,None,8736.144,8765.68,8807.836,275.0,266.0,281.0,315.0,True,Racing Bulls,8710.602,2026-03-15T08:32:46.383000000,False,None,False,True,8700.85,15.0,57.4,1024.7,False,19.9,93,2.5,Chinese Grand Prix
97.477,54,MEDIUM,2,25.465,29.701,42.311,7000000.0,0.0,0.0,12,12.0,1,False,8905.243,LIN,41,None,None,8833.301,8863.002,8905.313,277.0,265.0,279.0,314.0,True,Racing Bulls,8807.766,2026-03-15T08:34:23.547000000,False,None,False,True,8760.855,15.0,57.4,1024.5,False,20.0,84,2.4,Chinese Grand Prix
97.504,55,MEDIUM,2,25.575,29.659,42.27,7000000.0,11000.0,0.0,13,12.0,1,False,9002.747,LIN,41,None,None,8930.888,8960.547,9002.817,280.0,266.0,281.0,318.0,True,Racing Bulls,8905.243,2026-03-15T08:36:01.024000000,False,None,False,True,8880.869,15.0,57.5,1024.6,False,20.1,86,2.8,Chinese Grand Prix
106.693,1,HARD,1,,32.187,43.509,7111111.0,111111.0,11111111111.0,1,9.0,12,False,3491.005,OCO,31,None,None,None,3447.641,3491.189,269.0,266.0,273.0,333.0,True,Haas F1 Team,3384.05,2026-03-15T07:03:59.831000000,False,None,False,False,3420.295,15.6,55.2,1024.4,False,23.3,72,2.8,Chinese Grand Prix
99.736,2,HARD,1,26.498,30.518,42.72,1110111.0,111111.0,11100011110.0,2,8.0,1,True,3590.741,OCO,31,None,None,3517.574,3548.092,3590.812,283.0,259.0,268.0,317.0,True,Haas F1 Team,3491.005,2026-03-15T07:05:46.786000000,False,None,False,True,3540.312,15.6,55.3,1024.5,False,22.5,102,4.5,Chinese Grand Prix
99.082,3,HARD,1,26.297,30.078,42.707,11100.0,110111.0,10000101110.0,3,8.0,1,True,3689.823,OCO,31,None,None,3617.109,3647.187,3689.894,266.0,259.0,268.0,321.0,True,Haas F1 Team,3590.741,2026-03-15T07:07:26.522000000,False,None,False,True,3600.332,15.5,55.8,1024.4,False,23.0,107,1.8,Chinese Grand Prix
99.102,4,HARD,1,26.051,30.22,42.831,7011010.0,110011.0,0.0,4,8.0,1,False,3788.925,OCO,31,None,None,3715.945,3746.165,3788.996,270.0,261.0,268.0,325.0,True,Haas F1 Team,3689.823,2026-03-15T07:09:05.604000000,False,None,False,True,3720.342,15.5,55.4,1024.5,False,23.0,105,2.5,Chinese Grand Prix
98.846,5,HARD,1,26.059,30.26,42.527,7000010.0,10.0,101010111.0,5,7.0,1,True,3887.771,OCO,31,None,None,3815.055,3845.315,3887.842,269.0,258.0,265.0,324.0,True,Haas F1 Team,3788.925,2026-03-15T07:10:44.706000000,False,None,False,True,3840.33,15.5,55.3,1024.5,False,23.1,92,3.7,Chinese Grand Prix
98.758,6,HARD,1,26.082,29.95,42.726,7011100.0,101001.0,10000101110.0,6,7.0,1,True,3986.529,OCO,31,None,None,3913.924,3943.874,3986.6,263.0,257.0,267.0,305.0,True,Haas F1 Team,3887.771,2026-03-15T07:12:23.552000000,False,None,False,True,3900.33,15.6,55.6,1024.5,False,22.9,107,2.2,Chinese Grand Prix
99.086,7,HARD,1,26.271,29.883,42.932,7010000.0,101000.0,100000.0,7,7.0,1,False,4085.615,OCO,31,None,None,4012.871,4042.754,4085.686,262.0,255.0,267.0,305.0,True,Haas F1 Team,3986.529,2026-03-15T07:14:02.310000000,False,None,False,True,4020.34,15.6,55.8,1024.5,False,22.4,111,2.4,Chinese Grand Prix
99.015,8,HARD,1,26.219,30.012,42.784,7000000.0,100100.0,0.0,8,7.0,1,False,4184.63,OCO,31,None,None,4111.905,4141.917,4184.701,262.0,251.0,265.0,307.0,True,Haas F1 Team,4085.615,2026-03-15T07:15:41.396000000,False,None,False,True,4080.343,15.6,55.9,1024.3,False,22.8,88,2.1,Chinese Grand Prix
99.018,9,HARD,1,26.316,30.007,42.695,7000000.0,100000.0,10000000000.0,9,7.0,1,False,4283.648,OCO,31,None,None,4211.017,4241.024,4283.719,261.0,253.0,270.0,307.0,True,Haas F1 Team,4184.63,2026-03-15T07:17:20.411000000,False,None,False,True,4200.397,15.6,56.0,1024.5,False,22.6,110,2.6,Chinese Grand Prix
112.375,10,HARD,1,26.103,30.048,56.224,7000000.0,100.0,0.0,10,7.0,124,False,4396.023,OCO,31,None,None,4309.822,4339.87,4396.094,261.0,251.0,263.0,263.0,True,Haas F1 Team,4283.648,2026-03-15T07:18:59.429000000,False,None,False,False,4320.396,15.5,56.2,1024.6,False,22.4,92,1.5,Chinese Grand Prix
144.244,11,HARD,1,36.643,43.729,63.872,7000000.0,0.0,0.0,11,3.0,4,False,4540.267,OCO,31,None,None,4432.737,4476.466,4540.338,125.0,139.0,186.0,167.0,True,Haas F1 Team,4396.023,2026-03-15T07:20:51.804000000,False,None,False,False,4440.382,15.5,55.5,1024.6,False,22.8,77,0.8,Chinese Grand Prix
149.854,12,HARD,1,43.603,43.126,63.125,7000000.0,0.0,0.0,12,3.0,4,False,4690.121,OCO,31,None,None,4583.941,4627.067,4690.192,162.0,176.0,198.0,161.0,True,Haas F1 Team,4540.267,2026-03-15T07:23:16.048000000,False,None,False,False,4560.395,15.5,55.3,1024.7,False,22.7,0,0.0,Chinese Grand Prix
149.97,13,HARD,1,37.424,44.506,68.04,7000000.0,0.0,0.0,13,3.0,41,False,4840.091,OCO,31,None,None,4727.616,4772.122,4840.162,190.0,98.0,270.0,172.0,True,Haas F1 Team,4690.121,2026-03-15T07:25:45.902000000,False,None,False,False,4740.397,15.5,55.1,1024.6,False,22.0,131,1.7,Chinese Grand Prix
100.325,14,HARD,1,26.252,30.75,43.323,1000000.0,10000.0,0.0,14,4.0,1,False,4940.416,OCO,31,None,None,4866.414,4897.164,4940.487,279.0,258.0,270.0,326.0,True,Haas F1 Team,4840.091,2026-03-15T07:28:15.872000000,False,None,False,True,4860.43,15.4,56.3,1024.7,False,22.4,112,1.1,Chinese Grand Prix
99.043,15,HARD,1,25.887,30.079,43.077,10.0,1.0,0.0,15,5.0,1,False,5039.459,OCO,31,None,None,4966.374,4996.453,5039.53,269.0,260.0,267.0,316.0,True,Haas F1 Team,4940.416,2026-03-15T07:29:56.197000000,False,None,False,True,4980.417,15.4,56.2,1024.7,False,21.6,116,2.8,Chinese Grand Prix
99.417,16,HARD,1,26.089,30.601,42.727,7000000.0,1.0,1.0,16,6.0,1,False,5138.876,OCO,31,None,None,5065.619,5096.22,5138.947,264.0,262.0,272.0,322.0,True,Haas F1 Team,5039.459,2026-03-15T07:31:35.240000000,False,None,False,True,5100.455,15.2,56.6,1024.7,False,21.9,114,3.2,Chinese Grand Prix
98.357,17,HARD,1,25.939,29.989,42.429,7001000.0,1000.0,100000000.0,17,6.0,1,True,5237.233,OCO,31,None,None,5164.886,5194.875,5237.304,270.0,256.0,270.0,322.0,True,Haas F1 Team,5138.876,2026-03-15T07:33:14.657000000,False,None,False,True,5160.435,15.2,56.7,1024.7,False,21.9,126,1.0,Chinese Grand Prix
98.671,18,HARD,1,25.991,29.847,42.833,7000010.0,0.0,1000000000.0,18,6.0,12,False,5335.904,OCO,31,None,None,5263.295,5293.142,5335.975,267.0,262.0,267.0,319.0,True,Haas F1 Team,5237.233,2026-03-15T07:34:53.014000000,False,None,False,True,5280.444,15.3,56.2,1024.6,False,21.6,101,1.6,Chinese Grand Prix
99.911,19,HARD,1,26.071,30.6,43.24,7000030.0,10000.0,0.0,19,7.0,1,False,5435.815,OCO,31,None,None,5362.046,5392.646,5435.886,276.0,254.0,264.0,317.0,True,Haas F1 Team,5335.904,2026-03-15T07:36:31.685000000,False,None,False,True,5340.458,15.3,56.4,1024.6,False,21.6,98,2.0,Chinese Grand Prix
98.991,20,HARD,1,26.589,29.733,42.669,7000000.0,1011.0,0.0,20,7.0,1,False,5534.806,OCO,31,None,None,5462.475,5492.208,5534.877,265.0,262.0,270.0,316.0,True,Haas F1 Team,5435.815,2026-03-15T07:38:11.596000000,False,None,False,True,5460.458,15.3,56.8,1024.5,False,21.5,108,1.7,Chinese Grand Prix
99.822,21,HARD,1,26.304,30.509,43.009,7000000.0,0.0,10000000.0,21,8.0,1,False,5634.628,OCO,31,None,None,5561.181,5591.69,5634.699,271.0,263.0,259.0,323.0,True,Haas F1 Team,5534.806,2026-03-15T07:39:50.587000000,False,None,False,True,5580.486,15.3,56.9,1024.5,False,21.8,92,2.8,Chinese Grand Prix
98.7,22,HARD,1,26.286,29.867,42.547,7000000.0,1000.0,1.0,22,8.0,1,False,5733.328,OCO,31,None,None,5660.985,5690.852,5733.399,265.0,256.0,273.0,321.0,True,Haas F1 Team,5634.628,2026-03-15T07:41:30.409000000,False,None,False,True,5640.491,15.3,57.0,1024.3,False,21.7,110,2.4,Chinese Grand Prix
98.334,23,HARD,1,25.954,29.953,42.427,7000000.0,0.0,10.0,23,8.0,1,True,5831.662,OCO,31,None,None,5759.353,5789.306,5831.733,270.0,264.0,270.0,323.0,True,Haas F1 Team,5733.328,2026-03-15T07:43:09.109000000,False,None,False,True,5760.489,15.3,56.2,1024.3,False,21.6,89,1.5,Chinese Grand Prix
98.85,24,HARD,1,26.031,29.845,42.974,7001000.0,1.0,0.0,24,8.0,1,False,5930.512,OCO,31,None,None,5857.764,5887.609,5930.583,269.0,263.0,251.0,328.0,True,Haas F1 Team,5831.662,2026-03-15T07:44:47.443000000,False,None,False,True,5880.499,15.4,56.2,1024.3,False,21.8,94,2.8,Chinese Grand Prix
98.331,25,HARD,1,26.234,29.77,42.327,7000000.0,0.0,100001010.0,25,8.0,1,True,6028.843,OCO,31,None,None,5956.817,5986.587,6028.914,263.0,259.0,271.0,314.0,True,Haas F1 Team,5930.512,2026-03-15T07:46:26.293000000,False,None,False,True,5940.541,15.3,56.3,1024.3,False,21.7,93,2.2,Chinese Grand Prix
97.825,26,HARD,1,25.759,29.811,42.255,7001000.0,1000.0,0.0,26,8.0,1,True,6126.668,OCO,31,None,None,6054.673,6084.484,6126.739,271.0,262.0,271.0,320.0,True,Haas F1 Team,6028.843,2026-03-15T07:48:04.624000000,False,None,False,True,6060.553,15.3,56.5,1024.4,False,21.8,63,2.3,Chinese Grand Prix
98.121,27,HARD,1,25.904,29.737,42.48,7000000.0,1000.0,1.0,27,8.0,12,False,6224.789,OCO,31,None,None,6152.643,6182.38,6224.86,270.0,263.0,272.0,323.0,True,Haas F1 Team,6126.668,2026-03-15T07:49:42.449000000,False,None,False,True,6180.548,15.4,56.0,1024.4,False,21.8,70,2.2,Chinese Grand Prix
98.669,28,HARD,1,25.951,29.811,42.907,7000000.0,1000.0,10001000.0,28,7.0,21,False,6323.458,OCO,31,None,None,6250.811,6280.622,6323.529,269.0,262.0,241.0,323.0,True,Haas F1 Team,6224.789,2026-03-15T07:51:20.570000000,False,None,False,True,6240.572,15.4,56.0,1024.4,False,21.7,67,2.0,Chinese Grand Prix
104.567,29,HARD,1,27.058,29.916,47.593,7000000.0,0.0,1555.0,29,12.0,1,False,6428.025,OCO,31,None,6426.33,6350.587,6380.503,6428.096,270.0,264.0,None,320.0,True,Haas F1 Team,6323.458,2026-03-15T07:52:59.239000000,False,None,False,False,6360.641,15.4,55.6,1024.4,False,21.6,77,3.0,Chinese Grand Prix
118.996,30,MEDIUM,2,47.689,29.562,41.745,5500101.0,1.0,13100100111.0,1,15.0,1,False,6547.021,OCO,31,6452.275,None,6475.785,6505.347,6547.092,276.0,268.0,276.0,313.0,True,Haas F1 Team,6428.025,2026-03-15T07:54:43.806000000,False,None,False,False,6480.569,15.4,55.8,1024.4,False,21.2,77,2.6,Chinese Grand Prix
96.926,31,MEDIUM,2,25.094,29.333,42.499,11030.0,11110.0,10.0,2,14.0,1,True,6643.947,OCO,31,None,None,6572.186,6601.519,6644.018,275.0,249.0,259.0,297.0,True,Haas F1 Team,6547.021,2026-03-15T07:56:42.802000000,False,None,False,True,6540.585,15.4,55.8,1024.4,False,21.2,77,2.6,Chinese Grand Prix
97.104,32,MEDIUM,2,25.872,29.248,41.984,7000100.0,100000.0,10000100000.0,3,14.0,1,False,6741.051,OCO,31,None,None,6669.89,6699.138,6741.122,263.0,257.0,274.0,303.0,True,Haas F1 Team,6643.947,2026-03-15T07:58:19.728000000,False,None,False,True,6660.608,15.2,56.6,1024.5,False,21.1,84,1.6,Chinese Grand Prix
108.417,33,MEDIUM,2,34.889,30.987,42.541,7000000.0,0.0,0.0,4,16.0,12,False,6849.468,OCO,31,None,None,6776.011,6806.998,6849.539,251.0,257.0,272.0,311.0,True,Haas F1 Team,6741.051,2026-03-15T07:59:56.832000000,False,None,False,True,6720.626,15.3,56.8,1024.5,False,21.1,84,2.2,Chinese Grand Prix
98.474,34,MEDIUM,2,25.942,30.017,42.515,7000000.0,0.0,0.0,5,15.0,1,False,6947.942,OCO,31,None,None,6875.481,6905.498,6948.013,266.0,263.0,272.0,325.0,True,Haas F1 Team,6849.468,2026-03-15T08:01:45.249000000,False,None,False,True,6840.653,15.3,56.2,1024.5,False,20.8,86,1.7,Chinese Grand Prix
98.037,35,MEDIUM,2,25.818,29.735,42.484,7000000.0,0.0,0.0,6,15.0,1,False,7045.979,OCO,31,None,None,6973.831,7003.566,7046.05,264.0,260.0,275.0,317.0,True,Haas F1 Team,6947.942,2026-03-15T08:03:23.723000000,False,None,False,True,6960.665,15.3,56.1,1024.5,False,21.0,108,1.6,Chinese Grand Prix
98.817,36,MEDIUM,2,25.999,29.994,42.824,7000000.0,0.0,0.0,7,13.0,1,False,7144.796,OCO,31,None,None,7072.049,7102.043,7144.867,282.0,258.0,265.0,300.0,True,Haas F1 Team,7045.979,2026-03-15T08:05:01.760000000,False,None,False,True,7020.691,15.3,55.9,1024.4,False,21.0,98,1.6,Chinese Grand Prix
97.83,37,MEDIUM,2,25.984,29.561,42.285,7000000.0,0.0,0.0,8,13.0,1,False,7242.626,OCO,31,None,None,7170.851,7200.412,7242.697,265.0,258.0,275.0,305.0,True,Haas F1 Team,7144.796,2026-03-15T08:06:40.577000000,False,None,False,True,7140.713,15.3,55.4,1024.5,False,20.3,121,2.4,Chinese Grand Prix
97.694,38,MEDIUM,2,25.625,29.522,42.547,7000000.0,0.0,0.0,9,13.0,1,False,7340.32,OCO,31,None,None,7268.322,7297.844,7340.391,265.0,255.0,271.0,299.0,True,Haas F1 Team,7242.626,2026-03-15T08:08:18.407000000,False,None,False,True,7200.701,15.3,55.4,1024.5,False,20.3,121,2.4,Chinese Grand Prix
98.017,39,MEDIUM,2,25.887,29.533,42.597,7000000.0,0.0,0.0,10,13.0,1,False,7438.337,OCO,31,None,None,7366.278,7395.811,7438.408,264.0,259.0,271.0,300.0,True,Haas F1 Team,7340.32,2026-03-15T08:09:56.101000000,False,None,False,True,7320.732,15.1,56.6,1024.4,False,20.9,83,3.1,Chinese Grand Prix
98.068,40,MEDIUM,2,25.942,29.628,42.498,7000000.0,0.0,0.0,11,13.0,1,False,7536.405,OCO,31,None,None,7464.35,7493.978,7536.476,266.0,260.0,274.0,302.0,True,Haas F1 Team,7438.337,2026-03-15T08:11:34.118000000,False,None,False,True,7440.702,15.2,56.3,1024.4,False,20.3,88,3.1,Chinese Grand Prix
97.901,41,MEDIUM,2,25.756,29.555,42.59,7010000.0,0.0,0.0,12,13.0,1,False,7634.306,OCO,31,None,None,7562.232,7591.787,7634.377,263.0,259.0,271.0,297.0,True,Haas F1 Team,7536.405,2026-03-15T08:13:12.186000000,False,None,False,True,7500.718,15.2,55.9,1024.3,False,20.5,92,2.6,Chinese Grand Prix
98.014,42,MEDIUM,2,25.948,29.502,42.564,7010000.0,0.0,0.0,13,13.0,1,False,7732.32,OCO,31,None,None,7660.325,7689.827,7732.391,266.0,260.0,274.0,301.0,True,Haas F1 Team,7634.306,2026-03-15T08:14:50.087000000,False,None,False,True,7620.711,15.1,56.5,1024.3,False,20.5,88,2.7,Chinese Grand Prix
99.758,43,MEDIUM,2,26.982,30.053,42.723,7000000.0,0.0,0.0,14,13.0,1,False,7832.078,OCO,31,None,None,7759.373,7789.426,7832.149,276.0,260.0,264.0,306.0,True,Haas F1 Team,7732.32,2026-03-15T08:16:28.101000000,False,None,False,True,7740.749,15.1,56.3,1024.2,False,20.3,91,3.3,Chinese Grand Prix
97.846,44,MEDIUM,2,25.92,29.585,42.341,7000000.0,0.0,1.0,15,13.0,1,False,7929.924,OCO,31,None,None,7858.069,7887.654,7929.995,273.0,262.0,277.0,306.0,True,Haas F1 Team,7832.078,2026-03-15T08:18:07.859000000,False,None,False,True,7800.765,15.1,56.6,1024.3,False,20.4,61,2.7,Chinese Grand Prix
99.146,45,MEDIUM,2,25.615,29.622,43.909,7000000.0,0.0,0.0,16,12.0,1,False,8029.07,OCO,31,None,None,7955.61,7985.232,8029.141,267.0,261.0,274.0,313.0,True,Haas F1 Team,7929.924,2026-03-15T08:19:45.705000000,False,None,False,True,7920.767,15.1,56.9,1024.3,False,20.4,77,3.3,Chinese Grand Prix
103.55,46,MEDIUM,2,25.845,29.62,48.085,7000000.0,0.0,1555.0,17,13.0,1,False,8132.62,OCO,31,None,8130.912,8054.986,8084.606,8132.691,268.0,262.0,None,302.0,True,Haas F1 Team,8029.07,2026-03-15T08:21:24.851000000,False,None,False,False,7980.783,15.1,56.5,1024.4,False,20.5,81,3.9,Chinese Grand Prix
140.887,47,SOFT,3,69.802,29.133,41.952,5500000.0,11.0,30100000000.0,1,15.0,1,False,8273.507,OCO,31,8178.022,None,8202.493,8231.626,8273.578,275.0,283.0,274.0,303.0,True,Haas F1 Team,8132.62,2026-03-15T08:23:08.401000000,False,None,False,False,8100.772,15.1,56.9,1024.4,False,20.2,77,3.3,Chinese Grand Prix
96.461,48,SOFT,3,25.461,28.951,42.049,300.0,110.0,100000000.0,2,15.0,1,True,8369.968,OCO,31,None,None,8299.039,8327.99,8370.039,257.0,247.0,276.0,294.0,True,Haas F1 Team,8273.507,2026-03-15T08:25:29.288000000,False,None,False,True,8220.803,15.0,57.4,1024.4,False,20.1,91,2.4,Chinese Grand Prix
96.746,49,SOFT,3,25.414,29.104,42.228,7000000.0,10.0,10.0,3,15.0,1,False,8466.714,OCO,31,None,None,8395.453,8424.557,8466.785,250.0,245.0,276.0,295.0,True,Haas F1 Team,8369.968,2026-03-15T08:27:05.749000000,False,None,False,True,8280.808,15.0,57.4,1024.4,False,20.2,93,2.0,Chinese Grand Prix
96.427,50,SOFT,3,25.302,29.174,41.951,7000000.0,100000.0,100000011.0,4,15.0,1,True,8563.141,OCO,31,None,None,8492.087,8521.261,8563.212,256.0,249.0,278.0,294.0,True,Haas F1 Team,8466.714,2026-03-15T08:28:42.495000000,False,None,False,True,8400.828,15.0,57.3,1024.5,False,20.2,77,2.9,Chinese Grand Prix
96.476,51,SOFT,3,25.394,29.09,41.992,7000000.0,0.0,0.0,5,15.0,1,False,8659.617,OCO,31,None,None,8588.606,8617.696,8659.688,265.0,256.0,274.0,306.0,True,Haas F1 Team,8563.141,2026-03-15T08:30:18.922000000,False,None,False,True,8460.818,15.0,57.4,1024.6,False,20.1,84,3.1,Chinese Grand Prix
97.671,52,SOFT,3,25.484,29.51,42.677,7000000.0,0.0,0.0,6,14.0,12,False,8757.288,OCO,31,None,None,8685.172,8714.682,8757.359,271.0,262.0,273.0,305.0,True,Haas F1 Team,8659.617,2026-03-15T08:31:55.398000000,False,None,False,True,8580.801,14.9,57.3,1024.6,False,20.0,95,4.1,Chinese Grand Prix
96.642,53,SOFT,3,25.511,29.054,42.077,7000000.0,0.0,0.0,7,14.0,1,False,8853.93,OCO,31,None,None,8782.87,8811.924,8854.001,271.0,261.0,274.0,302.0,True,Haas F1 Team,8757.288,2026-03-15T08:33:33.069000000,False,None,False,True,8700.85,15.0,57.4,1024.7,False,19.9,93,2.5,Chinese Grand Prix
95.964,54,SOFT,3,25.355,28.897,41.712,7010000.0,100000.0,100111.0,8,14.0,1,True,8949.894,OCO,31,None,None,8879.356,8908.253,8949.965,266.0,260.0,278.0,302.0,True,Haas F1 Team,8853.93,2026-03-15T08:35:09.711000000,False,None,False,True,8760.855,15.0,57.4,1024.5,False,20.0,84,2.4,Chinese Grand Prix
96.281,55,SOFT,3,25.237,29.083,41.961,7000000.0,0.0,0.0,9,14.0,1,False,9046.175,OCO,31,None,None,8975.202,9004.285,9046.246,271.0,259.0,274.0,302.0,True,Haas F1 Team,8949.894,2026-03-15T08:36:45.675000000,False,None,False,True,8880.869,15.0,57.5,1024.6,False,20.1,86,2.8,Chinese Grand Prix
115.089,1,MEDIUM,1,,30.88,43.334,7111111.0,111111.0,11111131111.0,1,17.0,12,False,3499.401,PER,11,None,None,None,3456.166,3499.544,261.0,244.0,268.0,323.0,True,Cadillac,3384.05,2026-03-15T07:03:59.831000000,False,None,False,False,3420.295,15.6,55.2,1024.4,False,23.3,72,2.8,Chinese Grand Prix
101.066,2,MEDIUM,1,26.586,30.736,43.744,1111111.0,111100.0,11100000011.0,2,17.0,1,True,3600.467,PER,11,None,None,3526.03,3556.766,3600.51,262.0,248.0,268.0,309.0,True,Cadillac,3499.401,2026-03-15T07:05:55.182000000,False,None,False,True,3540.312,15.6,55.3,1024.5,False,22.5,102,4.5,Chinese Grand Prix
101.224,3,MEDIUM,1,26.559,31.121,43.544,7111011.0,1000.0,10100100111.0,3,17.0,1,False,3701.691,PER,11,None,None,3627.069,3658.19,3701.734,263.0,247.0,268.0,306.0,True,Cadillac,3600.467,2026-03-15T07:07:36.248000000,False,None,False,True,3600.332,15.5,55.8,1024.4,False,23.0,107,1.8,Chinese Grand Prix
100.934,4,MEDIUM,1,26.488,30.989,43.457,10101.0,100000.0,10010000001.0,4,17.0,1,True,3802.625,PER,11,None,None,3728.222,3759.211,3802.668,272.0,253.0,269.0,313.0,True,Cadillac,3701.691,2026-03-15T07:09:17.472000000,False,None,False,True,3720.342,15.5,55.4,1024.5,False,23.0,105,2.5,Chinese Grand Prix
100.978,5,MEDIUM,1,26.428,30.987,43.563,1101000.0,0.0,100111.0,5,17.0,1,False,3903.603,PER,11,None,None,3829.096,3860.083,3903.646,271.0,251.0,270.0,312.0,True,Cadillac,3802.625,2026-03-15T07:10:58.406000000,False,None,False,True,3840.33,15.5,55.3,1024.5,False,23.1,92,3.7,Chinese Grand Prix
100.557,6,MEDIUM,1,26.336,30.959,43.262,11000.0,0.0,10000000111.0,6,17.0,1,True,4004.16,PER,11,None,None,3929.982,3960.941,4004.203,271.0,253.0,271.0,308.0,True,Cadillac,3903.603,2026-03-15T07:12:39.384000000,False,None,False,True,3900.33,15.6,55.6,1024.5,False,22.9,107,2.2,Chinese Grand Prix
100.918,7,MEDIUM,1,26.521,30.988,43.409,7110000.0,100000.0,110000000.0,7,17.0,1,False,4105.078,PER,11,None,None,4030.724,4061.712,4105.121,268.0,251.0,269.0,311.0,True,Cadillac,4004.16,2026-03-15T07:14:19.941000000,False,None,False,True,4020.34,15.6,55.8,1024.5,False,22.4,111,2.4,Chinese Grand Prix
101.103,8,MEDIUM,1,26.456,31.044,43.603,7010001.0,0.0,1.0,8,17.0,1,False,4206.181,PER,11,None,None,4131.577,4162.621,4206.224,273.0,253.0,271.0,309.0,True,Cadillac,4105.078,2026-03-15T07:16:00.859000000,False,None,False,True,4080.343,15.6,55.9,1024.3,False,22.8,88,2.1,Chinese Grand Prix
101.781,9,MEDIUM,1,26.681,31.251,43.849,7000000.0,0.0,0.0,9,17.0,1,False,4307.962,PER,11,None,None,4232.905,4264.156,4308.005,268.0,252.0,270.0,307.0,True,Cadillac,4206.181,2026-03-15T07:17:41.962000000,False,None,False,True,4200.397,15.6,56.0,1024.5,False,22.6,110,2.6,Chinese Grand Prix
121.617,10,MEDIUM,1,26.909,39.427,55.281,7000000.0,0.0,0.0,10,13.0,124,False,4429.579,PER,11,None,None,4334.914,4374.341,4429.622,271.0,145.0,201.0,276.0,True,Cadillac,4307.962,2026-03-15T07:19:23.743000000,False,None,False,False,4320.396,15.5,56.2,1024.6,False,22.4,92,1.5,Chinese Grand Prix
138.719,11,MEDIUM,1,34.918,41.413,62.388,7000000.0,0.0,1555.0,11,12.0,4,False,4568.298,PER,11,None,4566.575,4464.54,4505.953,4568.341,237.0,169.0,None,243.0,True,Cadillac,4429.579,2026-03-15T07:21:25.360000000,False,None,False,False,4440.382,15.5,55.5,1024.6,False,22.8,77,0.8,Chinese Grand Prix
137.935,12,HARD,2,57.392,32.169,48.374,5500000.0,0.0,0.0,1,16.0,4,False,4706.233,PER,11,4592.816,None,4625.733,4657.902,4706.276,225.0,265.0,226.0,272.0,True,Cadillac,4568.298,2026-03-15T07:23:44.079000000,False,None,False,False,4560.395,15.5,55.3,1024.7,False,22.7,0,0.0,Chinese Grand Prix
139.666,13,HARD,2,35.216,45.492,58.958,0.0,0.0,0.0,2,16.0,41,False,4845.899,PER,11,None,None,4741.492,4786.984,4845.942,242.0,137.0,268.0,182.0,True,Cadillac,4706.233,2026-03-15T07:26:02.014000000,False,None,False,False,4740.397,15.5,55.1,1024.6,False,22.0,131,1.7,Chinese Grand Prix
101.759,14,HARD,2,26.987,31.116,43.656,1100001.0,1.0,1111000001.0,3,17.0,1,False,4947.658,PER,11,None,None,4872.929,4904.045,4947.701,279.0,269.0,273.0,335.0,True,Cadillac,4845.899,2026-03-15T07:28:21.680000000,False,None,False,True,4860.43,15.4,56.3,1024.7,False,22.4,112,1.1,Chinese Grand Prix
100.004,15,HARD,2,26.319,30.887,42.798,7000010.0,1.0,1011000000.0,4,16.0,1,True,5047.662,PER,11,None,None,4974.02,5004.907,5047.705,275.0,268.0,272.0,330.0,True,Cadillac,4947.658,2026-03-15T07:30:03.439000000,False,None,False,True,4980.417,15.4,56.2,1024.7,False,21.6,116,2.8,Chinese Grand Prix
99.621,16,HARD,2,26.132,30.683,42.806,100011.0,100000.0,10100000001.0,5,16.0,1,True,5147.283,PER,11,None,None,5073.837,5104.52,5147.326,280.0,259.0,273.0,323.0,True,Cadillac,5047.662,2026-03-15T07:31:43.443000000,False,None,False,True,5100.455,15.2,56.6,1024.7,False,21.9,114,3.2,Chinese Grand Prix
102.203,17,HARD,2,26.208,30.702,45.293,7001000.0,0.0,1.0,6,17.0,12,False,5249.486,PER,11,None,None,5173.534,5204.236,5249.529,279.0,257.0,273.0,298.0,True,Cadillac,5147.283,2026-03-15T07:33:23.064000000,False,None,False,True,5160.435,15.2,56.7,1024.7,False,21.9,126,1.0,Chinese Grand Prix
99.321,18,HARD,2,25.941,30.765,42.615,7301000.0,0.0,1000100000.0,7,16.0,21,True,5348.807,PER,11,None,None,5275.47,5306.235,5348.85,276.0,262.0,270.0,321.0,True,Cadillac,5249.486,2026-03-15T07:35:05.267000000,False,None,False,True,5280.444,15.3,56.2,1024.6,False,21.6,101,1.6,Chinese Grand Prix
99.731,19,HARD,2,26.312,30.675,42.744,7000000.0,100000.0,10000100010.0,8,16.0,1,False,5448.538,PER,11,None,None,5375.162,5405.837,5448.581,275.0,256.0,270.0,318.0,True,Cadillac,5348.807,2026-03-15T07:36:44.588000000,False,None,False,True,5340.458,15.3,56.4,1024.6,False,21.6,98,2.0,Chinese Grand Prix
100.134,20,HARD,2,26.383,30.892,42.859,7000000.0,0.0,100001.0,9,16.0,1,False,5548.672,PER,11,None,None,5474.964,5505.856,5548.715,269.0,244.0,272.0,316.0,True,Cadillac,5448.538,2026-03-15T07:38:24.319000000,False,None,False,True,5460.458,15.3,56.8,1024.5,False,21.5,108,1.7,Chinese Grand Prix
99.682,21,HARD,2,26.359,30.577,42.746,7000000.0,100.0,100000000.0,10,16.0,1,False,5648.354,PER,11,None,None,5575.074,5605.651,5648.397,272.0,254.0,272.0,313.0,True,Cadillac,5548.672,2026-03-15T07:40:04.453000000,False,None,False,True,5580.486,15.3,56.9,1024.5,False,21.8,92,2.8,Chinese Grand Prix
99.622,22,HARD,2,26.152,30.638,42.832,7001000.0,100000.0,11.0,11,16.0,1,False,5747.976,PER,11,None,None,5674.549,5705.187,5748.019,271.0,252.0,274.0,316.0,True,Cadillac,5648.354,2026-03-15T07:41:44.135000000,False,None,False,True,5640.491,15.3,57.0,1024.3,False,21.7,110,2.4,Chinese Grand Prix
99.75,23,HARD,2,26.358,30.59,42.802,7010000.0,0.0,1100000000.0,12,16.0,1,False,5847.726,PER,11,None,None,5774.377,5804.967,5847.769,272.0,255.0,272.0,316.0,True,Cadillac,5747.976,2026-03-15T07:43:23.757000000,False,None,False,True,5760.489,15.3,56.2,1024.3,False,21.6,89,1.5,Chinese Grand Prix
99.736,24,HARD,2,26.357,30.633,42.746,7000000.0,0.0,130000.0,13,16.0,1,False,5947.462,PER,11,None,None,5874.126,5904.759,5947.505,276.0,258.0,248.0,314.0,True,Cadillac,5847.726,2026-03-15T07:45:03.507000000,False,None,False,True,5880.499,15.4,56.2,1024.3,False,21.8,94,2.8,Chinese Grand Prix
100.542,25,HARD,2,26.847,30.729,42.966,7000000.0,0.0,0.0,14,16.0,1,False,6048.004,PER,11,None,None,5974.352,6005.081,6048.047,275.0,255.0,272.0,315.0,True,Cadillac,5947.462,2026-03-15T07:46:43.243000000,False,None,False,True,5940.541,15.3,56.3,1024.3,False,21.7,93,2.2,Chinese Grand Prix
100.01,26,HARD,2,26.277,30.698,43.035,7000000.0,0.0,0.0,15,16.0,1,False,6148.014,PER,11,None,None,6074.324,6105.022,6148.057,273.0,254.0,262.0,313.0,True,Cadillac,6048.004,2026-03-15T07:48:23.785000000,False,None,False,True,6060.553,15.3,56.5,1024.4,False,21.8,63,2.3,Chinese Grand Prix
100.307,27,HARD,2,26.514,30.639,43.154,7000000.0,0.0,100000000.0,16,16.0,12,False,6248.321,PER,11,None,None,6174.571,6205.21,6248.364,275.0,257.0,273.0,312.0,True,Cadillac,6148.014,2026-03-15T07:50:03.795000000,False,None,False,True,6180.548,15.4,56.0,1024.4,False,21.8,70,2.2,Chinese Grand Prix
99.583,28,HARD,2,26.26,30.643,42.68,7000000.0,0.0,10000100001.0,17,16.0,1,False,6347.904,PER,11,None,None,6274.624,6305.267,6347.947,273.0,259.0,274.0,314.0,True,Cadillac,6248.321,2026-03-15T07:51:44.102000000,False,None,False,True,6240.572,15.4,56.0,1024.4,False,21.7,67,2.0,Chinese Grand Prix
100.437,29,HARD,2,26.772,30.723,42.942,7010000.0,0.0,0.0,18,16.0,1,False,6448.341,PER,11,None,None,6374.719,6405.442,6448.384,274.0,254.0,272.0,313.0,True,Cadillac,6347.904,2026-03-15T07:53:23.685000000,False,None,False,True,6360.641,15.4,55.6,1024.4,False,21.6,77,3.0,Chinese Grand Prix
100.016,30,HARD,2,26.215,30.594,43.207,7000100.0,0.0,11.0,19,16.0,1,False,6548.357,PER,11,None,None,6474.599,6505.193,6548.4,272.0,257.0,275.0,319.0,True,Cadillac,6448.341,2026-03-15T07:55:04.122000000,False,None,False,True,6480.569,15.4,55.8,1024.4,False,21.2,77,2.6,Chinese Grand Prix
99.977,31,HARD,2,26.262,30.789,42.926,7000000.0,0.0,0.0,20,16.0,1,False,6648.334,PER,11,None,None,6574.662,6605.451,6648.377,274.0,254.0,273.0,312.0,True,Cadillac,6548.357,2026-03-15T07:56:44.138000000,False,None,False,True,6540.585,15.4,55.8,1024.4,False,21.2,77,2.6,Chinese Grand Prix
99.799,32,HARD,2,26.198,30.662,42.939,7000000.0,0.0,10000000000.0,21,16.0,1,False,6748.133,PER,11,None,None,6674.575,6705.237,6748.176,273.0,256.0,273.0,308.0,True,Cadillac,6648.334,2026-03-15T07:58:24.115000000,False,None,False,True,6660.608,15.2,56.6,1024.5,False,21.1,84,1.6,Chinese Grand Prix
100.106,33,HARD,2,26.641,30.644,42.821,7000000.0,0.0,10.0,22,15.0,12,False,6848.239,PER,11,None,None,6774.817,6805.461,6848.282,270.0,254.0,274.0,313.0,True,Cadillac,6748.133,2026-03-15T08:00:03.914000000,False,None,False,True,6720.626,15.3,56.8,1024.5,False,21.1,84,2.2,Chinese Grand Prix
100.185,34,HARD,2,26.291,30.552,43.342,7000000.0,0.0,0.0,23,16.0,1,False,6948.424,PER,11,None,None,6874.573,6905.125,6948.467,275.0,254.0,272.0,314.0,True,Cadillac,6848.239,2026-03-15T08:01:44.020000000,False,None,False,True,6840.653,15.3,56.2,1024.5,False,20.8,86,1.7,Chinese Grand Prix
99.48,35,HARD,2,26.407,30.29,42.783,7001000.0,11100.0,0.0,24,16.0,1,False,7047.904,PER,11,None,None,6974.874,7005.164,7047.947,270.0,258.0,271.0,315.0,True,Cadillac,6948.424,2026-03-15T08:03:24.205000000,False,None,False,True,6960.665,15.3,56.1,1024.5,False,21.0,108,1.6,Chinese Grand Prix
99.551,36,HARD,2,26.468,30.285,42.798,7000000.0,0.0,10000000011.0,25,15.0,1,False,7147.455,PER,11,None,None,7074.415,7104.7,7147.498,270.0,256.0,275.0,311.0,True,Cadillac,7047.904,2026-03-15T08:05:03.685000000,False,None,False,True,7020.691,15.3,55.9,1024.4,False,21.0,98,1.6,Chinese Grand Prix
99.606,37,HARD,2,26.342,30.306,42.958,7000000.0,1000.0,11.0,26,15.0,1,False,7247.061,PER,11,None,None,7173.84,7204.146,7247.104,274.0,260.0,275.0,308.0,True,Cadillac,7147.455,2026-03-15T08:06:43.236000000,False,None,False,True,7140.713,15.3,55.4,1024.5,False,20.3,121,2.4,Chinese Grand Prix
100.111,38,HARD,2,26.365,30.884,42.862,7000000.0,0.0,11.0,27,16.0,1,False,7347.172,PER,11,None,None,7273.469,7304.353,7347.215,273.0,257.0,276.0,310.0,True,Cadillac,7247.061,2026-03-15T08:08:22.842000000,False,None,False,True,7200.701,15.3,55.4,1024.5,False,20.3,121,2.4,Chinese Grand Prix
99.616,39,HARD,2,26.153,30.091,43.372,7000000.0,1000.0,0.0,28,16.0,1,False,7446.788,PER,11,None,None,7373.368,7403.459,7446.831,275.0,260.0,275.0,312.0,True,Cadillac,7347.172,2026-03-15T08:10:02.953000000,False,None,False,True,7320.732,15.1,56.6,1024.4,False,20.9,83,3.1,Chinese Grand Prix
99.591,40,HARD,2,26.116,30.593,42.882,7000001.0,10000.0,0.0,29,16.0,1,False,7546.379,PER,11,None,None,7472.947,7503.54,7546.422,282.0,261.0,276.0,324.0,True,Cadillac,7446.788,2026-03-15T08:11:42.569000000,False,None,False,True,7440.702,15.2,56.3,1024.4,False,20.3,88,3.1,Chinese Grand Prix
100.557,41,HARD,2,26.3,31.333,42.924,7000000.0,0.0,0.0,30,16.0,1,False,7646.936,PER,11,None,None,7572.722,7604.055,7646.979,279.0,258.0,276.0,320.0,True,Cadillac,7546.379,2026-03-15T08:13:22.160000000,False,None,False,True,7500.718,15.2,55.9,1024.3,False,20.5,92,2.6,Chinese Grand Prix
99.127,42,HARD,2,26.152,30.113,42.862,7000000.0,1100.0,100000000.0,31,16.0,1,True,7746.063,PER,11,None,None,7673.131,7703.244,7746.106,278.0,260.0,273.0,309.0,True,Cadillac,7646.936,2026-03-15T08:15:02.717000000,False,None,False,True,7620.711,15.1,56.5,1024.3,False,20.5,88,2.7,Chinese Grand Prix
101.151,43,HARD,2,26.347,30.691,44.113,7000001.0,100.0,0.0,32,16.0,1,False,7847.214,PER,11,None,None,7772.453,7803.144,7847.257,303.0,252.0,241.0,301.0,True,Cadillac,7746.063,2026-03-15T08:16:41.844000000,False,None,False,True,7740.749,15.1,56.3,1024.2,False,20.3,91,3.3,Chinese Grand Prix
103.964,44,HARD,2,27.444,31.827,44.693,7000000.0,0.0,0.0,33,16.0,1,False,7951.178,PER,11,None,None,7874.701,7906.528,7951.221,273.0,259.0,227.0,319.0,True,Cadillac,7847.214,2026-03-15T08:18:22.995000000,False,None,False,True,7800.765,15.1,56.6,1024.3,False,20.4,61,2.7,Chinese Grand Prix
108.834,45,HARD,2,27.735,32.714,48.385,7000000.0,0.0,0.0,34,16.0,1,False,8060.012,PER,11,None,None,7978.956,8011.67,8060.055,259.0,235.0,222.0,283.0,True,Cadillac,7951.178,2026-03-15T08:20:06.959000000,False,None,False,True,7920.767,15.1,56.9,1024.3,False,20.4,77,3.3,Chinese Grand Prix
100.983,46,HARD,2,27.8,30.164,43.019,7000000.0,10.0,0.0,35,15.0,1,False,8160.995,PER,11,None,None,8087.855,8118.019,8161.038,273.0,258.0,268.0,303.0,True,Cadillac,8060.012,2026-03-15T08:21:55.793000000,False,None,False,True,7980.783,15.1,56.5,1024.4,False,20.5,81,3.9,Chinese Grand Prix
99.88,47,HARD,2,26.586,30.248,43.046,7000000.0,100.0,0.0,36,14.0,1,False,8260.875,PER,11,None,None,8187.624,8217.872,8260.918,263.0,250.0,274.0,302.0,True,Cadillac,8160.995,2026-03-15T08:23:36.776000000,False,None,False,True,8100.772,15.1,56.9,1024.4,False,20.2,77,3.3,Chinese Grand Prix
100.227,48,HARD,2,26.179,30.484,43.564,7000000.0,0.0,100000011.0,37,14.0,1,False,8361.102,PER,11,None,None,8287.097,8317.581,8361.145,271.0,225.0,278.0,313.0,True,Cadillac,8260.875,2026-03-15T08:25:16.656000000,False,None,False,True,8220.803,15.0,57.4,1024.4,False,20.1,91,2.4,Chinese Grand Prix
99.462,49,HARD,2,25.877,29.944,43.641,7000000.0,101000.0,0.0,38,14.0,1,False,8460.564,PER,11,None,None,8387.022,8416.966,8460.607,283.0,259.0,275.0,292.0,True,Cadillac,8361.102,2026-03-15T08:26:56.883000000,False,None,False,True,8280.808,15.0,57.4,1024.4,False,20.2,93,2.0,Chinese Grand Prix
98.523,50,HARD,2,26.09,30.068,42.365,7000000.0,1.0,0.0,39,14.0,1,True,8559.087,PER,11,None,None,8486.697,8516.765,8559.13,281.0,262.0,272.0,317.0,True,Cadillac,8460.564,2026-03-15T08:28:36.345000000,False,None,False,True,8400.828,15.0,57.3,1024.5,False,20.2,77,2.9,Chinese Grand Prix
99.014,51,HARD,2,26.099,30.095,42.82,7000000.0,0.0,100000000.0,40,14.0,1,False,8658.101,PER,11,None,None,8585.229,8615.324,8658.144,276.0,259.0,272.0,306.0,True,Cadillac,8559.087,2026-03-15T08:30:14.868000000,False,None,False,True,8460.818,15.0,57.4,1024.6,False,20.1,84,3.1,Chinese Grand Prix
99.526,52,HARD,2,26.156,30.006,43.364,7000000.0,0.0,10100000000.0,41,15.0,12,False,8757.627,PER,11,None,None,8684.3,8714.306,8757.67,276.0,258.0,274.0,307.0,True,Cadillac,8658.101,2026-03-15T08:31:53.882000000,False,None,False,True,8580.801,14.9,57.3,1024.6,False,20.0,95,4.1,Chinese Grand Prix
98.959,53,HARD,2,26.227,30.218,42.514,7000000.0,0.0,0.0,42,15.0,1,False,8856.586,PER,11,None,None,8783.897,8814.115,8856.629,283.0,265.0,271.0,314.0,True,Cadillac,8757.627,2026-03-15T08:33:33.408000000,False,None,False,True,8700.85,15.0,57.4,1024.7,False,19.9,93,2.5,Chinese Grand Prix
99.076,54,HARD,2,26.347,29.989,42.74,7000000.0,1000.0,0.0,43,15.0,1,False,8955.662,PER,11,None,None,8882.976,8912.965,8955.705,278.0,258.0,274.0,308.0,True,Cadillac,8856.586,2026-03-15T08:35:12.367000000,False,None,False,True,8760.855,15.0,57.4,1024.5,False,20.0,84,2.4,Chinese Grand Prix
98.898,55,HARD,2,26.235,29.94,42.723,7000000.0,1000.0,100000110.0,44,15.0,1,False,9054.56,PER,11,None,None,8981.94,9011.88,9054.603,275.0,257.0,276.0,307.0,True,Cadillac,8955.662,2026-03-15T08:36:51.443000000,False,None,False,True,8880.869,15.0,57.5,1024.6,False,20.1,86,2.8,Chinese Grand Prix
101.815,1,MEDIUM,1,,30.136,42.534,111111.0,111111.0,11111111131.0,1,4.0,12,False,3486.127,RUS,63,None,None,None,3443.761,3486.322,294.0,267.0,267.0,320.0,True,Mercedes,3384.05,2026-03-15T07:03:59.831000000,False,None,False,False,3420.295,15.6,55.2,1024.4,False,23.3,72,2.8,Chinese Grand Prix
98.075,2,MEDIUM,1,26.022,29.719,42.334,1111110.0,131110.0,1010011003.0,2,4.0,1,True,3584.202,RUS,63,None,None,3512.18,3541.899,3584.233,276.0,264.0,276.0,318.0,True,Mercedes,3486.127,2026-03-15T07:05:41.908000000,False,None,False,True,3540.312,15.6,55.3,1024.5,False,22.5,102,4.5,Chinese Grand Prix
98.125,3,MEDIUM,1,25.645,29.98,42.5,3110010.0,1100.0,10100001333.0,3,3.0,1,False,3682.327,RUS,63,None,None,3609.878,3639.858,3682.358,275.0,261.0,277.0,310.0,True,Mercedes,3584.202,2026-03-15T07:07:19.983000000,False,None,False,True,3600.332,15.5,55.8,1024.4,False,23.0,107,1.8,Chinese Grand Prix
97.093,4,MEDIUM,1,25.403,29.242,42.448,13000.0,103110.0,10000010000.0,4,2.0,1,True,3779.42,RUS,63,None,None,3707.761,3737.003,3779.451,272.0,262.0,275.0,311.0,True,Mercedes,3682.327,2026-03-15T07:08:58.108000000,False,None,False,True,3720.342,15.5,55.4,1024.5,False,23.0,105,2.5,Chinese Grand Prix
97.462,5,MEDIUM,1,25.552,29.402,42.508,7000010.0,100.0,11000.0,5,2.0,1,False,3876.882,RUS,63,None,None,3805.003,3834.405,3876.913,268.0,259.0,258.0,311.0,True,Mercedes,3779.42,2026-03-15T07:10:35.201000000,False,None,False,True,3840.33,15.5,55.3,1024.5,False,23.1,92,3.7,Chinese Grand Prix
97.375,6,MEDIUM,1,25.979,29.391,42.005,7000100.0,100000.0,111101000.0,6,2.0,1,False,3974.257,RUS,63,None,None,3902.892,3932.283,3974.288,273.0,261.0,269.0,318.0,True,Mercedes,3876.882,2026-03-15T07:12:12.663000000,False,None,False,True,3900.33,15.6,55.6,1024.5,False,22.9,107,2.2,Chinese Grand Prix
97.383,7,MEDIUM,1,25.975,29.362,42.046,7000000.0,100010.0,1330.0,7,2.0,1,False,4071.64,RUS,63,None,None,4000.263,4029.625,4071.671,271.0,258.0,271.0,313.0,True,Mercedes,3974.257,2026-03-15T07:13:50.038000000,False,None,False,True,4020.34,15.6,55.8,1024.5,False,22.4,111,2.4,Chinese Grand Prix
97.266,8,MEDIUM,1,25.949,29.355,41.962,7000000.0,0.0,10100000.0,8,2.0,1,False,4168.906,RUS,63,None,None,4097.62,4126.975,4168.937,271.0,257.0,269.0,316.0,True,Mercedes,4071.64,2026-03-15T07:15:27.421000000,False,None,False,True,4080.343,15.6,55.9,1024.3,False,22.8,88,2.1,Chinese Grand Prix
97.261,9,MEDIUM,1,25.861,29.513,41.887,7000100.0,0.0,11000000.0,9,2.0,1,False,4266.167,RUS,63,None,None,4194.798,4224.311,4266.198,272.0,258.0,264.0,331.0,True,Mercedes,4168.906,2026-03-15T07:17:04.687000000,False,None,False,True,4200.397,15.6,56.0,1024.5,False,22.6,110,2.6,Chinese Grand Prix
112.779,10,MEDIUM,1,25.923,29.617,57.239,7000000.0,0.0,100000555.0,10,2.0,124,False,4378.946,RUS,63,None,4377.297,4292.121,4321.738,4378.977,271.0,256.0,None,317.0,True,Mercedes,4266.167,2026-03-15T07:18:41.948000000,False,None,False,False,4320.396,15.5,56.2,1024.6,False,22.4,92,1.5,Chinese Grand Prix
162.723,11,HARD,2,55.148,43.483,64.092,5500000.0,0.0,0.0,1,4.0,4,False,4541.722,RUS,63,4400.674,None,4434.302,4477.768,4541.915,135.0,197.0,224.0,232.0,True,Mercedes,4378.946,2026-03-15T07:20:34.727000000,False,None,False,False,4440.382,15.5,55.5,1024.6,False,22.8,77,0.8,Chinese Grand Prix
149.667,12,HARD,2,43.86,42.726,63.081,0.0,0.0,0.0,2,4.0,4,False,4691.389,RUS,63,None,None,4585.613,4628.339,4691.42,118.0,206.0,220.0,216.0,True,Mercedes,4541.722,2026-03-15T07:23:17.503000000,False,None,False,False,4560.395,15.5,55.3,1024.7,False,22.7,0,0.0,Chinese Grand Prix
149.28,13,HARD,2,37.664,43.955,67.661,7000000.0,0.0,0.0,3,4.0,41,False,4840.669,RUS,63,None,None,4729.084,4773.039,4840.7,146.0,130.0,268.0,164.0,True,Mercedes,4691.389,2026-03-15T07:25:47.170000000,False,None,False,False,4740.397,15.5,55.1,1024.6,False,22.0,131,1.7,Chinese Grand Prix
100.588,14,HARD,2,26.305,31.086,43.197,7000001.0,0.0,310000000.0,4,5.0,1,False,4941.257,RUS,63,None,None,4867.005,4898.091,4941.288,304.0,260.0,253.0,321.0,True,Mercedes,4840.669,2026-03-15T07:28:16.450000000,False,None,False,True,4860.43,15.4,56.3,1024.7,False,22.4,112,1.1,Chinese Grand Prix
98.91,15,HARD,2,25.968,30.345,42.597,7000001.0,0.0,1000000.0,5,6.0,1,False,5040.167,RUS,63,None,None,4967.256,4997.601,5040.198,305.0,260.0,272.0,335.0,True,Mercedes,4941.257,2026-03-15T07:29:57.038000000,False,None,False,True,4980.417,15.4,56.2,1024.7,False,21.6,116,2.8,Chinese Grand Prix
97.532,16,HARD,2,25.573,29.819,42.14,7000031.0,0.0,10000000.0,6,4.0,1,False,5137.699,RUS,63,None,None,5065.771,5095.59,5137.73,305.0,260.0,262.0,328.0,True,Mercedes,5040.167,2026-03-15T07:31:35.948000000,False,None,False,True,5100.455,15.2,56.6,1024.7,False,21.9,114,3.2,Chinese Grand Prix
96.42,17,HARD,2,25.657,29.134,41.629,7011000.0,113.0,10100100000.0,7,4.0,1,True,5234.119,RUS,63,None,None,5163.387,5192.521,5234.15,278.0,263.0,273.0,320.0,True,Mercedes,5137.699,2026-03-15T07:33:13.480000000,False,None,False,True,5160.435,15.2,56.7,1024.7,False,21.9,126,1.0,Chinese Grand Prix
96.313,18,HARD,2,25.492,29.18,41.641,7000030.0,100100.0,10030.0,8,4.0,12,True,5330.432,RUS,63,None,None,5259.642,5288.822,5330.463,274.0,261.0,273.0,322.0,True,Mercedes,5234.119,2026-03-15T07:34:49.900000000,False,None,False,True,5280.444,15.3,56.2,1024.6,False,21.6,101,1.6,Chinese Grand Prix
96.668,19,HARD,2,25.565,29.149,41.954,7000300.0,3.0,10001.0,9,4.0,1,False,5427.1,RUS,63,None,None,5356.028,5385.177,5427.131,278.0,268.0,278.0,315.0,True,Mercedes,5330.432,2026-03-15T07:36:26.213000000,False,None,False,True,5340.458,15.3,56.4,1024.6,False,21.6,98,2.0,Chinese Grand Prix
96.617,20,HARD,2,25.365,29.318,41.934,7000000.0,0.0,33.0,10,4.0,1,False,5523.717,RUS,63,None,None,5452.496,5481.814,5523.748,282.0,269.0,280.0,323.0,True,Mercedes,5427.1,2026-03-15T07:38:02.881000000,False,None,False,True,5460.458,15.3,56.8,1024.5,False,21.5,108,1.7,Chinese Grand Prix
96.663,21,HARD,2,25.152,29.631,41.88,7000000.0,0.0,11000000.0,11,4.0,1,False,5620.38,RUS,63,None,None,5548.9,5578.531,5620.411,307.0,262.0,267.0,333.0,True,Mercedes,5523.717,2026-03-15T07:39:39.498000000,False,None,False,True,5580.486,15.3,56.9,1024.5,False,21.8,92,2.8,Chinese Grand Prix
96.894,22,HARD,2,25.733,29.398,41.763,7000000.0,0.0,0.0,12,4.0,1,False,5717.274,RUS,63,None,None,5646.144,5675.542,5717.305,278.0,264.0,271.0,332.0,True,Mercedes,5620.38,2026-03-15T07:41:16.161000000,False,None,False,True,5640.491,15.3,57.0,1024.3,False,21.7,110,2.4,Chinese Grand Prix
96.561,23,HARD,2,25.608,29.286,41.667,7000000.0,0.0,111000000.0,13,4.0,1,False,5813.835,RUS,63,None,None,5742.913,5772.199,5813.866,280.0,268.0,274.0,333.0,True,Mercedes,5717.274,2026-03-15T07:42:53.055000000,False,None,False,True,5760.489,15.3,56.2,1024.3,False,21.6,89,1.5,Chinese Grand Prix
97.445,24,HARD,2,25.578,29.504,42.363,7000000.0,0.0,111000000.0,14,4.0,1,False,5911.28,RUS,63,None,None,5839.444,5868.948,5911.311,282.0,264.0,272.0,345.0,True,Mercedes,5813.835,2026-03-15T07:44:29.616000000,False,None,False,True,5880.499,15.4,56.2,1024.3,False,21.8,94,2.8,Chinese Grand Prix
98.063,25,HARD,2,25.825,30.062,42.176,7000000.0,0.0,10000.0,15,4.0,1,False,6009.343,RUS,63,None,None,5937.136,5967.198,6009.374,278.0,262.0,279.0,316.0,True,Mercedes,5911.28,2026-03-15T07:46:07.061000000,False,None,False,True,5940.541,15.3,56.3,1024.3,False,21.7,93,2.2,Chinese Grand Prix
97.187,26,HARD,2,25.598,29.588,42.001,3100000.0,0.0,0.0,16,4.0,1,False,6106.53,RUS,63,None,None,6034.972,6064.56,6106.561,283.0,265.0,276.0,323.0,True,Mercedes,6009.343,2026-03-15T07:47:45.124000000,False,None,False,True,6060.553,15.3,56.5,1024.4,False,21.8,63,2.3,Chinese Grand Prix
97.771,27,HARD,2,25.857,29.554,42.36,0.0,3.0,0.0,17,3.0,1,False,6204.301,RUS,63,None,None,6132.418,6161.972,6204.332,284.0,283.0,269.0,327.0,True,Mercedes,6106.53,2026-03-15T07:49:22.311000000,False,None,False,True,6180.548,15.4,56.0,1024.4,False,21.8,70,2.2,Chinese Grand Prix
96.971,28,HARD,2,25.686,29.334,41.951,7000000.0,0.0,0.0,18,3.0,12,False,6301.272,RUS,63,None,None,6230.018,6259.352,6301.303,279.0,264.0,274.0,329.0,True,Mercedes,6204.301,2026-03-15T07:51:00.082000000,False,None,False,True,6240.572,15.4,56.0,1024.4,False,21.7,67,2.0,Chinese Grand Prix
96.158,29,HARD,2,25.614,29.227,41.317,7000000.0,0.0,300101000.0,19,2.0,1,True,6397.43,RUS,63,None,None,6326.917,6356.144,6397.461,276.0,262.0,272.0,326.0,True,Mercedes,6301.272,2026-03-15T07:52:37.053000000,False,None,False,True,6360.641,15.4,55.6,1024.4,False,21.6,77,3.0,Chinese Grand Prix
96.438,30,HARD,2,25.67,29.158,41.61,7011000.0,100.0,100030.0,20,2.0,1,False,6493.868,RUS,63,None,None,6423.131,6452.289,6493.899,271.0,258.0,274.0,309.0,True,Mercedes,6397.43,2026-03-15T07:54:13.211000000,False,None,False,True,6480.569,15.4,55.8,1024.4,False,21.2,77,2.6,Chinese Grand Prix
96.207,31,HARD,2,25.564,29.099,41.544,7000000.0,100000.0,30000000030.0,21,2.0,1,False,6590.075,RUS,63,None,None,6519.463,6548.562,6590.106,270.0,258.0,273.0,311.0,True,Mercedes,6493.868,2026-03-15T07:55:49.649000000,False,None,False,True,6540.585,15.4,55.8,1024.4,False,21.2,77,2.6,Chinese Grand Prix
95.977,32,HARD,2,25.491,29.035,41.451,7010000.0,300000.0,10033.0,22,2.0,1,True,6686.052,RUS,63,None,None,6615.597,6644.632,6686.083,272.0,258.0,275.0,314.0,True,Mercedes,6590.075,2026-03-15T07:57:25.856000000,False,None,False,True,6660.608,15.2,56.6,1024.5,False,21.1,84,1.6,Chinese Grand Prix
96.107,33,HARD,2,25.48,29.175,41.452,7010000.0,0.0,0.0,23,2.0,12,False,6782.159,RUS,63,None,None,6711.563,6740.738,6782.19,271.0,258.0,273.0,313.0,True,Mercedes,6686.052,2026-03-15T07:59:01.833000000,False,None,False,True,6720.626,15.3,56.8,1024.5,False,21.1,84,2.2,Chinese Grand Prix
95.852,34,HARD,2,25.489,28.955,41.408,7010000.0,100.0,11300.0,24,2.0,1,True,6878.011,RUS,63,None,None,6807.679,6836.634,6878.042,273.0,259.0,274.0,313.0,True,Mercedes,6782.159,2026-03-15T08:00:37.940000000,False,None,False,True,6840.653,15.3,56.2,1024.5,False,20.8,86,1.7,Chinese Grand Prix
96.162,35,HARD,2,25.461,29.197,41.504,7000000.0,0.0,1000.0,25,2.0,1,False,6974.173,RUS,63,None,None,6903.503,6932.7,6974.204,273.0,258.0,273.0,309.0,True,Mercedes,6878.011,2026-03-15T08:02:13.792000000,False,None,False,True,6960.665,15.3,56.1,1024.5,False,21.0,108,1.6,Chinese Grand Prix
95.914,36,HARD,2,25.435,28.945,41.534,7010000.0,100100.0,100000000.0,26,2.0,1,False,7070.087,RUS,63,None,None,6999.639,7028.584,7070.118,273.0,261.0,274.0,311.0,True,Mercedes,6974.173,2026-03-15T08:03:49.954000000,False,None,False,True,7020.691,15.3,55.9,1024.4,False,21.0,98,1.6,Chinese Grand Prix
95.531,37,HARD,2,25.377,28.827,41.327,7010000.0,110.0,100000030.0,27,2.0,1,True,7165.618,RUS,63,None,None,7095.495,7124.322,7165.649,273.0,261.0,275.0,313.0,True,Mercedes,7070.087,2026-03-15T08:05:25.868000000,False,None,False,True,7140.713,15.3,55.4,1024.5,False,20.3,121,2.4,Chinese Grand Prix
95.529,38,HARD,2,25.305,28.918,41.306,7010100.0,100.0,10100010030.0,28,2.0,1,True,7261.147,RUS,63,None,None,7190.954,7219.872,7261.178,273.0,260.0,276.0,312.0,True,Mercedes,7165.618,2026-03-15T08:07:01.399000000,False,None,False,True,7200.701,15.3,55.4,1024.5,False,20.3,121,2.4,Chinese Grand Prix
95.497,39,HARD,2,25.323,28.804,41.37,7000000.0,100.0,30.0,29,2.0,1,True,7356.644,RUS,63,None,None,7286.501,7315.305,7356.675,274.0,261.0,275.0,313.0,True,Mercedes,7261.147,2026-03-15T08:08:36.928000000,False,None,False,True,7320.732,15.1,56.6,1024.4,False,20.9,83,3.1,Chinese Grand Prix
95.636,40,HARD,2,25.393,28.845,41.398,7000100.0,300000.0,1000000000.0,30,2.0,1,False,7452.28,RUS,63,None,None,7382.068,7410.913,7452.311,273.0,261.0,274.0,313.0,True,Mercedes,7356.644,2026-03-15T08:10:12.425000000,False,None,False,True,7440.702,15.2,56.3,1024.4,False,20.3,88,3.1,Chinese Grand Prix
95.641,41,HARD,2,25.306,28.877,41.458,7000000.0,100.0,0.0,31,2.0,1,False,7547.921,RUS,63,None,None,7477.617,7506.494,7547.952,277.0,261.0,278.0,321.0,True,Mercedes,7452.28,2026-03-15T08:11:48.061000000,False,None,False,True,7500.718,15.2,55.9,1024.3,False,20.5,92,2.6,Chinese Grand Prix
96.661,42,HARD,2,25.516,29.312,41.833,7000000.0,0.0,0.0,32,2.0,1,False,7644.582,RUS,63,None,None,7573.468,7602.78,7644.613,281.0,263.0,274.0,314.0,True,Mercedes,7547.921,2026-03-15T08:13:23.702000000,False,None,False,True,7620.711,15.1,56.5,1024.3,False,20.5,88,2.7,Chinese Grand Prix
95.644,43,HARD,2,25.363,28.902,41.379,7000000.0,100.0,300000000.0,33,2.0,1,False,7740.226,RUS,63,None,None,7669.976,7698.878,7740.257,277.0,260.0,275.0,308.0,True,Mercedes,7644.582,2026-03-15T08:15:00.363000000,False,None,False,True,7740.749,15.1,56.3,1024.2,False,20.3,91,3.3,Chinese Grand Prix
95.542,44,HARD,2,25.356,28.807,41.379,7000000.0,0.0,100000.0,34,2.0,1,False,7835.768,RUS,63,None,None,7765.613,7794.42,7835.799,276.0,261.0,278.0,313.0,True,Mercedes,7740.226,2026-03-15T08:16:36.007000000,False,None,False,True,7800.765,15.1,56.6,1024.3,False,20.4,61,2.7,Chinese Grand Prix
95.677,45,HARD,2,25.224,29.021,41.432,7010000.0,0.0,0.0,35,2.0,1,False,7931.445,RUS,63,None,None,7861.023,7890.044,7931.476,276.0,262.0,277.0,325.0,True,Mercedes,7835.768,2026-03-15T08:18:11.549000000,False,None,False,True,7920.767,15.1,56.9,1024.3,False,20.4,77,3.3,Chinese Grand Prix
96.407,46,HARD,2,25.299,29.171,41.937,7000000.0,11000.0,0.0,36,2.0,1,False,8027.852,RUS,63,None,None,7956.775,7985.946,8027.883,278.0,264.0,273.0,310.0,True,Mercedes,7931.445,2026-03-15T08:19:47.226000000,False,None,False,True,7980.783,15.1,56.5,1024.4,False,20.5,81,3.9,Chinese Grand Prix
95.668,47,HARD,2,25.292,28.779,41.597,7000000.0,0.0,100000000.0,37,2.0,1,False,8123.52,RUS,63,None,None,8053.175,8081.954,8123.551,275.0,260.0,275.0,313.0,True,Mercedes,8027.852,2026-03-15T08:21:23.633000000,False,None,False,True,8100.772,15.1,56.9,1024.4,False,20.2,77,3.3,Chinese Grand Prix
96.095,48,HARD,2,25.377,28.846,41.872,7000000.0,11000.0,0.0,38,2.0,1,False,8219.615,RUS,63,None,None,8148.928,8177.774,8219.646,275.0,263.0,275.0,315.0,True,Mercedes,8123.52,2026-03-15T08:22:59.301000000,False,None,False,True,8220.803,15.0,57.4,1024.4,False,20.1,91,2.4,Chinese Grand Prix
95.87,49,HARD,2,25.325,28.697,41.848,7000000.0,100100.0,10.0,39,2.0,1,False,8315.485,RUS,63,None,None,8244.971,8273.668,8315.516,275.0,258.0,275.0,308.0,True,Mercedes,8219.615,2026-03-15T08:24:35.396000000,False,None,False,True,8280.808,15.0,57.4,1024.4,False,20.2,93,2.0,Chinese Grand Prix
95.681,50,HARD,2,25.319,28.738,41.624,7001000.0,100.0,10030.0,40,2.0,1,False,8411.166,RUS,63,None,None,8340.835,8369.573,8411.197,275.0,259.0,276.0,309.0,True,Mercedes,8315.485,2026-03-15T08:26:11.266000000,False,None,False,True,8400.828,15.0,57.3,1024.5,False,20.2,77,2.9,Chinese Grand Prix
95.531,51,HARD,2,25.125,28.642,41.764,7000100.0,10100.0,100000000.0,41,2.0,1,False,8506.697,RUS,63,None,None,8436.322,8464.964,8506.728,276.0,259.0,275.0,309.0,True,Mercedes,8411.166,2026-03-15T08:27:46.947000000,False,None,False,True,8460.818,15.0,57.4,1024.6,False,20.1,84,3.1,Chinese Grand Prix
95.547,52,HARD,2,25.306,28.715,41.526,7000000.0,0.0,0.0,42,2.0,1,False,8602.244,RUS,63,None,None,8532.034,8560.749,8602.275,276.0,260.0,275.0,312.0,True,Mercedes,8506.697,2026-03-15T08:29:22.478000000,False,None,False,True,8580.801,14.9,57.3,1024.6,False,20.0,95,4.1,Chinese Grand Prix
95.691,53,HARD,2,25.316,28.765,41.61,7000000.0,0.0,100000000.0,43,2.0,12,False,8697.935,RUS,63,None,None,8627.591,8656.356,8697.966,275.0,261.0,277.0,315.0,True,Mercedes,8602.244,2026-03-15T08:30:58.025000000,False,None,False,True,8700.85,15.0,57.4,1024.7,False,19.9,93,2.5,Chinese Grand Prix
96.457,54,HARD,2,25.418,29.072,41.967,7000000.0,0.0,0.0,44,2.0,1,False,8794.392,RUS,63,None,None,8723.384,8752.456,8794.423,277.0,263.0,277.0,323.0,True,Mercedes,8697.935,2026-03-15T08:32:33.716000000,False,None,False,True,8760.855,15.0,57.4,1024.5,False,20.0,84,2.4,Chinese Grand Prix
95.695,55,HARD,2,25.261,28.708,41.726,7000000.0,0.0,0.0,45,2.0,1,False,8890.087,RUS,63,None,None,8819.684,8848.392,8890.118,274.0,260.0,275.0,309.0,True,Mercedes,8794.392,2026-03-15T08:34:10.173000000,False,None,False,True,8880.869,15.0,57.5,1024.6,False,20.1,86,2.8,Chinese Grand Prix
95.4,56,HARD,2,25.226,28.71,41.464,7000000.0,11000.0,100010000.0,46,2.0,1,True,8985.487,RUS,63,None,None,8915.344,8944.054,8985.518,274.0,259.0,258.0,323.0,True,Mercedes,8890.087,2026-03-15T08:35:45.868000000,False,None,False,True,9000.856,14.9,57.5,1024.5,False,19.7,112,2.3,Chinese Grand Prix
107.507,1,MEDIUM,1,,32.338,43.861,7111111.0,111111.0,11133111110.0,1,11.0,12,False,3491.819,SAI,55,None,None,None,3448.158,3491.842,275.0,266.0,269.0,345.0,True,Williams,3384.05,2026-03-15T07:03:59.831000000,False,None,False,False,3420.295,15.6,55.2,1024.4,False,23.3,72,2.8,Chinese Grand Prix
100.743,2,MEDIUM,1,26.296,30.998,43.449,1111111.0,101110.0,11003011100.0,2,11.0,1,True,3592.562,SAI,55,None,None,3518.138,3549.136,3592.585,281.0,261.0,241.0,349.0,True,Williams,3491.819,2026-03-15T07:05:47.600000000,False,None,False,True,3540.312,15.6,55.3,1024.5,False,22.5,102,4.5,Chinese Grand Prix
99.987,3,MEDIUM,1,27.077,30.389,42.521,110.0,101110.0,10000111110.0,3,11.0,1,True,3692.549,SAI,55,None,None,3619.662,3650.051,3692.572,275.0,259.0,266.0,330.0,True,Williams,3592.562,2026-03-15T07:07:28.343000000,False,None,False,True,3600.332,15.5,55.8,1024.4,False,23.0,107,1.8,Chinese Grand Prix
98.988,4,MEDIUM,1,26.39,30.159,42.439,7010110.0,101111.0,10000111011.0,4,11.0,1,True,3791.537,SAI,55,None,None,3718.962,3749.121,3791.56,275.0,266.0,270.0,333.0,True,Williams,3692.549,2026-03-15T07:09:08.330000000,False,None,False,True,3720.342,15.5,55.4,1024.5,False,23.0,105,2.5,Chinese Grand Prix
99.754,5,MEDIUM,1,26.454,30.503,42.797,7000000.0,0.0,10.0,5,11.0,1,False,3891.291,SAI,55,None,None,3818.014,3848.517,3891.314,277.0,267.0,256.0,345.0,True,Williams,3791.537,2026-03-15T07:10:47.318000000,False,None,False,True,3840.33,15.5,55.3,1024.5,False,23.1,92,3.7,Chinese Grand Prix
100.138,6,MEDIUM,1,26.732,30.691,42.715,7000000.0,1000.0,100010000.0,6,12.0,1,False,3991.429,SAI,55,None,None,3918.046,3948.737,3991.452,282.0,261.0,268.0,329.0,True,Williams,3891.291,2026-03-15T07:12:27.072000000,False,None,False,True,3900.33,15.6,55.6,1024.5,False,22.9,107,2.2,Chinese Grand Prix
100.631,7,MEDIUM,1,26.571,30.596,43.464,7010000.0,1000.0,10000.0,7,13.0,1,False,4092.06,SAI,55,None,None,4018.023,4048.619,4092.083,275.0,256.0,267.0,331.0,True,Williams,3991.429,2026-03-15T07:14:07.210000000,False,None,False,True,4020.34,15.6,55.8,1024.5,False,22.4,111,2.4,Chinese Grand Prix
99.913,8,MEDIUM,1,26.363,30.686,42.864,7001001.0,1.0,1000.0,8,13.0,1,False,4191.973,SAI,55,None,None,4118.446,4149.132,4191.996,282.0,269.0,263.0,330.0,True,Williams,4092.06,2026-03-15T07:15:47.841000000,False,None,False,True,4080.343,15.6,55.9,1024.3,False,22.8,88,2.1,Chinese Grand Prix
105.134,9,MEDIUM,1,26.683,30.683,47.768,7000000.0,1000.0,13555.0,9,13.0,1,False,4297.107,SAI,55,None,4295.381,4218.679,4249.362,4297.13,274.0,257.0,None,323.0,True,Williams,4191.973,2026-03-15T07:17:27.754000000,False,None,False,False,4200.397,15.6,56.0,1024.5,False,22.6,110,2.6,Chinese Grand Prix
143.187,10,HARD,2,45.858,40.3,57.029,5500000.0,0.0,0.0,1,16.0,124,False,4440.294,SAI,55,4318.475,None,4342.988,4383.288,4440.317,276.0,243.0,167.0,214.0,True,Williams,4297.107,2026-03-15T07:19:12.888000000,False,None,False,False,4320.396,15.5,56.2,1024.6,False,22.4,92,1.5,Chinese Grand Prix
135.222,11,HARD,2,35.932,41.674,57.616,0.0,0.0,0.0,2,15.0,4,False,4575.516,SAI,55,None,None,4476.249,4517.923,4575.539,255.0,205.0,200.0,271.0,True,Williams,4440.294,2026-03-15T07:21:36.075000000,False,None,False,False,4440.382,15.5,55.5,1024.6,False,22.8,77,0.8,Chinese Grand Prix
127.751,12,HARD,2,34.991,36.307,56.453,7000000.0,1.0,0.0,3,14.0,4,False,4703.267,SAI,55,None,None,4610.53,4646.837,4703.29,257.0,266.0,162.0,90.0,True,Williams,4575.516,2026-03-15T07:23:51.297000000,False,None,False,False,4560.395,15.5,55.3,1024.7,False,22.7,0,0.0,Chinese Grand Prix
141.35,13,HARD,2,35.621,45.494,60.235,7000000.0,0.0,0.0,4,14.0,41,False,4844.617,SAI,55,None,None,4738.911,4784.405,4844.64,248.0,212.0,271.0,179.0,True,Williams,4703.267,2026-03-15T07:25:59.048000000,False,None,False,False,4740.397,15.5,55.1,1024.6,False,22.0,131,1.7,Chinese Grand Prix
100.484,14,HARD,2,26.556,30.777,43.151,1100001.0,0.0,0.0,5,13.0,1,False,4945.101,SAI,55,None,None,4871.196,4901.973,4945.124,282.0,274.0,268.0,346.0,True,Williams,4844.617,2026-03-15T07:28:20.398000000,False,None,False,True,4860.43,15.4,56.3,1024.7,False,22.4,112,1.1,Chinese Grand Prix
99.125,15,HARD,2,26.249,30.247,42.629,1.0,10011.0,1011000001.0,6,13.0,1,False,5044.226,SAI,55,None,None,4971.373,5001.62,5044.249,288.0,271.0,271.0,348.0,True,Williams,4945.101,2026-03-15T07:30:00.882000000,False,None,False,True,4980.417,15.4,56.2,1024.7,False,21.6,116,2.8,Chinese Grand Prix
99.428,16,HARD,2,26.37,30.308,42.75,7000000.0,0.0,1100000000.0,7,13.0,1,False,5143.654,SAI,55,None,None,5070.619,5100.927,5143.677,280.0,271.0,264.0,349.0,True,Williams,5044.226,2026-03-15T07:31:40.007000000,False,None,False,True,5100.455,15.2,56.6,1024.7,False,21.9,114,3.2,Chinese Grand Prix
99.029,17,HARD,2,26.094,30.295,42.64,7001000.0,0.0,0.0,8,13.0,12,False,5242.683,SAI,55,None,None,5169.771,5200.066,5242.706,284.0,270.0,270.0,335.0,True,Williams,5143.654,2026-03-15T07:33:19.435000000,False,None,False,True,5160.435,15.2,56.7,1024.7,False,21.9,126,1.0,Chinese Grand Prix
98.657,18,HARD,2,26.177,30.232,42.248,7010010.0,100000.0,1000100010.0,9,13.0,21,True,5341.34,SAI,55,None,None,5268.883,5299.115,5341.363,283.0,266.0,270.0,339.0,True,Williams,5242.683,2026-03-15T07:34:58.464000000,False,None,False,True,5280.444,15.3,56.2,1024.6,False,21.6,101,1.6,Chinese Grand Prix
99.119,19,HARD,2,26.228,30.251,42.64,7000100.0,1.0,0.0,10,13.0,1,False,5440.459,SAI,55,None,None,5367.591,5397.842,5440.482,283.0,272.0,269.0,339.0,True,Williams,5341.34,2026-03-15T07:36:37.121000000,False,None,False,True,5340.458,15.3,56.4,1024.6,False,21.6,98,2.0,Chinese Grand Prix
99.397,20,HARD,2,26.289,30.454,42.654,7000000.0,0.0,1.0,11,13.0,1,False,5539.856,SAI,55,None,None,5466.771,5497.225,5539.879,280.0,264.0,272.0,339.0,True,Williams,5440.459,2026-03-15T07:38:16.240000000,False,None,False,True,5460.458,15.3,56.8,1024.5,False,21.5,108,1.7,Chinese Grand Prix
99.144,21,HARD,2,26.375,30.111,42.658,7000010.0,101000.0,10.0,12,13.0,1,False,5639.0,SAI,55,None,None,5566.254,5596.365,5639.023,277.0,263.0,266.0,337.0,True,Williams,5539.856,2026-03-15T07:39:55.637000000,False,None,False,True,5580.486,15.3,56.9,1024.5,False,21.8,92,2.8,Chinese Grand Prix
100.245,22,HARD,2,26.872,30.584,42.789,7000000.0,0.0,100000.0,13,14.0,1,False,5739.245,SAI,55,None,None,5665.895,5696.479,5739.268,279.0,264.0,263.0,327.0,True,Williams,5639.0,2026-03-15T07:41:34.781000000,False,None,False,True,5640.491,15.3,57.0,1024.3,False,21.7,110,2.4,Chinese Grand Prix
99.101,23,HARD,2,26.286,30.238,42.577,7010000.0,100000.0,10000100000.0,14,14.0,1,False,5838.346,SAI,55,None,None,5765.554,5795.792,5838.369,278.0,268.0,269.0,323.0,True,Williams,5739.245,2026-03-15T07:43:15.026000000,False,None,False,True,5760.489,15.3,56.2,1024.3,False,21.6,89,1.5,Chinese Grand Prix
98.964,24,HARD,2,26.131,30.304,42.529,7010100.0,100000.0,10000000000.0,15,14.0,1,False,5937.31,SAI,55,None,None,5864.5,5894.804,5937.333,274.0,258.0,271.0,320.0,True,Williams,5838.346,2026-03-15T07:44:54.127000000,False,None,False,True,5880.499,15.4,56.2,1024.3,False,21.8,94,2.8,Chinese Grand Prix
98.754,25,HARD,2,26.161,30.131,42.462,7010000.0,101000.0,100010.0,16,14.0,1,False,6036.064,SAI,55,None,None,5963.494,5993.625,6036.087,276.0,265.0,271.0,327.0,True,Williams,5937.31,2026-03-15T07:46:33.091000000,False,None,False,True,5940.541,15.3,56.3,1024.3,False,21.7,93,2.2,Chinese Grand Prix
98.708,26,HARD,2,26.239,30.084,42.385,7010000.0,100000.0,100010.0,17,14.0,1,False,6134.772,SAI,55,None,None,6062.326,6092.41,6134.795,273.0,265.0,271.0,328.0,True,Williams,6036.064,2026-03-15T07:48:11.845000000,False,None,False,True,6060.553,15.3,56.5,1024.4,False,21.8,63,2.3,Chinese Grand Prix
99.708,27,HARD,2,26.155,30.228,43.325,7000000.0,0.0,0.0,18,13.0,12,False,6234.48,SAI,55,None,None,6160.95,6191.178,6234.503,275.0,264.0,263.0,327.0,True,Williams,6134.772,2026-03-15T07:49:50.553000000,False,None,False,True,6180.548,15.4,56.0,1024.4,False,21.8,70,2.2,Chinese Grand Prix
98.672,28,HARD,2,26.279,30.012,42.381,7000000.0,100100.0,10100000110.0,19,13.0,1,False,6333.152,SAI,55,None,None,6260.782,6290.794,6333.175,273.0,262.0,271.0,316.0,True,Williams,6234.48,2026-03-15T07:51:30.261000000,False,None,False,True,6240.572,15.4,56.0,1024.4,False,21.7,67,2.0,Chinese Grand Prix
98.814,29,HARD,2,26.226,29.98,42.608,7000000.0,1000.0,0.0,20,13.0,1,False,6431.966,SAI,55,None,None,6359.401,6389.381,6431.989,272.0,262.0,271.0,317.0,True,Williams,6333.152,2026-03-15T07:53:08.933000000,False,None,False,True,6360.641,15.4,55.6,1024.4,False,21.6,77,3.0,Chinese Grand Prix
98.509,30,HARD,2,26.109,29.995,42.405,7000100.0,101000.0,110.0,21,12.0,1,True,6530.475,SAI,55,None,None,6458.098,6488.093,6530.498,275.0,261.0,270.0,320.0,True,Williams,6431.966,2026-03-15T07:54:47.747000000,False,None,False,True,6480.569,15.4,55.8,1024.4,False,21.2,77,2.6,Chinese Grand Prix
98.46,31,HARD,2,26.119,30.017,42.324,7000000.0,1000.0,110.0,22,12.0,1,True,6628.935,SAI,55,None,None,6556.617,6586.634,6628.958,274.0,261.0,270.0,319.0,True,Williams,6530.475,2026-03-15T07:56:26.256000000,False,None,False,True,6540.585,15.4,55.8,1024.4,False,21.2,77,2.6,Chinese Grand Prix
98.339,32,HARD,2,26.097,29.955,42.287,7000000.0,100.0,100000.0,23,12.0,1,True,6727.274,SAI,55,None,None,6655.055,6685.01,6727.297,275.0,262.0,270.0,318.0,True,Williams,6628.935,2026-03-15T07:58:04.716000000,False,None,False,True,6660.608,15.2,56.6,1024.5,False,21.1,84,1.6,Chinese Grand Prix
98.462,33,HARD,2,26.147,29.889,42.426,7000000.0,101000.0,10000000000.0,24,11.0,12,False,6825.736,SAI,55,None,None,6753.444,6783.333,6825.759,275.0,264.0,270.0,318.0,True,Williams,6727.274,2026-03-15T07:59:43.055000000,False,None,False,True,6720.626,15.3,56.8,1024.5,False,21.1,84,2.2,Chinese Grand Prix
98.763,34,HARD,2,26.33,29.946,42.487,7000000.0,100000.0,10.0,25,11.0,1,False,6924.499,SAI,55,None,None,6852.089,6882.035,6924.522,277.0,261.0,270.0,318.0,True,Williams,6825.736,2026-03-15T08:01:21.517000000,False,None,False,True,6840.653,15.3,56.2,1024.5,False,20.8,86,1.7,Chinese Grand Prix
98.672,35,HARD,2,26.173,29.987,42.512,7000000.0,0.0,0.0,26,11.0,1,False,7023.171,SAI,55,None,None,6950.695,6980.682,7023.194,279.0,262.0,270.0,315.0,True,Williams,6924.499,2026-03-15T08:03:00.280000000,False,None,False,True,6960.665,15.3,56.1,1024.5,False,21.0,108,1.6,Chinese Grand Prix
98.744,36,HARD,2,26.216,30.071,42.457,7000000.0,100.0,10.0,27,10.0,1,False,7121.915,SAI,55,None,None,7049.41,7079.481,7121.938,276.0,263.0,270.0,313.0,True,Williams,7023.171,2026-03-15T08:04:38.952000000,False,None,False,True,7020.691,15.3,55.9,1024.4,False,21.0,98,1.6,Chinese Grand Prix
98.48,37,HARD,2,26.157,29.955,42.368,7000000.0,0.0,100000000.0,28,10.0,1,False,7220.395,SAI,55,None,None,7148.095,7178.05,7220.418,277.0,264.0,270.0,313.0,True,Williams,7121.915,2026-03-15T08:06:17.696000000,False,None,False,True,7140.713,15.3,55.4,1024.5,False,20.3,121,2.4,Chinese Grand Prix
98.495,38,HARD,2,26.147,29.847,42.501,7000000.0,1000.0,10000000000.0,29,10.0,1,False,7318.89,SAI,55,None,None,7246.565,7276.412,7318.913,276.0,266.0,271.0,314.0,True,Williams,7220.395,2026-03-15T08:07:56.176000000,False,None,False,True,7200.701,15.3,55.4,1024.5,False,20.3,121,2.4,Chinese Grand Prix
98.585,39,HARD,2,26.207,29.939,42.439,7000000.0,0.0,0.0,30,10.0,1,False,7417.475,SAI,55,None,None,7345.12,7375.059,7417.498,277.0,264.0,271.0,315.0,True,Williams,7318.89,2026-03-15T08:09:34.671000000,False,None,False,True,7320.732,15.1,56.6,1024.4,False,20.9,83,3.1,Chinese Grand Prix
98.358,40,HARD,2,26.101,29.881,42.376,7000000.0,100.0,10001.0,31,10.0,1,False,7515.833,SAI,55,None,None,7443.599,7473.48,7515.856,278.0,264.0,272.0,314.0,True,Williams,7417.475,2026-03-15T08:11:13.256000000,False,None,False,True,7440.702,15.2,56.3,1024.4,False,20.3,88,3.1,Chinese Grand Prix
98.421,41,HARD,2,26.08,29.834,42.507,7000000.0,1100.0,0.0,32,10.0,1,False,7614.254,SAI,55,None,None,7541.936,7571.77,7614.277,278.0,261.0,270.0,312.0,True,Williams,7515.833,2026-03-15T08:12:51.614000000,False,None,False,True,7500.718,15.2,55.9,1024.3,False,20.5,92,2.6,Chinese Grand Prix
98.272,42,HARD,2,26.148,29.772,42.352,7000000.0,100.0,1.0,33,10.0,1,True,7712.526,SAI,55,None,None,7640.425,7670.197,7712.549,278.0,264.0,272.0,311.0,True,Williams,7614.254,2026-03-15T08:14:30.035000000,False,None,False,True,7620.711,15.1,56.5,1024.3,False,20.5,88,2.7,Chinese Grand Prix
98.283,43,HARD,2,26.032,29.702,42.549,7000000.0,1001.0,11.0,34,10.0,1,False,7810.809,SAI,55,None,None,7738.581,7768.283,7810.832,277.0,265.0,272.0,312.0,True,Williams,7712.526,2026-03-15T08:16:08.307000000,False,None,False,True,7740.749,15.1,56.3,1024.2,False,20.3,91,3.3,Chinese Grand Prix
98.268,44,HARD,2,26.0,29.706,42.562,7010010.0,100.0,1.0,35,10.0,1,True,7909.077,SAI,55,None,None,7836.832,7866.538,7909.1,276.0,264.0,273.0,314.0,True,Williams,7810.809,2026-03-15T08:17:46.590000000,False,None,False,True,7800.765,15.1,56.6,1024.3,False,20.4,61,2.7,Chinese Grand Prix
98.104,45,HARD,2,25.973,29.728,42.403,7000000.0,1000.0,100000000.0,36,9.0,1,True,8007.181,SAI,55,None,None,7935.073,7964.801,8007.204,277.0,262.0,272.0,313.0,True,Williams,7909.077,2026-03-15T08:19:24.858000000,False,None,False,True,7920.767,15.1,56.9,1024.3,False,20.4,77,3.3,Chinese Grand Prix
98.034,46,HARD,2,26.024,29.595,42.415,7000000.0,11100.0,0.0,37,9.0,1,True,8105.215,SAI,55,None,None,8033.228,8062.823,8105.238,278.0,265.0,271.0,314.0,True,Williams,8007.181,2026-03-15T08:21:02.962000000,False,None,False,True,7980.783,15.1,56.5,1024.4,False,20.5,81,3.9,Chinese Grand Prix
98.329,47,HARD,2,26.108,29.663,42.558,7010000.0,0.0,10.0,38,9.0,1,False,8203.544,SAI,55,None,None,8131.346,8161.009,8203.567,276.0,267.0,272.0,316.0,True,Williams,8105.215,2026-03-15T08:22:40.996000000,False,None,False,True,8100.772,15.1,56.9,1024.4,False,20.2,77,3.3,Chinese Grand Prix
98.022,48,HARD,2,26.001,29.645,42.376,7000000.0,0.0,100000001.0,39,9.0,1,True,8301.566,SAI,55,None,None,8229.568,8259.213,8301.589,278.0,262.0,273.0,314.0,True,Williams,8203.544,2026-03-15T08:24:19.325000000,False,None,False,True,8220.803,15.0,57.4,1024.4,False,20.1,91,2.4,Chinese Grand Prix
98.022,49,HARD,2,25.964,29.624,42.434,7010000.0,0.0,10.0,40,9.0,1,False,8399.588,SAI,55,None,None,8327.553,8357.177,8399.611,279.0,263.0,272.0,315.0,True,Williams,8301.566,2026-03-15T08:25:57.347000000,False,None,False,True,8280.808,15.0,57.4,1024.4,False,20.2,93,2.0,Chinese Grand Prix
99.03,50,HARD,2,25.984,30.254,42.792,7000000.0,100.0,1.0,41,9.0,1,False,8498.618,SAI,55,None,None,8425.595,8455.849,8498.641,278.0,199.0,275.0,338.0,True,Williams,8399.588,2026-03-15T08:27:35.369000000,False,None,False,True,8400.828,15.0,57.3,1024.5,False,20.2,77,2.9,Chinese Grand Prix
97.981,51,HARD,2,25.961,29.737,42.283,7000001.0,1.0,100000000.0,42,9.0,1,True,8596.599,SAI,55,None,None,8524.602,8554.339,8596.622,282.0,269.0,270.0,321.0,True,Williams,8498.618,2026-03-15T08:29:14.399000000,False,None,False,True,8460.818,15.0,57.4,1024.6,False,20.1,84,3.1,Chinese Grand Prix
98.424,52,HARD,2,26.1,29.779,42.545,7000000.0,0.0,0.0,43,9.0,12,False,8695.023,SAI,55,None,None,8622.722,8652.501,8695.046,277.0,265.0,273.0,314.0,True,Williams,8596.599,2026-03-15T08:30:52.380000000,False,None,False,True,8580.801,14.9,57.3,1024.6,False,20.0,95,4.1,Chinese Grand Prix
100.087,53,HARD,2,26.026,29.873,44.188,7000000.0,0.0,100000000.0,44,9.0,1,False,8795.11,SAI,55,None,None,8721.072,8750.945,8795.133,280.0,262.0,275.0,316.0,True,Williams,8695.023,2026-03-15T08:32:30.804000000,False,None,False,True,8700.85,15.0,57.4,1024.7,False,19.9,93,2.5,Chinese Grand Prix
98.254,54,HARD,2,25.887,29.86,42.507,7000000.0,0.0,100000000.0,45,9.0,1,False,8893.364,SAI,55,None,None,8821.02,8850.88,8893.387,283.0,263.0,269.0,319.0,True,Williams,8795.11,2026-03-15T08:34:10.891000000,False,None,False,True,8760.855,15.0,57.4,1024.5,False,20.0,84,2.4,Chinese Grand Prix
98.228,55,HARD,2,26.016,29.678,42.534,7000000.0,11110.0,0.0,46,9.0,1,False,8991.592,SAI,55,None,None,8919.403,8949.081,8991.615,278.0,262.0,272.0,326.0,True,Williams,8893.364,2026-03-15T08:35:49.145000000,False,None,False,True,8880.869,15.0,57.5,1024.6,False,20.1,86,2.8,Chinese Grand Prix
109.471,1,HARD,1,,31.291,44.166,7111111.0,111111.0,11111111111.0,1,16.0,12,False,3493.783,STR,18,None,None,None,3449.731,3493.921,270.0,269.0,266.0,321.0,True,Aston Martin,3384.05,2026-03-15T07:03:59.831000000,False,None,False,False,3420.295,15.6,55.2,1024.4,False,23.3,72,2.8,Chinese Grand Prix
101.83,2,HARD,1,26.76,31.498,43.572,1111100.0,101110.0,10100111111.0,2,16.0,1,True,3595.613,STR,18,None,None,3520.651,3552.149,3595.721,278.0,250.0,267.0,312.0,True,Aston Martin,3493.783,2026-03-15T07:05:49.564000000,False,None,False,True,3540.312,15.6,55.3,1024.5,False,22.5,102,4.5,Chinese Grand Prix
101.798,3,HARD,1,26.812,31.468,43.518,7001100.0,100010.0,111110.0,3,16.0,1,True,3697.411,STR,18,None,None,3622.533,3654.001,3697.519,261.0,250.0,265.0,308.0,True,Aston Martin,3595.613,2026-03-15T07:07:31.394000000,False,None,False,True,3600.332,15.5,55.8,1024.4,False,23.0,107,1.8,Chinese Grand Prix
101.854,4,HARD,1,26.814,31.671,43.369,1110.0,110.0,10100011100.0,4,16.0,1,False,3799.265,STR,18,None,None,3724.333,3756.004,3799.373,255.0,246.0,266.0,303.0,True,Aston Martin,3697.411,2026-03-15T07:09:13.192000000,False,None,False,True,3720.342,15.5,55.4,1024.5,False,23.0,105,2.5,Chinese Grand Prix
100.992,5,HARD,1,26.536,31.071,43.385,1001110.0,100100.0,101010.0,5,16.0,1,True,3900.257,STR,18,None,None,3825.909,3856.98,3900.365,255.0,248.0,265.0,305.0,True,Aston Martin,3799.265,2026-03-15T07:10:55.046000000,False,None,False,True,3840.33,15.5,55.3,1024.5,False,23.1,92,3.7,Chinese Grand Prix
100.971,6,HARD,1,26.716,30.917,43.338,100.0,100100.0,1110.0,6,16.0,1,True,4001.228,STR,18,None,None,3927.081,3957.998,4001.336,255.0,248.0,266.0,302.0,True,Aston Martin,3900.257,2026-03-15T07:12:36.038000000,False,None,False,True,3900.33,15.6,55.6,1024.5,False,22.9,107,2.2,Chinese Grand Prix
100.956,7,HARD,1,26.685,30.942,43.329,7010110.0,0.0,11000.0,7,16.0,1,True,4102.184,STR,18,None,None,4028.021,4058.963,4102.292,255.0,247.0,264.0,307.0,True,Aston Martin,4001.228,2026-03-15T07:14:17.009000000,False,None,False,True,4020.34,15.6,55.8,1024.5,False,22.4,111,2.4,Chinese Grand Prix
101.174,8,HARD,1,26.692,31.176,43.306,7000000.0,0.0,10.0,8,16.0,1,False,4203.358,STR,18,None,None,4128.984,4160.16,4203.466,256.0,246.0,266.0,304.0,True,Aston Martin,4102.184,2026-03-15T07:15:57.965000000,False,None,False,True,4080.343,15.6,55.9,1024.3,False,22.8,88,2.1,Chinese Grand Prix
100.883,9,HARD,1,26.575,30.832,43.476,7000010.0,0.0,10000000.0,9,16.0,1,True,4304.241,STR,18,None,None,4230.041,4260.873,4304.349,258.0,253.0,263.0,320.0,True,Aston Martin,4203.358,2026-03-15T07:17:39.139000000,False,None,False,True,4200.397,15.6,56.0,1024.5,False,22.6,110,2.6,Chinese Grand Prix
,10,HARD,1,,,,7777777.0,,,10,,124,None,4454.241,STR,18,None,None,None,None,None,None,None,None,None,True,Aston Martin,4304.241,2026-03-15T07:19:20.022000000,False,None,True,False,4320.396,15.5,56.2,1024.6,False,22.4,92,1.5,Chinese Grand Prix
,11,HARD,1,,,,,,,11,,4,None,4454.433,STR,18,None,None,None,None,None,None,None,None,None,True,Aston Martin,4454.241,None,None,None,True,False,4440.382,15.5,55.5,1024.6,False,22.8,77,0.8,Chinese Grand Prix
107.91,1,SOFT,1,,31.169,43.911,7111111.0,111111.0,11111111111.0,4,13.0,12,False,3492.231,VER,3,None,None,None,3448.516,3492.412,291.0,267.0,271.0,341.0,False,Red Bull Racing,3384.05,2026-03-15T07:03:59.831000000,False,None,False,False,3420.295,15.6,55.2,1024.4,False,23.3,72,2.8,Chinese Grand Prix
100.295,2,SOFT,1,26.205,31.087,43.003,1311113.0,1110.0,11100111111.0,5,10.0,1,True,3592.526,VER,3,None,None,3518.493,3549.58,3592.583,281.0,255.0,271.0,322.0,False,Red Bull Racing,3492.231,2026-03-15T07:05:48.012000000,False,None,False,True,3540.312,15.6,55.3,1024.5,False,22.5,102,4.5,Chinese Grand Prix
99.08,3,SOFT,1,25.992,30.619,42.469,11110.0,100111.0,11000111111.0,6,10.0,1,True,3691.606,VER,3,None,None,3618.575,3649.194,3691.663,264.0,259.0,277.0,321.0,False,Red Bull Racing,3592.526,2026-03-15T07:07:28.307000000,False,None,False,True,3600.332,15.5,55.8,1024.4,False,23.0,107,1.8,Chinese Grand Prix
99.12,4,SOFT,1,26.144,30.322,42.654,7000100.0,100011.0,100001.0,7,10.0,1,False,3790.726,VER,3,None,None,3717.807,3748.129,3790.783,270.0,262.0,277.0,325.0,False,Red Bull Racing,3691.606,2026-03-15T07:09:07.387000000,False,None,False,True,3720.342,15.5,55.4,1024.5,False,23.0,105,2.5,Chinese Grand Prix
99.582,5,SOFT,1,26.651,30.4,42.531,3330000.0,1100.0,11000.0,8,10.0,1,False,3890.308,VER,3,None,None,3817.434,3847.834,3890.365,269.0,260.0,275.0,324.0,False,Red Bull Racing,3790.726,2026-03-15T07:10:46.507000000,True,TRACK LIMITS AT TURN 2 LAP 5 ,False,True,3840.33,15.5,55.3,1024.5,False,23.1,92,3.7,Chinese Grand Prix
99.206,6,SOFT,1,26.14,30.474,42.592,100.0,1.0,10000.0,9,10.0,1,False,3989.514,VER,3,None,None,3916.505,3946.979,3989.571,272.0,267.0,277.0,328.0,False,Red Bull Racing,3890.308,2026-03-15T07:12:26.089000000,False,None,False,True,3900.33,15.6,55.6,1024.5,False,22.9,107,2.2,Chinese Grand Prix
99.574,7,SOFT,1,26.111,30.64,42.823,7000010.0,0.0,0.0,10,10.0,1,False,4089.088,VER,3,None,None,4015.682,4046.322,4089.145,273.0,259.0,275.0,325.0,False,Red Bull Racing,3989.514,2026-03-15T07:14:05.295000000,False,None,False,True,4020.34,15.6,55.8,1024.5,False,22.4,111,2.4,Chinese Grand Prix
99.465,8,SOFT,1,26.042,30.748,42.675,7000000.0,0.0,10000000.0,11,10.0,1,False,4188.553,VER,3,None,None,4115.187,4145.935,4188.61,272.0,265.0,274.0,322.0,False,Red Bull Racing,4089.088,2026-03-15T07:15:44.869000000,False,None,False,True,4080.343,15.6,55.9,1024.3,False,22.8,88,2.1,Chinese Grand Prix
105.525,9,SOFT,1,26.282,30.798,48.445,7000000.0,0.0,1555.0,12,12.0,1,False,4294.078,VER,3,None,4292.287,4214.892,4245.69,4294.135,272.0,263.0,None,323.0,False,Red Bull Racing,4188.553,2026-03-15T07:17:24.334000000,False,None,False,False,4200.397,15.6,56.0,1024.5,False,22.6,110,2.6,Chinese Grand Prix
143.152,10,HARD,2,46.287,39.105,57.76,5500010.0,0.0,0.0,1,15.0,124,False,4437.23,VER,3,4316.003,None,4340.422,4379.527,4437.287,266.0,154.0,217.0,223.0,True,Red Bull Racing,4294.078,2026-03-15T07:19:09.859000000,False,None,False,False,4320.396,15.5,56.2,1024.6,False,22.4,92,1.5,Chinese Grand Prix
135.068,11,HARD,2,35.451,40.422,59.195,0.0,0.0,0.0,2,14.0,4,False,4572.298,VER,3,None,None,4472.738,4513.16,4572.355,226.0,225.0,219.0,253.0,True,Red Bull Racing,4437.23,2026-03-15T07:21:33.011000000,False,None,False,False,4440.382,15.5,55.5,1024.6,False,22.8,77,0.8,Chinese Grand Prix
129.669,12,HARD,2,32.207,34.84,62.622,7000000.0,0.0,0.0,3,13.0,4,False,4701.967,VER,3,None,None,4604.562,4639.402,4702.024,235.0,214.0,120.0,106.0,True,Red Bull Racing,4572.298,2026-03-15T07:23:48.079000000,False,None,False,False,4560.395,15.5,55.3,1024.7,False,22.7,0,0.0,Chinese Grand Prix
142.347,13,HARD,2,35.686,45.94,60.721,7000000.0,0.0,0.0,4,13.0,41,False,4844.314,VER,3,None,None,4737.71,4783.65,4844.371,225.0,204.0,270.0,205.0,True,Red Bull Racing,4701.967,2026-03-15T07:25:57.748000000,False,None,False,False,4740.397,15.5,55.1,1024.6,False,22.0,131,1.7,Chinese Grand Prix
99.573,14,HARD,2,26.178,30.957,42.438,7300003.0,1000.0,100010010.0,5,11.0,1,False,4943.887,VER,3,None,None,4870.549,4901.506,4943.944,309.0,261.0,274.0,325.0,True,Red Bull Racing,4844.314,2026-03-15T07:28:20.095000000,False,None,False,True,4860.43,15.4,56.3,1024.7,False,22.4,112,1.1,Chinese Grand Prix
99.068,15,HARD,2,25.966,30.709,42.393,7000010.0,1.0,10000110000.0,6,11.0,1,True,5042.955,VER,3,None,None,4969.91,5000.619,5043.012,300.0,264.0,276.0,322.0,True,Red Bull Racing,4943.887,2026-03-15T07:29:59.668000000,False,None,False,True,4980.417,15.4,56.2,1024.7,False,21.6,116,2.8,Chinese Grand Prix
98.953,16,HARD,2,26.214,30.102,42.637,7000000.0,101101.0,3.0,7,11.0,1,True,5141.908,VER,3,None,None,5069.226,5099.328,5141.965,274.0,269.0,280.0,320.0,True,Red Bull Racing,5042.955,2026-03-15T07:31:38.736000000,False,None,False,True,5100.455,15.2,56.6,1024.7,False,21.9,114,3.2,Chinese Grand Prix
98.267,17,HARD,2,25.735,30.129,42.403,7000000.0,101000.0,10000000.0,8,10.0,12,True,5240.175,VER,3,None,None,5167.7,5197.829,5240.232,274.0,263.0,279.0,328.0,True,Red Bull Racing,5141.908,2026-03-15T07:33:17.689000000,False,None,False,True,5160.435,15.2,56.7,1024.7,False,21.9,126,1.0,Chinese Grand Prix
97.35,18,HARD,2,25.558,29.953,41.839,3000100.0,1.0,10000100010.0,9,9.0,21,True,5337.525,VER,3,None,None,5265.79,5295.743,5337.582,276.0,265.0,276.0,323.0,True,Red Bull Racing,5240.175,2026-03-15T07:34:55.956000000,False,None,False,True,5280.444,15.3,56.2,1024.6,False,21.6,101,1.6,Chinese Grand Prix
99.035,19,HARD,2,25.661,30.788,42.586,10.0,0.0,111000000.0,10,9.0,1,False,5436.56,VER,3,None,None,5363.243,5394.031,5436.617,302.0,269.0,262.0,340.0,True,Red Bull Racing,5337.525,2026-03-15T07:36:33.306000000,False,None,False,True,5340.458,15.3,56.4,1024.6,False,21.6,98,2.0,Chinese Grand Prix
98.531,20,HARD,2,26.528,29.882,42.121,7001000.0,101000.0,10000000001.0,11,8.0,1,False,5535.091,VER,3,None,None,5463.145,5493.027,5535.148,274.0,266.0,279.0,327.0,True,Red Bull Racing,5436.56,2026-03-15T07:38:12.341000000,False,None,False,True,5460.458,15.3,56.8,1024.5,False,21.5,108,1.7,Chinese Grand Prix
98.768,21,HARD,2,25.933,30.162,42.673,7000000.0,0.0,100000000.0,12,7.0,1,False,5633.859,VER,3,None,None,5561.081,5591.243,5633.916,306.0,264.0,269.0,323.0,True,Red Bull Racing,5535.091,2026-03-15T07:39:50.872000000,False,None,False,True,5580.486,15.3,56.9,1024.5,False,21.8,92,2.8,Chinese Grand Prix
98.147,22,HARD,2,25.68,29.815,42.652,7000003.0,110001.0,10100.0,13,6.0,1,False,5732.006,VER,3,None,None,5659.596,5689.411,5732.063,309.0,255.0,255.0,304.0,True,Red Bull Racing,5633.859,2026-03-15T07:41:29.640000000,False,None,False,True,5640.491,15.3,57.0,1024.3,False,21.7,110,2.4,Chinese Grand Prix
98.039,23,HARD,2,26.181,29.738,42.12,7000000.0,100110.0,1000000110.0,14,6.0,1,False,5830.045,VER,3,None,None,5758.244,5787.982,5830.102,269.0,258.0,275.0,313.0,True,Red Bull Racing,5732.006,2026-03-15T07:43:07.787000000,False,None,False,True,5760.489,15.3,56.2,1024.3,False,21.6,89,1.5,Chinese Grand Prix
97.88,24,HARD,2,25.854,29.807,42.219,7000100.0,100.0,10000000000.0,15,6.0,1,False,5927.925,VER,3,None,None,5855.956,5885.763,5927.982,267.0,258.0,270.0,311.0,True,Red Bull Racing,5830.045,2026-03-15T07:44:45.826000000,False,None,False,True,5880.499,15.4,56.2,1024.3,False,21.8,94,2.8,Chinese Grand Prix
97.869,25,HARD,2,25.976,29.754,42.139,7000000.0,0.0,100000.0,16,6.0,1,False,6025.794,VER,3,None,None,5953.958,5983.712,6025.851,269.0,262.0,276.0,312.0,True,Red Bull Racing,5927.925,2026-03-15T07:46:23.706000000,False,None,False,True,5940.541,15.3,56.3,1024.3,False,21.7,93,2.2,Chinese Grand Prix
97.38,26,HARD,2,25.716,29.645,42.019,7000000.0,100.0,100000.0,17,6.0,1,False,6123.174,VER,3,None,None,6051.567,6081.212,6123.231,269.0,265.0,275.0,312.0,True,Red Bull Racing,6025.794,2026-03-15T07:48:01.575000000,False,None,False,True,6060.553,15.3,56.5,1024.4,False,21.8,63,2.3,Chinese Grand Prix
97.645,27,HARD,2,25.876,29.73,42.039,7000100.0,0.0,0.0,18,6.0,1,False,6220.819,VER,3,None,None,6149.107,6178.837,6220.876,270.0,262.0,277.0,309.0,True,Red Bull Racing,6123.174,2026-03-15T07:49:38.955000000,False,None,False,True,6180.548,15.4,56.0,1024.4,False,21.8,70,2.2,Chinese Grand Prix
97.368,28,HARD,2,25.679,29.705,41.984,7000000.0,100.0,100.0,19,6.0,12,False,6318.187,VER,3,None,None,6246.555,6276.26,6318.244,268.0,259.0,276.0,313.0,True,Red Bull Racing,6220.819,2026-03-15T07:51:16.600000000,False,None,False,True,6240.572,15.4,56.0,1024.4,False,21.7,67,2.0,Chinese Grand Prix
97.672,29,HARD,2,25.829,29.805,42.038,7000000.0,0.0,100000010.0,20,6.0,1,False,6415.859,VER,3,None,None,6344.073,6373.878,6415.916,268.0,261.0,277.0,313.0,True,Red Bull Racing,6318.187,2026-03-15T07:52:53.968000000,False,None,False,True,6360.641,15.4,55.6,1024.4,False,21.6,77,3.0,Chinese Grand Prix
97.587,30,HARD,2,25.687,29.767,42.133,7000100.0,0.0,0.0,21,6.0,1,False,6513.446,VER,3,None,None,6441.603,6471.37,6513.503,270.0,260.0,275.0,312.0,True,Red Bull Racing,6415.859,2026-03-15T07:54:31.640000000,False,None,False,True,6480.569,15.4,55.8,1024.4,False,21.2,77,2.6,Chinese Grand Prix
97.518,31,HARD,2,25.758,29.78,41.98,7000000.0,100000.0,0.0,22,6.0,1,False,6610.964,VER,3,None,None,6539.261,6569.041,6611.021,270.0,260.0,275.0,313.0,True,Red Bull Racing,6513.446,2026-03-15T07:56:09.227000000,False,None,False,True,6540.585,15.4,55.8,1024.4,False,21.2,77,2.6,Chinese Grand Prix
97.76,32,HARD,2,25.833,29.936,41.991,7000000.0,0.0,100000010.0,23,6.0,1,False,6708.724,VER,3,None,None,6636.854,6666.79,6708.781,269.0,260.0,278.0,312.0,True,Red Bull Racing,6610.964,2026-03-15T07:57:46.745000000,False,None,False,True,6660.608,15.2,56.6,1024.5,False,21.1,84,1.6,Chinese Grand Prix
97.381,33,HARD,2,25.69,29.705,41.986,7000000.0,1000.0,10000000000.0,24,6.0,12,False,6806.105,VER,3,None,None,6734.471,6764.176,6806.162,269.0,263.0,274.0,312.0,True,Red Bull Racing,6708.724,2026-03-15T07:59:24.505000000,False,None,False,True,6720.626,15.3,56.8,1024.5,False,21.1,84,2.2,Chinese Grand Prix
97.41,34,HARD,2,25.748,29.64,42.022,7000000.0,1000.0,0.0,25,6.0,1,False,6903.515,VER,3,None,None,6831.91,6861.55,6903.572,269.0,261.0,274.0,313.0,True,Red Bull Racing,6806.105,2026-03-15T08:01:01.886000000,False,None,False,True,6840.653,15.3,56.2,1024.5,False,20.8,86,1.7,Chinese Grand Prix
97.49,35,HARD,2,25.741,29.682,42.067,7000000.0,1000.0,100000000.0,26,6.0,1,False,7001.005,VER,3,None,None,6929.313,6958.995,7001.062,269.0,262.0,277.0,310.0,True,Red Bull Racing,6903.515,2026-03-15T08:02:39.296000000,False,None,False,True,6960.665,15.3,56.1,1024.5,False,21.0,108,1.6,Chinese Grand Prix
97.229,36,HARD,2,25.652,29.627,41.95,7000000.0,100.0,100000000.0,27,6.0,1,True,7098.234,VER,3,None,None,7026.714,7056.341,7098.291,271.0,262.0,277.0,314.0,True,Red Bull Racing,7001.005,2026-03-15T08:04:16.786000000,False,None,False,True,7020.691,15.3,55.9,1024.4,False,21.0,98,1.6,Chinese Grand Prix
97.15,37,HARD,2,25.592,29.668,41.89,7000100.0,0.0,10000000000.0,28,6.0,1,True,7195.384,VER,3,None,None,7123.883,7153.551,7195.441,273.0,262.0,276.0,315.0,True,Red Bull Racing,7098.234,2026-03-15T08:05:54.015000000,False,None,False,True,7140.713,15.3,55.4,1024.5,False,20.3,121,2.4,Chinese Grand Prix
97.063,38,HARD,2,25.681,29.517,41.865,7000000.0,1000.0,1.0,29,6.0,1,True,7292.447,VER,3,None,None,7221.122,7250.639,7292.504,270.0,262.0,279.0,313.0,True,Red Bull Racing,7195.384,2026-03-15T08:07:31.165000000,False,None,False,True,7200.701,15.3,55.4,1024.5,False,20.3,121,2.4,Chinese Grand Prix
97.046,39,HARD,2,25.612,29.585,41.849,7000000.0,1000.0,11100000000.0,30,6.0,1,True,7389.493,VER,3,None,None,7318.116,7347.701,7389.55,270.0,262.0,276.0,312.0,True,Red Bull Racing,7292.447,2026-03-15T08:09:08.228000000,False,None,False,True,7320.732,15.1,56.6,1024.4,False,20.9,83,3.1,Chinese Grand Prix
97.255,40,HARD,2,25.589,29.596,42.07,7001000.0,1000.0,0.0,31,6.0,1,False,7486.748,VER,3,None,None,7415.139,7444.735,7486.805,273.0,263.0,276.0,313.0,True,Red Bull Racing,7389.493,2026-03-15T08:10:45.274000000,False,None,False,True,7440.702,15.2,56.3,1024.4,False,20.3,88,3.1,Chinese Grand Prix
97.405,41,HARD,2,25.665,29.626,42.114,7000000.0,0.0,0.0,32,6.0,1,False,7584.153,VER,3,None,None,7512.47,7542.096,7584.21,275.0,262.0,278.0,315.0,True,Red Bull Racing,7486.748,2026-03-15T08:12:22.529000000,False,None,False,True,7500.718,15.2,55.9,1024.3,False,20.5,92,2.6,Chinese Grand Prix
97.383,42,HARD,2,25.581,29.634,42.168,7000100.0,1000.0,0.0,33,6.0,1,False,7681.536,VER,3,None,None,7609.791,7639.425,7681.593,272.0,263.0,278.0,310.0,True,Red Bull Racing,7584.153,2026-03-15T08:13:59.934000000,False,None,False,True,7620.711,15.1,56.5,1024.3,False,20.5,88,2.7,Chinese Grand Prix
97.123,43,HARD,2,25.642,29.518,41.963,7000000.0,100.0,100000003.0,34,6.0,1,False,7778.659,VER,3,None,None,7707.235,7736.753,7778.716,273.0,265.0,279.0,312.0,True,Red Bull Racing,7681.536,2026-03-15T08:15:37.317000000,False,None,False,True,7740.749,15.1,56.3,1024.2,False,20.3,91,3.3,Chinese Grand Prix
97.092,44,HARD,2,25.525,29.52,42.047,7000000.0,101001.0,0.0,35,6.0,1,False,7875.751,VER,3,None,None,7804.241,7833.761,7875.808,276.0,267.0,279.0,314.0,True,Red Bull Racing,7778.659,2026-03-15T08:17:14.440000000,False,None,False,True,7800.765,15.1,56.6,1024.3,False,20.4,61,2.7,Chinese Grand Prix
154.867,45,HARD,2,25.784,54.024,75.059,7000000.0,0.0,555.0,36,13.0,1,False,8030.686,VER,3,None,8028.93,7901.715,7955.737,8030.743,277.0,129.0,None,143.0,True,Red Bull Racing,7875.751,2026-03-15T08:18:51.532000000,False,None,False,False,7920.767,15.1,56.9,1024.3,False,20.4,77,3.3,Chinese Grand Prix
