time,lap,compound,stint,s1,s2,s3,ms1,ms2,ms3,life,pos,status,pb,sesT,drv,dNum,pout,pin,s1T,s2T,s3T,vi1,vi2,vfl,vst,fresh,team,lST,lSD,del,delR,ff1G,iacc,wT,wAT,wH,wP,wR,wTT,wWD,wWS,race
99.376,1,MEDIUM,1,,19.018,39.109,77777777.0,0.0,77.0,1,12.0,1,False,3839.355,ALB,23,None,None,None,3800.705,3839.566,225.0,290.0,291.0,209.0,True,Williams,3739.743,2026-03-08T04:03:26.366000000,False,None,False,False,3793.796,24.2,54.0,1012.8,False,36.6,104,4.4,Australian Grand Prix
87.78,2,MEDIUM,1,31.155,18.16,38.465,100111.0,10001.0,1011010011.0,2,13.0,1,True,3927.135,ALB,23,None,None,3870.594,3888.754,3927.219,259.0,285.0,281.0,265.0,True,Williams,3839.355,2026-03-08T04:05:05.978000000,False,None,False,True,3853.794,24.2,54.4,1012.8,False,36.0,135,2.3,Australian Grand Prix
87.512,3,MEDIUM,1,31.369,18.234,37.909,111100110.0,1.0,11011.0,3,13.0,1,True,4014.647,ALB,23,None,None,3958.588,3976.822,4014.731,267.0,310.0,301.0,251.0,True,Williams,3927.135,2026-03-08T04:06:33.758000000,False,None,False,True,3973.816,24.1,54.1,1012.9,False,36.1,112,1.6,Australian Grand Prix
87.911,4,MEDIUM,1,30.836,18.153,38.922,1311011.0,1.0,100001000.0,4,14.0,1,False,4102.558,ALB,23,None,None,4045.567,4063.72,4102.642,255.0,293.0,301.0,276.0,True,Williams,4014.647,2026-03-08T04:08:01.270000000,False,None,False,True,4033.811,24.1,54.1,1012.9,False,36.1,112,1.6,Australian Grand Prix
87.176,5,MEDIUM,1,30.385,18.275,38.516,710011010.0,11000.0,1010010000.0,5,13.0,1,True,4189.734,ALB,23,None,None,4133.027,4151.302,4189.818,260.0,318.0,292.0,278.0,True,Williams,4102.558,2026-03-08T04:09:29.181000000,False,None,False,True,4153.828,24.2,54.2,1012.8,False,35.1,127,2.2,Australian Grand Prix
86.436,6,MEDIUM,1,30.347,18.545,37.544,701031100.0,11000.0,1011101000.0,6,13.0,1,True,4276.17,ALB,23,None,None,4220.165,4238.71,4276.254,264.0,297.0,294.0,282.0,True,Williams,4189.734,2026-03-08T04:10:56.357000000,False,None,False,True,4213.83,24.2,54.3,1012.6,False,35.3,114,2.7,Australian Grand Prix
85.688,7,MEDIUM,1,30.041,18.442,37.205,711000110.0,11000.0,1110000.0,7,13.0,1,True,4361.858,ALB,23,None,None,4306.295,4324.737,4361.942,264.0,300.0,291.0,281.0,True,Williams,4276.17,2026-03-08T04:12:22.793000000,False,None,False,True,4273.82,24.2,54.7,1012.6,False,35.1,99,3.4,Australian Grand Prix
85.558,8,MEDIUM,1,29.979,18.318,37.261,710000011.0,10000.0,10000.0,8,13.0,1,True,4447.416,ALB,23,None,None,4391.921,4410.239,4447.5,260.0,301.0,287.0,285.0,True,Williams,4361.858,2026-03-08T04:13:48.481000000,False,None,False,True,4393.821,24.5,54.3,1012.6,False,36.6,104,2.4,Australian Grand Prix
85.728,9,MEDIUM,1,30.086,18.257,37.385,700000000.0,0.0,10000000.0,9,13.0,1,False,4533.144,ALB,23,None,None,4477.586,4495.843,4533.228,265.0,301.0,291.0,287.0,True,Williams,4447.416,2026-03-08T04:15:14.039000000,False,None,False,True,4453.832,24.4,53.7,1012.6,False,38.1,121,3.1,Australian Grand Prix
86.03,10,MEDIUM,1,30.181,18.432,37.417,700030011.0,1000.0,0.0,10,13.0,1,False,4619.174,ALB,23,None,None,4563.409,4581.841,4619.258,262.0,299.0,288.0,285.0,True,Williams,4533.144,2026-03-08T04:16:39.767000000,False,None,False,True,4573.833,24.5,53.3,1012.6,False,36.7,119,1.6,Australian Grand Prix
93.98,11,MEDIUM,1,30.057,18.391,45.532,700000000.0,0.0,555.0,11,10.0,16,False,4713.154,ALB,23,None,None,4649.315,4667.706,4713.238,266.0,299.0,227.0,284.0,True,Williams,4619.174,2026-03-08T04:18:05.797000000,False,None,False,False,4633.861,24.4,53.1,1012.4,False,36.6,128,2.7,Australian Grand Prix
125.578,12,MEDIUM,1,40.48,27.083,58.015,500000000.0,0.0,0.0,12,12.0,6,False,4838.732,ALB,23,None,4822.785,4753.718,4780.801,4838.816,214.0,169.0,None,218.0,True,Williams,4713.154,2026-03-08T04:19:39.777000000,False,None,False,False,4753.868,24.5,53.5,1012.4,False,36.5,128,2.0,Australian Grand Prix
112.348,13,HARD,2,44.516,26.746,41.086,1100.0,0.0,101100000.0,1,12.0,671,False,4951.08,ALB,23,4841.19,None,4883.332,4910.078,4951.164,174.0,135.0,288.0,223.0,True,Williams,4838.732,2026-03-08T04:21:45.355000000,False,None,False,False,4873.87,24.6,52.3,1012.4,False,36.8,113,2.0,Australian Grand Prix
85.379,14,HARD,2,30.09,18.34,36.949,701101000.0,0.0,110000000.0,2,12.0,1,True,5036.459,ALB,23,None,None,4981.254,4999.594,5036.543,264.0,300.0,290.0,273.0,True,Williams,4951.08,2026-03-08T04:23:37.703000000,False,None,False,True,4993.903,24.3,53.3,1012.4,False,36.6,114,2.5,Australian Grand Prix
85.035,15,HARD,2,29.782,18.291,36.962,700030000.0,0.0,100000000.0,3,12.0,1,True,5121.494,ALB,23,None,None,5066.325,5084.616,5121.578,254.0,300.0,296.0,284.0,True,Williams,5036.459,2026-03-08T04:25:03.082000000,False,None,False,True,5053.917,24.3,53.7,1012.3,False,37.3,125,2.0,Australian Grand Prix
88.434,16,HARD,2,32.674,18.369,37.391,700000000.0,0.0,0.0,4,13.0,1,False,5209.928,ALB,23,None,None,5154.252,5172.621,5210.012,256.0,300.0,290.0,288.0,True,Williams,5121.494,2026-03-08T04:26:28.117000000,True,TRACK LIMITS AT TURN 3 LAP 16 ,False,True,5113.908,24.3,53.9,1012.3,False,38.4,140,3.5,Australian Grand Prix
85.662,17,HARD,2,29.953,18.346,37.363,710100000.0,0.0,0.0,5,13.0,1,False,5295.59,ALB,23,None,None,5239.965,5258.311,5295.674,263.0,300.0,287.0,281.0,True,Williams,5209.928,2026-03-08T04:27:56.551000000,False,None,False,True,5233.92,24.6,53.1,1012.3,False,37.7,111,3.0,Australian Grand Prix
104.028,18,HARD,2,29.856,26.359,47.813,700000000.0,0.0,10.0,6,13.0,126,False,5399.618,ALB,23,None,None,5325.53,5351.889,5399.702,257.0,208.0,206.0,281.0,True,Williams,5295.59,2026-03-08T04:29:22.213000000,False,None,False,False,5293.918,24.6,52.5,1012.3,False,36.7,138,4.1,Australian Grand Prix
109.476,19,HARD,2,40.275,25.064,44.137,700000100.0,10000.0,1000000100.0,7,13.0,671,False,5509.094,ALB,23,None,None,5439.977,5465.041,5509.178,240.0,256.0,297.0,221.0,True,Williams,5399.618,2026-03-08T04:31:06.241000000,False,None,False,False,5413.936,24.7,53.0,1012.3,False,35.9,142,2.9,Australian Grand Prix
85.041,20,HARD,2,29.647,18.338,37.056,710001000.0,1000.0,0.0,8,13.0,1,False,5594.135,ALB,23,None,None,5538.825,5557.163,5594.219,264.0,299.0,296.0,288.0,True,Williams,5509.094,2026-03-08T04:32:55.717000000,False,None,False,True,5533.969,24.6,53.4,1012.2,False,35.8,126,2.8,Australian Grand Prix
85.065,21,HARD,2,29.694,18.172,37.199,700000000.0,0.0,0.0,9,13.0,1,False,5679.2,ALB,23,None,None,5623.913,5642.085,5679.284,257.0,302.0,295.0,288.0,True,Williams,5594.135,2026-03-08T04:34:20.758000000,False,None,False,True,5593.968,24.6,53.3,1012.1,False,35.7,119,3.8,Australian Grand Prix
85.297,22,HARD,2,29.771,18.29,37.236,701000000.0,1000.0,0.0,10,13.0,1,False,5764.497,ALB,23,None,None,5709.055,5727.345,5764.581,260.0,301.0,295.0,287.0,True,Williams,5679.2,2026-03-08T04:35:45.823000000,False,None,False,True,5713.957,24.6,52.8,1012.1,False,36.4,111,2.9,Australian Grand Prix
85.258,23,HARD,2,29.798,18.173,37.287,700000011.0,0.0,0.0,11,13.0,1,False,5849.755,ALB,23,None,None,5794.379,5812.552,5849.839,256.0,301.0,297.0,286.0,True,Williams,5764.497,2026-03-08T04:37:11.120000000,False,None,False,True,5773.973,24.5,52.9,1012.2,False,36.6,95,1.4,Australian Grand Prix
85.334,24,HARD,2,29.842,18.245,37.247,700000000.0,0.0,0.0,12,13.0,1,False,5935.089,ALB,23,None,None,5879.681,5897.926,5935.173,266.0,302.0,292.0,286.0,True,Williams,5849.755,2026-03-08T04:38:36.378000000,False,None,False,True,5833.959,24.6,53.4,1012.1,False,37.0,114,2.1,Australian Grand Prix
85.569,25,HARD,2,29.99,18.291,37.288,700000001.0,0.0,0.0,13,13.0,1,False,6020.658,ALB,23,None,None,5965.163,5983.454,6020.742,262.0,302.0,296.0,283.0,True,Williams,5935.089,2026-03-08T04:40:01.712000000,False,None,False,True,5953.975,24.8,52.6,1012.1,False,37.6,147,3.1,Australian Grand Prix
85.782,26,HARD,2,29.871,18.341,37.57,700000001.0,0.0,0.0,14,13.0,1,False,6106.44,ALB,23,None,None,6050.613,6068.954,6106.524,266.0,303.0,293.0,283.0,True,Williams,6020.658,2026-03-08T04:41:27.281000000,False,None,False,True,6013.976,24.8,52.7,1012.0,False,37.4,106,3.3,Australian Grand Prix
85.734,27,HARD,2,29.901,18.232,37.601,700000000.0,0.0,0.0,15,13.0,1,False,6192.174,ALB,23,None,None,6136.425,6154.657,6192.258,268.0,300.0,298.0,286.0,True,Williams,6106.44,2026-03-08T04:42:53.063000000,False,None,False,True,6134.01,24.8,52.0,1012.0,False,36.5,98,2.5,Australian Grand Prix
86.642,28,HARD,2,30.362,18.456,37.824,700100000.0,0.0,0.0,16,13.0,1,False,6278.816,ALB,23,None,None,6222.62,6241.076,6278.9,266.0,302.0,296.0,277.0,True,Williams,6192.174,2026-03-08T04:44:18.797000000,False,None,False,True,6194.01,24.8,52.8,1012.0,False,36.3,98,4.0,Australian Grand Prix
86.614,29,HARD,2,30.359,18.191,38.064,700000000.0,1000.0,0.0,17,12.0,1,False,6365.43,ALB,23,None,None,6309.259,6327.45,6365.514,266.0,301.0,289.0,280.0,True,Williams,6278.816,2026-03-08T04:45:45.439000000,False,None,False,True,6254.01,24.8,52.8,1012.1,False,36.1,120,3.0,Australian Grand Prix
86.472,30,HARD,2,30.327,18.382,37.763,700000000.0,0.0,0.0,18,12.0,1,False,6451.902,ALB,23,None,None,6395.841,6414.223,6451.986,248.0,296.0,294.0,281.0,True,Williams,6365.43,2026-03-08T04:47:12.053000000,False,None,False,True,6374.017,25.3,53.7,1012.0,False,36.1,123,2.5,Australian Grand Prix
86.523,31,HARD,2,30.134,18.46,37.929,700000000.0,1000.0,0.0,19,12.0,1,False,6538.425,ALB,23,None,None,6482.12,6500.58,6538.509,264.0,297.0,291.0,283.0,True,Williams,6451.902,2026-03-08T04:48:38.525000000,False,None,False,True,6434.013,25.2,53.5,1011.9,False,37.3,184,1.0,Australian Grand Prix
86.459,32,HARD,2,30.357,18.353,37.749,700000000.0,0.0,555.0,20,12.0,1,False,6624.884,ALB,23,None,None,6568.866,6587.219,6624.968,264.0,295.0,286.0,279.0,True,Williams,6538.425,2026-03-08T04:50:05.048000000,False,None,False,True,6554.015,25.2,53.1,1012.0,False,37.0,125,4.0,Australian Grand Prix
110.03,33,HARD,2,30.255,18.445,61.33,500000000.0,0.0,10010100.0,21,12.0,167,False,6734.914,ALB,23,None,6718.614,6655.223,6673.668,6734.998,261.0,296.0,None,278.0,True,Williams,6624.884,2026-03-08T04:51:31.507000000,False,None,False,False,6614.014,25.1,53.0,1012.0,False,37.2,147,3.0,Australian Grand Prix
90.918,34,SOFT,3,36.035,18.141,36.742,10001100.0,11000.0,100.0,1,12.0,1,False,6825.832,ALB,23,6737.259,None,6771.033,6789.174,6825.916,266.0,305.0,292.0,218.0,True,Williams,6734.914,2026-03-08T04:53:21.537000000,False,None,False,False,6674.029,25.1,53.2,1011.8,False,37.7,107,2.5,Australian Grand Prix
84.446,35,SOFT,3,29.483,18.135,36.828,701001100.0,1000.0,1010010.0,2,12.0,1,True,6910.278,ALB,23,None,None,6855.399,6873.534,6910.362,265.0,300.0,287.0,287.0,True,Williams,6825.832,2026-03-08T04:54:52.455000000,False,None,False,True,6794.063,25.2,52.4,1011.9,False,37.2,105,3.7,Australian Grand Prix
84.375,36,SOFT,3,29.418,18.165,36.792,700000000.0,0.0,10000.0,3,12.0,1,True,6994.653,ALB,23,None,None,6939.78,6957.945,6994.737,263.0,298.0,296.0,285.0,True,Williams,6910.278,2026-03-08T04:56:16.901000000,False,None,False,True,6914.079,25.2,52.5,1011.8,False,37.8,119,3.8,Australian Grand Prix
85.052,37,SOFT,3,29.898,18.205,36.949,710000000.0,0.0,0.0,4,12.0,1,False,7079.705,ALB,23,None,None,7024.635,7042.84,7079.789,259.0,297.0,295.0,276.0,True,Williams,6994.653,2026-03-08T04:57:41.276000000,False,None,False,True,6974.097,25.2,52.8,1011.8,False,37.0,120,3.8,Australian Grand Prix
86.338,38,SOFT,3,29.646,18.304,38.388,700000000.0,100.0,0.0,5,12.0,1,False,7166.043,ALB,23,None,None,7109.435,7127.739,7166.127,260.0,299.0,295.0,287.0,True,Williams,7079.705,2026-03-08T04:59:06.328000000,False,None,False,True,7094.098,25.1,53.0,1011.8,False,35.9,115,3.0,Australian Grand Prix
84.858,39,SOFT,3,29.97,18.028,36.86,700000000.0,0.0,0.0,6,12.0,1,False,7250.901,ALB,23,None,None,7196.097,7214.125,7250.985,259.0,304.0,293.0,287.0,True,Williams,7166.043,2026-03-08T05:00:32.666000000,False,None,False,True,7154.099,25.0,52.1,1011.8,False,35.7,98,2.5,Australian Grand Prix
86.672,40,SOFT,3,29.92,18.212,38.54,700000000.0,0.0,0.0,7,12.0,1,False,7337.573,ALB,23,None,None,7280.905,7299.117,7337.657,247.0,301.0,297.0,287.0,True,Williams,7250.901,2026-03-08T05:01:57.524000000,False,None,False,True,7214.101,25.0,52.7,1011.8,False,35.5,140,3.1,Australian Grand Prix
84.876,41,SOFT,3,29.843,18.061,36.972,700000000.0,1000.0,0.0,8,12.0,1,False,7422.449,ALB,23,None,None,7367.5,7385.561,7422.533,258.0,302.0,295.0,287.0,True,Williams,7337.573,2026-03-08T05:03:24.196000000,False,None,False,True,7334.114,25.0,52.8,1011.7,False,35.5,136,3.6,Australian Grand Prix
84.858,42,SOFT,3,29.705,18.242,36.911,700000000.0,0.0,0.0,9,12.0,1,False,7507.307,ALB,23,None,None,7452.238,7470.48,7507.391,244.0,299.0,291.0,285.0,True,Williams,7422.449,2026-03-08T05:04:49.072000000,False,None,False,True,7394.119,25.0,52.8,1011.8,False,35.4,96,2.8,Australian Grand Prix
84.956,43,SOFT,3,29.745,18.256,36.955,700000011.0,1000.0,0.0,10,12.0,1,False,7592.263,ALB,23,None,None,7537.136,7555.392,7592.347,260.0,300.0,290.0,282.0,True,Williams,7507.307,2026-03-08T05:06:13.930000000,False,None,False,True,7454.108,25.1,52.6,1011.6,False,35.5,99,1.3,Australian Grand Prix
84.841,44,SOFT,3,29.537,18.178,37.126,700000000.0,1000.0,0.0,11,12.0,1,False,7677.104,ALB,23,None,None,7621.884,7640.062,7677.188,264.0,299.0,294.0,282.0,True,Williams,7592.263,2026-03-08T05:07:38.886000000,False,None,False,True,7574.136,25.2,52.7,1011.7,False,36.2,93,1.0,Australian Grand Prix
84.702,45,SOFT,3,29.548,18.205,36.949,700000000.0,0.0,10000000.0,12,12.0,1,False,7761.806,ALB,23,None,None,7706.736,7724.941,7761.89,258.0,297.0,294.0,282.0,True,Williams,7677.104,2026-03-08T05:09:03.727000000,False,None,False,True,7634.151,25.1,52.5,1011.7,False,36.6,110,2.0,Australian Grand Prix
84.777,46,SOFT,3,29.574,18.274,36.929,700010000.0,1000.0,0.0,13,12.0,1,False,7846.583,ALB,23,None,None,7791.464,7809.738,7846.667,257.0,297.0,289.0,283.0,True,Williams,7761.806,2026-03-08T05:10:28.429000000,False,None,False,True,7754.15,25.1,51.4,1011.6,False,35.7,118,3.9,Australian Grand Prix
84.815,47,SOFT,3,29.602,18.169,37.044,700000000.0,1000.0,0.0,14,12.0,1,False,7931.398,ALB,23,None,None,7876.269,7894.438,7931.482,255.0,298.0,293.0,283.0,True,Williams,7846.583,2026-03-08T05:11:53.206000000,False,None,False,True,7814.153,25.1,51.4,1011.6,False,35.6,140,2.9,Australian Grand Prix
84.773,48,SOFT,3,29.606,18.156,37.011,700000001.0,0.0,0.0,15,12.0,1,False,8016.171,ALB,23,None,None,7961.088,7979.244,8016.255,255.0,298.0,294.0,281.0,True,Williams,7931.398,2026-03-08T05:13:18.021000000,False,None,False,True,7874.138,25.1,52.4,1011.6,False,35.4,106,4.0,Australian Grand Prix
84.785,49,SOFT,3,29.474,18.34,36.971,700000000.0,0.0,10.0,16,12.0,1,False,8100.956,ALB,23,None,None,8045.729,8064.069,8101.04,265.0,297.0,295.0,285.0,True,Williams,8016.171,2026-03-08T05:14:42.794000000,False,None,False,True,7994.158,25.1,52.9,1011.6,False,36.8,110,2.4,Australian Grand Prix
84.856,50,SOFT,3,29.794,18.218,36.844,700000000.0,0.0,0.0,17,12.0,1,False,8185.812,ALB,23,None,None,8130.834,8149.052,8185.896,244.0,301.0,297.0,286.0,True,Williams,8100.956,2026-03-08T05:16:07.579000000,False,None,False,True,8054.173,25.2,53.0,1011.6,False,36.5,116,2.6,Australian Grand Prix
84.749,51,SOFT,3,29.468,18.211,37.07,700000010.0,0.0,1000000000.0,18,12.0,1,False,8270.561,ALB,23,None,None,8215.364,8233.575,8270.645,257.0,300.0,294.0,285.0,True,Williams,8185.812,2026-03-08T05:17:32.435000000,False,None,False,True,8174.192,25.3,52.0,1011.6,False,35.9,125,2.3,Australian Grand Prix
84.764,52,SOFT,3,29.582,18.133,37.049,700000000.0,0.0,0.0,19,12.0,1,False,8355.325,ALB,23,None,None,8300.227,8318.36,8355.409,261.0,300.0,289.0,290.0,True,Williams,8270.561,2026-03-08T05:18:57.184000000,False,None,False,True,8234.191,25.3,52.2,1011.5,False,35.6,106,3.1,Australian Grand Prix
85.019,53,SOFT,3,29.769,18.199,37.051,700000000.0,0.0,1000000000.0,20,12.0,1,False,8440.344,ALB,23,None,None,8385.178,8403.377,8440.428,254.0,302.0,294.0,286.0,True,Williams,8355.325,2026-03-08T05:20:21.948000000,False,None,False,True,8294.207,25.3,51.1,1011.5,False,35.3,121,3.0,Australian Grand Prix
84.861,54,SOFT,3,29.69,18.266,36.905,700000010.0,1000.0,1000000000.0,21,12.0,1,False,8525.205,ALB,23,None,None,8470.118,8488.384,8525.289,255.0,296.0,289.0,291.0,True,Williams,8440.344,2026-03-08T05:21:46.967000000,False,None,False,True,8414.244,25.3,51.9,1011.5,False,34.8,115,3.0,Australian Grand Prix
84.995,55,SOFT,3,29.747,18.208,37.04,700000011.0,0.0,0.0,22,12.0,1,False,8610.2,ALB,23,None,None,8555.036,8573.244,8610.284,255.0,296.0,292.0,287.0,True,Williams,8525.205,2026-03-08T05:23:11.828000000,False,None,False,True,8474.264,25.3,51.7,1011.5,False,34.7,130,4.2,Australian Grand Prix
86.387,56,SOFT,3,29.824,18.321,38.242,700000001.0,100.0,1.0,23,12.0,1,False,8696.587,ALB,23,None,None,8640.108,8658.429,8696.671,261.0,295.0,287.0,288.0,True,Williams,8610.2,2026-03-08T05:24:36.823000000,False,None,False,True,8534.293,25.2,51.6,1011.6,False,34.6,126,3.2,Australian Grand Prix
86.268,57,SOFT,3,31.326,18.011,36.931,700000000.0,0.0,,24,12.0,1,False,8782.855,ALB,23,None,None,8727.997,8746.008,8782.939,261.0,308.0,301.0,278.0,True,Williams,8696.587,2026-03-08T05:26:03.210000000,False,None,False,True,8654.277,25.2,52.0,1011.5,False,34.4,105,2.9,Australian Grand Prix
98.271,1,SOFT,1,,18.649,38.704,0.0,0.0,77.0,1,10.0,1,False,3838.25,ALO,14,None,None,None,3800.135,3838.519,239.0,309.0,297.0,203.0,True,Aston Martin,3739.743,2026-03-08T04:03:26.366000000,False,None,False,False,3793.796,24.2,54.0,1012.8,False,36.6,104,4.4,Australian Grand Prix
87.598,2,SOFT,1,31.374,18.457,37.767,11011111.0,11000.0,1010.0,2,10.0,1,True,3925.848,ALO,14,None,None,3869.713,3888.17,3925.937,250.0,289.0,294.0,251.0,True,Aston Martin,3838.25,2026-03-08T04:05:04.873000000,False,None,False,True,3853.794,24.2,54.4,1012.8,False,36.0,135,2.3,Australian Grand Prix
88.035,3,SOFT,1,30.633,18.4,39.002,700000000.0,0.0,11010000.0,3,12.0,1,False,4013.883,ALO,14,None,None,3956.57,3974.97,4013.972,253.0,289.0,296.0,280.0,True,Aston Martin,3925.848,2026-03-08T04:06:32.471000000,False,None,False,True,3973.816,24.1,54.1,1012.9,False,36.1,112,1.6,Australian Grand Prix
87.424,4,SOFT,1,31.163,18.447,37.814,710000000.0,0.0,0.0,4,12.0,1,True,4101.307,ALO,14,None,None,4045.135,4063.582,4101.396,250.0,288.0,289.0,261.0,True,Aston Martin,4013.883,2026-03-08T04:08:00.506000000,False,None,False,True,4033.811,24.1,54.1,1012.9,False,36.1,112,1.6,Australian Grand Prix
88.835,5,SOFT,1,31.303,18.529,39.003,700010000.0,10000.0,0.0,5,14.0,1,False,4190.142,ALO,14,None,None,4132.699,4151.228,4190.231,251.0,294.0,292.0,289.0,True,Aston Martin,4101.307,2026-03-08T04:09:27.930000000,False,None,False,True,4153.828,24.2,54.2,1012.8,False,35.1,127,2.2,Australian Grand Prix
88.763,6,SOFT,1,30.861,18.522,39.38,700000000.0,1.0,1000000000.0,6,16.0,1,False,4278.905,ALO,14,None,None,4221.092,4239.614,4278.994,252.0,285.0,294.0,270.0,True,Aston Martin,4190.142,2026-03-08T04:10:56.765000000,False,None,False,True,4213.83,24.2,54.3,1012.6,False,35.3,114,2.7,Australian Grand Prix
87.876,7,SOFT,1,30.794,18.262,38.82,700010000.0,0.0,10100000.0,7,17.0,1,False,4366.781,ALO,14,None,None,4309.788,4328.05,4366.87,253.0,308.0,292.0,268.0,True,Aston Martin,4278.905,2026-03-08T04:12:25.528000000,False,None,False,True,4273.82,24.2,54.7,1012.6,False,35.1,99,3.4,Australian Grand Prix
86.792,8,SOFT,1,30.618,18.468,37.706,700000100.0,0.0,0.0,8,17.0,1,True,4453.573,ALO,14,None,None,4397.488,4415.956,4453.662,251.0,286.0,287.0,284.0,True,Aston Martin,4366.781,2026-03-08T04:13:53.404000000,False,None,False,True,4393.821,24.5,54.3,1012.6,False,36.6,104,2.4,Australian Grand Prix
87.04,9,SOFT,1,30.452,18.65,37.938,700010010.0,10000.0,0.0,9,16.0,1,False,4540.613,ALO,14,None,None,4484.114,4502.764,4540.702,250.0,293.0,283.0,288.0,True,Aston Martin,4453.573,2026-03-08T04:15:20.196000000,False,None,False,True,4453.832,24.4,53.7,1012.6,False,38.1,121,3.1,Australian Grand Prix
87.475,10,SOFT,1,30.587,18.88,38.008,700000000.0,0.0,555.0,10,16.0,1,False,4628.088,ALO,14,None,None,4571.289,4590.169,4628.177,250.0,285.0,281.0,284.0,True,Aston Martin,4540.613,2026-03-08T04:16:47.236000000,False,None,False,True,4573.833,24.5,53.3,1012.6,False,36.7,119,1.6,Australian Grand Prix
119.99,11,SOFT,1,30.773,19.575,69.642,500000000.0,0.0,0.0,11,17.0,16,False,4748.078,ALO,14,None,4724.236,4658.95,4678.525,4748.167,251.0,225.0,None,276.0,True,Aston Martin,4628.088,2026-03-08T04:18:14.711000000,False,None,False,False,4633.861,24.4,53.1,1012.4,False,36.6,128,2.7,Australian Grand Prix
122.34,12,SOFT,2,44.091,34.546,43.703,0.0,0.0,100555.0,1,16.0,6,False,4870.418,ALO,14,4750.242,None,4792.258,4826.804,4870.507,214.0,127.0,277.0,202.0,True,Aston Martin,4748.078,2026-03-08T04:20:14.701000000,False,None,False,False,4753.868,24.5,53.5,1012.4,False,36.5,128,2.0,Australian Grand Prix
1069.531,13,SOFT,2,35.885,25.378,,500000000.0,0.0,1100110.0,2,19.0,6712,False,5939.952,ALO,14,None,4969.657,4906.474,4931.872,None,203.0,233.0,None,251.0,True,Aston Martin,4870.418,2026-03-08T04:22:17.041000000,False,None,False,False,4873.87,24.6,52.3,1012.4,False,36.8,113,2.0,Australian Grand Prix
98.828,14,SOFT,3,42.346,18.951,37.531,1011111.0,11000.0,1110100.0,3,19.0,1,False,6038.78,ALO,14,5942.289,None,5982.387,6001.338,6038.869,241.0,271.0,288.0,190.0,False,Aston Martin,5939.952,2026-03-08T04:40:06.575000000,False,None,False,False,4993.903,24.3,53.3,1012.4,False,36.6,114,2.5,Australian Grand Prix
85.713,15,SOFT,3,29.879,18.494,37.34,701000000.0,0.0,111000.0,4,19.0,1,True,6124.493,ALO,14,None,None,6068.748,6087.242,6124.582,251.0,275.0,285.0,283.0,False,Aston Martin,6038.78,2026-03-08T04:41:45.403000000,False,None,False,True,5053.917,24.3,53.7,1012.3,False,37.3,125,2.0,Australian Grand Prix
86.131,16,SOFT,3,30.073,18.874,37.184,711000000.0,0.0,1100000000.0,5,18.0,1,False,6210.624,ALO,14,None,None,6154.655,6173.529,6210.713,252.0,266.0,282.0,279.0,False,Aston Martin,6124.493,2026-03-08T04:43:11.116000000,False,None,False,True,5113.908,24.3,53.9,1012.3,False,38.4,140,3.5,Australian Grand Prix
86.376,17,SOFT,3,30.067,19.021,37.288,701010001.0,11000.0,1110010000.0,6,18.0,1,False,6297.0,ALO,14,None,None,6240.78,6259.801,6297.089,252.0,263.0,283.0,275.0,False,Aston Martin,6210.624,2026-03-08T04:44:37.247000000,False,None,False,True,5233.92,24.6,53.1,1012.3,False,37.7,111,3.0,Australian Grand Prix
85.908,18,SOFT,3,30.043,18.796,37.069,700000001.0,1000.0,0.0,7,18.0,1,False,6382.908,ALO,14,None,None,6327.132,6345.928,6382.997,252.0,265.0,285.0,277.0,False,Aston Martin,6297.0,2026-03-08T04:46:03.623000000,False,None,False,True,5293.918,24.6,52.5,1012.3,False,36.7,138,4.1,Australian Grand Prix
88.14,19,SOFT,3,30.071,18.904,39.165,700000001.0,1000.0,0.0,8,18.0,1,False,6471.048,ALO,14,None,None,6413.068,6431.972,6471.137,253.0,259.0,284.0,276.0,False,Aston Martin,6382.908,2026-03-08T04:47:29.531000000,False,None,False,True,5413.936,24.7,53.0,1012.3,False,35.9,142,2.9,Australian Grand Prix
86.641,20,SOFT,3,30.312,18.834,37.495,700000000.0,0.0,0.0,9,18.0,1,False,6557.689,ALO,14,None,None,6501.449,6520.283,6557.778,259.0,259.0,284.0,278.0,False,Aston Martin,6471.048,2026-03-08T04:48:57.671000000,False,None,False,True,5533.969,24.6,53.4,1012.2,False,35.8,126,2.8,Australian Grand Prix
88.082,21,SOFT,3,31.697,18.782,37.603,700000000.0,0.0,0.0,10,18.0,1,False,6645.771,ALO,14,None,None,6589.475,6608.257,6645.86,253.0,284.0,285.0,276.0,False,Aston Martin,6557.689,2026-03-08T04:50:24.312000000,False,None,False,True,5593.968,24.6,53.3,1012.1,False,35.7,119,3.8,Australian Grand Prix
,22,SOFT,3,30.824,30.521,,,,,11,18.0,167,False,6747.116,ALO,14,None,6747.205,6676.816,6707.314,None,190.0,208.0,None,265.0,False,Aston Martin,6645.771,2026-03-08T04:51:52.394000000,False,None,False,False,5713.957,24.6,52.8,1012.1,False,36.4,111,2.9,Australian Grand Prix
96.966,1,MEDIUM,1,,18.757,38.331,0.0,0.0,7.0,1,7.0,1,False,3836.945,ANT,12,None,None,None,3798.879,3837.156,234.0,295.0,292.0,232.0,True,Mercedes,3739.743,2026-03-08T04:03:26.366000000,False,None,False,False,3793.796,24.2,54.0,1012.8,False,36.6,104,4.4,Australian Grand Prix
87.129,2,MEDIUM,1,30.82,18.035,38.274,700001000.0,10001.0,11111010.0,2,7.0,1,True,3924.074,ANT,12,None,None,3867.873,3885.908,3924.182,253.0,292.0,303.0,272.0,True,Mercedes,3836.945,2026-03-08T04:05:03.568000000,False,None,False,True,3853.794,24.2,54.4,1012.8,False,36.0,135,2.3,Australian Grand Prix
85.463,3,MEDIUM,1,30.586,18.042,36.835,11011311.0,11001.0,1300000011.0,3,6.0,1,True,4009.537,ANT,12,None,None,3954.768,3972.81,4009.645,256.0,304.0,289.0,276.0,True,Mercedes,3924.074,2026-03-08T04:06:30.697000000,False,None,False,True,3973.816,24.1,54.1,1012.9,False,36.1,112,1.6,Australian Grand Prix
85.411,4,MEDIUM,1,29.869,17.795,37.747,310001000.0,0.0,1003100000.0,4,6.0,1,True,4094.948,ANT,12,None,None,4039.514,4057.309,4095.056,260.0,315.0,314.0,280.0,True,Mercedes,4009.537,2026-03-08T04:07:56.160000000,False,None,False,True,4033.811,24.1,54.1,1012.9,False,36.1,112,1.6,Australian Grand Prix
84.499,5,MEDIUM,1,29.761,18.073,36.665,1030011.0,1000.0,1000110100.0,5,5.0,1,True,4179.447,ANT,12,None,None,4124.817,4142.89,4179.555,256.0,307.0,288.0,302.0,True,Mercedes,4094.948,2026-03-08T04:09:21.571000000,False,None,False,True,4153.828,24.2,54.2,1012.8,False,35.1,127,2.2,Australian Grand Prix
84.024,6,MEDIUM,1,29.534,17.861,36.629,701001011.0,10000.0,3000110100.0,6,4.0,1,True,4263.471,ANT,12,None,None,4209.089,4226.95,4263.579,262.0,299.0,281.0,290.0,True,Mercedes,4179.447,2026-03-08T04:10:46.070000000,False,None,False,True,4213.83,24.2,54.3,1012.6,False,35.3,114,2.7,Australian Grand Prix
83.835,7,MEDIUM,1,29.537,18.052,36.246,700031011.0,30000.0,3013000000.0,7,4.0,1,True,4347.306,ANT,12,None,None,4293.116,4311.168,4347.414,261.0,301.0,282.0,283.0,True,Mercedes,4263.471,2026-03-08T04:12:10.094000000,False,None,False,True,4273.82,24.2,54.7,1012.6,False,35.1,99,3.4,Australian Grand Prix
83.683,8,MEDIUM,1,29.573,17.945,36.165,710000000.0,0.0,0.0,8,4.0,1,True,4430.989,ANT,12,None,None,4376.987,4394.932,4431.097,266.0,299.0,290.0,293.0,True,Mercedes,4347.306,2026-03-08T04:13:33.929000000,False,None,False,True,4393.821,24.5,54.3,1012.6,False,36.6,104,2.4,Australian Grand Prix
83.908,9,MEDIUM,1,29.601,17.91,36.397,700000000.0,0.0,0.0,9,4.0,1,False,4514.897,ANT,12,None,None,4460.698,4478.608,4515.005,258.0,306.0,296.0,299.0,True,Mercedes,4430.989,2026-03-08T04:14:57.612000000,False,None,False,True,4453.832,24.4,53.7,1012.6,False,38.1,121,3.1,Australian Grand Prix
84.037,10,MEDIUM,1,29.723,17.879,36.435,700000000.0,1000.0,10000000.0,10,4.0,1,False,4598.934,ANT,12,None,None,4544.728,4562.607,4599.042,265.0,309.0,296.0,298.0,True,Mercedes,4514.897,2026-03-08T04:16:21.520000000,False,None,False,True,4573.833,24.5,53.3,1012.6,False,36.7,119,1.6,Australian Grand Prix
83.89,11,MEDIUM,1,29.711,17.822,36.357,700000000.0,0.0,555.0,11,4.0,16,False,4682.824,ANT,12,None,None,4628.753,4646.575,4682.932,261.0,310.0,294.0,298.0,True,Mercedes,4598.934,2026-03-08T04:17:45.557000000,False,None,False,False,4633.861,24.4,53.1,1012.4,False,36.6,128,2.7,Australian Grand Prix
129.682,12,MEDIUM,1,40.974,29.373,59.335,500000000.0,0.0,0.0,12,5.0,6,False,4812.506,ANT,12,None,4793.658,4723.906,4753.279,4812.614,224.0,145.0,None,165.0,True,Mercedes,4682.824,2026-03-08T04:19:09.447000000,False,None,False,False,4753.868,24.5,53.5,1012.4,False,36.5,128,2.0,Australian Grand Prix
117.691,13,HARD,2,43.264,28.321,46.106,311.0,0.0,300.0,1,5.0,67,False,4930.197,ANT,12,4814.928,None,4855.878,4884.199,4930.305,211.0,121.0,211.0,227.0,True,Mercedes,4812.506,2026-03-08T04:21:19.129000000,False,None,False,False,4873.87,24.6,52.3,1012.4,False,36.8,113,2.0,Australian Grand Prix
86.679,14,HARD,2,32.153,18.212,36.314,700000300.0,1100.0,11.0,2,5.0,71,False,5016.876,ANT,12,None,None,4962.458,4980.67,5016.984,266.0,301.0,286.0,226.0,True,Mercedes,4930.197,2026-03-08T04:23:16.820000000,False,None,False,False,4993.903,24.3,53.3,1012.4,False,36.6,114,2.5,Australian Grand Prix
83.287,15,HARD,2,29.346,17.73,36.211,100000110.0,0.0,3000000.0,3,5.0,1,True,5100.163,ANT,12,None,None,5046.33,5064.06,5100.271,267.0,310.0,316.0,295.0,True,Mercedes,5016.876,2026-03-08T04:24:43.499000000,False,None,False,True,5053.917,24.3,53.7,1012.3,False,37.3,125,2.0,Australian Grand Prix
83.618,16,HARD,2,29.345,17.992,36.281,0.0,0.0,1010000000.0,4,4.0,1,False,5183.781,ANT,12,None,None,5129.616,5147.608,5183.889,255.0,295.0,289.0,292.0,True,Mercedes,5100.163,2026-03-08T04:26:06.786000000,False,None,False,True,5113.908,24.3,53.9,1012.3,False,38.4,140,3.5,Australian Grand Prix
83.26,17,HARD,2,29.46,17.93,35.87,711000010.0,1000.0,0.0,5,4.0,1,True,5267.041,ANT,12,None,None,5213.349,5231.279,5267.149,261.0,301.0,293.0,294.0,True,Mercedes,5183.781,2026-03-08T04:27:30.404000000,False,None,False,True,5233.92,24.6,53.1,1012.3,False,37.7,111,3.0,Australian Grand Prix
90.982,18,HARD,2,29.138,17.897,43.947,700000000.0,0.0,0.0,6,4.0,126,False,5358.023,ANT,12,None,None,5296.287,5314.184,5358.131,252.0,298.0,227.0,296.0,True,Mercedes,5267.041,2026-03-08T04:28:53.664000000,False,None,False,False,5293.918,24.6,52.5,1012.3,False,36.7,138,4.1,Australian Grand Prix
115.334,19,HARD,2,40.684,24.847,49.803,700000000.0,0.0,0.0,7,4.0,6,False,5473.357,ANT,12,None,None,5398.815,5423.662,5473.465,189.0,223.0,209.0,196.0,True,Mercedes,5358.023,2026-03-08T04:30:24.646000000,False,None,False,False,5413.936,24.7,53.0,1012.3,False,35.9,142,2.9,Australian Grand Prix
88.479,20,HARD,2,34.654,17.884,35.941,711013301.0,10000.0,310000.0,8,4.0,671,False,5561.836,ANT,12,None,None,5508.119,5526.003,5561.944,265.0,297.0,297.0,224.0,True,Mercedes,5473.357,2026-03-08T04:32:19.980000000,False,None,False,False,5533.969,24.6,53.4,1012.2,False,35.8,126,2.8,Australian Grand Prix
82.781,21,HARD,2,28.955,17.927,35.899,701010333.0,10000.0,0.0,9,4.0,1,True,5644.617,ANT,12,None,None,5590.899,5608.826,5644.725,267.0,298.0,287.0,298.0,True,Mercedes,5561.836,2026-03-08T04:33:48.459000000,False,None,False,True,5593.968,24.6,53.3,1012.1,False,35.7,119,3.8,Australian Grand Prix
82.862,22,HARD,2,28.856,17.864,36.142,701110000.0,1100.0,0.0,10,4.0,1,False,5727.479,ANT,12,None,None,5673.581,5691.445,5727.587,273.0,301.0,293.0,292.0,True,Mercedes,5644.617,2026-03-08T04:35:11.240000000,False,None,False,True,5713.957,24.6,52.8,1012.1,False,36.4,111,2.9,Australian Grand Prix
82.582,23,HARD,2,28.958,17.767,35.857,700000000.0,0.0,0.0,11,4.0,1,True,5810.061,ANT,12,None,None,5756.545,5774.312,5810.169,264.0,288.0,294.0,294.0,True,Mercedes,5727.479,2026-03-08T04:36:34.102000000,False,None,False,True,5773.973,24.5,52.9,1012.2,False,36.6,95,1.4,Australian Grand Prix
83.222,24,HARD,2,29.329,17.828,36.065,700000000.0,0.0,0.0,12,4.0,1,False,5893.283,ANT,12,None,None,5839.498,5857.326,5893.391,266.0,303.0,293.0,291.0,True,Mercedes,5810.061,2026-03-08T04:37:56.684000000,False,None,False,True,5833.959,24.6,53.4,1012.1,False,37.0,114,2.1,Australian Grand Prix
84.545,25,HARD,2,29.326,17.855,37.364,700000000.0,0.0,1000000000.0,13,3.0,1,False,5977.828,ANT,12,None,None,5922.717,5940.572,5977.936,260.0,298.0,294.0,296.0,True,Mercedes,5893.283,2026-03-08T04:39:19.906000000,False,None,False,True,5953.975,24.8,52.6,1012.1,False,37.6,147,3.1,Australian Grand Prix
83.138,26,HARD,2,29.311,17.911,35.916,700010000.0,0.0,1000000000.0,14,3.0,1,False,6060.966,ANT,12,None,None,6007.247,6025.158,6061.074,264.0,301.0,296.0,295.0,True,Mercedes,5977.828,2026-03-08T04:40:44.451000000,False,None,False,True,6013.976,24.8,52.7,1012.0,False,37.4,106,3.3,Australian Grand Prix
83.103,27,HARD,2,29.187,17.915,36.001,700000000.0,0.0,0.0,15,3.0,1,False,6144.069,ANT,12,None,None,6090.261,6108.176,6144.177,260.0,300.0,294.0,299.0,True,Mercedes,6060.966,2026-03-08T04:42:07.589000000,False,None,False,True,6134.01,24.8,52.0,1012.0,False,36.5,98,2.5,Australian Grand Prix
83.03,28,HARD,2,29.174,17.872,35.984,700000000.0,0.0,10000000.0,16,2.0,1,False,6227.099,ANT,12,None,None,6173.351,6191.223,6227.207,260.0,301.0,296.0,298.0,True,Mercedes,6144.069,2026-03-08T04:43:30.692000000,False,None,False,True,6194.01,24.8,52.8,1012.0,False,36.3,98,4.0,Australian Grand Prix
82.968,29,HARD,2,29.145,17.888,35.935,700000000.0,0.0,1010000000.0,17,2.0,1,False,6310.067,ANT,12,None,None,6256.352,6274.24,6310.175,265.0,300.0,296.0,300.0,True,Mercedes,6227.099,2026-03-08T04:44:53.722000000,False,None,False,True,6254.01,24.8,52.8,1012.1,False,36.1,120,3.0,Australian Grand Prix
82.889,30,HARD,2,29.144,17.803,35.942,700000000.0,0.0,10000000.0,18,2.0,1,False,6392.956,ANT,12,None,None,6339.319,6357.122,6393.064,265.0,303.0,298.0,298.0,True,Mercedes,6310.067,2026-03-08T04:46:16.690000000,False,None,False,True,6374.017,25.3,53.7,1012.0,False,36.1,123,2.5,Australian Grand Prix
82.88,31,HARD,2,29.175,17.772,35.933,700000000.0,0.0,10000000.0,19,2.0,1,False,6475.836,ANT,12,None,None,6422.239,6440.011,6475.944,264.0,306.0,299.0,301.0,True,Mercedes,6392.956,2026-03-08T04:47:39.579000000,False,None,False,True,6434.013,25.2,53.5,1011.9,False,37.3,184,1.0,Australian Grand Prix
83.239,32,HARD,2,29.509,17.78,35.95,700000000.0,1000.0,0.0,20,2.0,1,False,6559.075,ANT,12,None,None,6505.453,6523.233,6559.183,265.0,303.0,301.0,295.0,True,Mercedes,6475.836,2026-03-08T04:49:02.459000000,False,None,False,True,6554.015,25.2,53.1,1012.0,False,37.0,125,4.0,Australian Grand Prix
83.017,33,HARD,2,29.36,17.772,35.885,700000000.0,0.0,0.0,21,2.0,1,False,6642.092,ANT,12,None,None,6588.543,6606.315,6642.2,264.0,304.0,300.0,306.0,True,Mercedes,6559.075,2026-03-08T04:50:25.698000000,False,None,False,True,6614.014,25.1,53.0,1012.0,False,37.2,147,3.0,Australian Grand Prix
98.387,34,HARD,2,29.416,29.491,39.48,700000000.0,1000.0,0.0,22,2.0,167,False,6740.479,ANT,12,None,None,6671.616,6701.107,6740.587,265.0,187.0,306.0,300.0,True,Mercedes,6642.092,2026-03-08T04:51:48.715000000,False,None,False,False,6674.029,25.1,53.2,1011.8,False,37.7,107,2.5,Australian Grand Prix
83.292,35,HARD,2,29.604,17.871,35.817,700000000.0,10000.0,1000000000.0,23,2.0,1,False,6823.771,ANT,12,None,None,6770.191,6788.062,6823.879,264.0,299.0,297.0,304.0,True,Mercedes,6740.479,2026-03-08T04:53:27.102000000,False,None,False,True,6794.063,25.2,52.4,1011.9,False,37.2,105,3.7,Australian Grand Prix
82.865,36,HARD,2,29.264,17.788,35.813,700000000.0,0.0,0.0,24,2.0,1,False,6906.636,ANT,12,None,None,6853.143,6870.931,6906.744,267.0,299.0,296.0,302.0,True,Mercedes,6823.771,2026-03-08T04:54:50.394000000,False,None,False,True,6914.079,25.2,52.5,1011.8,False,37.8,119,3.8,Australian Grand Prix
82.966,37,HARD,2,29.271,17.847,35.848,700000000.0,0.0,0.0,25,2.0,1,False,6989.602,ANT,12,None,None,6936.015,6953.862,6989.71,265.0,299.0,295.0,301.0,True,Mercedes,6906.636,2026-03-08T04:56:13.259000000,False,None,False,True,6974.097,25.2,52.8,1011.8,False,37.0,120,3.8,Australian Grand Prix
82.989,38,HARD,2,29.155,17.873,35.961,700000000.0,1000.0,0.0,26,2.0,1,False,7072.591,ANT,12,None,None,7018.865,7036.738,7072.699,273.0,299.0,289.0,302.0,True,Mercedes,6989.602,2026-03-08T04:57:36.225000000,False,None,False,True,7094.098,25.1,53.0,1011.8,False,35.9,115,3.0,Australian Grand Prix
82.921,39,HARD,2,29.196,17.847,35.878,700000000.0,0.0,0.0,27,2.0,1,False,7155.512,ANT,12,None,None,7101.895,7119.742,7155.62,263.0,300.0,295.0,295.0,True,Mercedes,7072.591,2026-03-08T04:58:59.214000000,False,None,False,True,7154.099,25.0,52.1,1011.8,False,35.7,98,2.5,Australian Grand Prix
82.672,40,HARD,2,29.1,17.868,35.704,710000000.0,1000.0,1000000000.0,28,2.0,1,False,7238.184,ANT,12,None,None,7184.72,7202.588,7238.292,257.0,300.0,298.0,297.0,True,Mercedes,7155.512,2026-03-08T05:00:22.135000000,False,None,False,True,7214.101,25.0,52.7,1011.8,False,35.5,140,3.1,Australian Grand Prix
82.928,41,HARD,2,29.162,17.803,35.963,700100000.0,0.0,0.0,29,2.0,1,False,7321.112,ANT,12,None,None,7267.454,7285.257,7321.22,260.0,302.0,298.0,301.0,True,Mercedes,7238.184,2026-03-08T05:01:44.807000000,False,None,False,True,7334.114,25.0,52.8,1011.7,False,35.5,136,3.6,Australian Grand Prix
82.942,42,HARD,2,29.075,17.803,36.064,700000000.0,0.0,0.0,30,2.0,1,False,7404.054,ANT,12,None,None,7350.295,7368.098,7404.162,264.0,303.0,302.0,301.0,True,Mercedes,7321.112,2026-03-08T05:03:07.735000000,False,None,False,True,7394.119,25.0,52.8,1011.8,False,35.4,96,2.8,Australian Grand Prix
83.015,43,HARD,2,29.244,17.82,35.951,700000000.0,0.0,0.0,31,2.0,1,False,7487.069,ANT,12,None,None,7433.406,7451.226,7487.177,264.0,301.0,298.0,306.0,True,Mercedes,7404.054,2026-03-08T05:04:30.677000000,False,None,False,True,7454.108,25.1,52.6,1011.6,False,35.5,99,1.3,Australian Grand Prix
83.079,44,HARD,2,29.252,17.743,36.084,710000000.0,100.0,0.0,32,2.0,1,False,7570.148,ANT,12,None,None,7516.429,7534.172,7570.256,264.0,303.0,298.0,303.0,True,Mercedes,7487.069,2026-03-08T05:05:53.692000000,False,None,False,True,7574.136,25.2,52.7,1011.7,False,36.2,93,1.0,Australian Grand Prix
83.123,45,HARD,2,29.311,17.763,36.049,700000000.0,1100.0,0.0,33,2.0,1,False,7653.271,ANT,12,None,None,7599.567,7617.33,7653.379,259.0,302.0,297.0,304.0,True,Mercedes,7570.148,2026-03-08T05:07:16.771000000,False,None,False,True,7634.151,25.1,52.5,1011.7,False,36.6,110,2.0,Australian Grand Prix
83.038,46,HARD,2,29.35,17.698,35.99,700000000.0,1100.0,0.0,34,2.0,1,False,7736.309,ANT,12,None,None,7682.729,7700.427,7736.417,261.0,303.0,299.0,301.0,True,Mercedes,7653.271,2026-03-08T05:08:39.894000000,False,None,False,True,7754.15,25.1,51.4,1011.6,False,35.7,118,3.9,Australian Grand Prix
83.066,47,HARD,2,29.276,17.687,36.103,700100000.0,111.0,3000000000.0,35,2.0,1,False,7819.375,ANT,12,None,None,7765.693,7783.38,7819.483,265.0,306.0,298.0,301.0,True,Mercedes,7736.309,2026-03-08T05:10:02.932000000,False,None,False,True,7814.153,25.1,51.4,1011.6,False,35.6,140,2.9,Australian Grand Prix
82.992,48,HARD,2,29.415,17.461,36.116,700000000.0,1000.0,3000000000.0,36,2.0,1,False,7902.367,ANT,12,None,None,7848.898,7866.359,7902.475,266.0,313.0,292.0,301.0,True,Mercedes,7819.375,2026-03-08T05:11:25.998000000,False,None,False,True,7874.138,25.1,52.4,1011.6,False,35.4,106,4.0,Australian Grand Prix
83.245,49,HARD,2,29.403,17.728,36.114,700000010.0,1000.0,0.0,37,2.0,1,False,7985.612,ANT,12,None,None,7931.878,7949.606,7985.72,262.0,303.0,292.0,295.0,True,Mercedes,7902.367,2026-03-08T05:12:48.990000000,False,None,False,True,7994.158,25.1,52.9,1011.6,False,36.8,110,2.4,Australian Grand Prix
82.903,50,HARD,2,29.148,17.703,36.052,700000010.0,0.0,100000000.0,38,2.0,1,False,8068.515,ANT,12,None,None,8014.868,8032.571,8068.623,262.0,303.0,294.0,298.0,True,Mercedes,7985.612,2026-03-08T05:14:12.235000000,False,None,False,True,8054.173,25.2,53.0,1011.6,False,36.5,116,2.6,Australian Grand Prix
82.625,51,HARD,2,29.108,17.706,35.811,700000031.0,31000.0,0.0,39,2.0,1,False,8151.14,ANT,12,None,None,8097.731,8115.437,8151.248,261.0,303.0,297.0,301.0,True,Mercedes,8068.515,2026-03-08T05:15:35.138000000,False,None,False,True,8174.192,25.3,52.0,1011.6,False,35.9,125,2.3,Australian Grand Prix
82.558,52,HARD,2,28.925,17.654,35.979,700000000.0,0.0,10000000.0,40,2.0,1,True,8233.698,ANT,12,None,None,8180.173,8197.827,8233.806,271.0,303.0,295.0,302.0,True,Mercedes,8151.14,2026-03-08T05:16:57.763000000,False,None,False,True,8234.191,25.3,52.2,1011.5,False,35.6,106,3.1,Australian Grand Prix
82.613,53,HARD,2,29.088,17.651,35.874,700000000.0,0.0,10000000.0,41,2.0,1,False,8316.311,ANT,12,None,None,8262.894,8280.545,8316.419,264.0,307.0,300.0,301.0,True,Mercedes,8233.698,2026-03-08T05:18:20.321000000,False,None,False,True,8294.207,25.3,51.1,1011.5,False,35.3,121,3.0,Australian Grand Prix
82.842,54,HARD,2,29.051,17.58,36.211,700100000.0,0.0,0.0,42,2.0,1,False,8399.153,ANT,12,None,None,8345.47,8363.05,8399.261,262.0,312.0,298.0,305.0,True,Mercedes,8316.311,2026-03-08T05:19:42.934000000,False,None,False,True,8414.244,25.3,51.9,1011.5,False,34.8,115,3.0,Australian Grand Prix
82.928,55,HARD,2,29.332,17.668,35.928,700000000.0,0.0,100000000.0,43,2.0,1,False,8482.081,ANT,12,None,None,8428.593,8446.261,8482.189,267.0,304.0,293.0,304.0,True,Mercedes,8399.153,2026-03-08T05:21:05.776000000,False,None,False,True,8474.264,25.3,51.7,1011.5,False,34.7,130,4.2,Australian Grand Prix
82.603,56,HARD,2,29.022,17.718,35.863,700010000.0,1000.0,0.0,44,2.0,1,False,8564.684,ANT,12,None,None,8511.211,8528.929,8564.792,264.0,304.0,293.0,300.0,True,Mercedes,8482.081,2026-03-08T05:22:28.704000000,False,None,False,True,8534.293,25.2,51.6,1011.6,False,34.6,126,3.2,Australian Grand Prix
82.417,57,HARD,2,28.926,17.66,35.831,700000000.0,100.0,10.0,45,2.0,1,True,8647.101,ANT,12,None,None,8593.718,8611.378,8647.209,264.0,303.0,298.0,301.0,True,Mercedes,8564.684,2026-03-08T05:23:51.307000000,False,None,False,True,8654.277,25.2,52.0,1011.5,False,34.4,105,2.9,Australian Grand Prix
82.653,58,HARD,2,29.285,17.53,35.838,700000000.0,0.0,0.0,46,2.0,1,False,8729.754,ANT,12,None,None,8676.494,8694.024,8729.862,271.0,308.0,313.0,306.0,True,Mercedes,8647.101,2026-03-08T05:25:13.724000000,False,None,False,True,8714.29,25.1,51.7,1011.5,False,34.5,103,2.9,Australian Grand Prix
99.765,1,MEDIUM,1,,19.072,38.855,0.0,0.0,77.0,1,13.0,1,False,3839.81,BEA,87,None,None,None,3801.779,3839.883,212.0,293.0,314.0,206.0,True,Haas F1 Team,3739.743,2026-03-08T04:03:26.366000000,False,None,False,False,3793.796,24.2,54.0,1012.8,False,36.6,104,4.4,Australian Grand Prix
87.321,2,MEDIUM,1,31.318,17.972,38.031,711001111.0,10001.0,1310110000.0,2,12.0,1,True,3927.131,BEA,87,None,None,3871.16,3889.132,3927.163,243.0,287.0,318.0,251.0,True,Haas F1 Team,3839.81,2026-03-08T04:05:06.433000000,False,None,False,True,3853.794,24.2,54.4,1012.8,False,36.0,135,2.3,Australian Grand Prix
86.384,3,MEDIUM,1,30.808,17.827,37.749,11000110.0,1.0,1011110100.0,3,11.0,1,True,4013.515,BEA,87,None,None,3957.971,3975.798,4013.547,260.0,303.0,286.0,264.0,True,Haas F1 Team,3927.131,2026-03-08T04:06:33.754000000,False,None,False,True,3973.816,24.1,54.1,1012.9,False,36.1,112,1.6,Australian Grand Prix
85.92,4,MEDIUM,1,30.862,17.971,37.087,111010111.0,1.0,0.0,4,11.0,1,True,4099.435,BEA,87,None,None,4044.409,4062.38,4099.467,259.0,306.0,303.0,260.0,True,Haas F1 Team,4013.515,2026-03-08T04:08:00.138000000,False,None,False,True,4033.811,24.1,54.1,1012.9,False,36.1,112,1.6,Australian Grand Prix
86.003,5,MEDIUM,1,30.282,17.787,37.934,110000.0,0.0,10000000.0,5,11.0,1,False,4185.438,BEA,87,None,None,4129.749,4147.536,4185.47,265.0,309.0,303.0,284.0,True,Haas F1 Team,4099.435,2026-03-08T04:09:26.058000000,False,None,False,True,4153.828,24.2,54.2,1012.8,False,35.1,127,2.2,Australian Grand Prix
85.969,6,MEDIUM,1,30.46,17.915,37.594,701000110.0,0.0,1000000000.0,6,10.0,1,False,4271.407,BEA,87,None,None,4215.93,4233.845,4271.439,259.0,306.0,295.0,278.0,True,Haas F1 Team,4185.438,2026-03-08T04:10:52.061000000,False,None,False,True,4213.83,24.2,54.3,1012.6,False,35.3,114,2.7,Australian Grand Prix
85.195,7,MEDIUM,1,30.059,17.825,37.311,711000001.0,100.0,0.0,7,10.0,1,True,4356.602,BEA,87,None,None,4301.498,4319.323,4356.634,265.0,307.0,300.0,280.0,True,Haas F1 Team,4271.407,2026-03-08T04:12:18.030000000,False,None,False,True,4273.82,24.2,54.7,1012.6,False,35.1,99,3.4,Australian Grand Prix
86.046,8,MEDIUM,1,30.659,17.882,37.505,110000011.0,10000.0,1000100000.0,8,11.0,1,False,4442.648,BEA,87,None,None,4387.293,4405.175,4442.68,266.0,299.0,304.0,285.0,True,Haas F1 Team,4356.602,2026-03-08T04:13:43.225000000,False,None,False,True,4393.821,24.5,54.3,1012.6,False,36.6,104,2.4,Australian Grand Prix
85.397,9,MEDIUM,1,30.278,17.817,37.302,0.0,0.0,1010100000.0,9,11.0,1,False,4528.045,BEA,87,None,None,4472.958,4490.775,4528.077,266.0,307.0,298.0,294.0,True,Haas F1 Team,4442.648,2026-03-08T04:15:09.271000000,False,None,False,True,4453.832,24.4,53.7,1012.6,False,38.1,121,3.1,Australian Grand Prix
85.668,10,MEDIUM,1,30.297,18.01,37.361,710000000.0,1000.0,0.0,10,11.0,1,False,4613.713,BEA,87,None,None,4558.374,4576.384,4613.745,264.0,302.0,296.0,289.0,True,Haas F1 Team,4528.045,2026-03-08T04:16:34.668000000,False,None,False,True,4573.833,24.5,53.3,1012.6,False,36.7,119,1.6,Australian Grand Prix
91.403,11,MEDIUM,1,30.208,17.831,43.364,700000000.0,0.0,0.0,11,7.0,16,False,4705.116,BEA,87,None,None,4643.953,4661.784,4705.148,262.0,308.0,245.0,289.0,True,Haas F1 Team,4613.713,2026-03-08T04:18:00.336000000,False,None,False,False,4633.861,24.4,53.1,1012.4,False,36.6,128,2.7,Australian Grand Prix
115.039,12,MEDIUM,1,40.352,27.394,47.293,700000000.0,0.0,0.0,12,7.0,6,False,4820.155,BEA,87,None,None,4745.5,4772.894,4820.187,184.0,145.0,233.0,215.0,True,Haas F1 Team,4705.116,2026-03-08T04:19:31.739000000,False,None,False,False,4753.868,24.5,53.5,1012.4,False,36.5,128,2.0,Australian Grand Prix
113.783,13,MEDIUM,1,40.159,28.27,45.354,700000011.0,11000.0,1001101100.0,13,7.0,671,False,4933.938,BEA,87,None,None,4860.346,4888.616,4933.97,206.0,139.0,247.0,197.0,True,Haas F1 Team,4820.155,2026-03-08T04:21:26.778000000,False,None,False,False,4873.87,24.6,52.3,1012.4,False,36.8,113,2.0,Australian Grand Prix
85.628,14,MEDIUM,1,30.797,17.889,36.942,711001000.0,11000.0,1010010100.0,14,7.0,1,False,5019.566,BEA,87,None,None,4964.767,4982.656,5019.598,268.0,300.0,294.0,270.0,True,Haas F1 Team,4933.938,2026-03-08T04:23:20.561000000,False,None,False,True,4993.903,24.3,53.3,1012.4,False,36.6,114,2.5,Australian Grand Prix
84.562,15,MEDIUM,1,29.899,17.9,36.763,701001000.0,10000.0,1001001000.0,15,7.0,1,True,5104.128,BEA,87,None,None,5049.497,5067.397,5104.16,265.0,300.0,294.0,289.0,True,Haas F1 Team,5019.566,2026-03-08T04:24:46.189000000,False,None,False,True,5053.917,24.3,53.7,1012.3,False,37.3,125,2.0,Australian Grand Prix
84.563,16,MEDIUM,1,29.989,17.862,36.712,710000000.0,1000.0,1000000000.0,16,7.0,1,False,5188.691,BEA,87,None,None,5134.149,5152.011,5188.723,265.0,297.0,296.0,288.0,True,Haas F1 Team,5104.128,2026-03-08T04:26:10.751000000,False,None,False,True,5113.908,24.3,53.9,1012.3,False,38.4,140,3.5,Australian Grand Prix
84.807,17,MEDIUM,1,29.903,17.864,37.04,710000000.0,0.0,555.0,17,7.0,1,False,5273.498,BEA,87,None,None,5218.626,5236.49,5273.53,266.0,300.0,297.0,295.0,True,Haas F1 Team,5188.691,2026-03-08T04:27:35.314000000,False,None,False,True,5233.92,24.6,53.1,1012.3,False,37.7,111,3.0,Australian Grand Prix
107.604,18,MEDIUM,1,29.941,17.901,59.762,500000000.0,0.0,0.0,18,8.0,126,False,5381.102,BEA,87,None,5364.359,5303.471,5321.372,5381.134,266.0,297.0,None,298.0,True,Haas F1 Team,5273.498,2026-03-08T04:29:00.121000000,False,None,False,False,5293.918,24.6,52.5,1012.3,False,36.7,138,4.1,Australian Grand Prix
116.677,19,HARD,2,43.316,26.017,47.344,0.0,0.0,10010000.0,1,8.0,671,False,5497.779,BEA,87,5383.478,None,5424.45,5450.467,5497.811,205.0,223.0,297.0,192.0,True,Haas F1 Team,5381.102,2026-03-08T04:30:47.725000000,False,None,False,False,5413.936,24.7,53.0,1012.3,False,35.9,142,2.9,Australian Grand Prix
85.186,20,HARD,2,30.325,18.096,36.765,701000100.0,1000.0,10000.0,2,8.0,1,False,5582.965,BEA,87,None,None,5528.136,5546.232,5582.997,260.0,297.0,296.0,277.0,True,Haas F1 Team,5497.779,2026-03-08T04:32:44.402000000,False,None,False,True,5533.969,24.6,53.4,1012.2,False,35.8,126,2.8,Australian Grand Prix
84.203,21,HARD,2,29.657,17.797,36.749,710000000.0,1100.0,10000000.0,3,8.0,1,True,5667.168,BEA,87,None,None,5612.654,5630.451,5667.2,267.0,300.0,298.0,293.0,True,Haas F1 Team,5582.965,2026-03-08T04:34:09.588000000,False,None,False,True,5593.968,24.6,53.3,1012.1,False,35.7,119,3.8,Australian Grand Prix
84.02,22,HARD,2,29.612,17.74,36.668,700001000.0,110.0,110000000.0,4,8.0,1,True,5751.188,BEA,87,None,None,5696.812,5714.552,5751.22,267.0,302.0,301.0,301.0,True,Haas F1 Team,5667.168,2026-03-08T04:35:33.791000000,False,None,False,True,5713.957,24.6,52.8,1012.1,False,36.4,111,2.9,Australian Grand Prix
84.968,23,HARD,2,29.567,17.634,37.767,700010000.0,0.0,0.0,5,8.0,1,False,5836.156,BEA,87,None,None,5780.787,5798.421,5836.188,265.0,309.0,276.0,297.0,True,Haas F1 Team,5751.188,2026-03-08T04:36:57.811000000,False,None,False,True,5773.973,24.5,52.9,1012.2,False,36.6,95,1.4,Australian Grand Prix
84.692,24,HARD,2,30.072,17.69,36.93,700010011.0,0.0,0.0,6,8.0,1,False,5920.848,BEA,87,None,None,5866.26,5883.95,5920.88,265.0,306.0,297.0,272.0,True,Haas F1 Team,5836.156,2026-03-08T04:38:22.779000000,False,None,False,True,5833.959,24.6,53.4,1012.1,False,37.0,114,2.1,Australian Grand Prix
84.058,25,HARD,2,29.636,17.814,36.608,700000000.0,1000.0,0.0,7,8.0,1,False,6004.906,BEA,87,None,None,5950.516,5968.33,6004.938,267.0,300.0,300.0,292.0,True,Haas F1 Team,5920.848,2026-03-08T04:39:47.471000000,False,None,False,True,5953.975,24.8,52.6,1012.1,False,37.6,147,3.1,Australian Grand Prix
84.155,26,HARD,2,29.668,17.625,36.862,700000000.0,0.0,0.0,8,8.0,1,False,6089.061,BEA,87,None,None,6034.606,6052.231,6089.093,267.0,308.0,296.0,294.0,True,Haas F1 Team,6004.906,2026-03-08T04:41:11.529000000,False,None,False,True,6013.976,24.8,52.7,1012.0,False,37.4,106,3.3,Australian Grand Prix
84.284,27,HARD,2,29.726,17.609,36.949,700000000.0,0.0,101000.0,9,8.0,1,False,6173.345,BEA,87,None,None,6118.819,6136.428,6173.377,266.0,309.0,295.0,289.0,True,Haas F1 Team,6089.061,2026-03-08T04:42:35.684000000,False,None,False,True,6134.01,24.8,52.0,1012.0,False,36.5,98,2.5,Australian Grand Prix
84.216,28,HARD,2,29.846,17.628,36.742,300000000.0,0.0,0.0,10,8.0,1,False,6257.561,BEA,87,None,None,6203.223,6220.851,6257.593,262.0,310.0,318.0,289.0,True,Haas F1 Team,6173.345,2026-03-08T04:43:59.968000000,False,None,False,True,6194.01,24.8,52.8,1012.0,False,36.3,98,4.0,Australian Grand Prix
85.315,29,HARD,2,30.327,17.782,37.206,0.0,0.0,0.0,11,8.0,1,False,6342.876,BEA,87,None,None,6287.92,6305.702,6342.908,258.0,310.0,293.0,288.0,True,Haas F1 Team,6257.561,2026-03-08T04:45:24.184000000,False,None,False,True,6254.01,24.8,52.8,1012.1,False,36.1,120,3.0,Australian Grand Prix
84.509,30,HARD,2,30.01,17.606,36.893,700000000.0,0.0,0.0,12,8.0,1,False,6427.385,BEA,87,None,None,6372.918,6390.524,6427.417,266.0,308.0,298.0,281.0,True,Haas F1 Team,6342.876,2026-03-08T04:46:49.499000000,False,None,False,True,6374.017,25.3,53.7,1012.0,False,36.1,123,2.5,Australian Grand Prix
84.627,31,HARD,2,29.852,17.853,36.922,700000000.0,100.0,0.0,13,8.0,1,False,6512.012,BEA,87,None,None,6457.269,6475.122,6512.044,268.0,301.0,300.0,287.0,True,Haas F1 Team,6427.385,2026-03-08T04:48:14.008000000,False,None,False,True,6434.013,25.2,53.5,1011.9,False,37.3,184,1.0,Australian Grand Prix
85.006,32,HARD,2,29.938,17.578,37.49,700000000.0,0.0,0.0,14,8.0,1,False,6597.018,BEA,87,None,None,6541.982,6559.56,6597.05,266.0,309.0,296.0,293.0,True,Haas F1 Team,6512.012,2026-03-08T04:49:38.635000000,False,None,False,True,6554.015,25.2,53.1,1012.0,False,37.0,125,4.0,Australian Grand Prix
90.647,33,HARD,2,29.897,17.831,42.919,700000000.0,0.0,0.0,15,8.0,16,False,6687.665,BEA,87,None,None,6626.947,6644.778,6687.697,269.0,298.0,212.0,293.0,True,Haas F1 Team,6597.018,2026-03-08T04:51:03.641000000,False,None,False,False,6614.014,25.1,53.0,1012.0,False,37.2,147,3.0,Australian Grand Prix
92.31,34,HARD,2,36.839,18.306,37.165,700000001.0,1000.0,0.0,16,8.0,671,False,6779.975,BEA,87,None,None,6724.536,6742.842,6780.007,186.0,299.0,299.0,230.0,True,Haas F1 Team,6687.665,2026-03-08T04:52:34.288000000,False,None,False,False,6674.029,25.1,53.2,1011.8,False,37.7,107,2.5,Australian Grand Prix
84.914,35,HARD,2,29.802,17.906,37.206,700000000.0,0.0,0.0,17,7.0,1,False,6864.889,BEA,87,None,None,6809.809,6827.715,6864.921,274.0,294.0,293.0,291.0,True,Haas F1 Team,6779.975,2026-03-08T04:54:06.598000000,False,None,False,True,6794.063,25.2,52.4,1011.9,False,37.2,105,3.7,Australian Grand Prix
84.598,36,HARD,2,29.899,17.866,36.833,700000000.0,0.0,0.0,18,7.0,1,False,6949.487,BEA,87,None,None,6894.82,6912.686,6949.519,268.0,296.0,297.0,289.0,True,Haas F1 Team,6864.889,2026-03-08T04:55:31.512000000,False,None,False,True,6914.079,25.2,52.5,1011.8,False,37.8,119,3.8,Australian Grand Prix
84.5,37,HARD,2,29.841,17.845,36.814,700000000.0,0.0,0.0,19,7.0,1,False,7033.987,BEA,87,None,None,6979.36,6997.205,7034.019,268.0,298.0,297.0,292.0,True,Haas F1 Team,6949.487,2026-03-08T04:56:56.110000000,False,None,False,True,6974.097,25.2,52.8,1011.8,False,37.0,120,3.8,Australian Grand Prix
85.093,38,HARD,2,30.271,17.823,36.999,700000000.0,111.0,3.0,20,8.0,1,False,7119.08,BEA,87,None,None,7064.29,7082.113,7119.112,268.0,304.0,299.0,293.0,True,Haas F1 Team,7033.987,2026-03-08T04:58:20.610000000,False,None,False,True,7094.098,25.1,53.0,1011.8,False,35.9,115,3.0,Australian Grand Prix
84.756,39,HARD,2,29.868,17.623,37.265,300010000.0,0.0,0.0,21,8.0,1,False,7203.836,BEA,87,None,None,7148.98,7166.603,7203.868,262.0,312.0,322.0,294.0,True,Haas F1 Team,7119.08,2026-03-08T04:59:45.703000000,False,None,False,True,7154.099,25.0,52.1,1011.8,False,35.7,98,2.5,Australian Grand Prix
86.988,40,HARD,2,31.001,18.417,37.57,0.0,0.0,1000000000.0,22,7.0,1,False,7290.824,BEA,87,None,None,7234.869,7253.286,7290.856,231.0,302.0,291.0,292.0,True,Haas F1 Team,7203.836,2026-03-08T05:01:10.459000000,False,None,False,True,7214.101,25.0,52.7,1011.8,False,35.5,140,3.1,Australian Grand Prix
85.049,41,HARD,2,30.227,17.895,36.927,700000000.0,11000.0,0.0,23,7.0,1,False,7375.873,BEA,87,None,None,7321.083,7338.978,7375.905,266.0,292.0,292.0,280.0,True,Haas F1 Team,7290.824,2026-03-08T05:02:37.447000000,False,None,False,True,7334.114,25.0,52.8,1011.7,False,35.5,136,3.6,Australian Grand Prix
84.503,42,HARD,2,29.878,17.797,36.828,700000000.0,0.0,10000.0,24,7.0,1,False,7460.376,BEA,87,None,None,7405.783,7423.58,7460.408,266.0,293.0,295.0,287.0,True,Haas F1 Team,7375.873,2026-03-08T05:04:02.496000000,False,None,False,True,7394.119,25.0,52.8,1011.8,False,35.4,96,2.8,Australian Grand Prix
84.549,43,HARD,2,29.93,17.826,36.793,700000010.0,0.0,0.0,25,7.0,1,False,7544.925,BEA,87,None,None,7490.338,7508.164,7544.957,266.0,293.0,294.0,292.0,True,Haas F1 Team,7460.376,2026-03-08T05:05:26.999000000,False,None,False,True,7454.108,25.1,52.6,1011.6,False,35.5,99,1.3,Australian Grand Prix
84.612,44,HARD,2,29.765,17.929,36.918,700000010.0,0.0,10000.0,26,7.0,1,False,7629.537,BEA,87,None,None,7574.722,7592.651,7629.569,267.0,291.0,295.0,289.0,True,Haas F1 Team,7544.925,2026-03-08T05:06:51.548000000,False,None,False,True,7574.136,25.2,52.7,1011.7,False,36.2,93,1.0,Australian Grand Prix
84.13,45,HARD,2,29.72,17.84,36.57,700000000.0,10000.0,0.0,27,7.0,1,False,7713.667,BEA,87,None,None,7659.289,7677.129,7713.699,266.0,290.0,293.0,292.0,True,Haas F1 Team,7629.537,2026-03-08T05:08:16.160000000,False,None,False,True,7634.151,25.1,52.5,1011.7,False,36.6,110,2.0,Australian Grand Prix
84.55,46,HARD,2,29.882,17.845,36.823,700000000.0,0.0,0.0,28,7.0,1,False,7798.217,BEA,87,None,None,7743.581,7761.426,7798.249,266.0,290.0,294.0,291.0,True,Haas F1 Team,7713.667,2026-03-08T05:09:40.290000000,False,None,False,True,7754.15,25.1,51.4,1011.6,False,35.7,118,3.9,Australian Grand Prix
84.76,47,HARD,2,30.001,17.883,36.876,700000000.0,0.0,0.0,29,7.0,1,False,7882.977,BEA,87,None,None,7828.25,7846.133,7883.009,264.0,290.0,292.0,291.0,True,Haas F1 Team,7798.217,2026-03-08T05:11:04.840000000,False,None,False,True,7814.153,25.1,51.4,1011.6,False,35.6,140,2.9,Australian Grand Prix
84.404,48,HARD,2,29.64,17.866,36.898,700000010.0,10000.0,0.0,30,7.0,1,False,7967.381,BEA,87,None,None,7912.649,7930.515,7967.413,271.0,291.0,294.0,287.0,True,Haas F1 Team,7882.977,2026-03-08T05:12:29.600000000,False,None,False,True,7874.138,25.1,52.4,1011.6,False,35.4,106,4.0,Australian Grand Prix
84.281,49,HARD,2,29.732,17.826,36.723,700000000.0,1000.0,0.0,31,7.0,1,False,8051.662,BEA,87,None,None,7997.145,8014.971,8051.694,267.0,290.0,294.0,286.0,True,Haas F1 Team,7967.381,2026-03-08T05:13:54.004000000,False,None,False,True,7994.158,25.1,52.9,1011.6,False,36.8,110,2.4,Australian Grand Prix
84.467,50,HARD,2,29.811,17.831,36.825,700000000.0,0.0,1000000000.0,32,7.0,1,False,8136.129,BEA,87,None,None,8081.505,8099.336,8136.161,268.0,290.0,295.0,289.0,True,Haas F1 Team,8051.662,2026-03-08T05:15:18.285000000,False,None,False,True,8054.173,25.2,53.0,1011.6,False,36.5,116,2.6,Australian Grand Prix
84.233,51,HARD,2,29.84,17.83,36.563,700000000.0,1000.0,0.0,33,7.0,1,False,8220.362,BEA,87,None,None,8166.001,8183.831,8220.394,265.0,291.0,295.0,289.0,True,Haas F1 Team,8136.129,2026-03-08T05:16:42.752000000,False,None,False,True,8174.192,25.3,52.0,1011.6,False,35.9,125,2.3,Australian Grand Prix
84.264,52,HARD,2,29.794,17.777,36.693,700000001.0,0.0,0.0,34,7.0,1,False,8304.626,BEA,87,None,None,8250.188,8267.965,8304.658,268.0,290.0,295.0,290.0,True,Haas F1 Team,8220.362,2026-03-08T05:18:06.985000000,False,None,False,True,8234.191,25.3,52.2,1011.5,False,35.6,106,3.1,Australian Grand Prix
84.615,53,HARD,2,29.699,17.937,36.979,700000000.0,0.0,0.0,35,7.0,1,False,8389.241,BEA,87,None,None,8334.357,8352.294,8389.273,272.0,290.0,294.0,289.0,True,Haas F1 Team,8304.626,2026-03-08T05:19:31.249000000,False,None,False,True,8294.207,25.3,51.1,1011.5,False,35.3,121,3.0,Australian Grand Prix
84.61,54,HARD,2,29.965,17.876,36.769,700000010.0,0.0,0.0,36,7.0,1,False,8473.851,BEA,87,None,None,8419.238,8437.114,8473.883,268.0,291.0,298.0,288.0,True,Haas F1 Team,8389.241,2026-03-08T05:20:55.864000000,False,None,False,True,8414.244,25.3,51.9,1011.5,False,34.8,115,3.0,Australian Grand Prix
84.5,55,HARD,2,29.725,17.93,36.845,700000000.0,0.0,0.0,37,7.0,1,False,8558.351,BEA,87,None,None,8503.608,8521.538,8558.383,268.0,291.0,298.0,292.0,True,Haas F1 Team,8473.851,2026-03-08T05:22:20.474000000,False,None,False,True,8474.264,25.3,51.7,1011.5,False,34.7,130,4.2,Australian Grand Prix
86.439,56,HARD,2,29.768,17.858,38.813,700000000.0,0.0,0.0,38,7.0,1,False,8644.79,BEA,87,None,None,8588.151,8606.009,8644.822,269.0,292.0,300.0,294.0,True,Haas F1 Team,8558.351,2026-03-08T05:23:44.974000000,False,None,False,True,8534.293,25.2,51.6,1011.6,False,34.6,126,3.2,Australian Grand Prix
86.649,57,HARD,2,30.005,17.905,38.739,700000000.0,0.0,0.0,39,7.0,1,False,8731.439,BEA,87,None,None,8674.827,8692.732,8731.471,269.0,293.0,299.0,291.0,True,Haas F1 Team,8644.79,2026-03-08T05:25:11.413000000,False,None,False,True,8654.277,25.2,52.0,1011.5,False,34.4,105,2.9,Australian Grand Prix
98.755,1,MEDIUM,1,,18.975,38.744,310000.0,0.0,77.0,1,11.0,1,False,3838.734,BOR,5,None,None,None,3800.657,3838.871,238.0,300.0,295.0,216.0,True,Audi,3739.743,2026-03-08T04:03:26.366000000,False,None,False,False,3793.796,24.2,54.0,1012.8,False,36.6,104,4.4,Australian Grand Prix
87.538,2,MEDIUM,1,31.092,18.428,38.018,11011111.0,11110.0,1011111100.0,2,11.0,1,True,3926.272,BOR,5,None,None,3869.9,3888.328,3926.346,261.0,284.0,294.0,274.0,True,Audi,3838.734,2026-03-08T04:05:05.357000000,False,None,False,True,3853.794,24.2,54.4,1012.8,False,36.0,135,2.3,Australian Grand Prix
86.324,3,MEDIUM,1,30.546,18.125,37.653,711011110.0,10000.0,1110110111.0,3,10.0,1,True,4012.596,BOR,5,None,None,3956.892,3975.017,4012.67,263.0,292.0,289.0,276.0,True,Audi,3926.272,2026-03-08T04:06:32.895000000,False,None,False,True,3973.816,24.1,54.1,1012.9,False,36.1,112,1.6,Australian Grand Prix
86.032,4,MEDIUM,1,30.416,18.415,37.201,711000000.0,11101.0,1.0,4,10.0,1,True,4098.628,BOR,5,None,None,4043.086,4061.501,4098.702,251.0,295.0,294.0,283.0,True,Audi,4012.596,2026-03-08T04:07:59.219000000,False,None,False,True,4033.811,24.1,54.1,1012.9,False,36.1,112,1.6,Australian Grand Prix
86.327,5,MEDIUM,1,30.512,17.836,37.979,100000000.0,0.0,110000010.0,5,10.0,1,False,4184.955,BOR,5,None,None,4129.214,4147.05,4185.029,250.0,306.0,299.0,286.0,True,Audi,4098.628,2026-03-08T04:09:25.251000000,False,None,False,True,4153.828,24.2,54.2,1012.8,False,35.1,127,2.2,Australian Grand Prix
87.463,6,MEDIUM,1,31.563,18.038,37.862,710010010.0,10000.0,10000.0,6,12.0,1,False,4272.418,BOR,5,None,None,4216.592,4234.63,4272.492,263.0,298.0,299.0,277.0,True,Audi,4184.955,2026-03-08T04:10:51.578000000,True,TRACK LIMITS AT TURN 3 LAP 6 ,False,True,4213.83,24.2,54.3,1012.6,False,35.3,114,2.7,Australian Grand Prix
85.785,7,MEDIUM,1,30.465,17.945,37.375,1000111.0,100.0,10.0,7,12.0,1,True,4358.203,BOR,5,None,None,4302.957,4320.902,4358.277,264.0,298.0,297.0,300.0,True,Audi,4272.418,2026-03-08T04:12:19.041000000,False,None,False,True,4273.82,24.2,54.7,1012.6,False,35.1,99,3.4,Australian Grand Prix
85.47,8,MEDIUM,1,30.114,17.925,37.431,700010100.0,100.0,110100010.0,8,12.0,1,True,4443.673,BOR,5,None,None,4388.391,4406.316,4443.747,267.0,299.0,297.0,290.0,True,Audi,4358.203,2026-03-08T04:13:44.826000000,False,None,False,True,4393.821,24.5,54.3,1012.6,False,36.6,104,2.4,Australian Grand Prix
85.224,9,MEDIUM,1,30.146,17.839,37.239,700000000.0,10000.0,1100000010.0,9,12.0,1,True,4528.897,BOR,5,None,None,4473.893,4491.732,4528.971,256.0,301.0,299.0,285.0,True,Audi,4443.673,2026-03-08T04:15:10.296000000,False,None,False,True,4453.832,24.4,53.7,1012.6,False,38.1,121,3.1,Australian Grand Prix
85.561,10,MEDIUM,1,30.476,17.834,37.251,700000001.0,10.0,100000000.0,10,12.0,1,False,4614.458,BOR,5,None,None,4559.447,4577.281,4614.532,266.0,301.0,298.0,300.0,True,Audi,4528.897,2026-03-08T04:16:35.520000000,False,None,False,True,4573.833,24.5,53.3,1012.6,False,36.7,119,1.6,Australian Grand Prix
91.862,11,MEDIUM,1,30.096,17.91,43.856,700000000.0,0.0,0.0,11,8.0,16,False,4706.32,BOR,5,None,None,4644.628,4662.538,4706.394,267.0,296.0,245.0,294.0,True,Audi,4614.458,2026-03-08T04:18:01.081000000,False,None,False,False,4633.861,24.4,53.1,1012.4,False,36.6,128,2.7,Australian Grand Prix
114.364,12,MEDIUM,1,39.819,27.688,46.857,700000000.0,0.0,0.0,12,8.0,6,False,4820.684,BOR,5,None,None,4746.213,4773.901,4820.758,188.0,160.0,265.0,211.0,True,Audi,4706.32,2026-03-08T04:19:32.943000000,False,None,False,False,4753.868,24.5,53.5,1012.4,False,36.5,128,2.0,Australian Grand Prix
114.445,13,MEDIUM,1,40.36,28.226,45.859,700010000.0,100.0,1000110000.0,13,8.0,671,False,4935.129,BOR,5,None,None,4861.118,4889.344,4935.203,184.0,138.0,227.0,188.0,True,Audi,4820.684,2026-03-08T04:21:27.307000000,False,None,False,False,4873.87,24.6,52.3,1012.4,False,36.8,113,2.0,Australian Grand Prix
85.958,14,MEDIUM,1,31.023,17.824,37.111,701110110.0,0.0,1000001000.0,14,8.0,1,False,5021.087,BOR,5,None,None,4966.226,4984.05,5021.161,254.0,301.0,295.0,273.0,True,Audi,4935.129,2026-03-08T04:23:21.752000000,False,None,False,True,4993.903,24.3,53.3,1012.4,False,36.6,114,2.5,Australian Grand Prix
84.819,15,MEDIUM,1,29.86,17.908,37.051,700001100.0,1000.0,1001000000.0,15,8.0,1,True,5105.906,BOR,5,None,None,5051.021,5068.929,5105.98,255.0,299.0,296.0,290.0,True,Audi,5021.087,2026-03-08T04:24:47.710000000,False,None,False,True,5053.917,24.3,53.7,1012.3,False,37.3,125,2.0,Australian Grand Prix
84.98,16,MEDIUM,1,29.821,17.96,37.199,700001110.0,0.0,1001000000.0,16,8.0,1,False,5190.886,BOR,5,None,None,5135.801,5153.761,5190.96,254.0,294.0,294.0,293.0,True,Audi,5105.906,2026-03-08T04:26:12.529000000,False,None,False,True,5113.908,24.3,53.9,1012.3,False,38.4,140,3.5,Australian Grand Prix
85.061,17,MEDIUM,1,29.831,18.092,37.138,710000000.0,0.0,555.0,17,8.0,1,False,5275.947,BOR,5,None,None,5220.791,5238.883,5276.021,254.0,293.0,293.0,290.0,True,Audi,5190.886,2026-03-08T04:27:37.509000000,False,None,False,True,5233.92,24.6,53.1,1012.3,False,37.7,111,3.0,Australian Grand Prix
110.359,18,MEDIUM,1,30.685,18.12,61.554,500000000.0,0.0,11.0,18,9.0,126,False,5386.306,BOR,5,None,5369.607,5306.706,5324.826,5386.38,251.0,292.0,None,287.0,True,Audi,5275.947,2026-03-08T04:29:02.570000000,False,None,False,False,5293.918,24.6,52.5,1012.3,False,36.7,138,4.1,Australian Grand Prix
115.679,19,HARD,2,44.929,25.326,45.424,100110010.0,0.0,110003100.0,1,11.0,671,False,5501.985,BOR,5,5388.749,None,5431.309,5456.635,5502.059,215.0,227.0,319.0,216.0,True,Audi,5386.306,2026-03-08T04:30:52.929000000,False,None,False,False,5413.936,24.7,53.0,1012.3,False,35.9,142,2.9,Australian Grand Prix
85.201,20,HARD,2,29.953,18.498,36.75,1000100.0,1000.0,100000.0,2,9.0,1,False,5587.186,BOR,5,None,None,5532.012,5550.51,5587.26,253.0,284.0,288.0,279.0,True,Audi,5501.985,2026-03-08T04:32:48.608000000,False,None,False,True,5533.969,24.6,53.4,1012.2,False,35.8,126,2.8,Australian Grand Prix
85.044,21,HARD,2,29.937,18.308,36.799,700000010.0,0.0,1001000000.0,3,9.0,1,False,5672.23,BOR,5,None,None,5617.197,5635.505,5672.304,252.0,287.0,290.0,283.0,True,Audi,5587.186,2026-03-08T04:34:13.809000000,False,None,False,True,5593.968,24.6,53.3,1012.1,False,35.7,119,3.8,Australian Grand Prix
84.428,22,HARD,2,29.747,18.079,36.602,700001000.0,11000.0,100000.0,4,9.0,1,True,5756.658,BOR,5,None,None,5702.051,5720.13,5756.732,256.0,289.0,293.0,283.0,True,Audi,5672.23,2026-03-08T04:35:38.853000000,False,None,False,True,5713.957,24.6,52.8,1012.1,False,36.4,111,2.9,Australian Grand Prix
84.335,23,HARD,2,29.835,17.95,36.55,700001000.0,0.0,1001000000.0,5,9.0,1,True,5840.993,BOR,5,None,None,5786.567,5804.517,5841.067,254.0,290.0,293.0,287.0,True,Audi,5756.658,2026-03-08T04:37:03.281000000,False,None,False,True,5773.973,24.5,52.9,1012.2,False,36.6,95,1.4,Australian Grand Prix
84.327,24,HARD,2,29.815,18.001,36.511,701001000.0,0.0,0.0,6,9.0,1,True,5925.32,BOR,5,None,None,5870.882,5888.883,5925.394,255.0,290.0,295.0,286.0,True,Audi,5840.993,2026-03-08T04:38:27.616000000,False,None,False,True,5833.959,24.6,53.4,1012.1,False,37.0,114,2.1,Australian Grand Prix
84.37,25,HARD,2,29.685,18.019,36.666,700000000.0,10000.0,1000000.0,7,9.0,1,False,6009.69,BOR,5,None,None,5955.079,5973.098,6009.764,258.0,291.0,294.0,291.0,True,Audi,5925.32,2026-03-08T04:39:51.943000000,False,None,False,True,5953.975,24.8,52.6,1012.1,False,37.6,147,3.1,Australian Grand Prix
84.533,26,HARD,2,29.804,18.015,36.714,700001000.0,10000.0,0.0,8,9.0,1,False,6094.223,BOR,5,None,None,6039.568,6057.583,6094.297,259.0,290.0,289.0,290.0,True,Audi,6009.69,2026-03-08T04:41:16.313000000,False,None,False,True,6013.976,24.8,52.7,1012.0,False,37.4,106,3.3,Australian Grand Prix
84.535,27,HARD,2,29.947,17.963,36.625,710000010.0,0.0,1000000000.0,9,9.0,1,False,6178.758,BOR,5,None,None,6124.244,6142.207,6178.832,260.0,291.0,293.0,278.0,True,Audi,6094.223,2026-03-08T04:42:40.846000000,False,None,False,True,6134.01,24.8,52.0,1012.0,False,36.5,98,2.5,Australian Grand Prix
84.44,28,HARD,2,29.912,18.051,36.477,700000000.0,0.0,0.0,10,9.0,1,False,6263.198,BOR,5,None,None,6208.744,6226.795,6263.272,256.0,288.0,291.0,289.0,True,Audi,6178.758,2026-03-08T04:44:05.381000000,False,None,False,True,6194.01,24.8,52.8,1012.0,False,36.3,98,4.0,Australian Grand Prix
84.694,29,HARD,2,29.861,18.058,36.775,700000000.0,0.0,0.0,11,9.0,1,False,6347.892,BOR,5,None,None,6293.133,6311.191,6347.966,251.0,290.0,291.0,288.0,True,Audi,6263.198,2026-03-08T04:45:29.821000000,False,None,False,True,6254.01,24.8,52.8,1012.1,False,36.1,120,3.0,Australian Grand Prix
84.364,30,HARD,2,29.865,17.935,36.564,700000000.0,0.0,1000000000.0,12,9.0,1,False,6432.256,BOR,5,None,None,6377.831,6395.766,6432.33,256.0,293.0,294.0,283.0,True,Audi,6347.892,2026-03-08T04:46:54.515000000,False,None,False,True,6374.017,25.3,53.7,1012.0,False,36.1,123,2.5,Australian Grand Prix
84.153,31,HARD,2,29.79,17.858,36.505,701001000.0,1000.0,0.0,13,9.0,1,True,6516.409,BOR,5,None,None,6462.12,6479.978,6516.483,258.0,294.0,295.0,286.0,True,Audi,6432.256,2026-03-08T04:48:18.879000000,False,None,False,True,6434.013,25.2,53.5,1011.9,False,37.3,184,1.0,Australian Grand Prix
83.978,32,HARD,2,29.576,17.889,36.513,700000000.0,0.0,555.0,14,9.0,1,True,6600.387,BOR,5,None,None,6546.059,6563.948,6600.461,251.0,292.0,294.0,291.0,True,Audi,6516.409,2026-03-08T04:49:43.032000000,False,None,False,True,6554.015,25.2,53.1,1012.0,False,37.0,125,4.0,Australian Grand Prix
104.235,33,HARD,2,29.944,17.988,56.303,500000000.0,0.0,110000.0,15,11.0,16,False,6704.622,BOR,5,None,6684.281,6630.405,6648.393,6704.696,257.0,293.0,None,291.0,True,Audi,6600.387,2026-03-08T04:51:07.010000000,False,None,False,False,6614.014,25.1,53.0,1012.0,False,37.2,147,3.0,Australian Grand Prix
93.286,34,HARD,3,38.94,18.065,36.281,1001110.0,11000.0,100000.0,1,11.0,671,False,6797.908,BOR,5,6707.184,None,6743.636,6761.701,6797.982,255.0,299.0,295.0,214.0,True,Audi,6704.622,2026-03-08T04:52:51.245000000,False,None,False,False,6674.029,25.1,53.2,1011.8,False,37.7,107,2.5,Australian Grand Prix
83.954,35,HARD,3,29.405,18.24,36.309,701001110.0,11000.0,1000100000.0,2,11.0,1,True,6881.862,BOR,5,None,None,6827.387,6845.627,6881.936,257.0,285.0,290.0,287.0,True,Audi,6797.908,2026-03-08T04:54:24.531000000,False,None,False,True,6794.063,25.2,52.4,1011.9,False,37.2,105,3.7,Australian Grand Prix
83.655,36,HARD,3,29.478,17.963,36.214,700000000.0,0.0,1000000000.0,3,11.0,1,True,6965.517,BOR,5,None,None,6911.414,6929.377,6965.591,255.0,288.0,295.0,286.0,True,Audi,6881.862,2026-03-08T04:55:48.485000000,False,None,False,True,6914.079,25.2,52.5,1011.8,False,37.8,119,3.8,Australian Grand Prix
83.732,37,HARD,3,29.506,17.848,36.378,700000001.0,0.0,100000013.0,4,11.0,1,False,7049.249,BOR,5,None,None,6995.097,7012.945,7049.323,256.0,294.0,298.0,289.0,True,Audi,6965.517,2026-03-08T04:57:12.140000000,False,None,False,True,6974.097,25.2,52.8,1011.8,False,37.0,120,3.8,Australian Grand Prix
85.119,38,HARD,3,29.421,17.884,37.814,100000000.0,0.0,0.0,5,11.0,1,False,7134.368,BOR,5,None,None,7078.744,7096.628,7134.442,262.0,303.0,318.0,293.0,True,Audi,7049.249,2026-03-08T04:58:35.872000000,False,None,False,True,7094.098,25.1,53.0,1011.8,False,35.9,115,3.0,Australian Grand Prix
84.83,39,HARD,3,30.093,18.191,36.546,700000000.0,0.0,100000.0,6,10.0,1,False,7219.198,BOR,5,None,None,7164.535,7182.726,7219.272,259.0,290.0,319.0,293.0,True,Audi,7134.368,2026-03-08T05:00:00.991000000,False,None,False,True,7154.099,25.0,52.1,1011.8,False,35.7,98,2.5,Australian Grand Prix
84.696,40,HARD,3,29.516,18.522,36.658,0.0,0.0,100000.0,7,9.0,1,False,7303.894,BOR,5,None,None,7248.788,7267.31,7303.968,258.0,278.0,284.0,306.0,True,Audi,7219.198,2026-03-08T05:01:25.821000000,False,None,False,True,7214.101,25.0,52.7,1011.8,False,35.5,140,3.1,Australian Grand Prix
84.47,41,HARD,3,29.94,18.115,36.415,701000010.0,0.0,1000000000.0,8,9.0,1,False,7388.364,BOR,5,None,None,7333.908,7352.023,7388.438,253.0,284.0,291.0,279.0,True,Audi,7303.894,2026-03-08T05:02:50.517000000,False,None,False,True,7334.114,25.0,52.8,1011.7,False,35.5,136,3.6,Australian Grand Prix
83.803,42,HARD,3,29.508,17.946,36.349,701000000.0,11000.0,1000000.0,9,9.0,1,False,7472.167,BOR,5,None,None,7417.946,7435.892,7472.241,256.0,288.0,292.0,286.0,True,Audi,7388.364,2026-03-08T05:04:14.987000000,False,None,False,True,7394.119,25.0,52.8,1011.8,False,35.4,96,2.8,Australian Grand Prix
83.643,43,HARD,3,29.475,17.879,36.289,700000000.0,0.0,0.0,10,9.0,1,True,7555.81,BOR,5,None,None,7501.716,7519.595,7555.884,256.0,289.0,293.0,287.0,True,Audi,7472.167,2026-03-08T05:05:38.790000000,False,None,False,True,7454.108,25.1,52.6,1011.6,False,35.5,99,1.3,Australian Grand Prix
83.736,44,HARD,3,29.581,17.856,36.299,700000000.0,100.0,0.0,11,9.0,1,False,7639.546,BOR,5,None,None,7585.465,7603.321,7639.62,256.0,289.0,295.0,286.0,True,Audi,7555.81,2026-03-08T05:07:02.433000000,False,None,False,True,7574.136,25.2,52.7,1011.7,False,36.2,93,1.0,Australian Grand Prix
83.257,45,HARD,3,29.395,17.8,36.062,700000011.0,10000.0,0.0,12,9.0,1,True,7722.803,BOR,5,None,None,7669.015,7686.815,7722.877,257.0,291.0,293.0,290.0,True,Audi,7639.546,2026-03-08T05:08:26.169000000,False,None,False,True,7634.151,25.1,52.5,1011.7,False,36.6,110,2.0,Australian Grand Prix
83.346,46,HARD,3,29.447,17.774,36.125,700000000.0,0.0,0.0,13,9.0,1,False,7806.149,BOR,5,None,None,7752.324,7770.098,7806.223,259.0,292.0,295.0,288.0,True,Audi,7722.803,2026-03-08T05:09:49.426000000,False,None,False,True,7754.15,25.1,51.4,1011.6,False,35.7,118,3.9,Australian Grand Prix
83.976,47,HARD,3,29.482,17.841,36.653,700000000.0,0.0,0.0,14,9.0,1,False,7890.125,BOR,5,None,None,7835.705,7853.546,7890.199,258.0,289.0,295.0,292.0,True,Audi,7806.149,2026-03-08T05:11:12.772000000,False,None,False,True,7814.153,25.1,51.4,1011.6,False,35.6,140,2.9,Australian Grand Prix
85.008,48,HARD,3,30.382,17.891,36.735,700000000.0,0.0,0.0,15,9.0,1,False,7975.133,BOR,5,None,None,7920.581,7938.472,7975.207,255.0,290.0,295.0,291.0,True,Audi,7890.125,2026-03-08T05:12:36.748000000,False,None,False,True,7874.138,25.1,52.4,1011.6,False,35.4,106,4.0,Australian Grand Prix
84.889,49,HARD,3,29.559,17.87,37.46,700000001.0,0.0,0.0,16,9.0,1,False,8060.022,BOR,5,None,None,8004.766,8022.636,8060.096,256.0,287.0,300.0,290.0,True,Audi,7975.133,2026-03-08T05:14:01.756000000,False,None,False,True,7994.158,25.1,52.9,1011.6,False,36.8,110,2.4,Australian Grand Prix
84.324,50,HARD,3,29.719,17.835,36.77,710000000.0,0.0,0.0,17,9.0,1,False,8144.346,BOR,5,None,None,8089.815,8107.65,8144.42,269.0,292.0,296.0,301.0,True,Audi,8060.022,2026-03-08T05:15:26.645000000,False,None,False,True,8054.173,25.2,53.0,1011.6,False,36.5,116,2.6,Australian Grand Prix
85.635,51,HARD,3,29.804,18.319,37.512,700000000.0,0.0,0.0,18,9.0,1,False,8229.981,BOR,5,None,None,8174.224,8192.543,8230.055,250.0,274.0,298.0,293.0,True,Audi,8144.346,2026-03-08T05:16:50.969000000,False,None,False,True,8174.192,25.3,52.0,1011.6,False,35.9,125,2.3,Australian Grand Prix
84.359,52,HARD,3,29.711,17.927,36.721,700000000.0,100.0,0.0,19,9.0,1,False,8314.34,BOR,5,None,None,8259.766,8277.693,8314.414,255.0,291.0,294.0,294.0,True,Audi,8229.981,2026-03-08T05:18:16.604000000,False,None,False,True,8234.191,25.3,52.2,1011.5,False,35.6,106,3.1,Australian Grand Prix
86.063,53,HARD,3,29.756,17.889,38.418,710000000.0,100.0,13.0,20,9.0,1,False,8400.403,BOR,5,None,None,8344.17,8362.059,8400.477,255.0,291.0,301.0,290.0,True,Audi,8314.34,2026-03-08T05:19:40.963000000,False,None,False,True,8294.207,25.3,51.1,1011.5,False,35.3,121,3.0,Australian Grand Prix
84.548,54,HARD,3,29.857,17.721,36.97,100000001.0,0.0,0.0,21,9.0,1,False,8484.951,BOR,5,None,None,8430.334,8448.055,8485.025,262.0,296.0,323.0,305.0,True,Audi,8400.403,2026-03-08T05:21:07.026000000,False,None,False,True,8414.244,25.3,51.9,1011.5,False,34.8,115,3.0,Australian Grand Prix
85.268,55,HARD,3,30.15,17.991,37.127,0.0,0.0,0.0,22,9.0,1,False,8570.219,BOR,5,None,None,8515.175,8533.166,8570.293,269.0,293.0,299.0,279.0,True,Audi,8484.951,2026-03-08T05:22:31.574000000,False,None,False,True,8474.264,25.3,51.7,1011.5,False,34.7,130,4.2,Australian Grand Prix
84.515,56,HARD,3,29.823,17.878,36.814,700310000.0,0.0,0.0,23,9.0,1,False,8654.734,BOR,5,None,None,8600.116,8617.994,8654.808,270.0,293.0,301.0,300.0,True,Audi,8570.219,2026-03-08T05:23:56.842000000,False,None,False,True,8534.293,25.2,51.6,1011.6,False,34.6,126,3.2,Australian Grand Prix
84.821,57,HARD,3,29.522,18.166,37.133,700000000.0,0.0,0.0,24,9.0,1,False,8739.555,BOR,5,None,None,8684.33,8702.496,8739.629,265.0,291.0,292.0,304.0,True,Audi,8654.734,2026-03-08T05:25:21.357000000,False,None,False,True,8654.277,25.2,52.0,1011.5,False,34.4,105,2.9,Australian Grand Prix
100.85,1,HARD,1,,19.068,39.739,0.0,0.0,77.0,1,15.0,1,False,3840.829,BOT,77,None,None,None,3802.163,3841.003,222.0,291.0,283.0,209.0,True,Cadillac,3739.743,2026-03-08T04:03:26.366000000,False,None,False,False,3793.796,24.2,54.0,1012.8,False,36.6,104,4.4,Australian Grand Prix
90.152,2,HARD,1,31.409,18.42,40.323,700010110.0,10000.0,1100010010.0,2,18.0,1,True,3930.981,BOT,77,None,None,3872.335,3890.755,3931.078,270.0,286.0,304.0,271.0,True,Cadillac,3840.829,2026-03-08T04:05:07.452000000,False,None,False,True,3853.794,24.2,54.4,1012.8,False,36.0,135,2.3,Australian Grand Prix
89.219,3,HARD,1,31.489,18.72,39.01,11011000.0,1000.0,1011110110.0,3,19.0,1,True,4020.2,BOT,77,None,None,3962.567,3981.287,4020.297,252.0,296.0,298.0,250.0,True,Cadillac,3930.981,2026-03-08T04:06:37.604000000,False,None,False,True,3973.816,24.1,54.1,1012.9,False,36.1,112,1.6,Australian Grand Prix
88.057,4,HARD,1,31.136,18.765,38.156,110010010.0,11000.0,1001000100.0,4,19.0,1,True,4108.257,BOT,77,None,None,4051.433,4070.198,4108.354,244.0,292.0,301.0,267.0,True,Cadillac,4020.2,2026-03-08T04:08:06.823000000,False,None,False,True,4033.811,24.1,54.1,1012.9,False,36.1,112,1.6,Australian Grand Prix
87.738,5,HARD,1,31.043,18.319,38.376,10000010.0,10000.0,1000010000.0,5,19.0,1,True,4195.995,BOT,77,None,None,4139.397,4157.716,4196.092,252.0,301.0,291.0,282.0,True,Cadillac,4108.257,2026-03-08T04:09:34.880000000,False,None,False,True,4153.828,24.2,54.2,1012.8,False,35.1,127,2.2,Australian Grand Prix
87.804,6,HARD,1,31.064,18.361,38.379,700110010.0,1.0,1001000000.0,6,19.0,1,False,4283.799,BOT,77,None,None,4227.156,4245.517,4283.896,255.0,297.0,284.0,286.0,True,Cadillac,4195.995,2026-03-08T04:11:02.618000000,False,None,False,True,4213.83,24.2,54.3,1012.6,False,35.3,114,2.7,Australian Grand Prix
87.457,7,HARD,1,30.778,18.242,38.437,700000000.0,11101.0,1100000.0,7,19.0,1,True,4371.256,BOT,77,None,None,4314.674,4332.916,4371.353,261.0,301.0,283.0,282.0,True,Cadillac,4283.799,2026-03-08T04:12:30.422000000,False,None,False,True,4273.82,24.2,54.7,1012.6,False,35.1,99,3.4,Australian Grand Prix
87.364,8,HARD,1,30.99,18.033,38.341,710000000.0,0.0,100000.0,8,19.0,1,True,4458.62,BOT,77,None,None,4402.343,4420.376,4458.717,256.0,304.0,296.0,283.0,True,Cadillac,4371.256,2026-03-08T04:13:57.879000000,False,None,False,True,4393.821,24.5,54.3,1012.6,False,36.6,104,2.4,Australian Grand Prix
87.679,9,HARD,1,31.159,18.191,38.329,710000000.0,0.0,10000000.0,9,18.0,1,False,4546.299,BOT,77,None,None,4489.876,4508.067,4546.396,255.0,304.0,295.0,289.0,True,Cadillac,4458.62,2026-03-08T04:15:25.243000000,False,None,False,True,4453.832,24.4,53.7,1012.6,False,38.1,121,3.1,Australian Grand Prix
87.661,10,HARD,1,31.044,18.182,38.435,700000000.0,0.0,0.0,10,18.0,1,False,4633.96,BOT,77,None,None,4577.44,4595.622,4634.057,255.0,304.0,283.0,291.0,True,Cadillac,4546.299,2026-03-08T04:16:52.922000000,False,None,False,True,4573.833,24.5,53.3,1012.6,False,36.7,119,1.6,Australian Grand Prix
99.058,11,HARD,1,31.235,18.158,49.665,700000000.0,0.0,555.0,11,15.0,16,False,4733.018,BOT,77,None,None,4665.292,4683.45,4733.115,255.0,302.0,214.0,281.0,True,Cadillac,4633.96,2026-03-08T04:18:20.583000000,False,None,False,False,4633.861,24.4,53.1,1012.4,False,36.6,128,2.7,Australian Grand Prix
192.042,12,HARD,1,46.72,45.988,99.334,500000000.0,1.0,0.0,12,19.0,67,False,4925.068,BOT,77,None,4896.868,4779.978,4825.982,4925.224,77.0,114.0,None,199.0,True,Cadillac,4733.018,2026-03-08T04:19:59.641000000,False,None,False,False,4753.868,24.5,53.5,1012.4,False,36.5,128,2.0,Australian Grand Prix
104.111,13,HARD,2,43.535,19.556,41.02,0.0,0.0,0.0,13,18.0,71,False,5029.179,BOT,77,4927.555,None,4968.7,4988.256,5029.276,242.0,308.0,284.0,175.0,False,Cadillac,4925.068,2026-03-08T04:23:11.691000000,False,None,False,False,4873.87,24.6,52.3,1012.4,False,36.8,113,2.0,Australian Grand Prix
91.389,14,HARD,2,33.091,18.948,39.35,700000000.0,11.0,10000.0,14,18.0,1,False,5120.568,BOT,77,None,None,5062.367,5081.315,5120.665,246.0,301.0,279.0,275.0,False,Cadillac,5029.179,2026-03-08T04:24:55.802000000,False,None,False,True,4993.903,24.3,53.3,1012.4,False,36.6,114,2.5,Australian Grand Prix
91.33,15,HARD,2,34.194,18.205,38.931,700000000.0,0.0,0.0,15,18.0,1,False,5211.898,BOT,77,None,None,5154.859,5173.064,5211.995,250.0,309.0,289.0,274.0,False,Cadillac,5120.568,2026-03-08T04:26:27.191000000,False,None,False,True,5053.917,24.3,53.7,1012.3,False,37.3,125,2.0,Australian Grand Prix
,16,HARD,2,,,,,,,16,,126,None,5361.898,BOT,77,None,None,None,None,None,None,None,None,None,False,Cadillac,5211.898,2026-03-08T04:27:58.521000000,False,None,True,False,5113.908,24.3,53.9,1012.3,False,38.4,140,3.5,Australian Grand Prix
,17,HARD,2,,,,,,,17,,6,None,5362.032,BOT,77,None,None,None,None,None,None,None,None,None,False,Cadillac,5361.898,None,None,None,True,False,5233.92,24.6,53.1,1012.3,False,37.7,111,3.0,Australian Grand Prix
101.613,1,HARD,1,,19.039,40.226,100.0,0.0,77.0,1,17.0,1,False,3841.592,COL,43,None,None,None,3802.44,3841.785,227.0,302.0,294.0,209.0,True,Alpine,3739.743,2026-03-08T04:03:26.366000000,False,None,False,False,3793.796,24.2,54.0,1012.8,False,36.6,104,4.4,Australian Grand Prix
88.166,2,HARD,1,31.674,18.157,38.335,11131110.0,10000.0,1001000011.0,2,16.0,1,True,3929.758,COL,43,None,None,3873.365,3891.522,3929.857,260.0,284.0,285.0,257.0,True,Alpine,3841.592,2026-03-08T04:05:08.215000000,False,None,False,True,3853.794,24.2,54.4,1012.8,False,36.0,135,2.3,Australian Grand Prix
86.935,3,HARD,1,30.607,18.32,38.008,100100100.0,11111.0,11.0,3,16.0,1,True,4016.693,COL,43,None,None,3960.464,3978.784,4016.792,258.0,284.0,302.0,267.0,True,Alpine,3929.758,2026-03-08T04:06:36.381000000,False,None,False,True,3973.816,24.1,54.1,1012.9,False,36.1,112,1.6,Australian Grand Prix
86.812,4,HARD,1,30.715,17.902,38.195,700100111.0,10001.0,1.0,4,16.0,1,True,4103.505,COL,43,None,None,4047.507,4065.409,4103.604,259.0,299.0,307.0,286.0,True,Alpine,4016.693,2026-03-08T04:08:03.316000000,False,None,False,True,4033.811,24.1,54.1,1012.9,False,36.1,112,1.6,Australian Grand Prix
87.512,5,HARD,1,30.698,17.936,38.878,700000000.0,0.0,0.0,5,16.0,1,False,4191.017,COL,43,None,None,4134.302,4152.238,4191.116,264.0,302.0,316.0,265.0,True,Alpine,4103.505,2026-03-08T04:09:30.128000000,False,None,False,True,4153.828,24.2,54.2,1012.8,False,35.1,127,2.2,Australian Grand Prix
87.513,6,HARD,1,30.986,17.993,38.534,1010.0,11000.0,1001100000.0,6,15.0,1,False,4278.53,COL,43,None,None,4222.102,4240.095,4278.629,258.0,309.0,288.0,265.0,True,Alpine,4191.017,2026-03-08T04:10:57.640000000,False,None,False,True,4213.83,24.2,54.3,1012.6,False,35.3,114,2.7,Australian Grand Prix
86.068,7,HARD,1,30.496,18.028,37.544,700101000.0,10000.0,1000101000.0,7,15.0,1,True,4364.598,COL,43,None,None,4309.125,4327.153,4364.697,257.0,301.0,299.0,277.0,True,Alpine,4278.53,2026-03-08T04:12:25.153000000,False,None,False,True,4273.82,24.2,54.7,1012.6,False,35.1,99,3.4,Australian Grand Prix
85.818,8,HARD,1,30.39,18.004,37.424,710000010.0,1000.0,1000011555.0,8,15.0,1,True,4450.416,COL,43,None,None,4395.087,4413.091,4450.515,254.0,305.0,297.0,279.0,True,Alpine,4364.598,2026-03-08T04:13:51.221000000,False,None,False,True,4393.821,24.5,54.3,1012.6,False,36.6,104,2.4,Australian Grand Prix
109.931,9,HARD,1,30.4,18.017,61.514,500000000.0,0.0,0.0,9,20.0,1,False,4560.347,COL,43,None,4534.795,4480.915,4498.932,4560.446,259.0,307.0,None,293.0,True,Alpine,4450.416,2026-03-08T04:15:17.039000000,False,None,False,False,4453.832,24.4,53.7,1012.6,False,38.1,121,3.1,Australian Grand Prix
92.762,10,HARD,2,36.557,18.377,37.828,11000.0,0.0,0.0,10,20.0,1,False,4653.109,COL,43,4562.847,None,4597.003,4615.38,4653.208,253.0,296.0,290.0,217.0,False,Alpine,4560.347,2026-03-08T04:17:06.970000000,False,None,False,False,4573.833,24.5,53.3,1012.6,False,36.7,119,1.6,Australian Grand Prix
105.807,11,HARD,2,30.568,27.783,47.456,700000000.0,0.0,0.0,11,18.0,16,False,4758.916,COL,43,None,None,4683.776,4711.559,4759.015,250.0,138.0,205.0,283.0,False,Alpine,4653.109,2026-03-08T04:18:39.732000000,False,None,False,False,4633.861,24.4,53.1,1012.4,False,36.6,128,2.7,Australian Grand Prix
123.67,12,HARD,2,41.094,27.882,54.694,700000000.0,0.0,0.0,12,17.0,6,False,4882.586,COL,43,None,None,4800.109,4827.991,4882.685,199.0,122.0,280.0,187.0,False,Alpine,4758.916,2026-03-08T04:20:25.539000000,False,None,False,False,4753.868,24.5,53.5,1012.4,False,36.5,128,2.0,Australian Grand Prix
93.872,13,HARD,2,32.451,23.161,38.26,700001100.0,0.0,100000.0,13,16.0,671,False,4976.458,COL,43,None,None,4915.136,4938.297,4976.557,242.0,280.0,288.0,270.0,False,Alpine,4882.586,2026-03-08T04:22:29.209000000,False,None,False,False,4873.87,24.6,52.3,1012.4,False,36.8,113,2.0,Australian Grand Prix
86.663,14,HARD,2,30.41,18.256,37.997,701001110.0,11000.0,1000000.0,14,16.0,1,False,5063.121,COL,43,None,None,5006.967,5025.223,5063.22,258.0,298.0,291.0,287.0,False,Alpine,4976.458,2026-03-08T04:24:03.081000000,False,None,False,True,4993.903,24.3,53.3,1012.4,False,36.6,114,2.5,Australian Grand Prix
85.6,15,HARD,2,30.086,18.096,37.418,711001000.0,0.0,1000000.0,15,16.0,1,True,5148.721,COL,43,None,None,5093.306,5111.402,5148.82,258.0,297.0,289.0,288.0,False,Alpine,5063.121,2026-03-08T04:25:29.744000000,False,None,False,True,5053.917,24.3,53.7,1012.3,False,37.3,125,2.0,Australian Grand Prix
85.911,16,HARD,2,30.157,18.27,37.484,700010000.0,0.0,1000000.0,16,16.0,1,False,5234.632,COL,43,None,None,5178.977,5197.247,5234.731,257.0,297.0,290.0,290.0,False,Alpine,5148.721,2026-03-08T04:26:55.344000000,False,None,False,True,5113.908,24.3,53.9,1012.3,False,38.4,140,3.5,Australian Grand Prix
85.708,17,HARD,2,30.221,18.119,37.368,700000000.0,0.0,0.0,17,16.0,12,False,5320.34,COL,43,None,None,5264.952,5283.071,5320.439,258.0,300.0,291.0,292.0,False,Alpine,5234.632,2026-03-08T04:28:21.255000000,False,None,False,True,5233.92,24.6,53.1,1012.3,False,37.7,111,3.0,Australian Grand Prix
112.961,18,HARD,2,39.656,23.049,50.256,700000000.0,0.0,0.0,18,15.0,26,False,5433.301,COL,43,None,None,5360.095,5383.144,5433.4,239.0,227.0,214.0,291.0,False,Alpine,5320.34,2026-03-08T04:29:46.963000000,False,None,False,False,5293.918,24.6,52.5,1012.3,False,36.7,138,4.1,Australian Grand Prix
101.676,19,HARD,2,39.674,24.199,37.803,701001011.0,11000.0,1000000000.0,19,15.0,671,False,5534.977,COL,43,None,None,5473.074,5497.273,5535.076,240.0,287.0,297.0,202.0,False,Alpine,5433.301,2026-03-08T04:31:39.924000000,False,None,False,False,5413.936,24.7,53.0,1012.3,False,35.9,142,2.9,Australian Grand Prix
85.331,20,HARD,2,29.839,18.136,37.356,711001111.0,0.0,1000100000.0,20,15.0,1,True,5620.308,COL,43,None,None,5564.915,5583.051,5620.407,261.0,297.0,286.0,288.0,False,Alpine,5534.977,2026-03-08T04:33:21.600000000,False,None,False,True,5533.969,24.6,53.4,1012.2,False,35.8,126,2.8,Australian Grand Prix
84.932,21,HARD,2,29.764,18.096,37.072,701000001.0,11000.0,0.0,21,15.0,1,True,5705.24,COL,43,None,None,5650.171,5668.267,5705.339,263.0,298.0,292.0,293.0,False,Alpine,5620.308,2026-03-08T04:34:46.931000000,False,None,False,True,5593.968,24.6,53.3,1012.1,False,35.7,119,3.8,Australian Grand Prix
85.011,22,HARD,2,29.789,17.999,37.223,700010000.0,0.0,0.0,22,15.0,1,False,5790.251,COL,43,None,None,5735.128,5753.127,5790.35,265.0,298.0,292.0,293.0,False,Alpine,5705.24,2026-03-08T04:36:11.863000000,False,None,False,True,5713.957,24.6,52.8,1012.1,False,36.4,111,2.9,Australian Grand Prix
85.136,23,HARD,2,29.869,18.049,37.218,700000000.0,0.0,0.0,23,15.0,1,False,5875.387,COL,43,None,None,5820.219,5838.268,5875.486,261.0,299.0,294.0,293.0,False,Alpine,5790.251,2026-03-08T04:37:36.874000000,False,None,False,True,5773.973,24.5,52.9,1012.2,False,36.6,95,1.4,Australian Grand Prix
85.449,24,HARD,2,30.097,18.128,37.224,700000000.0,0.0,0.0,24,15.0,1,False,5960.836,COL,43,None,None,5905.583,5923.711,5960.935,257.0,299.0,295.0,290.0,False,Alpine,5875.387,2026-03-08T04:39:02.010000000,False,None,False,True,5833.959,24.6,53.4,1012.1,False,37.0,114,2.1,Australian Grand Prix
85.225,25,HARD,2,29.946,18.102,37.177,700000000.0,0.0,0.0,25,15.0,1,False,6046.061,COL,43,None,None,5990.881,6008.983,6046.16,258.0,300.0,293.0,296.0,False,Alpine,5960.836,2026-03-08T04:40:27.459000000,False,None,False,True,5953.975,24.8,52.6,1012.1,False,37.6,147,3.1,Australian Grand Prix
85.174,26,HARD,2,29.93,18.081,37.163,700000000.0,0.0,0.0,26,15.0,1,False,6131.235,COL,43,None,None,6076.09,6094.171,6131.334,262.0,300.0,292.0,295.0,False,Alpine,6046.061,2026-03-08T04:41:52.684000000,False,None,False,True,6013.976,24.8,52.7,1012.0,False,37.4,106,3.3,Australian Grand Prix
85.626,27,HARD,2,30.037,18.139,37.45,700000000.0,0.0,0.0,27,15.0,1,False,6216.861,COL,43,None,None,6161.371,6179.51,6216.96,259.0,300.0,295.0,294.0,False,Alpine,6131.235,2026-03-08T04:43:17.858000000,False,None,False,True,6134.01,24.8,52.0,1012.0,False,36.5,98,2.5,Australian Grand Prix
86.172,28,HARD,2,30.003,18.067,38.102,700000000.0,0.0,10000000.0,28,15.0,1,False,6303.033,COL,43,None,None,6246.963,6265.03,6303.132,259.0,301.0,235.0,295.0,False,Alpine,6216.861,2026-03-08T04:44:43.484000000,False,None,False,True,6194.01,24.8,52.8,1012.0,False,36.3,98,4.0,Australian Grand Prix
86.483,29,HARD,2,30.995,18.014,37.474,700100000.0,0.0,1000000000.0,29,15.0,1,False,6389.516,COL,43,None,None,6334.127,6352.141,6389.615,260.0,308.0,288.0,260.0,False,Alpine,6303.033,2026-03-08T04:46:09.656000000,False,None,False,True,6254.01,24.8,52.8,1012.1,False,36.1,120,3.0,Australian Grand Prix
85.566,30,HARD,2,30.111,18.034,37.421,700000000.0,100.0,0.0,30,15.0,1,False,6475.082,COL,43,None,None,6419.726,6437.76,6475.181,260.0,303.0,287.0,291.0,False,Alpine,6389.516,2026-03-08T04:47:36.139000000,False,None,False,True,6374.017,25.3,53.7,1012.0,False,36.1,123,2.5,Australian Grand Prix
87.26,31,HARD,2,31.496,17.976,37.788,700110000.0,0.0,0.0,31,15.0,1,False,6562.342,COL,43,None,None,6506.677,6524.653,6562.441,262.0,309.0,296.0,287.0,False,Alpine,6475.082,2026-03-08T04:49:01.705000000,False,None,False,True,6434.013,25.2,53.5,1011.9,False,37.3,184,1.0,Australian Grand Prix
85.707,32,HARD,2,30.159,18.001,37.547,700000000.0,0.0,0.0,32,15.0,1,False,6648.049,COL,43,None,None,6592.6,6610.601,6648.148,259.0,304.0,298.0,298.0,False,Alpine,6562.342,2026-03-08T04:50:28.965000000,False,None,False,True,6554.015,25.2,53.1,1012.0,False,37.0,125,4.0,Australian Grand Prix
100.541,33,HARD,2,32.599,27.744,40.198,700100000.0,0.0,10000000.0,33,15.0,167,False,6748.59,COL,43,None,None,6680.747,6708.491,6748.689,125.0,216.0,281.0,290.0,False,Alpine,6648.049,2026-03-08T04:51:54.672000000,False,None,False,False,6614.014,25.1,53.0,1012.0,False,37.2,147,3.0,Australian Grand Prix
86.067,34,HARD,2,30.806,18.018,37.243,710000000.0,1000.0,0.0,34,13.0,1,False,6834.657,COL,43,None,None,6779.495,6797.513,6834.756,259.0,306.0,298.0,250.0,False,Alpine,6748.59,2026-03-08T04:53:35.213000000,False,None,False,True,6674.029,25.1,53.2,1011.8,False,37.7,107,2.5,Australian Grand Prix
85.633,35,HARD,2,30.24,17.955,37.438,700000000.0,0.0,0.0,35,13.0,1,False,6920.29,COL,43,None,None,6864.996,6882.951,6920.389,261.0,304.0,295.0,300.0,False,Alpine,6834.657,2026-03-08T04:55:01.280000000,False,None,False,True,6794.063,25.2,52.4,1011.9,False,37.2,105,3.7,Australian Grand Prix
87.434,36,HARD,2,30.218,18.176,39.04,100100000.0,0.0,0.0,36,13.0,1,False,7007.724,COL,43,None,None,6950.607,6968.783,7007.823,259.0,263.0,313.0,291.0,False,Alpine,6920.29,2026-03-08T04:56:26.913000000,False,None,False,True,6914.079,25.2,52.5,1011.8,False,37.8,119,3.8,Australian Grand Prix
87.047,37,HARD,2,30.234,18.605,38.208,300000000.0,0.0,0.0,37,14.0,1,False,7094.771,COL,43,None,None,7038.057,7056.662,7094.87,256.0,284.0,313.0,285.0,False,Alpine,7007.724,2026-03-08T04:57:54.347000000,False,None,False,True,6974.097,25.2,52.8,1011.8,False,37.0,120,3.8,Australian Grand Prix
87.012,38,HARD,2,30.376,18.535,38.101,10000.0,0.0,0.0,38,14.0,1,False,7181.783,COL,43,None,None,7125.246,7143.781,7181.882,221.0,300.0,292.0,291.0,False,Alpine,7094.771,2026-03-08T04:59:21.394000000,False,None,False,True,7094.098,25.1,53.0,1011.8,False,35.9,115,3.0,Australian Grand Prix
86.964,39,HARD,2,30.268,18.179,38.517,700000000.0,0.0,0.0,39,14.0,1,False,7268.747,COL,43,None,None,7212.15,7230.329,7268.846,252.0,307.0,275.0,288.0,False,Alpine,7181.783,2026-03-08T05:00:48.406000000,False,None,False,True,7154.099,25.0,52.1,1011.8,False,35.7,98,2.5,Australian Grand Prix
86.665,40,HARD,2,30.853,17.99,37.822,700000000.0,0.0,0.0,40,14.0,1,False,7355.412,COL,43,None,None,7299.699,7317.689,7355.511,241.0,296.0,302.0,262.0,False,Alpine,7268.747,2026-03-08T05:02:15.370000000,False,None,False,True,7214.101,25.0,52.7,1011.8,False,35.5,140,3.1,Australian Grand Prix
86.469,41,HARD,2,30.443,18.308,37.718,700000001.0,1000.0,100000000.0,41,14.0,1,False,7441.881,COL,43,None,None,7385.954,7404.262,7441.98,241.0,309.0,290.0,287.0,False,Alpine,7355.412,2026-03-08T05:03:42.035000000,False,None,False,True,7334.114,25.0,52.8,1011.7,False,35.5,136,3.6,Australian Grand Prix
85.275,42,HARD,2,30.041,18.114,37.12,700000000.0,0.0,10000000.0,42,14.0,1,False,7527.156,COL,43,None,None,7472.021,7490.135,7527.255,261.0,297.0,292.0,288.0,False,Alpine,7441.881,2026-03-08T05:05:08.504000000,False,None,False,True,7394.119,25.0,52.8,1011.8,False,35.4,96,2.8,Australian Grand Prix
85.381,43,HARD,2,30.093,18.083,37.205,700000000.0,0.0,100000.0,43,14.0,1,False,7612.537,COL,43,None,None,7557.348,7575.431,7612.636,252.0,296.0,295.0,290.0,False,Alpine,7527.156,2026-03-08T05:06:33.779000000,False,None,False,True,7454.108,25.1,52.6,1011.6,False,35.5,99,1.3,Australian Grand Prix
85.24,44,HARD,2,30.052,18.011,37.177,700000010.0,0.0,0.0,44,14.0,1,False,7697.777,COL,43,None,None,7642.688,7660.699,7697.876,261.0,296.0,294.0,292.0,False,Alpine,7612.537,2026-03-08T05:07:59.160000000,False,None,False,True,7574.136,25.2,52.7,1011.7,False,36.2,93,1.0,Australian Grand Prix
84.939,45,HARD,2,29.961,17.996,36.982,700000000.0,0.0,555.0,45,14.0,1,False,7782.716,COL,43,None,None,7727.837,7745.833,7782.815,263.0,302.0,297.0,288.0,False,Alpine,7697.777,2026-03-08T05:09:24.400000000,False,None,False,True,7634.151,25.1,52.5,1011.7,False,36.6,110,2.0,Australian Grand Prix
102.911,46,HARD,2,30.115,19.536,53.26,500000000.0,1100.0,1001000010.0,46,14.0,1,False,7885.627,COL,43,None,7869.223,7812.93,7832.466,7885.726,259.0,306.0,None,291.0,False,Alpine,7782.716,2026-03-08T05:10:49.339000000,False,None,False,False,7754.15,25.1,51.4,1011.6,False,35.7,118,3.9,Australian Grand Prix
90.309,47,SOFT,3,35.971,17.845,36.493,1101111.0,1331.0,1001100000.0,1,14.0,1,False,7975.936,COL,43,7888.007,None,7921.697,7939.542,7976.035,258.0,311.0,304.0,226.0,True,Alpine,7885.627,2026-03-08T05:12:32.250000000,False,None,False,False,7814.153,25.1,51.4,1011.6,False,35.6,140,2.9,Australian Grand Prix
82.926,48,SOFT,3,29.194,17.38,36.352,711011111.0,11000.0,1000001100.0,2,14.0,1,True,8058.862,COL,43,None,None,8005.229,8022.609,8058.961,269.0,318.0,292.0,297.0,True,Alpine,7975.936,2026-03-08T05:14:02.559000000,False,None,False,True,7874.138,25.1,52.4,1011.6,False,35.4,106,4.0,Australian Grand Prix
83.259,49,SOFT,3,29.042,17.815,36.402,700000000.0,1000.0,100000010.0,3,14.0,1,False,8142.121,COL,43,None,None,8088.003,8105.818,8142.22,273.0,305.0,292.0,298.0,True,Alpine,8058.862,2026-03-08T05:15:25.485000000,False,None,False,True,7994.158,25.1,52.9,1011.6,False,36.8,110,2.4,Australian Grand Prix
83.721,50,SOFT,3,29.463,17.65,36.608,700100000.0,300.0,0.0,4,14.0,1,False,8225.842,COL,43,None,None,8171.683,8189.333,8225.941,269.0,310.0,304.0,296.0,True,Alpine,8142.121,2026-03-08T05:16:48.744000000,False,None,False,True,8054.173,25.2,53.0,1011.6,False,36.5,116,2.6,Australian Grand Prix
85.633,51,SOFT,3,29.397,17.611,38.625,700000000.0,0.0,11.0,5,14.0,1,False,8311.475,COL,43,None,None,8255.338,8272.949,8311.574,262.0,307.0,273.0,299.0,True,Alpine,8225.842,2026-03-08T05:18:12.465000000,False,None,False,True,8174.192,25.3,52.0,1011.6,False,35.9,125,2.3,Australian Grand Prix
85.151,52,SOFT,3,30.396,17.677,37.078,300000000.0,0.0,0.0,6,14.0,1,False,8396.626,COL,43,None,None,8341.97,8359.647,8396.725,262.0,311.0,321.0,272.0,True,Alpine,8311.475,2026-03-08T05:19:38.098000000,False,None,False,True,8234.191,25.3,52.2,1011.5,False,35.6,106,3.1,Australian Grand Prix
87.12,53,SOFT,3,30.919,19.007,37.194,30000.0,0.0,0.0,7,14.0,1,False,8483.746,COL,43,None,None,8427.644,8446.651,8483.845,254.0,293.0,297.0,306.0,True,Alpine,8396.626,2026-03-08T05:21:03.249000000,False,None,False,True,8294.207,25.3,51.1,1011.5,False,35.3,121,3.0,Australian Grand Prix
83.988,54,SOFT,3,29.24,17.92,36.828,700000000.0,1000.0,0.0,8,14.0,1,False,8567.734,COL,43,None,None,8513.085,8531.005,8567.833,269.0,303.0,287.0,300.0,True,Alpine,8483.746,2026-03-08T05:22:30.369000000,False,None,False,True,8414.244,25.3,51.9,1011.5,False,34.8,115,3.0,Australian Grand Prix
83.912,55,SOFT,3,29.52,17.75,36.642,700000100.0,0.0,1.0,9,14.0,1,False,8651.646,COL,43,None,None,8597.353,8615.103,8651.745,267.0,302.0,292.0,296.0,True,Alpine,8567.734,2026-03-08T05:23:54.357000000,False,None,False,True,8474.264,25.3,51.7,1011.5,False,34.7,130,4.2,Australian Grand Prix
83.621,56,SOFT,3,29.465,17.601,36.555,700000000.0,0.0,0.0,10,14.0,1,False,8735.267,COL,43,None,None,8681.21,8698.811,8735.366,261.0,311.0,319.0,297.0,True,Alpine,8651.646,2026-03-08T05:25:18.269000000,False,None,False,True,8534.293,25.2,51.6,1011.6,False,34.6,126,3.2,Australian Grand Prix
97.98,1,MEDIUM,1,,18.682,38.91,111.0,0.0,77.0,1,9.0,1,False,3837.959,GAS,10,None,None,None,3799.62,3838.246,230.0,305.0,288.0,214.0,True,Alpine,3739.743,2026-03-08T04:03:26.366000000,False,None,False,False,3793.796,24.2,54.0,1012.8,False,36.6,104,4.4,Australian Grand Prix
87.281,2,MEDIUM,1,31.136,17.996,38.149,711111111.0,11111.0,101111111.0,2,9.0,1,True,3925.24,GAS,10,None,None,3869.151,3887.147,3925.296,259.0,296.0,294.0,264.0,True,Alpine,3837.959,2026-03-08T04:05:04.582000000,False,None,False,True,3853.794,24.2,54.4,1012.8,False,36.0,135,2.3,Australian Grand Prix
86.371,3,MEDIUM,1,30.613,17.818,37.94,710011111.0,11100.0,1110000011.0,3,9.0,1,True,4011.611,GAS,10,None,None,3955.909,3973.727,4011.667,256.0,308.0,298.0,270.0,True,Alpine,3925.24,2026-03-08T04:06:31.863000000,False,None,False,True,3973.816,24.1,54.1,1012.9,False,36.1,112,1.6,Australian Grand Prix
85.894,4,MEDIUM,1,30.427,17.771,37.696,700000001.0,10313.0,0.0,4,9.0,1,True,4097.505,GAS,10,None,None,4042.094,4059.865,4097.561,254.0,314.0,308.0,278.0,True,Alpine,4011.611,2026-03-08T04:07:58.234000000,False,None,False,True,4033.811,24.1,54.1,1012.9,False,36.1,112,1.6,Australian Grand Prix
87.04,5,MEDIUM,1,30.983,17.647,38.41,100000.0,0.0,1100110000.0,5,9.0,1,False,4184.545,GAS,10,None,None,4128.544,4146.191,4184.601,266.0,324.0,302.0,253.0,True,Alpine,4097.505,2026-03-08T04:09:24.128000000,True,TRACK LIMITS AT TURN 10 LAP 5 ,False,True,4153.828,24.2,54.2,1012.8,False,35.1,127,2.2,Australian Grand Prix
85.989,6,MEDIUM,1,30.696,17.8,37.493,711110111.0,10000.0,1001111000.0,6,9.0,1,False,4270.534,GAS,10,None,None,4215.297,4233.097,4270.59,262.0,312.0,296.0,262.0,True,Alpine,4184.545,2026-03-08T04:10:51.168000000,False,None,False,True,4213.83,24.2,54.3,1012.6,False,35.3,114,2.7,Australian Grand Prix
85.079,7,MEDIUM,1,29.873,17.815,37.391,710000110.0,11300.0,10100000.0,7,9.0,1,True,4355.613,GAS,10,None,None,4300.463,4318.278,4355.669,268.0,303.0,296.0,288.0,True,Alpine,4270.534,2026-03-08T04:12:17.157000000,False,None,False,True,4273.82,24.2,54.7,1012.6,False,35.1,99,3.4,Australian Grand Prix
84.964,8,MEDIUM,1,29.969,17.697,37.298,710000000.0,1300.0,0.0,8,9.0,1,True,4440.577,GAS,10,None,None,4385.638,4403.335,4440.633,264.0,308.0,303.0,293.0,True,Alpine,4355.613,2026-03-08T04:13:42.236000000,False,None,False,True,4393.821,24.5,54.3,1012.6,False,36.6,104,2.4,Australian Grand Prix
85.441,9,MEDIUM,1,30.052,17.651,37.738,700000000.0,1000.0,1000000000.0,9,9.0,1,False,4526.018,GAS,10,None,None,4470.685,4488.336,4526.074,260.0,318.0,297.0,300.0,True,Alpine,4440.577,2026-03-08T04:15:07.200000000,False,None,False,True,4453.832,24.4,53.7,1012.6,False,38.1,121,3.1,Australian Grand Prix
86.669,10,MEDIUM,1,30.475,17.8,38.394,710000000.0,10000.0,1000000555.0,10,10.0,1,False,4612.687,GAS,10,None,None,4556.549,4574.349,4612.743,258.0,312.0,299.0,292.0,True,Alpine,4526.018,2026-03-08T04:16:32.641000000,False,None,False,True,4573.833,24.5,53.3,1012.6,False,36.7,119,1.6,Australian Grand Prix
104.821,11,MEDIUM,1,30.082,17.797,56.942,500000000.0,0.0,0.0,11,12.0,16,False,4717.508,GAS,10,None,4701.012,4642.825,4660.622,4717.564,267.0,313.0,None,298.0,True,Alpine,4612.687,2026-03-08T04:17:59.310000000,False,None,False,False,4633.861,24.4,53.1,1012.4,False,36.6,128,2.7,Australian Grand Prix
118.072,12,HARD,2,42.291,29.532,46.249,0.0,0.0,0.0,1,11.0,6,False,4835.58,GAS,10,4719.918,None,4759.855,4789.387,4835.636,216.0,119.0,237.0,219.0,True,Alpine,4717.508,2026-03-08T04:19:44.131000000,False,None,False,False,4753.868,24.5,53.5,1012.4,False,36.5,128,2.0,Australian Grand Prix
111.634,13,HARD,2,40.653,30.489,40.492,700001000.0,0.0,1011101100.0,2,11.0,671,False,4947.214,GAS,10,None,None,4876.289,4906.778,4947.27,201.0,133.0,269.0,240.0,True,Alpine,4835.58,2026-03-08T04:21:42.203000000,False,None,False,False,4873.87,24.6,52.3,1012.4,False,36.8,113,2.0,Australian Grand Prix
85.748,14,HARD,2,30.752,17.982,37.014,700001100.0,0.0,1011000000.0,3,11.0,1,False,5032.962,GAS,10,None,None,4978.022,4996.004,5033.018,252.0,306.0,293.0,277.0,True,Alpine,4947.214,2026-03-08T04:23:33.837000000,False,None,False,True,4993.903,24.3,53.3,1012.4,False,36.6,114,2.5,Australian Grand Prix
84.823,15,HARD,2,29.928,17.954,36.941,700000000.0,10000.0,1000100000.0,4,11.0,1,True,5117.785,GAS,10,None,None,5062.946,5080.9,5117.841,251.0,308.0,298.0,288.0,True,Alpine,5032.962,2026-03-08T04:24:59.585000000,False,None,False,True,5053.917,24.3,53.7,1012.3,False,37.3,125,2.0,Australian Grand Prix
84.69,16,HARD,2,29.817,17.81,37.063,700010000.0,1000.0,110000000.0,5,11.0,1,True,5202.475,GAS,10,None,None,5147.658,5165.468,5202.531,262.0,310.0,300.0,290.0,True,Alpine,5117.785,2026-03-08T04:26:24.408000000,False,None,False,True,5113.908,24.3,53.9,1012.3,False,38.4,140,3.5,Australian Grand Prix
85.203,17,HARD,2,29.868,17.693,37.642,700100000.0,300.0,1000.0,6,11.0,1,False,5287.678,GAS,10,None,None,5232.399,5250.092,5287.734,253.0,318.0,297.0,297.0,True,Alpine,5202.475,2026-03-08T04:27:49.098000000,False,None,False,True,5233.92,24.6,53.1,1012.3,False,37.7,111,3.0,Australian Grand Prix
101.225,18,HARD,2,30.704,25.668,44.853,700000000.0,0.0,0.0,7,11.0,126,False,5388.903,GAS,10,None,None,5318.438,5344.106,5388.959,255.0,189.0,223.0,269.0,True,Alpine,5287.678,2026-03-08T04:29:14.301000000,False,None,False,False,5293.918,24.6,52.5,1012.3,False,36.7,138,4.1,Australian Grand Prix
112.95,19,HARD,2,41.395,25.752,45.803,700000000.0,1000.0,1010.0,8,10.0,671,False,5501.853,GAS,10,None,None,5430.354,5456.106,5501.909,236.0,212.0,300.0,231.0,True,Alpine,5388.903,2026-03-08T04:30:55.526000000,False,None,False,False,5413.936,24.7,53.0,1012.3,False,35.9,142,2.9,Australian Grand Prix
86.578,20,HARD,2,31.057,17.719,37.802,700100000.0,0.0,1000001100.0,9,11.0,1,False,5588.431,GAS,10,None,None,5532.966,5550.685,5588.487,260.0,310.0,303.0,277.0,True,Alpine,5501.853,2026-03-08T04:32:48.476000000,False,None,False,True,5533.969,24.6,53.4,1012.2,False,35.8,126,2.8,Australian Grand Prix
85.678,21,HARD,2,30.591,17.995,37.092,711011000.0,1000.0,1000010000.0,10,10.0,1,False,5674.109,GAS,10,None,None,5619.078,5637.073,5674.165,267.0,307.0,289.0,259.0,True,Alpine,5588.431,2026-03-08T04:34:15.054000000,False,None,False,True,5593.968,24.6,53.3,1012.1,False,35.7,119,3.8,Australian Grand Prix
84.586,22,HARD,2,29.74,17.913,36.933,700010110.0,11000.0,1000000000.0,11,10.0,1,True,5758.695,GAS,10,None,None,5703.905,5721.818,5758.751,250.0,307.0,297.0,290.0,True,Alpine,5674.109,2026-03-08T04:35:40.732000000,False,None,False,True,5713.957,24.6,52.8,1012.1,False,36.4,111,2.9,Australian Grand Prix
84.499,23,HARD,2,29.633,17.823,37.043,700000000.0,11000.0,1000000000.0,12,10.0,1,True,5843.194,GAS,10,None,None,5788.384,5806.207,5843.25,258.0,307.0,290.0,298.0,True,Alpine,5758.695,2026-03-08T04:37:05.318000000,False,None,False,True,5773.973,24.5,52.9,1012.2,False,36.6,95,1.4,Australian Grand Prix
84.852,24,HARD,2,30.053,17.852,36.947,700000000.0,10000.0,1010000000.0,13,10.0,1,False,5928.046,GAS,10,None,None,5873.303,5891.155,5928.102,260.0,307.0,299.0,288.0,True,Alpine,5843.194,2026-03-08T04:38:29.817000000,False,None,False,True,5833.959,24.6,53.4,1012.1,False,37.0,114,2.1,Australian Grand Prix
84.54,25,HARD,2,29.816,17.886,36.838,700000000.0,1000.0,1001110000.0,14,10.0,1,False,6012.586,GAS,10,None,None,5957.918,5975.804,6012.642,263.0,305.0,298.0,295.0,True,Alpine,5928.046,2026-03-08T04:39:54.669000000,False,None,False,True,5953.975,24.8,52.6,1012.1,False,37.6,147,3.1,Australian Grand Prix
84.771,26,HARD,2,29.94,17.957,36.874,700010011.0,10000.0,0.0,15,10.0,1,False,6097.357,GAS,10,None,None,6042.582,6060.539,6097.413,251.0,306.0,293.0,294.0,True,Alpine,6012.586,2026-03-08T04:41:19.209000000,False,None,False,True,6013.976,24.8,52.7,1012.0,False,37.4,106,3.3,Australian Grand Prix
84.661,27,HARD,2,29.68,17.895,37.086,700010000.0,1000.0,10000000.0,16,10.0,1,False,6182.018,GAS,10,None,None,6127.093,6144.988,6182.074,270.0,304.0,297.0,288.0,True,Alpine,6097.357,2026-03-08T04:42:43.980000000,False,None,False,True,6134.01,24.8,52.0,1012.0,False,36.5,98,2.5,Australian Grand Prix
84.795,28,HARD,2,29.776,17.975,37.044,700000000.0,0.0,0.0,17,10.0,1,False,6266.813,GAS,10,None,None,6211.85,6229.825,6266.869,265.0,304.0,295.0,293.0,True,Alpine,6182.018,2026-03-08T04:44:08.641000000,False,None,False,True,6194.01,24.8,52.8,1012.0,False,36.3,98,4.0,Australian Grand Prix
85.096,29,HARD,2,29.838,18.01,37.248,700000000.0,1000.0,1000000.0,18,10.0,1,False,6351.909,GAS,10,None,None,6296.707,6314.717,6351.965,265.0,303.0,292.0,294.0,True,Alpine,6266.813,2026-03-08T04:45:33.436000000,False,None,False,True,6254.01,24.8,52.8,1012.1,False,36.1,120,3.0,Australian Grand Prix
85.242,30,HARD,2,30.259,17.917,37.066,700000000.0,0.0,0.0,19,10.0,1,False,6437.151,GAS,10,None,None,6382.224,6400.141,6437.207,254.0,306.0,294.0,284.0,True,Alpine,6351.909,2026-03-08T04:46:58.532000000,False,None,False,True,6374.017,25.3,53.7,1012.0,False,36.1,123,2.5,Australian Grand Prix
85.271,31,HARD,2,30.213,17.873,37.185,700000000.0,0.0,0.0,20,10.0,1,False,6522.422,GAS,10,None,None,6467.42,6485.293,6522.478,258.0,306.0,288.0,285.0,True,Alpine,6437.151,2026-03-08T04:48:23.774000000,False,None,False,True,6434.013,25.2,53.5,1011.9,False,37.3,184,1.0,Australian Grand Prix
85.202,32,HARD,2,30.2,17.946,37.056,700000000.0,0.0,0.0,21,10.0,1,False,6607.624,GAS,10,None,None,6552.678,6570.624,6607.68,258.0,303.0,295.0,282.0,True,Alpine,6522.422,2026-03-08T04:49:49.045000000,False,None,False,True,6554.015,25.2,53.1,1012.0,False,37.0,125,4.0,Australian Grand Prix
92.276,33,HARD,2,30.216,18.086,43.974,700000000.0,0.0,0.0,22,9.0,16,False,6699.9,GAS,10,None,None,6637.896,6655.982,6699.956,259.0,302.0,253.0,290.0,True,Alpine,6607.624,2026-03-08T04:51:14.247000000,False,None,False,False,6614.014,25.1,53.0,1012.0,False,37.2,147,3.0,Australian Grand Prix
91.244,34,HARD,2,35.755,18.14,37.349,700000000.0,1000.0,0.0,23,9.0,671,False,6791.144,GAS,10,None,None,6735.711,6753.851,6791.2,265.0,300.0,293.0,248.0,True,Alpine,6699.9,2026-03-08T04:52:46.523000000,False,None,False,False,6674.029,25.1,53.2,1011.8,False,37.7,107,2.5,Australian Grand Prix
85.029,35,HARD,2,30.064,17.915,37.05,700000000.0,0.0,0.0,24,9.0,1,False,6876.173,GAS,10,None,None,6821.264,6839.179,6876.229,266.0,302.0,299.0,286.0,True,Alpine,6791.144,2026-03-08T04:54:17.767000000,False,None,False,True,6794.063,25.2,52.4,1011.9,False,37.2,105,3.7,Australian Grand Prix
85.177,36,HARD,2,29.89,17.876,37.411,700000000.0,0.0,0.0,25,9.0,1,False,6961.35,GAS,10,None,None,6906.119,6923.995,6961.406,264.0,306.0,291.0,296.0,True,Alpine,6876.173,2026-03-08T04:55:42.796000000,False,None,False,True,6914.079,25.2,52.5,1011.8,False,37.8,119,3.8,Australian Grand Prix
86.333,37,HARD,2,30.147,18.019,38.167,700100000.0,310.0,0.0,26,10.0,1,False,7047.683,GAS,10,None,None,6991.553,7009.572,7047.739,268.0,302.0,302.0,286.0,True,Alpine,6961.35,2026-03-08T04:57:07.973000000,False,None,False,True,6974.097,25.2,52.8,1011.8,False,37.0,120,3.8,Australian Grand Prix
86.094,38,HARD,2,30.547,17.76,37.787,700000000.0,0.0,0.0,27,9.0,1,False,7133.777,GAS,10,None,None,7078.286,7096.046,7133.833,261.0,315.0,294.0,263.0,True,Alpine,7047.683,2026-03-08T04:58:34.306000000,False,None,False,True,7094.098,25.1,53.0,1011.8,False,35.9,115,3.0,Australian Grand Prix
85.265,39,HARD,2,30.113,17.989,37.163,700000000.0,0.0,0.0,28,9.0,1,False,7219.042,GAS,10,None,None,7163.946,7181.935,7219.098,262.0,300.0,290.0,286.0,True,Alpine,7133.777,2026-03-08T05:00:00.400000000,False,None,False,True,7154.099,25.0,52.1,1011.8,False,35.7,98,2.5,Australian Grand Prix
86.132,40,HARD,2,30.738,17.773,37.621,700000000.0,0.0,0.0,29,10.0,1,False,7305.174,GAS,10,None,None,7249.836,7267.609,7305.23,265.0,307.0,298.0,271.0,True,Alpine,7219.042,2026-03-08T05:01:25.665000000,False,None,False,True,7214.101,25.0,52.7,1011.8,False,35.5,140,3.1,Australian Grand Prix
85.319,41,HARD,2,30.039,17.873,37.407,710010000.0,0.0,1000.0,30,10.0,1,False,7390.493,GAS,10,None,None,7335.269,7353.142,7390.549,257.0,308.0,297.0,295.0,True,Alpine,7305.174,2026-03-08T05:02:51.797000000,False,None,False,True,7334.114,25.0,52.8,1011.7,False,35.5,136,3.6,Australian Grand Prix
84.879,42,HARD,2,29.776,17.899,37.204,700000000.0,0.0,1000000000.0,31,10.0,1,False,7475.372,GAS,10,None,None,7420.325,7438.224,7475.428,270.0,304.0,293.0,306.0,True,Alpine,7390.493,2026-03-08T05:04:17.116000000,False,None,False,True,7394.119,25.0,52.8,1011.8,False,35.4,96,2.8,Australian Grand Prix
84.977,43,HARD,2,30.015,17.902,37.06,700000000.0,0.0,0.0,32,10.0,1,False,7560.349,GAS,10,None,None,7505.443,7523.345,7560.405,260.0,306.0,288.0,289.0,True,Alpine,7475.372,2026-03-08T05:05:41.995000000,False,None,False,True,7454.108,25.1,52.6,1011.6,False,35.5,99,1.3,Australian Grand Prix
85.028,44,HARD,2,29.992,17.897,37.139,700000000.0,0.0,0.0,33,10.0,1,False,7645.377,GAS,10,None,None,7590.397,7608.294,7645.433,261.0,304.0,296.0,290.0,True,Alpine,7560.349,2026-03-08T05:07:06.972000000,False,None,False,True,7574.136,25.2,52.7,1011.7,False,36.2,93,1.0,Australian Grand Prix
87.175,45,HARD,2,30.63,18.626,37.919,700000000.0,0.0,10000000.0,34,10.0,1,False,7732.552,GAS,10,None,None,7676.063,7694.689,7732.608,260.0,283.0,290.0,292.0,True,Alpine,7645.377,2026-03-08T05:08:32.000000000,False,None,False,True,7634.151,25.1,52.5,1011.7,False,36.6,110,2.0,Australian Grand Prix
85.353,46,HARD,2,30.097,17.911,37.345,700000000.0,0.0,0.0,35,10.0,1,False,7817.905,GAS,10,None,None,7762.705,7780.616,7817.961,264.0,305.0,289.0,286.0,True,Alpine,7732.552,2026-03-08T05:09:59.175000000,False,None,False,True,7754.15,25.1,51.4,1011.6,False,35.7,118,3.9,Australian Grand Prix
86.497,47,HARD,2,29.971,18.379,38.147,700000000.0,0.0,0.0,36,10.0,1,False,7904.402,GAS,10,None,None,7847.932,7866.311,7904.458,271.0,230.0,299.0,288.0,True,Alpine,7817.905,2026-03-08T05:11:24.528000000,False,None,False,True,7814.153,25.1,51.4,1011.6,False,35.6,140,2.9,Australian Grand Prix
84.982,48,HARD,2,29.911,17.794,37.277,700000000.0,1000.0,0.0,37,10.0,1,False,7989.384,GAS,10,None,None,7934.369,7952.163,7989.44,264.0,307.0,294.0,294.0,True,Alpine,7904.402,2026-03-08T05:12:51.025000000,False,None,False,True,7874.138,25.1,52.4,1011.6,False,35.4,106,4.0,Australian Grand Prix
85.281,49,HARD,2,30.1,17.949,37.232,700000000.0,0.0,0.0,38,10.0,1,False,8074.665,GAS,10,None,None,8019.54,8037.489,8074.721,263.0,303.0,291.0,292.0,True,Alpine,7989.384,2026-03-08T05:14:16.007000000,False,None,False,True,7994.158,25.1,52.9,1011.6,False,36.8,110,2.4,Australian Grand Prix
84.927,50,HARD,2,30.004,17.925,36.998,700000000.0,0.0,0.0,39,10.0,1,False,8159.592,GAS,10,None,None,8104.725,8122.65,8159.648,271.0,302.0,292.0,293.0,True,Alpine,8074.665,2026-03-08T05:15:41.288000000,False,None,False,True,8054.173,25.2,53.0,1011.6,False,36.5,116,2.6,Australian Grand Prix
86.46,51,HARD,2,30.17,18.244,38.046,700000000.0,0.0,0.0,40,10.0,1,False,8246.052,GAS,10,None,None,8189.818,8208.062,8246.108,259.0,248.0,300.0,294.0,True,Alpine,8159.592,2026-03-08T05:17:06.215000000,False,None,False,True,8174.192,25.3,52.0,1011.6,False,35.9,125,2.3,Australian Grand Prix
86.527,52,HARD,2,31.448,17.854,37.225,700000100.0,0.0,0.0,41,10.0,1,False,8332.579,GAS,10,None,None,8277.556,8295.41,8332.635,258.0,309.0,297.0,290.0,True,Alpine,8246.052,2026-03-08T05:18:32.675000000,False,None,False,True,8234.191,25.3,52.2,1011.5,False,35.6,106,3.1,Australian Grand Prix
84.79,53,HARD,2,29.893,17.911,36.986,700010000.0,1000.0,1100000000.0,42,10.0,1,False,8417.369,GAS,10,None,None,8362.528,8380.439,8417.425,263.0,303.0,292.0,293.0,True,Alpine,8332.579,2026-03-08T05:19:59.202000000,False,None,False,True,8294.207,25.3,51.1,1011.5,False,35.3,121,3.0,Australian Grand Prix
84.52,54,HARD,2,29.789,17.954,36.777,700000111.0,0.0,0.0,43,10.0,1,False,8501.889,GAS,10,None,None,8447.214,8465.168,8501.945,269.0,302.0,292.0,295.0,True,Alpine,8417.369,2026-03-08T05:21:23.992000000,False,None,False,True,8414.244,25.3,51.9,1011.5,False,34.8,115,3.0,Australian Grand Prix
84.595,55,HARD,2,29.659,17.851,37.085,700000000.0,0.0,1000000000.0,44,10.0,1,False,8586.484,GAS,10,None,None,8531.604,8549.455,8586.54,274.0,302.0,296.0,293.0,True,Alpine,8501.889,2026-03-08T05:22:48.512000000,False,None,False,True,8474.264,25.3,51.7,1011.5,False,34.7,130,4.2,Australian Grand Prix
84.486,56,HARD,2,29.844,17.894,36.748,700000111.0,0.0,0.0,45,10.0,1,True,8670.97,GAS,10,None,None,8616.384,8634.278,8671.026,262.0,302.0,298.0,298.0,True,Alpine,8586.484,2026-03-08T05:24:13.107000000,False,None,False,True,8534.293,25.2,51.6,1011.6,False,34.6,126,3.2,Australian Grand Prix
84.837,57,HARD,2,29.814,17.848,37.175,700000000.0,0.0,,46,10.0,1,False,8755.807,GAS,10,None,None,8700.84,8718.688,8755.863,273.0,302.0,295.0,295.0,True,Alpine,8670.97,2026-03-08T05:25:37.593000000,False,None,False,True,8654.277,25.2,52.0,1011.5,False,34.4,105,2.9,Australian Grand Prix
96.046,1,MEDIUM,1,,18.486,39.205,100000.0,0.0,7.0,1,4.0,1,False,3836.025,HAD,6,None,None,None,3797.065,3836.275,245.0,288.0,301.0,216.0,True,Red Bull Racing,3739.743,2026-03-08T04:03:26.366000000,False,None,False,False,3793.796,24.2,54.0,1012.8,False,36.6,104,4.4,Australian Grand Prix
85.987,2,MEDIUM,1,30.189,18.684,37.114,730110100.0,0.0,1001011000.0,2,4.0,1,True,3922.012,HAD,6,None,None,3866.316,3885.0,3922.114,239.0,275.0,306.0,301.0,True,Red Bull Racing,3836.025,2026-03-08T04:05:02.648000000,False,None,False,True,3853.794,24.2,54.4,1012.8,False,36.0,135,2.3,Australian Grand Prix
85.556,3,MEDIUM,1,30.094,18.602,36.86,1100011.0,10000.0,1101010000.0,3,4.0,1,True,4007.568,HAD,6,None,None,3952.208,3970.81,4007.67,238.0,276.0,295.0,294.0,True,Red Bull Racing,3922.012,2026-03-08T04:06:28.635000000,False,None,False,True,3973.816,24.1,54.1,1012.9,False,36.1,112,1.6,Australian Grand Prix
85.342,4,MEDIUM,1,29.956,18.801,36.585,700010100.0,0.0,1101010000.0,4,4.0,1,True,4092.91,HAD,6,None,None,4037.626,4056.427,4093.012,247.0,271.0,296.0,284.0,True,Red Bull Racing,4007.568,2026-03-08T04:07:54.191000000,False,None,False,True,4033.811,24.1,54.1,1012.9,False,36.1,112,1.6,Australian Grand Prix
85.355,5,MEDIUM,1,30.182,18.728,36.445,701010110.0,1000.0,1000.0,5,4.0,1,False,4178.265,HAD,6,None,None,4123.194,4141.922,4178.367,227.0,273.0,296.0,302.0,True,Red Bull Racing,4092.91,2026-03-08T04:09:19.533000000,False,None,False,True,4153.828,24.2,54.2,1012.8,False,35.1,127,2.2,Australian Grand Prix
85.879,6,MEDIUM,1,29.869,18.771,37.239,700100000.0,100.0,1000110000.0,6,5.0,1,False,4264.144,HAD,6,None,None,4208.236,4227.007,4264.246,235.0,270.0,299.0,294.0,True,Red Bull Racing,4178.265,2026-03-08T04:10:44.888000000,False,None,False,True,4213.83,24.2,54.3,1012.6,False,35.3,114,2.7,Australian Grand Prix
85.445,7,MEDIUM,1,30.33,18.575,36.54,701000000.0,0.0,101100000.0,7,5.0,1,False,4349.589,HAD,6,None,None,4294.576,4313.151,4349.691,226.0,278.0,299.0,289.0,True,Red Bull Racing,4264.144,2026-03-08T04:12:10.767000000,False,None,False,True,4273.82,24.2,54.7,1012.6,False,35.1,99,3.4,Australian Grand Prix
85.313,8,MEDIUM,1,30.016,18.842,36.455,700011010.0,0.0,1110000.0,8,5.0,1,True,4434.902,HAD,6,None,None,4379.707,4398.549,4435.004,228.0,270.0,298.0,297.0,True,Red Bull Racing,4349.589,2026-03-08T04:13:36.212000000,False,None,False,True,4393.821,24.5,54.3,1012.6,False,36.6,104,2.4,Australian Grand Prix
85.239,9,MEDIUM,1,29.867,18.795,36.577,700010000.0,0.0,0.0,9,5.0,1,True,4520.141,HAD,6,None,None,4464.871,4483.666,4520.243,237.0,268.0,298.0,293.0,True,Red Bull Racing,4434.902,2026-03-08T04:15:01.525000000,False,None,False,True,4453.832,24.4,53.7,1012.6,False,38.1,121,3.1,Australian Grand Prix
85.363,10,MEDIUM,1,29.916,18.845,36.602,700100000.0,0.0,4.0,10,5.0,1,False,4605.504,HAD,6,None,None,4550.159,4569.004,4605.606,238.0,267.0,295.0,288.0,True,Red Bull Racing,4520.141,2026-03-08T04:16:26.764000000,False,None,False,True,4573.833,24.5,53.3,1012.6,False,36.7,119,1.6,Australian Grand Prix
,11,MEDIUM,1,,,,,,,11,,16,None,4755.504,HAD,6,None,None,None,None,None,None,None,None,None,True,Red Bull Racing,4605.504,2026-03-08T04:17:52.127000000,False,None,True,False,4633.861,24.4,53.1,1012.4,False,36.6,128,2.7,Australian Grand Prix
,12,MEDIUM,1,,,,,,,12,,6,None,4755.631,HAD,6,None,None,None,None,None,None,None,None,None,True,Red Bull Racing,4755.504,None,None,None,True,False,4753.868,24.5,53.5,1012.4,False,36.5,128,2.0,Australian Grand Prix
95.261,1,MEDIUM,1,,18.385,37.713,0.0,0.0,7.0,1,3.0,1,False,3835.24,HAM,44,None,None,None,3797.822,3835.392,245.0,306.0,290.0,240.0,True,Ferrari,3739.743,2026-03-08T04:03:26.366000000,False,None,False,False,3793.796,24.2,54.0,1012.8,False,36.6,104,4.4,Australian Grand Prix
84.626,2,MEDIUM,1,29.988,18.115,36.523,,,,2,3.0,1,True,3919.866,HAM,44,None,None,3865.334,3883.449,3919.972,248.0,295.0,291.0,282.0,True,Ferrari,3835.24,2026-03-08T04:05:01.863000000,False,None,False,True,3853.794,24.2,54.4,1012.8,False,36.0,135,2.3,Australian Grand Prix
84.874,3,MEDIUM,1,30.233,18.076,36.565,100100000.0,110.0,0.0,3,3.0,1,False,4004.74,HAM,44,None,None,3950.205,3968.281,4004.846,247.0,299.0,303.0,271.0,True,Ferrari,3919.866,2026-03-08T04:06:26.489000000,False,None,False,True,3973.816,24.1,54.1,1012.9,False,36.1,112,1.6,Australian Grand Prix
85.066,4,MEDIUM,1,30.332,18.021,36.713,10010001.0,10000.0,1000011000.0,4,3.0,1,False,4089.806,HAM,44,None,None,4035.178,4053.199,4089.912,243.0,298.0,301.0,286.0,True,Ferrari,4004.74,2026-03-08T04:07:51.363000000,False,None,False,True,4033.811,24.1,54.1,1012.9,False,36.1,112,1.6,Australian Grand Prix
84.502,5,MEDIUM,1,29.967,18.029,36.506,710000011.0,11000.0,0.0,5,3.0,1,True,4174.308,HAM,44,None,None,4119.879,4137.908,4174.414,253.0,296.0,299.0,285.0,True,Ferrari,4089.806,2026-03-08T04:09:16.429000000,False,None,False,True,4153.828,24.2,54.2,1012.8,False,35.1,127,2.2,Australian Grand Prix
84.703,6,MEDIUM,1,29.97,18.016,36.717,700010011.0,0.0,111000.0,6,3.0,1,False,4259.011,HAM,44,None,None,4204.384,4222.4,4259.117,251.0,295.0,295.0,290.0,True,Ferrari,4174.308,2026-03-08T04:10:40.931000000,False,None,False,True,4213.83,24.2,54.3,1012.6,False,35.3,114,2.7,Australian Grand Prix
84.365,7,MEDIUM,1,29.888,18.034,36.443,710003100.0,0.0,100000.0,7,3.0,1,True,4343.376,HAM,44,None,None,4289.005,4307.039,4343.482,255.0,296.0,298.0,291.0,True,Ferrari,4259.011,2026-03-08T04:12:05.634000000,False,None,False,True,4273.82,24.2,54.7,1012.6,False,35.1,99,3.4,Australian Grand Prix
84.408,8,MEDIUM,1,29.787,18.093,36.528,100100000.0,0.0,100000000.0,8,3.0,1,False,4427.784,HAM,44,None,None,4373.269,4391.362,4427.89,249.0,292.0,300.0,304.0,True,Ferrari,4343.376,2026-03-08T04:13:29.999000000,False,None,False,True,4393.821,24.5,54.3,1012.6,False,36.6,104,2.4,Australian Grand Prix
85.844,9,MEDIUM,1,30.984,18.266,36.594,10011.0,111.0,100000.0,9,3.0,1,False,4513.628,HAM,44,None,None,4458.874,4477.14,4513.734,228.0,299.0,299.0,302.0,True,Ferrari,4427.784,2026-03-08T04:14:54.407000000,False,None,False,True,4453.832,24.4,53.7,1012.6,False,38.1,121,3.1,Australian Grand Prix
84.255,10,MEDIUM,1,29.827,17.875,36.553,701010000.0,10100.0,0.0,10,3.0,1,True,4597.883,HAM,44,None,None,4543.561,4561.436,4597.989,249.0,305.0,296.0,298.0,True,Ferrari,4513.628,2026-03-08T04:16:20.251000000,False,None,False,True,4573.833,24.5,53.3,1012.6,False,36.7,119,1.6,Australian Grand Prix
84.073,11,MEDIUM,1,29.686,17.816,36.571,700000000.0,0.0,0.0,11,3.0,1,True,4681.956,HAM,44,None,None,4627.675,4645.491,4682.062,248.0,302.0,297.0,292.0,True,Ferrari,4597.883,2026-03-08T04:17:44.506000000,False,None,False,True,4633.861,24.4,53.1,1012.4,False,36.6,128,2.7,Australian Grand Prix
114.958,12,MEDIUM,1,40.845,28.326,45.787,700000000.0,0.0,0.0,12,2.0,16,False,4796.914,HAM,44,None,None,4722.907,4751.233,4797.02,219.0,138.0,156.0,219.0,True,Ferrari,4681.956,2026-03-08T04:19:08.579000000,False,None,False,False,4753.868,24.5,53.5,1012.4,False,36.5,128,2.0,Australian Grand Prix
116.315,13,MEDIUM,1,41.178,27.777,47.36,700000010.0,11000.0,1001100000.0,13,2.0,6,False,4913.229,HAM,44,None,None,4838.198,4865.975,4913.335,196.0,144.0,149.0,216.0,True,Ferrari,4796.914,2026-03-08T04:21:03.537000000,False,None,False,False,4873.87,24.6,52.3,1012.4,False,36.8,113,2.0,Australian Grand Prix
88.327,14,MEDIUM,1,33.824,17.902,36.601,701003011.0,11100.0,1000001000.0,14,2.0,671,False,5001.556,HAM,44,None,None,4947.159,4965.061,5001.662,254.0,293.0,292.0,232.0,True,Ferrari,4913.229,2026-03-08T04:22:59.852000000,False,None,False,False,4993.903,24.3,53.3,1012.4,False,36.6,114,2.5,Australian Grand Prix
83.703,15,MEDIUM,1,29.547,17.763,36.393,711010011.0,0.0,1100000000.0,15,2.0,1,True,5085.259,HAM,44,None,None,5031.209,5048.972,5085.365,258.0,294.0,296.0,289.0,True,Ferrari,5001.556,2026-03-08T04:24:28.179000000,False,None,False,True,5053.917,24.3,53.7,1012.3,False,37.3,125,2.0,Australian Grand Prix
83.412,16,MEDIUM,1,29.291,17.817,36.304,700000000.0,0.0,100000.0,16,2.0,1,True,5168.671,HAM,44,None,None,5114.656,5132.473,5168.777,259.0,295.0,297.0,296.0,True,Ferrari,5085.259,2026-03-08T04:25:51.882000000,False,None,False,True,5113.908,24.3,53.9,1012.3,False,38.4,140,3.5,Australian Grand Prix
84.045,17,MEDIUM,1,29.729,17.883,36.433,700000000.0,0.0,0.0,17,2.0,1,False,5252.716,HAM,44,None,None,5198.506,5216.389,5252.822,256.0,296.0,297.0,299.0,True,Ferrari,5168.671,2026-03-08T04:27:15.294000000,False,None,False,True,5233.92,24.6,53.1,1012.3,False,37.7,111,3.0,Australian Grand Prix
91.597,18,MEDIUM,1,29.625,17.793,44.179,700000000.0,0.0,0.0,18,2.0,126,False,5344.313,HAM,44,None,None,5282.447,5300.24,5344.419,255.0,298.0,143.0,296.0,True,Ferrari,5252.716,2026-03-08T04:28:39.339000000,False,None,False,False,5293.918,24.6,52.5,1012.3,False,36.7,138,4.1,Australian Grand Prix
113.1,19,MEDIUM,1,37.081,24.573,51.446,700000000.0,0.0,0.0,19,2.0,6,False,5457.413,HAM,44,None,None,5381.5,5406.073,5457.519,221.0,170.0,228.0,223.0,True,Ferrari,5344.313,2026-03-08T04:30:10.936000000,False,None,False,False,5413.936,24.7,53.0,1012.3,False,35.9,142,2.9,Australian Grand Prix
91.637,20,MEDIUM,1,37.133,18.014,36.49,711000100.0,0.0,1000.0,20,2.0,671,False,5549.05,HAM,44,None,None,5494.652,5512.666,5549.156,235.0,297.0,299.0,247.0,True,Ferrari,5457.413,2026-03-08T04:32:04.036000000,False,None,False,False,5533.969,24.6,53.4,1012.2,False,35.8,126,2.8,Australian Grand Prix
83.617,21,MEDIUM,1,29.381,17.818,36.418,710000011.0,0.0,1000000000.0,21,2.0,1,False,5632.667,HAM,44,None,None,5578.537,5596.355,5632.773,256.0,297.0,298.0,296.0,True,Ferrari,5549.05,2026-03-08T04:33:35.673000000,False,None,False,True,5593.968,24.6,53.3,1012.1,False,35.7,119,3.8,Australian Grand Prix
83.509,22,MEDIUM,1,29.258,17.832,36.419,710000011.0,100.0,1000100000.0,22,2.0,1,False,5716.176,HAM,44,None,None,5662.031,5679.863,5716.282,259.0,298.0,299.0,296.0,True,Ferrari,5632.667,2026-03-08T04:34:59.290000000,False,None,False,True,5713.957,24.6,52.8,1012.1,False,36.4,111,2.9,Australian Grand Prix
83.382,23,MEDIUM,1,29.306,17.766,36.31,710000000.0,0.0,100000.0,23,2.0,1,True,5799.558,HAM,44,None,None,5745.588,5763.354,5799.664,260.0,298.0,300.0,304.0,True,Ferrari,5716.176,2026-03-08T04:36:22.799000000,False,None,False,True,5773.973,24.5,52.9,1012.2,False,36.6,95,1.4,Australian Grand Prix
84.329,24,MEDIUM,1,29.999,17.913,36.417,700000000.0,0.0,0.0,24,2.0,1,False,5883.887,HAM,44,None,None,5829.663,5847.576,5883.993,255.0,295.0,299.0,305.0,True,Ferrari,5799.558,2026-03-08T04:37:46.181000000,False,None,False,True,5833.959,24.6,53.4,1012.1,False,37.0,114,2.1,Australian Grand Prix
83.66,25,MEDIUM,1,29.419,17.845,36.396,700000000.0,0.0,0.0,25,1.0,1,False,5967.547,HAM,44,None,None,5913.412,5931.257,5967.653,257.0,296.0,298.0,303.0,True,Ferrari,5883.887,2026-03-08T04:39:10.510000000,False,None,False,True,5953.975,24.8,52.6,1012.1,False,37.6,147,3.1,Australian Grand Prix
84.085,26,MEDIUM,1,29.611,17.867,36.607,700000000.0,0.0,0.0,26,1.0,1,False,6051.632,HAM,44,None,None,5997.264,6015.131,6051.738,255.0,294.0,298.0,300.0,True,Ferrari,5967.547,2026-03-08T04:40:34.170000000,False,None,False,True,6013.976,24.8,52.7,1012.0,False,37.4,106,3.3,Australian Grand Prix
83.76,27,MEDIUM,1,29.455,17.86,36.445,700000000.0,0.0,555.0,27,1.0,1,False,6135.392,HAM,44,None,None,6081.193,6099.053,6135.498,258.0,294.0,298.0,300.0,True,Ferrari,6051.632,2026-03-08T04:41:58.255000000,False,None,False,True,6134.01,24.8,52.0,1012.0,False,36.5,98,2.5,Australian Grand Prix
99.578,28,MEDIUM,1,29.438,17.924,52.216,500000011.0,10000.0,1010010.0,28,4.0,1,False,6234.97,HAM,44,None,6219.308,6164.936,6182.86,6235.076,253.0,296.0,None,300.0,True,Ferrari,6135.392,2026-03-08T04:43:22.015000000,False,None,False,False,6194.01,24.8,52.8,1012.0,False,36.3,98,4.0,Australian Grand Prix
89.135,29,HARD,2,35.116,17.909,36.11,1003100.0,1000.0,1000000.0,1,4.0,1,False,6324.105,HAM,44,6237.281,None,6270.192,6288.101,6324.211,275.0,290.0,293.0,220.0,True,Ferrari,6234.97,2026-03-08T04:45:01.593000000,False,None,False,False,6254.01,24.8,52.8,1012.1,False,36.1,120,3.0,Australian Grand Prix
83.474,30,HARD,2,29.431,17.923,36.12,700000100.0,100.0,100010.0,2,4.0,1,False,6407.579,HAM,44,None,None,6353.642,6371.565,6407.685,251.0,289.0,293.0,285.0,True,Ferrari,6324.105,2026-03-08T04:46:30.728000000,False,None,False,True,6374.017,25.3,53.7,1012.0,False,36.1,123,2.5,Australian Grand Prix
83.129,31,HARD,2,29.336,17.854,35.939,701000000.0,100.0,0.0,3,4.0,1,True,6490.708,HAM,44,None,None,6437.021,6454.875,6490.814,244.0,293.0,301.0,287.0,True,Ferrari,6407.579,2026-03-08T04:47:54.202000000,False,None,False,True,6434.013,25.2,53.5,1011.9,False,37.3,184,1.0,Australian Grand Prix
83.185,32,HARD,2,29.328,17.835,36.022,700000000.0,0.0,0.0,4,4.0,1,False,6573.893,HAM,44,None,None,6520.142,6537.977,6573.999,244.0,293.0,300.0,302.0,True,Ferrari,6490.708,2026-03-08T04:49:17.331000000,False,None,False,True,6554.015,25.2,53.1,1012.0,False,37.0,125,4.0,Australian Grand Prix
83.775,33,HARD,2,29.415,17.921,36.439,700000000.0,0.0,1.0,5,4.0,1,False,6657.668,HAM,44,None,None,6603.414,6621.335,6657.774,250.0,299.0,281.0,302.0,True,Ferrari,6573.893,2026-03-08T04:50:40.516000000,False,None,False,True,6614.014,25.1,53.0,1012.0,False,37.2,147,3.0,Australian Grand Prix
98.315,34,HARD,2,36.057,24.217,38.041,100000000.0,110.0,0.0,6,4.0,167,False,6755.983,HAM,44,None,None,6693.831,6718.048,6756.089,203.0,241.0,308.0,275.0,True,Ferrari,6657.668,2026-03-08T04:52:04.291000000,False,None,False,False,6674.029,25.1,53.2,1011.8,False,37.7,107,2.5,Australian Grand Prix
83.317,35,HARD,2,29.381,17.698,36.238,0.0,0.0,0.0,7,4.0,1,False,6839.3,HAM,44,None,None,6785.47,6803.168,6839.406,251.0,301.0,302.0,312.0,True,Ferrari,6755.983,2026-03-08T04:53:42.606000000,False,None,False,True,6794.063,25.2,52.4,1011.9,False,37.2,105,3.7,Australian Grand Prix
83.338,36,HARD,2,29.42,17.712,36.206,700000000.0,0.0,0.0,8,4.0,1,False,6922.638,HAM,44,None,None,6868.826,6886.538,6922.744,246.0,298.0,304.0,305.0,True,Ferrari,6839.3,2026-03-08T04:55:05.923000000,False,None,False,True,6914.079,25.2,52.5,1011.8,False,37.8,119,3.8,Australian Grand Prix
83.086,37,HARD,2,29.353,17.661,36.072,700000000.0,1000.0,110000000.0,9,4.0,1,True,7005.724,HAM,44,None,None,6952.097,6969.758,7005.83,250.0,298.0,303.0,304.0,True,Ferrari,6922.638,2026-03-08T04:56:29.261000000,False,None,False,True,6974.097,25.2,52.8,1011.8,False,37.0,120,3.8,Australian Grand Prix
82.688,38,HARD,2,29.069,17.752,35.867,700010010.0,1000.0,100000.0,10,4.0,1,True,7088.412,HAM,44,None,None,7034.899,7052.651,7088.518,245.0,293.0,303.0,305.0,True,Ferrari,7005.724,2026-03-08T04:57:52.347000000,False,None,False,True,7094.098,25.1,53.0,1011.8,False,35.9,115,3.0,Australian Grand Prix
82.536,39,HARD,2,28.919,17.689,35.928,700000010.0,0.0,1110000000.0,11,4.0,1,True,7170.948,HAM,44,None,None,7117.437,7135.126,7171.054,252.0,294.0,301.0,307.0,True,Ferrari,7088.412,2026-03-08T04:59:15.035000000,False,None,False,True,7154.099,25.0,52.1,1011.8,False,35.7,98,2.5,Australian Grand Prix
82.55,40,HARD,2,29.091,17.679,35.78,700010000.0,10.0,100000000.0,12,4.0,1,False,7253.498,HAM,44,None,None,7200.145,7217.824,7253.604,252.0,296.0,304.0,303.0,True,Ferrari,7170.948,2026-03-08T05:00:37.571000000,False,None,False,True,7214.101,25.0,52.7,1011.8,False,35.5,140,3.1,Australian Grand Prix
82.648,41,HARD,2,29.065,17.564,36.019,700000000.0,0.0,100000.0,13,4.0,1,False,7336.146,HAM,44,None,None,7282.669,7300.233,7336.252,253.0,302.0,301.0,308.0,True,Ferrari,7253.498,2026-03-08T05:02:00.121000000,False,None,False,True,7334.114,25.0,52.8,1011.7,False,35.5,136,3.6,Australian Grand Prix
82.636,42,HARD,2,29.114,17.688,35.834,701010000.0,0.0,0.0,14,4.0,1,False,7418.782,HAM,44,None,None,7365.366,7383.054,7418.888,252.0,295.0,300.0,302.0,True,Ferrari,7336.146,2026-03-08T05:03:22.769000000,False,None,False,True,7394.119,25.0,52.8,1011.8,False,35.4,96,2.8,Australian Grand Prix
82.559,43,HARD,2,28.993,17.663,35.903,700000000.0,0.0,0.0,15,4.0,1,False,7501.341,HAM,44,None,None,7447.881,7465.544,7501.447,251.0,294.0,301.0,301.0,True,Ferrari,7418.782,2026-03-08T05:04:45.405000000,False,None,False,True,7454.108,25.1,52.6,1011.6,False,35.5,99,1.3,Australian Grand Prix
82.837,44,HARD,2,29.087,17.685,36.065,701010000.0,0.0,0.0,16,4.0,1,False,7584.178,HAM,44,None,None,7530.534,7548.219,7584.284,253.0,296.0,303.0,304.0,True,Ferrari,7501.341,2026-03-08T05:06:07.964000000,False,None,False,True,7574.136,25.2,52.7,1011.7,False,36.2,93,1.0,Australian Grand Prix
82.529,45,HARD,2,28.867,17.57,36.092,700000000.0,0.0,0.0,17,4.0,1,True,7666.707,HAM,44,None,None,7613.151,7630.721,7666.813,253.0,300.0,301.0,308.0,True,Ferrari,7584.178,2026-03-08T05:07:30.801000000,False,None,False,True,7634.151,25.1,52.5,1011.7,False,36.6,110,2.0,Australian Grand Prix
82.945,46,HARD,2,29.158,17.77,36.017,700000000.0,0.0,100000.0,18,4.0,1,False,7749.652,HAM,44,None,None,7695.971,7713.741,7749.758,245.0,293.0,303.0,305.0,True,Ferrari,7666.707,2026-03-08T05:08:53.330000000,False,None,False,True,7754.15,25.1,51.4,1011.6,False,35.7,118,3.9,Australian Grand Prix
82.677,47,HARD,2,29.105,17.709,35.863,700000000.0,0.0,1000000000.0,19,4.0,1,False,7832.329,HAM,44,None,None,7778.863,7796.572,7832.435,252.0,295.0,302.0,307.0,True,Ferrari,7749.652,2026-03-08T05:10:16.275000000,False,None,False,True,7814.153,25.1,51.4,1011.6,False,35.6,140,2.9,Australian Grand Prix
82.764,48,HARD,2,29.189,17.665,35.91,700000000.0,0.0,100000000.0,20,4.0,1,False,7915.093,HAM,44,None,None,7861.624,7879.289,7915.199,251.0,297.0,301.0,307.0,True,Ferrari,7832.329,2026-03-08T05:11:38.952000000,False,None,False,True,7874.138,25.1,52.4,1011.6,False,35.4,106,4.0,Australian Grand Prix
82.835,49,HARD,2,29.086,17.65,36.099,700000000.0,0.0,0.0,21,4.0,1,False,7997.928,HAM,44,None,None,7944.285,7961.935,7998.034,252.0,297.0,304.0,303.0,True,Ferrari,7915.093,2026-03-08T05:13:01.716000000,False,None,False,True,7994.158,25.1,52.9,1011.6,False,36.8,110,2.4,Australian Grand Prix
83.31,50,HARD,2,29.107,17.787,36.416,700000000.0,0.0,10000001.0,22,4.0,1,False,8081.238,HAM,44,None,None,8027.141,8044.928,8081.344,248.0,296.0,300.0,312.0,True,Ferrari,7997.928,2026-03-08T05:14:24.551000000,False,None,False,True,8054.173,25.2,53.0,1011.6,False,36.5,116,2.6,Australian Grand Prix
82.683,51,HARD,2,29.231,17.661,35.791,100000000.0,0.0,100000000.0,23,4.0,1,False,8163.921,HAM,44,None,None,8110.575,8128.236,8164.027,251.0,298.0,309.0,306.0,True,Ferrari,8081.238,2026-03-08T05:15:47.861000000,False,None,False,True,8174.192,25.3,52.0,1011.6,False,35.9,125,2.3,Australian Grand Prix
83.008,52,HARD,2,29.158,17.67,36.18,10.0,0.0,1000000000.0,24,4.0,1,False,8246.929,HAM,44,None,None,8193.185,8210.855,8247.035,246.0,298.0,306.0,317.0,True,Ferrari,8163.921,2026-03-08T05:17:10.544000000,False,None,False,True,8234.191,25.3,52.2,1011.5,False,35.6,106,3.1,Australian Grand Prix
83.165,53,HARD,2,29.52,17.678,35.967,730000000.0,100.0,0.0,25,4.0,1,False,8330.094,HAM,44,None,None,8276.555,8294.233,8330.2,254.0,296.0,304.0,304.0,True,Ferrari,8246.929,2026-03-08T05:18:33.552000000,False,None,False,True,8294.207,25.3,51.1,1011.5,False,35.3,121,3.0,Australian Grand Prix
82.554,54,HARD,2,29.035,17.661,35.858,730000000.0,1100.0,1100010000.0,26,4.0,1,False,8412.648,HAM,44,None,None,8359.235,8376.896,8412.754,252.0,295.0,305.0,313.0,True,Ferrari,8330.094,2026-03-08T05:19:56.717000000,False,None,False,True,8414.244,25.3,51.9,1011.5,False,34.8,115,3.0,Australian Grand Prix
82.423,55,HARD,2,29.094,17.613,35.716,700000000.0,100.0,0.0,27,4.0,1,True,8495.071,HAM,44,None,None,8441.848,8459.461,8495.177,252.0,296.0,303.0,316.0,True,Ferrari,8412.648,2026-03-08T05:21:19.271000000,False,None,False,True,8474.264,25.3,51.7,1011.5,False,34.7,130,4.2,Australian Grand Prix
82.5,56,HARD,2,28.996,17.577,35.927,700010000.0,0.0,0.0,28,4.0,1,False,8577.571,HAM,44,None,None,8524.173,8541.75,8577.677,254.0,299.0,304.0,312.0,True,Ferrari,8495.071,2026-03-08T05:22:41.694000000,False,None,False,True,8534.293,25.2,51.6,1011.6,False,34.6,126,3.2,Australian Grand Prix
82.716,57,HARD,2,29.004,17.632,36.08,700000000.0,110.0,310000010.0,29,4.0,1,False,8660.287,HAM,44,None,None,8606.681,8624.313,8660.393,254.0,298.0,304.0,313.0,True,Ferrari,8577.571,2026-03-08T05:24:04.194000000,False,None,False,True,8654.277,25.2,52.0,1011.5,False,34.4,105,2.9,Australian Grand Prix
82.637,58,HARD,2,29.096,17.505,36.036,700000000.0,0.0,0.0,30,4.0,1,False,8742.924,HAM,44,None,None,8689.489,8706.994,8743.03,255.0,301.0,302.0,315.0,True,Ferrari,8660.287,2026-03-08T05:25:26.910000000,False,None,False,True,8714.29,25.1,51.7,1011.5,False,34.5,103,2.9,Australian Grand Prix
102.188,1,MEDIUM,1,,19.28,39.431,77777777.0,0.0,7.0,1,18.0,1,False,3842.167,LAW,30,None,None,None,3803.454,3842.432,224.0,303.0,287.0,182.0,True,Racing Bulls,3739.743,2026-03-08T04:03:26.366000000,False,None,False,False,3793.796,24.2,54.0,1012.8,False,36.6,104,4.4,Australian Grand Prix
88.537,2,MEDIUM,1,31.545,18.1,38.892,711011111.0,10000.0,1011110111.0,2,17.0,1,True,3930.704,LAW,30,None,None,3873.833,3891.933,3930.825,250.0,299.0,286.0,259.0,True,Racing Bulls,3842.167,2026-03-08T04:05:08.790000000,False,None,False,True,3853.794,24.2,54.4,1012.8,False,36.0,135,2.3,Australian Grand Prix
86.869,3,MEDIUM,1,30.837,18.295,37.737,711011000.0,11100.0,1000000010.0,3,17.0,1,True,4017.573,LAW,30,None,None,3961.662,3979.957,4017.694,251.0,286.0,296.0,262.0,True,Racing Bulls,3930.704,2026-03-08T04:06:37.327000000,False,None,False,True,3973.816,24.1,54.1,1012.9,False,36.1,112,1.6,Australian Grand Prix
86.661,4,MEDIUM,1,30.649,17.998,38.014,10000.0,10000.0,11.0,4,17.0,1,True,4104.234,LAW,30,None,None,4048.343,4066.341,4104.355,246.0,301.0,295.0,279.0,True,Racing Bulls,4017.573,2026-03-08T04:08:04.196000000,False,None,False,True,4033.811,24.1,54.1,1012.9,False,36.1,112,1.6,Australian Grand Prix
87.142,5,MEDIUM,1,30.77,17.979,38.393,100000000.0,0.0,100000000.0,5,17.0,1,False,4191.376,LAW,30,None,None,4135.125,4153.104,4191.497,251.0,305.0,304.0,276.0,True,Racing Bulls,4104.234,2026-03-08T04:09:30.857000000,False,None,False,True,4153.828,24.2,54.2,1012.8,False,35.1,127,2.2,Australian Grand Prix
87.96,6,MEDIUM,1,31.183,18.191,38.586,0.0,0.0,110110100.0,6,17.0,1,False,4279.336,LAW,30,None,None,4222.68,4240.871,4279.457,239.0,306.0,291.0,280.0,True,Racing Bulls,4191.376,2026-03-08T04:10:57.999000000,False,None,False,True,4213.83,24.2,54.3,1012.6,False,35.3,114,2.7,Australian Grand Prix
86.644,7,MEDIUM,1,30.977,18.039,37.628,711010010.0,10000.0,1001000100.0,7,16.0,1,True,4365.98,LAW,30,None,None,4310.434,4328.473,4366.101,247.0,306.0,290.0,264.0,True,Racing Bulls,4279.336,2026-03-08T04:12:25.959000000,False,None,False,True,4273.82,24.2,54.7,1012.6,False,35.1,99,3.4,Australian Grand Prix
85.888,8,MEDIUM,1,30.435,18.082,37.371,701000110.0,0.0,1010010000.0,8,16.0,1,True,4451.868,LAW,30,None,None,4396.536,4414.618,4451.989,247.0,300.0,292.0,277.0,True,Racing Bulls,4365.98,2026-03-08T04:13:52.603000000,False,None,False,True,4393.821,24.5,54.3,1012.6,False,36.6,104,2.4,Australian Grand Prix
86.025,9,MEDIUM,1,30.229,18.073,37.723,710000000.0,11000.0,1001010010.0,9,15.0,1,False,4537.893,LAW,30,None,None,4482.218,4500.291,4538.014,249.0,304.0,285.0,280.0,True,Racing Bulls,4451.868,2026-03-08T04:15:18.491000000,False,None,False,True,4453.832,24.4,53.7,1012.6,False,38.1,121,3.1,Australian Grand Prix
85.751,10,MEDIUM,1,30.485,18.132,37.134,710000000.0,0.0,555.0,10,15.0,1,True,4623.644,LAW,30,None,None,4568.499,4586.631,4623.765,248.0,298.0,297.0,276.0,True,Racing Bulls,4537.893,2026-03-08T04:16:44.516000000,False,None,False,True,4573.833,24.5,53.3,1012.6,False,36.7,119,1.6,Australian Grand Prix
110.026,11,MEDIUM,1,30.604,18.153,61.269,500000000.0,0.0,0.0,11,16.0,16,False,4733.67,LAW,30,None,4716.737,4654.369,4672.522,4733.791,246.0,284.0,None,296.0,True,Racing Bulls,4623.644,2026-03-08T04:18:10.267000000,False,None,False,False,4633.861,24.4,53.1,1012.4,False,36.6,128,2.7,Australian Grand Prix
130.384,12,HARD,2,47.42,40.637,42.327,0.0,0.0,1100011.0,1,15.0,6,False,4864.054,LAW,30,4736.054,None,4781.211,4821.848,4864.175,84.0,135.0,252.0,200.0,True,Racing Bulls,4733.67,2026-03-08T04:20:00.293000000,False,None,False,False,4753.868,24.5,53.5,1012.4,False,36.5,128,2.0,Australian Grand Prix
95.45,13,HARD,2,33.059,23.573,38.818,101311011.0,11000.0,1100.0,2,15.0,671,False,4959.504,LAW,30,None,None,4897.234,4920.807,4959.625,237.0,170.0,308.0,234.0,True,Racing Bulls,4864.054,2026-03-08T04:22:10.677000000,False,None,False,False,4873.87,24.6,52.3,1012.4,False,36.8,113,2.0,Australian Grand Prix
85.233,14,HARD,2,29.733,18.13,37.37,1000000.0,1100.0,100000000.0,3,15.0,1,True,5044.737,LAW,30,None,None,4989.358,5007.488,5044.858,260.0,289.0,288.0,291.0,True,Racing Bulls,4959.504,2026-03-08T04:23:46.127000000,False,None,False,True,4993.903,24.3,53.3,1012.4,False,36.6,114,2.5,Australian Grand Prix
86.791,15,HARD,2,30.225,17.908,38.658,700000000.0,0.0,0.0,4,15.0,1,False,5131.528,LAW,30,None,None,5075.083,5092.991,5131.649,249.0,297.0,308.0,275.0,True,Racing Bulls,5044.737,2026-03-08T04:25:11.360000000,False,None,False,True,5053.917,24.3,53.7,1012.3,False,37.3,125,2.0,Australian Grand Prix
89.919,16,HARD,2,32.87,18.431,38.618,700001010.0,0.0,1000000000.0,5,14.0,1,False,5221.447,LAW,30,None,None,5164.519,5182.95,5221.568,231.0,298.0,289.0,245.0,True,Racing Bulls,5131.528,2026-03-08T04:26:38.151000000,True,TRACK LIMITS AT TURN 3 LAP 16 ,False,True,5113.908,24.3,53.9,1012.3,False,38.4,140,3.5,Australian Grand Prix
85.839,17,HARD,2,30.269,18.18,37.39,701001000.0,0.0,0.0,6,14.0,1,False,5307.286,LAW,30,None,None,5251.837,5270.017,5307.407,251.0,293.0,284.0,277.0,True,Racing Bulls,5221.447,2026-03-08T04:28:08.070000000,False,None,False,True,5233.92,24.6,53.1,1012.3,False,37.7,111,3.0,Australian Grand Prix
108.965,18,HARD,2,36.165,24.07,48.73,700000000.0,0.0,101000.0,7,14.0,126,False,5416.251,LAW,30,None,None,5343.572,5367.642,5416.372,202.0,202.0,181.0,273.0,True,Racing Bulls,5307.286,2026-03-08T04:29:33.909000000,False,None,False,False,5293.918,24.6,52.5,1012.3,False,36.7,138,4.1,Australian Grand Prix
105.808,19,HARD,2,41.187,24.218,40.403,701300110.0,0.0,1111100.0,8,14.0,671,False,5522.059,LAW,30,None,None,5457.559,5481.777,5522.18,212.0,179.0,306.0,185.0,True,Racing Bulls,5416.251,2026-03-08T04:31:22.874000000,False,None,False,False,5413.936,24.7,53.0,1012.3,False,35.9,142,2.9,Australian Grand Prix
85.068,20,HARD,2,29.568,18.433,37.067,701000111.0,10000.0,110000.0,9,14.0,1,True,5607.127,LAW,30,None,None,5551.748,5570.181,5607.248,259.0,285.0,288.0,288.0,True,Racing Bulls,5522.059,2026-03-08T04:33:08.682000000,False,None,False,True,5533.969,24.6,53.4,1012.2,False,35.8,126,2.8,Australian Grand Prix
84.91,21,HARD,2,29.999,17.994,36.917,701000000.0,1000.0,1000000000.0,10,14.0,1,True,5692.037,LAW,30,None,None,5637.247,5655.241,5692.158,255.0,296.0,295.0,280.0,True,Racing Bulls,5607.127,2026-03-08T04:34:33.750000000,False,None,False,True,5593.968,24.6,53.3,1012.1,False,35.7,119,3.8,Australian Grand Prix
85.041,22,HARD,2,29.874,18.032,37.135,700000000.0,1000.0,1000001100.0,11,14.0,1,False,5777.078,LAW,30,None,None,5722.032,5740.064,5777.199,248.0,295.0,287.0,292.0,True,Racing Bulls,5692.037,2026-03-08T04:35:58.660000000,False,None,False,True,5713.957,24.6,52.8,1012.1,False,36.4,111,2.9,Australian Grand Prix
85.074,23,HARD,2,30.148,17.998,36.928,700000000.0,0.0,177000.0,12,14.0,1,False,5862.152,LAW,30,None,None,5807.347,5825.345,5862.273,250.0,295.0,296.0,275.0,True,Racing Bulls,5777.078,2026-03-08T04:37:23.701000000,False,None,False,True,5773.973,24.5,52.9,1012.2,False,36.6,95,1.4,Australian Grand Prix
86.526,24,HARD,2,30.096,18.083,38.347,700000000.0,0.0,1000100000.0,13,14.0,1,False,5948.678,LAW,30,None,None,5892.369,5910.452,5948.799,250.0,294.0,292.0,294.0,True,Racing Bulls,5862.152,2026-03-08T04:38:48.775000000,False,None,False,True,5833.959,24.6,53.4,1012.1,False,37.0,114,2.1,Australian Grand Prix
85.255,25,HARD,2,30.197,18.086,36.972,700010011.0,10000.0,100000.0,14,14.0,1,False,6033.933,LAW,30,None,None,5978.996,5997.082,6034.054,251.0,294.0,292.0,286.0,True,Racing Bulls,5948.678,2026-03-08T04:40:15.301000000,False,None,False,True,5953.975,24.8,52.6,1012.1,False,37.6,147,3.1,Australian Grand Prix
84.972,26,HARD,2,29.78,18.048,37.144,700000000.0,1000.0,0.0,15,14.0,1,False,6118.905,LAW,30,None,None,6063.834,6081.882,6119.026,260.0,294.0,292.0,286.0,True,Racing Bulls,6033.933,2026-03-08T04:41:40.556000000,False,None,False,True,6013.976,24.8,52.7,1012.0,False,37.4,106,3.3,Australian Grand Prix
85.173,27,HARD,2,30.0,18.079,37.094,700000000.0,0.0,0.0,16,14.0,1,False,6204.078,LAW,30,None,None,6149.026,6167.105,6204.199,254.0,293.0,293.0,284.0,True,Racing Bulls,6118.905,2026-03-08T04:43:05.528000000,False,None,False,True,6134.01,24.8,52.0,1012.0,False,36.5,98,2.5,Australian Grand Prix
85.377,28,HARD,2,30.088,18.065,37.224,700000000.0,0.0,1000000000.0,17,14.0,1,False,6289.455,LAW,30,None,None,6234.287,6252.352,6289.576,252.0,291.0,285.0,284.0,True,Racing Bulls,6204.078,2026-03-08T04:44:30.701000000,False,None,False,True,6194.01,24.8,52.8,1012.0,False,36.3,98,4.0,Australian Grand Prix
85.253,29,HARD,2,30.109,18.063,37.081,700000000.0,0.0,0.0,18,14.0,1,False,6374.708,LAW,30,None,None,6319.685,6337.748,6374.829,254.0,292.0,292.0,273.0,True,Racing Bulls,6289.455,2026-03-08T04:45:56.078000000,False,None,False,True,6254.01,24.8,52.8,1012.1,False,36.1,120,3.0,Australian Grand Prix
85.65,30,HARD,2,30.163,18.125,37.362,700000000.0,0.0,0.0,19,14.0,1,False,6460.358,LAW,30,None,None,6404.992,6423.117,6460.479,256.0,292.0,291.0,289.0,True,Racing Bulls,6374.708,2026-03-08T04:47:21.331000000,False,None,False,True,6374.017,25.3,53.7,1012.0,False,36.1,123,2.5,Australian Grand Prix
85.792,31,HARD,2,30.358,18.099,37.335,700000000.0,0.0,0.0,20,14.0,1,False,6546.15,LAW,30,None,None,6490.837,6508.936,6546.271,256.0,292.0,291.0,287.0,True,Racing Bulls,6460.358,2026-03-08T04:48:46.981000000,False,None,False,True,6434.013,25.2,53.5,1011.9,False,37.3,184,1.0,Australian Grand Prix
85.867,32,HARD,2,30.132,18.063,37.672,700000000.0,0.0,555.0,21,14.0,1,False,6632.017,LAW,30,None,None,6576.403,6594.466,6632.138,255.0,295.0,290.0,284.0,True,Racing Bulls,6546.15,2026-03-08T04:50:12.773000000,False,None,False,True,6554.015,25.2,53.1,1012.0,False,37.0,125,4.0,Australian Grand Prix
114.107,33,HARD,2,30.338,23.781,59.988,500000000.0,1100.0,0.0,22,13.0,167,False,6746.124,LAW,30,None,6730.404,6662.476,6686.257,6746.245,252.0,176.0,None,275.0,True,Racing Bulls,6632.017,2026-03-08T04:51:38.640000000,False,None,False,False,6614.014,25.1,53.0,1012.0,False,37.2,147,3.0,Australian Grand Prix
90.927,34,SOFT,3,35.612,18.018,37.297,1011100.0,1100.0,100000000.0,1,14.0,1,False,6837.051,LAW,30,6748.51,None,6781.857,6799.875,6837.172,259.0,293.0,278.0,207.0,True,Racing Bulls,6746.124,2026-03-08T04:53:32.747000000,False,None,False,False,6674.029,25.1,53.2,1011.8,False,37.7,107,2.5,Australian Grand Prix
84.21,35,SOFT,3,29.684,17.768,36.758,700000000.0,100.0,100000000.0,2,14.0,1,True,6921.261,LAW,30,None,None,6866.856,6884.624,6921.382,252.0,297.0,295.0,271.0,True,Racing Bulls,6837.051,2026-03-08T04:55:03.674000000,False,None,False,True,6794.063,25.2,52.4,1011.9,False,37.2,105,3.7,Australian Grand Prix
86.728,36,SOFT,3,31.791,17.8,37.137,700000000.0,0.0,0.0,3,14.0,1,False,7007.989,LAW,30,None,None,6953.173,6970.973,7008.11,254.0,302.0,307.0,282.0,True,Racing Bulls,6921.261,2026-03-08T04:56:27.884000000,False,None,False,True,6914.079,25.2,52.5,1011.8,False,37.8,119,3.8,Australian Grand Prix
85.74,37,SOFT,3,30.472,17.992,37.276,700000000.0,0.0,1001100000.0,4,13.0,1,False,7093.729,LAW,30,None,None,7038.582,7056.574,7093.85,252.0,293.0,289.0,277.0,True,Racing Bulls,7007.989,2026-03-08T04:57:54.612000000,False,None,False,True,6974.097,25.2,52.8,1011.8,False,37.0,120,3.8,Australian Grand Prix
84.423,38,SOFT,3,29.858,17.952,36.613,700000010.0,10000.0,110100.0,5,13.0,1,False,7178.152,LAW,30,None,None,7123.708,7141.66,7178.273,252.0,296.0,291.0,275.0,True,Racing Bulls,7093.729,2026-03-08T04:59:20.352000000,False,None,False,True,7094.098,25.1,53.0,1011.8,False,35.9,115,3.0,Australian Grand Prix
84.124,39,SOFT,3,29.654,17.837,36.633,701000000.0,0.0,0.0,6,13.0,1,True,7262.276,LAW,30,None,None,7207.927,7225.764,7262.397,256.0,295.0,296.0,279.0,True,Racing Bulls,7178.152,2026-03-08T05:00:44.775000000,False,None,False,True,7154.099,25.0,52.1,1011.8,False,35.7,98,2.5,Australian Grand Prix
84.077,40,SOFT,3,29.497,17.953,36.627,701000001.0,0.0,1110000000.0,7,13.0,1,True,7346.353,LAW,30,None,None,7291.894,7309.847,7346.474,256.0,290.0,293.0,293.0,True,Racing Bulls,7262.276,2026-03-08T05:02:08.899000000,False,None,False,True,7214.101,25.0,52.7,1011.8,False,35.5,140,3.1,Australian Grand Prix
83.92,41,SOFT,3,29.49,17.906,36.524,700000010.0,0.0,100.0,8,13.0,1,True,7430.273,LAW,30,None,None,7375.964,7393.87,7430.394,264.0,291.0,291.0,290.0,True,Racing Bulls,7346.353,2026-03-08T05:03:32.976000000,False,None,False,True,7334.114,25.0,52.8,1011.7,False,35.5,136,3.6,Australian Grand Prix
84.048,42,SOFT,3,29.555,17.97,36.523,710010010.0,0.0,0.0,9,13.0,1,False,7514.321,LAW,30,None,None,7459.949,7477.919,7514.442,253.0,289.0,296.0,276.0,True,Racing Bulls,7430.273,2026-03-08T05:04:56.896000000,False,None,False,True,7394.119,25.0,52.8,1011.8,False,35.4,96,2.8,Australian Grand Prix
84.232,43,SOFT,3,29.564,18.033,36.635,700000110.0,0.0,0.0,10,13.0,1,False,7598.553,LAW,30,None,None,7544.006,7562.039,7598.674,237.0,294.0,295.0,292.0,True,Racing Bulls,7514.321,2026-03-08T05:06:20.944000000,False,None,False,True,7454.108,25.1,52.6,1011.6,False,35.5,99,1.3,Australian Grand Prix
84.071,44,SOFT,3,29.647,17.945,36.479,700000000.0,0.0,100.0,11,13.0,1,False,7682.624,LAW,30,None,None,7628.321,7646.266,7682.745,238.0,295.0,298.0,287.0,True,Racing Bulls,7598.553,2026-03-08T05:07:45.176000000,False,None,False,True,7574.136,25.2,52.7,1011.7,False,36.2,93,1.0,Australian Grand Prix
84.31,45,SOFT,3,29.849,18.022,36.439,710000000.0,0.0,1000100.0,12,13.0,1,False,7766.934,LAW,30,None,None,7712.594,7730.616,7767.055,230.0,294.0,299.0,290.0,True,Racing Bulls,7682.624,2026-03-08T05:09:09.247000000,False,None,False,True,7634.151,25.1,52.5,1011.7,False,36.6,110,2.0,Australian Grand Prix
84.023,46,SOFT,3,29.625,17.849,36.549,700010000.0,0.0,1000000000.0,13,13.0,1,False,7850.957,LAW,30,None,None,7796.68,7814.529,7851.078,242.0,298.0,296.0,297.0,True,Racing Bulls,7766.934,2026-03-08T05:10:33.557000000,False,None,False,True,7754.15,25.1,51.4,1011.6,False,35.7,118,3.9,Australian Grand Prix
83.783,47,SOFT,3,29.407,17.848,36.528,700001000.0,0.0,0.0,14,13.0,1,True,7934.74,LAW,30,None,None,7880.485,7898.333,7934.861,243.0,299.0,290.0,296.0,True,Racing Bulls,7850.957,2026-03-08T05:11:57.580000000,False,None,False,True,7814.153,25.1,51.4,1011.6,False,35.6,140,2.9,Australian Grand Prix
84.222,48,SOFT,3,29.646,17.894,36.682,700000000.0,0.0,0.0,15,13.0,1,False,8018.962,LAW,30,None,None,7964.507,7982.401,8019.083,236.0,299.0,295.0,280.0,True,Racing Bulls,7934.74,2026-03-08T05:13:21.363000000,False,None,False,True,7874.138,25.1,52.4,1011.6,False,35.4,106,4.0,Australian Grand Prix
83.932,49,SOFT,3,29.404,17.932,36.596,700000000.0,0.0,0.0,16,13.0,1,False,8102.894,LAW,30,None,None,8048.487,8066.419,8103.015,258.0,299.0,301.0,283.0,True,Racing Bulls,8018.962,2026-03-08T05:14:45.585000000,False,None,False,True,7994.158,25.1,52.9,1011.6,False,36.8,110,2.4,Australian Grand Prix
83.912,50,SOFT,3,29.434,17.783,36.695,700000000.0,0.0,0.0,17,13.0,1,False,8186.806,LAW,30,None,None,8132.449,8150.232,8186.927,255.0,302.0,300.0,294.0,True,Racing Bulls,8102.894,2026-03-08T05:16:09.517000000,False,None,False,True,8054.173,25.2,53.0,1011.6,False,36.5,116,2.6,Australian Grand Prix
84.46,51,SOFT,3,29.699,17.888,36.873,700000000.0,111.0,0.0,18,13.0,1,False,8271.266,LAW,30,None,None,8216.626,8234.514,8271.387,237.0,304.0,301.0,294.0,True,Racing Bulls,8186.806,2026-03-08T05:17:33.429000000,False,None,False,True,8174.192,25.3,52.0,1011.6,False,35.9,125,2.3,Australian Grand Prix
84.665,52,SOFT,3,29.812,17.679,37.174,700000000.0,0.0,0.0,19,13.0,1,False,8355.931,LAW,30,None,None,8301.199,8318.878,8356.052,242.0,309.0,301.0,294.0,True,Racing Bulls,8271.266,2026-03-08T05:18:57.889000000,False,None,False,True,8234.191,25.3,52.2,1011.5,False,35.6,106,3.1,Australian Grand Prix
85.162,53,SOFT,3,29.988,17.791,37.383,700000000.0,0.0,100000000.0,20,13.0,1,False,8441.093,LAW,30,None,None,8386.04,8403.831,8441.214,240.0,309.0,296.0,290.0,True,Racing Bulls,8355.931,2026-03-08T05:20:22.554000000,False,None,False,True,8294.207,25.3,51.1,1011.5,False,35.3,121,3.0,Australian Grand Prix
84.525,54,SOFT,3,29.874,17.754,36.897,700000000.0,0.0,100000000.0,21,13.0,1,False,8525.618,LAW,30,None,None,8471.088,8488.842,8525.739,256.0,306.0,305.0,282.0,True,Racing Bulls,8441.093,2026-03-08T05:21:47.716000000,False,None,False,True,8414.244,25.3,51.9,1011.5,False,34.8,115,3.0,Australian Grand Prix
85.123,55,SOFT,3,30.102,17.996,37.025,700000000.0,0.0,0.0,22,13.0,1,False,8610.741,LAW,30,None,None,8555.841,8573.837,8610.862,240.0,304.0,299.0,271.0,True,Racing Bulls,8525.618,2026-03-08T05:23:12.241000000,False,None,False,True,8474.264,25.3,51.7,1011.5,False,34.7,130,4.2,Australian Grand Prix
86.895,56,SOFT,3,31.114,18.065,37.716,700000000.0,0.0,0.0,23,13.0,1,False,8697.636,LAW,30,None,None,8641.976,8660.041,8697.757,232.0,303.0,258.0,284.0,True,Racing Bulls,8610.741,2026-03-08T05:24:37.364000000,False,None,False,True,8534.293,25.2,51.6,1011.6,False,34.6,126,3.2,Australian Grand Prix
86.317,57,SOFT,3,30.9,17.896,37.521,700000000.0,0.0,,24,13.0,1,False,8783.953,LAW,30,None,None,8728.657,8746.553,8784.074,253.0,308.0,287.0,264.0,True,Racing Bulls,8697.636,2026-03-08T05:26:04.259000000,False,None,False,True,8654.277,25.2,52.0,1011.5,False,34.4,105,2.9,Australian Grand Prix
91.929,1,MEDIUM,1,,18.663,36.681,0.0,0.0,7.0,1,1.0,1,False,3831.908,LEC,16,None,None,None,3795.379,3832.09,248.0,280.0,277.0,244.0,True,Ferrari,3739.743,2026-03-08T04:03:26.366000000,False,None,False,False,3793.796,24.2,54.0,1012.8,False,36.6,104,4.4,Australian Grand Prix
86.212,2,MEDIUM,1,30.116,18.18,37.916,,,,2,2.0,1,True,3918.12,LEC,16,None,None,3862.122,3880.302,3918.218,247.0,289.0,300.0,269.0,True,Ferrari,3831.908,2026-03-08T04:04:58.531000000,False,None,False,True,3853.794,24.2,54.4,1012.8,False,36.0,135,2.3,Australian Grand Prix
85.453,3,MEDIUM,1,30.141,17.876,37.436,1111.0,11000.0,3100330000.0,3,1.0,1,True,4003.573,LEC,16,None,None,3948.359,3966.235,4003.671,250.0,306.0,285.0,275.0,True,Ferrari,3918.12,2026-03-08T04:06:24.743000000,False,None,False,True,3973.816,24.1,54.1,1012.9,False,36.1,112,1.6,Australian Grand Prix
84.553,4,MEDIUM,1,29.99,18.045,36.518,710013131.0,11000.0,3100300000.0,4,1.0,1,True,4088.126,LEC,16,None,None,4033.661,4051.706,4088.224,254.0,289.0,293.0,271.0,True,Ferrari,4003.573,2026-03-08T04:07:50.196000000,False,None,False,True,4033.811,24.1,54.1,1012.9,False,36.1,112,1.6,Australian Grand Prix
83.981,5,MEDIUM,1,29.542,18.008,36.431,701000001.0,0.0,100000000.0,5,1.0,1,True,4172.107,LEC,16,None,None,4117.766,4135.774,4172.205,255.0,289.0,291.0,288.0,True,Ferrari,4088.126,2026-03-08T04:09:14.749000000,False,None,False,True,4153.828,24.2,54.2,1012.8,False,35.1,127,2.2,Australian Grand Prix
84.822,6,MEDIUM,1,29.775,18.075,36.972,700000011.0,1000.0,101330000.0,6,1.0,1,False,4256.929,LEC,16,None,None,4201.98,4220.055,4257.027,252.0,288.0,293.0,283.0,True,Ferrari,4172.107,2026-03-08T04:10:38.730000000,False,None,False,True,4213.83,24.2,54.3,1012.6,False,35.3,114,2.7,Australian Grand Prix
84.034,7,MEDIUM,1,29.693,18.01,36.331,730000003.0,0.0,0.0,7,1.0,1,False,4340.963,LEC,16,None,None,4286.72,4304.73,4341.061,256.0,288.0,295.0,288.0,True,Ferrari,4256.929,2026-03-08T04:12:03.552000000,False,None,False,True,4273.82,24.2,54.7,1012.6,False,35.1,99,3.4,Australian Grand Prix
85.563,8,MEDIUM,1,30.478,18.017,37.068,700010030.0,30000.0,100000000.0,8,1.0,1,False,4426.526,LEC,16,None,None,4371.539,4389.556,4426.624,275.0,298.0,276.0,294.0,True,Ferrari,4340.963,2026-03-08T04:13:27.586000000,False,None,False,True,4393.821,24.5,54.3,1012.6,False,36.6,104,2.4,Australian Grand Prix
85.602,9,MEDIUM,1,30.791,18.247,36.564,731000000.0,1000.0,1110030010.0,9,1.0,1,False,4512.128,LEC,16,None,None,4457.415,4475.662,4512.226,274.0,280.0,295.0,277.0,True,Ferrari,4426.526,2026-03-08T04:14:53.149000000,False,None,False,True,4453.832,24.4,53.7,1012.6,False,38.1,121,3.1,Australian Grand Prix
83.977,10,MEDIUM,1,29.824,17.963,36.19,700000000.0,31000.0,101330000.0,10,1.0,1,True,4596.105,LEC,16,None,None,4542.05,4560.013,4596.203,252.0,289.0,295.0,294.0,True,Ferrari,4512.128,2026-03-08T04:16:18.751000000,False,None,False,True,4573.833,24.5,53.3,1012.6,False,36.7,119,1.6,Australian Grand Prix
83.798,11,MEDIUM,1,29.585,18.082,36.131,700000000.0,0.0,0.0,11,1.0,1,True,4679.903,LEC,16,None,None,4625.788,4643.87,4680.001,274.0,282.0,293.0,292.0,True,Ferrari,4596.105,2026-03-08T04:17:42.728000000,False,None,False,True,4633.861,24.4,53.1,1012.4,False,36.6,128,2.7,Australian Grand Prix
114.008,12,MEDIUM,1,40.041,28.446,45.521,700000000.0,0.0,0.0,12,1.0,16,False,4793.911,LEC,16,None,None,4720.042,4748.488,4794.009,222.0,137.0,204.0,287.0,True,Ferrari,4679.903,2026-03-08T04:19:06.526000000,False,None,False,False,4753.868,24.5,53.5,1012.4,False,36.5,128,2.0,Australian Grand Prix
115.178,13,MEDIUM,1,41.178,27.3,46.7,700000000.0,0.0,101300000.0,13,1.0,6,False,4909.089,LEC,16,None,None,4835.187,4862.487,4909.187,181.0,142.0,175.0,213.0,True,Ferrari,4793.911,2026-03-08T04:21:00.534000000,False,None,False,False,4873.87,24.6,52.3,1012.4,False,36.8,113,2.0,Australian Grand Prix
90.489,14,MEDIUM,1,35.983,18.192,36.314,701000000.0,1100.0,0.0,14,1.0,671,False,4999.578,LEC,16,None,None,4945.17,4963.362,4999.676,273.0,282.0,289.0,218.0,True,Ferrari,4909.089,2026-03-08T04:22:55.712000000,False,None,False,False,4993.903,24.3,53.3,1012.4,False,36.6,114,2.5,Australian Grand Prix
83.765,15,MEDIUM,1,29.539,17.9,36.326,700010000.0,0.0,0.0,15,1.0,1,True,5083.343,LEC,16,None,None,5029.215,5047.115,5083.441,249.0,287.0,291.0,283.0,True,Ferrari,4999.578,2026-03-08T04:24:26.201000000,False,None,False,True,5053.917,24.3,53.7,1012.3,False,37.3,125,2.0,Australian Grand Prix
83.511,16,MEDIUM,1,29.393,17.898,36.22,730000010.0,0.0,0.0,16,1.0,1,True,5166.854,LEC,16,None,None,5112.834,5130.732,5166.952,248.0,290.0,297.0,291.0,True,Ferrari,5083.343,2026-03-08T04:25:49.966000000,False,None,False,True,5113.908,24.3,53.9,1012.3,False,38.4,140,3.5,Australian Grand Prix
84.356,17,MEDIUM,1,29.858,18.083,36.415,700000003.0,0.0,1000000000.0,17,1.0,1,False,5251.21,LEC,16,None,None,5196.81,5214.893,5251.308,275.0,285.0,291.0,300.0,True,Ferrari,5166.854,2026-03-08T04:27:13.477000000,False,None,False,True,5233.92,24.6,53.1,1012.3,False,37.7,111,3.0,Australian Grand Prix
89.602,18,MEDIUM,1,29.353,18.021,42.228,700000000.0,0.0,0.0,18,1.0,126,False,5340.812,LEC,16,None,None,5280.661,5298.682,5340.91,275.0,290.0,139.0,287.0,True,Ferrari,5251.21,2026-03-08T04:28:37.833000000,False,None,False,False,5293.918,24.6,52.5,1012.3,False,36.7,138,4.1,Australian Grand Prix
113.653,19,MEDIUM,1,38.364,24.534,50.755,700000000.0,0.0,10.0,19,1.0,6,False,5454.465,LEC,16,None,None,5379.274,5403.808,5454.563,238.0,224.0,229.0,227.0,True,Ferrari,5340.812,2026-03-08T04:30:07.435000000,False,None,False,False,5413.936,24.7,53.0,1012.3,False,35.9,142,2.9,Australian Grand Prix
93.183,20,MEDIUM,1,38.397,18.486,36.3,701000000.0,0.0,1000000000.0,20,1.0,671,False,5547.648,LEC,16,None,None,5492.96,5511.446,5547.746,186.0,289.0,298.0,230.0,True,Ferrari,5454.465,2026-03-08T04:32:01.088000000,False,None,False,False,5533.969,24.6,53.4,1012.2,False,35.8,126,2.8,Australian Grand Prix
83.322,21,MEDIUM,1,29.324,17.876,36.122,100000000.0,1100.0,1010000000.0,21,1.0,1,True,5630.97,LEC,16,None,None,5577.07,5594.946,5631.068,248.0,292.0,299.0,299.0,True,Ferrari,5547.648,2026-03-08T04:33:34.271000000,False,None,False,True,5593.968,24.6,53.3,1012.1,False,35.7,119,3.8,Australian Grand Prix
83.416,22,MEDIUM,1,29.349,17.762,36.305,0.0,100.0,0.0,22,1.0,1,False,5714.386,LEC,16,None,None,5660.417,5678.179,5714.484,250.0,295.0,297.0,302.0,True,Ferrari,5630.97,2026-03-08T04:34:57.593000000,False,None,False,True,5713.957,24.6,52.8,1012.1,False,36.4,111,2.9,Australian Grand Prix
83.476,23,MEDIUM,1,29.5,17.655,36.321,700000000.0,0.0,10000000.0,23,1.0,1,False,5797.862,LEC,16,None,None,5743.984,5761.639,5797.96,244.0,300.0,297.0,299.0,True,Ferrari,5714.386,2026-03-08T04:36:21.009000000,False,None,False,True,5773.973,24.5,52.9,1012.2,False,36.6,95,1.4,Australian Grand Prix
83.66,24,MEDIUM,1,29.602,17.848,36.21,100000000.0,0.0,555.0,24,1.0,1,False,5881.522,LEC,16,None,None,5827.562,5845.41,5881.62,249.0,292.0,299.0,297.0,True,Ferrari,5797.862,2026-03-08T04:37:44.485000000,False,None,False,True,5833.959,24.6,53.4,1012.1,False,37.0,114,2.1,Australian Grand Prix
97.834,25,MEDIUM,1,29.658,17.796,50.38,500000000.0,0.0,1000010.0,25,4.0,1,False,5979.356,LEC,16,None,5963.741,5911.278,5929.074,5979.454,251.0,292.0,None,302.0,True,Ferrari,5881.522,2026-03-08T04:39:08.145000000,False,None,False,False,5953.975,24.8,52.6,1012.1,False,37.6,147,3.1,Australian Grand Prix
89.317,26,HARD,2,35.37,17.951,35.996,11100.0,0.0,100030011.0,1,4.0,1,False,6068.673,LEC,16,5981.666,None,6014.824,6032.775,6068.771,274.0,292.0,298.0,201.0,True,Ferrari,5979.356,2026-03-08T04:40:45.979000000,False,None,False,False,6013.976,24.8,52.7,1012.0,False,37.4,106,3.3,Australian Grand Prix
83.106,27,HARD,2,29.434,17.824,35.848,100003000.0,0.0,0.0,2,4.0,1,True,6151.779,LEC,16,None,None,6098.205,6116.029,6151.877,251.0,292.0,302.0,295.0,True,Ferrari,6068.673,2026-03-08T04:42:15.296000000,False,None,False,True,6134.01,24.8,52.0,1012.0,False,36.5,98,2.5,Australian Grand Prix
83.089,28,HARD,2,29.241,17.821,36.027,110000.0,1000.0,0.0,3,3.0,1,True,6234.868,LEC,16,None,None,6181.118,6198.939,6234.966,249.0,292.0,299.0,303.0,True,Ferrari,6151.779,2026-03-08T04:43:38.402000000,False,None,False,True,6194.01,24.8,52.8,1012.0,False,36.3,98,4.0,Australian Grand Prix
82.987,29,HARD,2,29.127,17.756,36.104,701000000.0,1000.0,10000000.0,4,3.0,1,True,6317.855,LEC,16,None,None,6264.093,6281.849,6317.953,256.0,292.0,298.0,300.0,True,Ferrari,6234.868,2026-03-08T04:45:01.491000000,False,None,False,True,6254.01,24.8,52.8,1012.1,False,36.1,120,3.0,Australian Grand Prix
83.026,30,HARD,2,29.173,17.763,36.09,700000010.0,0.0,1000000.0,5,3.0,1,False,6400.881,LEC,16,None,None,6347.126,6364.889,6400.979,248.0,293.0,301.0,294.0,True,Ferrari,6317.855,2026-03-08T04:46:24.478000000,False,None,False,True,6374.017,25.3,53.7,1012.0,False,36.1,123,2.5,Australian Grand Prix
82.934,31,HARD,2,29.138,17.745,36.051,700010000.0,0.0,110300001.0,6,3.0,1,True,6483.815,LEC,16,None,None,6430.117,6447.862,6483.913,256.0,292.0,300.0,302.0,True,Ferrari,6400.881,2026-03-08T04:47:47.504000000,False,None,False,True,6434.013,25.2,53.5,1011.9,False,37.3,184,1.0,Australian Grand Prix
82.947,32,HARD,2,29.221,17.788,35.938,100000000.0,0.0,1000000.0,7,3.0,1,False,6566.762,LEC,16,None,None,6513.134,6530.922,6566.86,249.0,292.0,303.0,300.0,True,Ferrari,6483.815,2026-03-08T04:49:10.438000000,False,None,False,True,6554.015,25.2,53.1,1012.0,False,37.0,125,4.0,Australian Grand Prix
83.174,33,HARD,2,29.301,17.756,36.117,110000.0,0.0,0.0,8,3.0,1,False,6649.936,LEC,16,None,None,6596.161,6613.917,6650.034,252.0,294.0,302.0,302.0,True,Ferrari,6566.762,2026-03-08T04:50:33.385000000,False,None,False,True,6614.014,25.1,53.0,1012.0,False,37.2,147,3.0,Australian Grand Prix
98.516,34,HARD,2,32.568,28.471,37.477,700010000.0,0.0,1.0,9,3.0,167,False,6748.452,LEC,16,None,None,6682.602,6711.073,6748.55,105.0,237.0,289.0,295.0,True,Ferrari,6649.936,2026-03-08T04:51:56.559000000,False,None,False,False,6674.029,25.1,53.2,1011.8,False,37.7,107,2.5,Australian Grand Prix
83.542,35,HARD,2,29.632,17.831,36.079,700000000.0,0.0,0.0,10,3.0,1,False,6831.994,LEC,16,None,None,6778.182,6796.013,6832.092,254.0,294.0,304.0,276.0,True,Ferrari,6748.452,2026-03-08T04:53:35.075000000,False,None,False,True,6794.063,25.2,52.4,1011.9,False,37.2,105,3.7,Australian Grand Prix
84.376,36,HARD,2,29.478,17.907,36.991,700000000.0,0.0,0.0,11,3.0,1,False,6916.37,LEC,16,None,None,6861.57,6879.477,6916.468,249.0,295.0,301.0,293.0,True,Ferrari,6831.994,2026-03-08T04:54:58.617000000,False,None,False,True,6914.079,25.2,52.5,1011.8,False,37.8,119,3.8,Australian Grand Prix
83.236,37,HARD,2,29.421,17.866,35.949,700100000.0,100.0,30000.0,12,3.0,1,False,6999.606,LEC,16,None,None,6945.889,6963.755,6999.704,256.0,291.0,302.0,297.0,True,Ferrari,6916.37,2026-03-08T04:56:22.993000000,False,None,False,True,6974.097,25.2,52.8,1011.8,False,37.0,120,3.8,Australian Grand Prix
82.579,38,HARD,2,28.995,17.699,35.885,700000000.0,1100.0,110000000.0,13,3.0,1,True,7082.185,LEC,16,None,None,7028.699,7046.398,7082.283,258.0,293.0,301.0,300.0,True,Ferrari,6999.606,2026-03-08T04:57:46.229000000,False,None,False,True,7094.098,25.1,53.0,1011.8,False,35.9,115,3.0,Australian Grand Prix
82.728,39,HARD,2,29.142,17.617,35.969,700000000.0,100.0,0.0,14,3.0,1,False,7164.913,LEC,16,None,None,7111.425,7129.042,7165.011,255.0,298.0,301.0,292.0,True,Ferrari,7082.185,2026-03-08T04:59:08.808000000,False,None,False,True,7154.099,25.0,52.1,1011.8,False,35.7,98,2.5,Australian Grand Prix
82.93,40,HARD,2,29.199,17.741,35.99,700000000.0,1000.0,0.0,15,3.0,1,False,7247.843,LEC,16,None,None,7194.21,7211.951,7247.941,253.0,292.0,300.0,301.0,True,Ferrari,7164.913,2026-03-08T05:00:31.536000000,False,None,False,True,7214.101,25.0,52.7,1011.8,False,35.5,140,3.1,Australian Grand Prix
82.995,41,HARD,2,29.102,17.73,36.163,700000000.0,0.0,0.0,16,3.0,1,False,7330.838,LEC,16,None,None,7277.043,7294.773,7330.936,253.0,292.0,295.0,301.0,True,Ferrari,7247.843,2026-03-08T05:01:54.466000000,False,None,False,True,7334.114,25.0,52.8,1011.7,False,35.5,136,3.6,Australian Grand Prix
82.846,42,HARD,2,29.167,17.705,35.974,700000000.0,1100.0,0.0,17,3.0,1,False,7413.684,LEC,16,None,None,7360.103,7377.808,7413.782,257.0,292.0,301.0,288.0,True,Ferrari,7330.838,2026-03-08T05:03:17.461000000,False,None,False,True,7394.119,25.0,52.8,1011.8,False,35.4,96,2.8,Australian Grand Prix
82.75,43,HARD,2,29.142,17.651,35.957,710000000.0,1000.0,0.0,18,3.0,1,False,7496.434,LEC,16,None,None,7442.924,7460.575,7496.532,253.0,292.0,301.0,298.0,True,Ferrari,7413.684,2026-03-08T05:04:40.307000000,False,None,False,True,7454.108,25.1,52.6,1011.6,False,35.5,99,1.3,Australian Grand Prix
83.094,44,HARD,2,29.326,17.643,36.125,700000000.0,100.0,0.0,19,3.0,1,False,7579.528,LEC,16,None,None,7525.858,7543.501,7579.626,254.0,297.0,304.0,301.0,True,Ferrari,7496.434,2026-03-08T05:06:03.057000000,False,None,False,True,7574.136,25.2,52.7,1011.7,False,36.2,93,1.0,Australian Grand Prix
83.16,45,HARD,2,29.378,17.651,36.131,700100000.0,100.0,100000.0,20,3.0,1,False,7662.688,LEC,16,None,None,7609.004,7626.655,7662.786,250.0,293.0,300.0,294.0,True,Ferrari,7579.528,2026-03-08T05:07:26.151000000,False,None,False,True,7634.151,25.1,52.5,1011.7,False,36.6,110,2.0,Australian Grand Prix
82.894,46,HARD,2,29.254,17.685,35.955,700000100.0,0.0,0.0,21,3.0,1,False,7745.582,LEC,16,None,None,7692.04,7709.725,7745.68,256.0,291.0,303.0,291.0,True,Ferrari,7662.688,2026-03-08T05:08:49.311000000,False,None,False,True,7754.15,25.1,51.4,1011.6,False,35.7,118,3.9,Australian Grand Prix
82.952,47,HARD,2,29.106,17.719,36.127,700000000.0,0.0,0.0,22,3.0,1,False,7828.534,LEC,16,None,None,7774.786,7792.505,7828.632,250.0,291.0,301.0,294.0,True,Ferrari,7745.582,2026-03-08T05:10:12.205000000,False,None,False,True,7814.153,25.1,51.4,1011.6,False,35.6,140,2.9,Australian Grand Prix
82.899,48,HARD,2,29.299,17.678,35.922,700000000.0,100.0,0.0,23,3.0,1,False,7911.433,LEC,16,None,None,7857.931,7875.609,7911.531,249.0,295.0,303.0,298.0,True,Ferrari,7828.534,2026-03-08T05:11:35.157000000,False,None,False,True,7874.138,25.1,52.4,1011.6,False,35.4,106,4.0,Australian Grand Prix
83.364,49,HARD,2,29.374,17.664,36.326,100000000.0,0.0,0.0,24,3.0,1,False,7994.797,LEC,16,None,None,7940.905,7958.569,7994.895,249.0,296.0,304.0,301.0,True,Ferrari,7911.433,2026-03-08T05:12:58.056000000,False,None,False,True,7994.158,25.1,52.9,1011.6,False,36.8,110,2.4,Australian Grand Prix
83.2,50,HARD,2,29.246,17.742,36.212,100000.0,0.0,1.0,25,3.0,1,False,8077.997,LEC,16,None,None,8024.141,8041.883,8078.095,251.0,300.0,301.0,301.0,True,Ferrari,7994.797,2026-03-08T05:14:21.420000000,False,None,False,True,8054.173,25.2,53.0,1011.6,False,36.5,116,2.6,Australian Grand Prix
82.989,51,HARD,2,29.359,17.602,36.028,100000000.0,10.0,1100000000.0,26,3.0,1,False,8160.986,LEC,16,None,None,8107.454,8125.056,8161.084,259.0,299.0,306.0,300.0,True,Ferrari,8077.997,2026-03-08T05:15:44.620000000,False,None,False,True,8174.192,25.3,52.0,1011.6,False,35.9,125,2.3,Australian Grand Prix
83.049,52,HARD,2,29.441,17.598,36.01,30000000.0,1000.0,0.0,27,3.0,1,False,8244.035,LEC,16,None,None,8190.525,8208.123,8244.133,256.0,301.0,303.0,304.0,True,Ferrari,8160.986,2026-03-08T05:17:07.609000000,False,None,False,True,8234.191,25.3,52.2,1011.5,False,35.6,106,3.1,Australian Grand Prix
83.014,53,HARD,2,29.254,17.635,36.125,700130000.0,0.0,0.0,28,3.0,1,False,8327.049,LEC,16,None,None,8273.387,8291.022,8327.147,255.0,292.0,299.0,305.0,True,Ferrari,8244.035,2026-03-08T05:18:30.658000000,False,None,False,True,8294.207,25.3,51.1,1011.5,False,35.3,121,3.0,Australian Grand Prix
83.045,54,HARD,2,29.077,17.673,36.295,700100000.0,100.0,0.0,29,3.0,1,False,8410.094,LEC,16,None,None,8356.224,8373.897,8410.192,257.0,291.0,298.0,294.0,True,Ferrari,8327.049,2026-03-08T05:19:53.672000000,False,None,False,True,8414.244,25.3,51.9,1011.5,False,34.8,115,3.0,Australian Grand Prix
82.825,55,HARD,2,29.147,17.624,36.054,700000000.0,0.0,100000000.0,30,3.0,1,False,8492.919,LEC,16,None,None,8439.339,8456.963,8493.017,257.0,292.0,299.0,288.0,True,Ferrari,8410.094,2026-03-08T05:21:16.717000000,False,None,False,True,8474.264,25.3,51.7,1011.5,False,34.7,130,4.2,Australian Grand Prix
82.965,56,HARD,2,29.161,17.681,36.123,700000000.0,1000.0,10000000.0,31,3.0,1,False,8575.884,LEC,16,None,None,8522.178,8539.859,8575.982,254.0,288.0,300.0,288.0,True,Ferrari,8492.919,2026-03-08T05:22:39.542000000,False,None,False,True,8534.293,25.2,51.6,1011.6,False,34.6,126,3.2,Australian Grand Prix
83.098,57,HARD,2,29.245,17.621,36.232,700000000.0,100.0,0.0,32,3.0,1,False,8658.982,LEC,16,None,None,8605.227,8622.848,8659.08,258.0,291.0,293.0,289.0,True,Ferrari,8575.884,2026-03-08T05:24:02.507000000,False,None,False,True,8654.277,25.2,52.0,1011.5,False,34.4,105,2.9,Australian Grand Prix
83.317,58,HARD,2,29.364,17.704,36.249,700000000.0,0.0,0.0,33,3.0,1,False,8742.299,LEC,16,None,None,8688.444,8706.148,8742.397,261.0,298.0,313.0,277.0,True,Ferrari,8658.982,2026-03-08T05:25:25.605000000,False,None,False,True,8714.29,25.1,51.7,1011.5,False,34.5,103,2.9,Australian Grand Prix
96.081,1,MEDIUM,1,,18.025,39.211,0.0,0.0,77.0,1,5.0,1,False,3836.06,LIN,41,None,None,None,3797.069,3836.362,253.0,310.0,279.0,235.0,True,Racing Bulls,3739.743,2026-03-08T04:03:26.366000000,False,None,False,False,3793.796,24.2,54.0,1012.8,False,36.6,104,4.4,Australian Grand Prix
87.218,2,MEDIUM,1,30.8,18.041,38.377,711011011.0,1000.0,101110001.0,2,5.0,1,True,3923.278,LIN,41,None,None,3866.97,3885.011,3923.388,254.0,298.0,300.0,260.0,True,Racing Bulls,3836.06,2026-03-08T04:05:02.683000000,False,None,False,True,3853.794,24.2,54.4,1012.8,False,36.0,135,2.3,Australian Grand Prix
85.497,3,MEDIUM,1,30.171,17.966,37.36,710101110.0,11000.0,0.0,3,5.0,1,True,4008.775,LIN,41,None,None,3953.559,3971.525,4008.885,255.0,304.0,301.0,289.0,True,Racing Bulls,3923.278,2026-03-08T04:06:29.901000000,False,None,False,True,3973.816,24.1,54.1,1012.9,False,36.1,112,1.6,Australian Grand Prix
86.072,4,MEDIUM,1,30.126,17.94,38.006,0.0,0.0,1100110100.0,4,5.0,1,False,4094.847,LIN,41,None,None,4039.011,4056.951,4094.957,252.0,302.0,293.0,293.0,True,Racing Bulls,4008.775,2026-03-08T04:07:55.398000000,False,None,False,True,4033.811,24.1,54.1,1012.9,False,36.1,112,1.6,Australian Grand Prix
86.235,5,MEDIUM,1,30.966,17.919,37.35,711001000.0,11000.0,1010111000.0,5,6.0,1,False,4181.082,LIN,41,None,None,4125.923,4143.842,4181.192,256.0,308.0,296.0,264.0,True,Racing Bulls,4094.847,2026-03-08T04:09:21.470000000,False,None,False,True,4153.828,24.2,54.2,1012.8,False,35.1,127,2.2,Australian Grand Prix
85.392,6,MEDIUM,1,30.162,17.916,37.314,711001100.0,0.0,1010110000.0,6,6.0,1,True,4266.474,LIN,41,None,None,4211.354,4229.27,4266.584,253.0,304.0,295.0,289.0,True,Racing Bulls,4181.082,2026-03-08T04:10:47.705000000,False,None,False,True,4213.83,24.2,54.3,1012.6,False,35.3,114,2.7,Australian Grand Prix
85.194,7,MEDIUM,1,30.025,17.897,37.272,710000000.0,11000.0,1010100000.0,7,6.0,1,True,4351.668,LIN,41,None,None,4296.609,4314.506,4351.778,253.0,304.0,295.0,288.0,True,Racing Bulls,4266.474,2026-03-08T04:12:13.097000000,False,None,False,True,4273.82,24.2,54.7,1012.6,False,35.1,99,3.4,Australian Grand Prix
85.26,8,MEDIUM,1,30.164,17.919,37.177,700000000.0,0.0,1100000.0,8,6.0,1,False,4436.928,LIN,41,None,None,4381.942,4399.861,4437.038,251.0,304.0,294.0,286.0,True,Racing Bulls,4351.668,2026-03-08T04:13:38.291000000,False,None,False,True,4393.821,24.5,54.3,1012.6,False,36.6,104,2.4,Australian Grand Prix
85.337,9,MEDIUM,1,30.236,17.915,37.186,700010000.0,1000.0,100.0,9,6.0,1,False,4522.265,LIN,41,None,None,4467.274,4485.189,4522.375,252.0,305.0,295.0,287.0,True,Racing Bulls,4436.928,2026-03-08T04:15:03.551000000,False,None,False,True,4453.832,24.4,53.7,1012.6,False,38.1,121,3.1,Australian Grand Prix
85.565,10,MEDIUM,1,30.168,17.947,37.45,701000010.0,10000.0,0.0,10,6.0,1,False,4607.83,LIN,41,None,None,4552.543,4570.49,4607.94,251.0,303.0,293.0,287.0,True,Racing Bulls,4522.265,2026-03-08T04:16:28.888000000,False,None,False,True,4573.833,24.5,53.3,1012.6,False,36.7,119,1.6,Australian Grand Prix
92.238,11,MEDIUM,1,30.141,17.967,44.13,700000000.0,0.0,0.0,11,5.0,16,False,4700.068,LIN,41,None,None,4638.081,4656.048,4700.178,250.0,299.0,240.0,286.0,True,Racing Bulls,4607.83,2026-03-08T04:17:54.453000000,False,None,False,False,4633.861,24.4,53.1,1012.4,False,36.6,128,2.7,Australian Grand Prix
112.0,12,MEDIUM,1,37.694,26.533,47.773,700000000.0,0.0,0.0,12,4.0,6,False,4812.068,LIN,41,None,None,4737.872,4764.405,4812.178,199.0,140.0,216.0,221.0,True,Racing Bulls,4700.068,2026-03-08T04:19:26.691000000,False,None,False,False,4753.868,24.5,53.5,1012.4,False,36.5,128,2.0,Australian Grand Prix
114.878,13,MEDIUM,1,40.567,27.761,46.55,700000000.0,0.0,101000.0,13,4.0,67,False,4926.946,LIN,41,None,None,4852.745,4880.506,4927.056,199.0,133.0,183.0,181.0,True,Racing Bulls,4812.068,2026-03-08T04:21:18.691000000,False,None,False,False,4873.87,24.6,52.3,1012.4,False,36.8,113,2.0,Australian Grand Prix
88.161,14,MEDIUM,1,33.006,17.955,37.2,701001000.0,1100.0,1000100010.0,14,4.0,71,False,5015.107,LIN,41,None,None,4960.062,4978.017,5015.217,251.0,302.0,294.0,194.0,True,Racing Bulls,4926.946,2026-03-08T04:23:13.569000000,False,None,False,False,4993.903,24.3,53.3,1012.4,False,36.6,114,2.5,Australian Grand Prix
84.877,15,MEDIUM,1,29.995,17.892,36.99,700100001.0,0.0,0.0,15,4.0,1,True,5099.984,LIN,41,None,None,5045.212,5063.104,5100.094,253.0,301.0,297.0,280.0,True,Racing Bulls,5015.107,2026-03-08T04:24:41.730000000,False,None,False,True,5053.917,24.3,53.7,1012.3,False,37.3,125,2.0,Australian Grand Prix
85.898,16,MEDIUM,1,30.82,17.896,37.182,710000110.0,0.0,0.0,16,5.0,1,False,5185.882,LIN,41,None,None,5130.914,5148.81,5185.992,256.0,307.0,298.0,259.0,True,Racing Bulls,5099.984,2026-03-08T04:26:06.607000000,False,None,False,True,5113.908,24.3,53.9,1012.3,False,38.4,140,3.5,Australian Grand Prix
85.096,17,MEDIUM,1,29.829,17.94,37.327,710000000.0,0.0,555.0,17,5.0,1,False,5270.978,LIN,41,None,None,5215.821,5233.761,5271.088,247.0,303.0,291.0,290.0,True,Racing Bulls,5185.882,2026-03-08T04:27:32.505000000,False,None,False,True,5233.92,24.6,53.1,1012.3,False,37.7,111,3.0,Australian Grand Prix
108.224,18,MEDIUM,1,30.225,17.956,60.043,500000000.0,0.0,0.0,18,6.0,126,False,5379.202,LIN,41,None,5362.947,5301.313,5319.269,5379.312,252.0,301.0,None,284.0,True,Racing Bulls,5270.978,2026-03-08T04:28:57.601000000,False,None,False,False,5293.918,24.6,52.5,1012.3,False,36.7,138,4.1,Australian Grand Prix
117.225,19,HARD,2,42.462,25.719,49.044,10131001.0,1000.0,0.0,1,6.0,671,False,5496.427,LIN,41,5381.498,None,5421.774,5447.493,5496.537,198.0,220.0,277.0,213.0,True,Racing Bulls,5379.202,2026-03-08T04:30:45.825000000,False,None,False,False,5413.936,24.7,53.0,1012.3,False,35.9,142,2.9,Australian Grand Prix
85.424,20,HARD,2,29.507,18.19,37.727,711000111.0,10000.0,110000100.0,2,7.0,1,False,5581.851,LIN,41,None,None,5526.044,5544.234,5581.961,260.0,278.0,294.0,293.0,True,Racing Bulls,5496.427,2026-03-08T04:32:43.050000000,False,None,False,True,5533.969,24.6,53.4,1012.2,False,35.8,126,2.8,Australian Grand Prix
84.182,21,HARD,2,29.574,17.755,36.853,710000000.0,1100.0,1000000100.0,3,7.0,1,True,5666.033,LIN,41,None,None,5611.535,5629.29,5666.143,259.0,308.0,297.0,289.0,True,Racing Bulls,5581.851,2026-03-08T04:34:08.474000000,False,None,False,True,5593.968,24.6,53.3,1012.1,False,35.7,119,3.8,Australian Grand Prix
84.29,22,HARD,2,29.605,17.753,36.932,700000000.0,1100.0,0.0,4,7.0,1,False,5750.323,LIN,41,None,None,5695.748,5713.501,5750.433,258.0,306.0,299.0,291.0,True,Racing Bulls,5666.033,2026-03-08T04:35:32.656000000,False,None,False,True,5713.957,24.6,52.8,1012.1,False,36.4,111,2.9,Australian Grand Prix
84.909,23,HARD,2,29.687,17.824,37.398,700000000.0,0.0,1000100000.0,5,7.0,1,False,5835.232,LIN,41,None,None,5780.12,5797.944,5835.342,251.0,305.0,294.0,291.0,True,Racing Bulls,5750.323,2026-03-08T04:36:56.946000000,False,None,False,True,5773.973,24.5,52.9,1012.2,False,36.6,95,1.4,Australian Grand Prix
84.554,24,HARD,2,29.834,17.868,36.852,700000100.0,0.0,1000000.0,6,7.0,1,False,5919.786,LIN,41,None,None,5865.176,5883.044,5919.896,252.0,303.0,296.0,289.0,True,Racing Bulls,5835.232,2026-03-08T04:38:21.855000000,False,None,False,True,5833.959,24.6,53.4,1012.1,False,37.0,114,2.1,Australian Grand Prix
84.263,25,HARD,2,29.548,17.841,36.874,711000000.0,0.0,1000000.0,7,7.0,1,False,6004.049,LIN,41,None,None,5949.444,5967.285,6004.159,252.0,303.0,296.0,291.0,True,Racing Bulls,5919.786,2026-03-08T04:39:46.409000000,False,None,False,True,5953.975,24.8,52.6,1012.1,False,37.6,147,3.1,Australian Grand Prix
84.205,26,HARD,2,29.551,17.874,36.78,700000000.0,0.0,1000000000.0,8,7.0,1,False,6088.254,LIN,41,None,None,6033.71,6051.584,6088.364,255.0,303.0,297.0,292.0,True,Racing Bulls,6004.049,2026-03-08T04:41:10.672000000,False,None,False,True,6013.976,24.8,52.7,1012.0,False,37.4,106,3.3,Australian Grand Prix
84.361,27,HARD,2,29.508,17.881,36.972,700000000.0,10000.0,1100100000.0,9,7.0,1,False,6172.615,LIN,41,None,None,6117.872,6135.753,6172.725,254.0,302.0,291.0,294.0,True,Racing Bulls,6088.254,2026-03-08T04:42:34.877000000,False,None,False,True,6134.01,24.8,52.0,1012.0,False,36.5,98,2.5,Australian Grand Prix
84.475,28,HARD,2,29.902,17.869,36.704,701000000.0,0.0,0.0,10,7.0,1,False,6257.09,LIN,41,None,None,6202.627,6220.496,6257.2,252.0,302.0,295.0,285.0,True,Racing Bulls,6172.615,2026-03-08T04:43:59.238000000,False,None,False,True,6194.01,24.8,52.8,1012.0,False,36.3,98,4.0,Australian Grand Prix
84.916,29,HARD,2,29.977,18.019,36.92,700000000.0,1000.0,1000000.0,11,7.0,1,False,6342.006,LIN,41,None,None,6287.177,6305.196,6342.116,252.0,302.0,293.0,289.0,True,Racing Bulls,6257.09,2026-03-08T04:45:23.713000000,False,None,False,True,6254.01,24.8,52.8,1012.1,False,36.1,120,3.0,Australian Grand Prix
84.282,30,HARD,2,29.767,17.837,36.678,700000000.0,0.0,0.0,12,7.0,1,False,6426.288,LIN,41,None,None,6371.883,6389.72,6426.398,252.0,303.0,297.0,286.0,True,Racing Bulls,6342.006,2026-03-08T04:46:48.629000000,False,None,False,True,6374.017,25.3,53.7,1012.0,False,36.1,123,2.5,Australian Grand Prix
84.876,31,HARD,2,29.785,18.09,37.001,700000000.0,100.0,0.0,13,7.0,1,False,6511.164,LIN,41,None,None,6456.183,6474.273,6511.274,251.0,300.0,297.0,292.0,True,Racing Bulls,6426.288,2026-03-08T04:48:12.911000000,False,None,False,True,6434.013,25.2,53.5,1011.9,False,37.3,184,1.0,Australian Grand Prix
84.671,32,HARD,2,29.694,17.78,37.197,700000000.0,0.0,0.0,14,7.0,1,False,6595.835,LIN,41,None,None,6540.968,6558.748,6595.945,253.0,307.0,293.0,293.0,True,Racing Bulls,6511.164,2026-03-08T04:49:37.787000000,False,None,False,True,6554.015,25.2,53.1,1012.0,False,37.0,125,4.0,Australian Grand Prix
89.426,33,HARD,2,29.771,17.976,41.679,700000000.0,0.0,100011.0,15,7.0,16,False,6685.261,LIN,41,None,None,6625.716,6643.692,6685.371,251.0,300.0,212.0,288.0,True,Racing Bulls,6595.835,2026-03-08T04:51:02.458000000,False,None,False,False,6614.014,25.1,53.0,1012.0,False,37.2,147,3.0,Australian Grand Prix
93.812,34,HARD,2,38.151,18.652,37.009,100000000.0,0.0,1000000000.0,16,7.0,671,False,6779.073,LIN,41,None,None,6723.522,6742.174,6779.183,191.0,293.0,307.0,229.0,True,Racing Bulls,6685.261,2026-03-08T04:52:31.884000000,False,None,False,False,6674.029,25.1,53.2,1011.8,False,37.7,107,2.5,Australian Grand Prix
84.536,35,HARD,2,29.663,17.919,36.954,0.0,0.0,0.0,17,6.0,1,False,6863.609,LIN,41,None,None,6808.846,6826.765,6863.719,252.0,300.0,295.0,301.0,True,Racing Bulls,6779.073,2026-03-08T04:54:05.696000000,False,None,False,True,6794.063,25.2,52.4,1011.9,False,37.2,105,3.7,Australian Grand Prix
84.698,36,HARD,2,29.762,17.928,37.008,700000000.0,0.0,0.0,18,6.0,1,False,6948.307,LIN,41,None,None,6893.481,6911.409,6948.417,252.0,300.0,294.0,287.0,True,Racing Bulls,6863.609,2026-03-08T04:55:30.232000000,False,None,False,True,6914.079,25.2,52.5,1011.8,False,37.8,119,3.8,Australian Grand Prix
84.523,37,HARD,2,29.871,17.873,36.779,700000000.0,0.0,0.0,19,6.0,1,False,7032.83,LIN,41,None,None,6978.288,6996.161,7032.94,251.0,301.0,296.0,287.0,True,Racing Bulls,6948.307,2026-03-08T04:56:54.930000000,False,None,False,True,6974.097,25.2,52.8,1011.8,False,37.0,120,3.8,Australian Grand Prix
84.797,38,HARD,2,29.796,17.906,37.095,700000000.0,0.0,0.0,20,6.0,1,False,7117.627,LIN,41,None,None,7062.736,7080.642,7117.737,252.0,300.0,293.0,288.0,True,Racing Bulls,7032.83,2026-03-08T04:58:19.453000000,False,None,False,True,7094.098,25.1,53.0,1011.8,False,35.9,115,3.0,Australian Grand Prix
85.955,39,HARD,2,30.718,17.813,37.424,700000000.0,100.0,0.0,21,7.0,1,False,7203.582,LIN,41,None,None,7148.455,7166.268,7203.692,253.0,309.0,298.0,259.0,True,Racing Bulls,7117.627,2026-03-08T04:59:44.250000000,False,None,False,True,7154.099,25.0,52.1,1011.8,False,35.7,98,2.5,Australian Grand Prix
88.242,40,HARD,2,31.551,18.051,38.64,700000000.0,0.0,0.0,22,8.0,1,False,7291.824,LIN,41,None,None,7235.243,7253.294,7291.934,252.0,310.0,297.0,275.0,True,Racing Bulls,7203.582,2026-03-08T05:01:10.205000000,False,None,False,True,7214.101,25.0,52.7,1011.8,False,35.5,140,3.1,Australian Grand Prix
85.406,41,HARD,2,30.136,17.882,37.388,700000000.0,100.0,0.0,23,8.0,1,False,7377.23,LIN,41,None,None,7322.07,7339.952,7377.34,259.0,307.0,298.0,293.0,True,Racing Bulls,7291.824,2026-03-08T05:02:38.447000000,False,None,False,True,7334.114,25.0,52.8,1011.7,False,35.5,136,3.6,Australian Grand Prix
85.409,42,HARD,2,30.221,17.763,37.425,700000000.0,0.0,0.0,24,8.0,1,False,7462.639,LIN,41,None,None,7407.561,7425.324,7462.749,252.0,310.0,297.0,288.0,True,Racing Bulls,7377.23,2026-03-08T05:04:03.853000000,False,None,False,True,7394.119,25.0,52.8,1011.8,False,35.4,96,2.8,Australian Grand Prix
84.862,43,HARD,2,29.977,17.828,37.057,700000000.0,0.0,0.0,25,8.0,1,False,7547.501,LIN,41,None,None,7492.726,7510.554,7547.611,252.0,306.0,296.0,292.0,True,Racing Bulls,7462.639,2026-03-08T05:05:29.262000000,False,None,False,True,7454.108,25.1,52.6,1011.6,False,35.5,99,1.3,Australian Grand Prix
84.747,44,HARD,2,29.887,17.758,37.102,700000000.0,0.0,0.0,26,8.0,1,False,7632.248,LIN,41,None,None,7577.498,7595.256,7632.358,253.0,306.0,298.0,290.0,True,Racing Bulls,7547.501,2026-03-08T05:06:54.124000000,False,None,False,True,7574.136,25.2,52.7,1011.7,False,36.2,93,1.0,Australian Grand Prix
84.645,45,HARD,2,29.827,17.836,36.982,700000000.0,1100.0,0.0,27,8.0,1,False,7716.893,LIN,41,None,None,7662.185,7680.021,7717.003,252.0,304.0,295.0,295.0,True,Racing Bulls,7632.248,2026-03-08T05:08:18.871000000,False,None,False,True,7634.151,25.1,52.5,1011.7,False,36.6,110,2.0,Australian Grand Prix
84.688,46,HARD,2,29.891,17.824,36.973,700000000.0,0.0,1000000000.0,28,8.0,1,False,7801.581,LIN,41,None,None,7746.894,7764.718,7801.691,252.0,305.0,295.0,292.0,True,Racing Bulls,7716.893,2026-03-08T05:09:43.516000000,False,None,False,True,7754.15,25.1,51.4,1011.6,False,35.7,118,3.9,Australian Grand Prix
84.773,47,HARD,2,29.868,17.879,37.026,700000000.0,0.0,0.0,29,8.0,1,False,7886.354,LIN,41,None,None,7831.559,7849.438,7886.464,262.0,302.0,297.0,291.0,True,Racing Bulls,7801.581,2026-03-08T05:11:08.204000000,False,None,False,True,7814.153,25.1,51.4,1011.6,False,35.6,140,2.9,Australian Grand Prix
84.863,48,HARD,2,29.958,17.827,37.078,700000000.0,0.0,0.0,30,8.0,1,False,7971.217,LIN,41,None,None,7916.422,7934.249,7971.327,252.0,304.0,297.0,291.0,True,Racing Bulls,7886.354,2026-03-08T05:12:32.977000000,False,None,False,True,7874.138,25.1,52.4,1011.6,False,35.4,106,4.0,Australian Grand Prix
84.774,49,HARD,2,29.859,17.878,37.037,700000000.0,0.0,0.0,31,8.0,1,False,8055.991,LIN,41,None,None,8001.186,8019.064,8056.101,253.0,303.0,296.0,291.0,True,Racing Bulls,7971.217,2026-03-08T05:13:57.840000000,False,None,False,True,7994.158,25.1,52.9,1011.6,False,36.8,110,2.4,Australian Grand Prix
84.715,50,HARD,2,29.829,17.897,36.989,710000000.0,0.0,0.0,32,8.0,1,False,8140.706,LIN,41,None,None,8085.93,8103.827,8140.816,253.0,303.0,298.0,290.0,True,Racing Bulls,8055.991,2026-03-08T05:15:22.614000000,False,None,False,True,8054.173,25.2,53.0,1011.6,False,36.5,116,2.6,Australian Grand Prix
84.374,51,HARD,2,29.802,17.819,36.753,710000000.0,100.0,0.0,33,8.0,1,False,8225.08,LIN,41,None,None,8170.618,8188.437,8225.19,253.0,304.0,299.0,293.0,True,Racing Bulls,8140.706,2026-03-08T05:16:47.329000000,False,None,False,True,8174.192,25.3,52.0,1011.6,False,35.9,125,2.3,Australian Grand Prix
85.21,52,HARD,2,29.876,17.834,37.5,700000000.0,0.0,0.0,34,8.0,1,False,8310.29,LIN,41,None,None,8255.066,8272.9,8310.4,253.0,305.0,297.0,296.0,True,Racing Bulls,8225.08,2026-03-08T05:18:11.703000000,False,None,False,True,8234.191,25.3,52.2,1011.5,False,35.6,106,3.1,Australian Grand Prix
86.148,53,HARD,2,29.84,18.429,37.879,700000000.0,1.0,0.0,35,8.0,1,False,8396.438,LIN,41,None,None,8340.24,8358.669,8396.548,253.0,236.0,298.0,292.0,True,Racing Bulls,8310.29,2026-03-08T05:19:36.913000000,False,None,False,True,8294.207,25.3,51.1,1011.5,False,35.3,121,3.0,Australian Grand Prix
88.167,54,HARD,2,31.949,18.437,37.781,700000000.0,1100.0,100000000.0,36,8.0,1,False,8484.605,LIN,41,None,None,8428.497,8446.934,8484.715,219.0,315.0,306.0,272.0,True,Racing Bulls,8396.438,2026-03-08T05:21:03.061000000,False,None,False,True,8414.244,25.3,51.9,1011.5,False,34.8,115,3.0,Australian Grand Prix
84.614,55,HARD,2,30.016,17.645,36.953,700000000.0,1000.0,0.0,37,8.0,1,False,8569.219,LIN,41,None,None,8514.731,8532.376,8569.329,251.0,312.0,305.0,290.0,True,Racing Bulls,8484.605,2026-03-08T05:22:31.228000000,False,None,False,True,8474.264,25.3,51.7,1011.5,False,34.7,130,4.2,Australian Grand Prix
84.688,56,HARD,2,29.961,17.776,36.951,700000000.0,1000.0,0.0,38,8.0,1,False,8653.907,LIN,41,None,None,8599.29,8617.066,8654.017,254.0,306.0,300.0,299.0,True,Racing Bulls,8569.219,2026-03-08T05:23:55.842000000,False,None,False,True,8534.293,25.2,51.6,1011.6,False,34.6,126,3.2,Australian Grand Prix
84.689,57,HARD,2,29.872,17.727,37.09,700000000.0,0.0,0.0,39,8.0,1,False,8738.596,LIN,41,None,None,8683.889,8701.616,8738.706,254.0,305.0,301.0,296.0,True,Racing Bulls,8653.907,2026-03-08T05:25:20.530000000,False,None,False,True,8654.277,25.2,52.0,1011.5,False,34.4,105,2.9,Australian Grand Prix
96.458,1,MEDIUM,1,,18.163,38.796,10.0,0.0,7.0,1,6.0,1,False,3836.437,NOR,1,None,None,None,3797.998,3836.692,229.0,291.0,304.0,217.0,True,McLaren,3739.743,2026-03-08T04:03:26.366000000,False,None,False,False,3793.796,24.2,54.0,1012.8,False,36.6,104,4.4,Australian Grand Prix
87.344,2,MEDIUM,1,31.074,18.116,38.154,711011011.0,10000.0,1001111100.0,2,6.0,1,True,3923.781,NOR,1,None,None,3867.511,3885.627,3923.781,243.0,287.0,303.0,260.0,True,McLaren,3836.437,2026-03-08T04:05:03.060000000,False,None,False,True,3853.794,24.2,54.4,1012.8,False,36.0,135,2.3,Australian Grand Prix
86.863,3,MEDIUM,1,30.541,18.252,38.07,11011111.0,10000.0,1001111000.0,3,7.0,1,True,4010.644,NOR,1,None,None,3954.322,3972.574,4010.644,245.0,311.0,286.0,273.0,True,McLaren,3923.781,2026-03-08T04:06:30.404000000,False,None,False,True,3973.816,24.1,54.1,1012.9,False,36.1,112,1.6,Australian Grand Prix
85.857,4,MEDIUM,1,30.19,18.193,37.474,711011001.0,0.0,1110000.0,4,7.0,1,True,4096.501,NOR,1,None,None,4040.834,4059.027,4096.501,249.0,304.0,283.0,276.0,True,McLaren,4010.644,2026-03-08T04:07:57.267000000,False,None,False,True,4033.811,24.1,54.1,1012.9,False,36.1,112,1.6,Australian Grand Prix
85.573,5,MEDIUM,1,29.93,17.868,37.775,710111000.0,11000.0,1000001000.0,5,7.0,1,True,4182.074,NOR,1,None,None,4126.431,4144.299,4182.074,260.0,297.0,280.0,276.0,True,McLaren,4096.501,2026-03-08T04:09:23.124000000,False,None,False,True,4153.828,24.2,54.2,1012.8,False,35.1,127,2.2,Australian Grand Prix
85.036,6,MEDIUM,1,30.025,17.829,37.182,700000000.0,101.0,1100011000.0,6,7.0,1,True,4267.11,NOR,1,None,None,4212.099,4229.928,4267.11,256.0,313.0,293.0,273.0,True,McLaren,4182.074,2026-03-08T04:10:48.697000000,False,None,False,True,4213.83,24.2,54.3,1012.6,False,35.3,114,2.7,Australian Grand Prix
84.978,7,MEDIUM,1,30.067,17.764,37.147,700110000.0,0.0,1000010000.0,7,7.0,1,True,4352.088,NOR,1,None,None,4297.177,4314.941,4352.088,253.0,316.0,297.0,285.0,True,McLaren,4267.11,2026-03-08T04:12:13.733000000,False,None,False,True,4273.82,24.2,54.7,1012.6,False,35.1,99,3.4,Australian Grand Prix
85.299,8,MEDIUM,1,30.191,17.97,37.138,700010001.0,111.0,10000.0,8,7.0,1,False,4437.387,NOR,1,None,None,4382.279,4400.249,4437.387,253.0,311.0,298.0,280.0,True,McLaren,4352.088,2026-03-08T04:13:38.711000000,False,None,False,True,4393.821,24.5,54.3,1012.6,False,36.6,104,2.4,Australian Grand Prix
85.639,9,MEDIUM,1,30.135,17.77,37.734,710000000.0,0.0,1000000000.0,9,7.0,1,False,4523.026,NOR,1,None,None,4467.522,4485.292,4523.026,262.0,315.0,284.0,276.0,True,McLaren,4437.387,2026-03-08T04:15:04.010000000,False,None,False,True,4453.832,24.4,53.7,1012.6,False,38.1,121,3.1,Australian Grand Prix
85.295,10,MEDIUM,1,30.117,17.924,37.254,700100000.0,0.0,555.0,10,7.0,1,False,4608.321,NOR,1,None,None,4553.143,4571.067,4608.321,261.0,311.0,295.0,277.0,True,McLaren,4523.026,2026-03-08T04:16:29.649000000,False,None,False,True,4573.833,24.5,53.3,1012.6,False,36.7,119,1.6,Australian Grand Prix
103.391,11,MEDIUM,1,30.117,17.987,55.287,500000000.0,0.0,0.0,11,9.0,16,False,4711.712,NOR,1,None,4695.593,None,4656.425,4711.712,251.0,309.0,None,289.0,True,McLaren,4608.321,2026-03-08T04:17:54.944000000,False,None,False,False,4633.861,24.4,53.1,1012.4,False,36.6,128,2.7,Australian Grand Prix
118.075,12,HARD,2,44.892,27.737,45.446,0.0,0.0,0.0,1,9.0,6,False,4829.787,NOR,1,4714.141,None,4756.604,4784.341,4829.787,238.0,127.0,201.0,230.0,True,McLaren,4711.712,2026-03-08T04:19:38.335000000,False,None,False,False,4753.868,24.5,53.5,1012.4,False,36.5,128,2.0,Australian Grand Prix
111.932,13,HARD,2,41.529,27.589,42.814,700011000.0,1000.0,1011111000.0,2,9.0,671,False,4941.719,NOR,1,None,None,4871.316,4898.905,4941.719,230.0,146.0,289.0,203.0,True,McLaren,4829.787,2026-03-08T04:21:36.410000000,False,None,False,False,4873.87,24.6,52.3,1012.4,False,36.8,113,2.0,Australian Grand Prix
84.233,14,HARD,2,29.882,17.87,36.481,701011011.0,10000.0,1003011000.0,3,9.0,1,True,5025.952,NOR,1,None,None,4971.601,4989.471,5025.952,251.0,306.0,287.0,279.0,True,McLaren,4941.719,2026-03-08T04:23:28.342000000,False,None,False,True,4993.903,24.3,53.3,1012.4,False,36.6,114,2.5,Australian Grand Prix
83.784,15,HARD,2,29.402,17.899,36.483,711000000.0,1000.0,1000110000.0,4,9.0,1,True,5109.736,NOR,1,None,None,5055.354,5073.253,5109.736,269.0,301.0,288.0,278.0,True,McLaren,5025.952,2026-03-08T04:24:52.575000000,False,None,False,True,5053.917,24.3,53.7,1012.3,False,37.3,125,2.0,Australian Grand Prix
83.912,16,HARD,2,29.524,17.919,36.469,700000000.0,0.0,1000000000.0,5,9.0,1,False,5193.648,NOR,1,None,None,5139.26,5157.179,5193.648,255.0,301.0,290.0,286.0,True,McLaren,5109.736,2026-03-08T04:26:16.359000000,False,None,False,True,5113.908,24.3,53.9,1012.3,False,38.4,140,3.5,Australian Grand Prix
84.053,17,HARD,2,29.442,18.015,36.596,710000000.0,0.0,0.0,6,9.0,1,False,5277.701,NOR,1,None,None,5223.09,5241.105,5277.701,262.0,303.0,291.0,287.0,True,McLaren,5193.648,2026-03-08T04:27:40.271000000,False,None,False,True,5233.92,24.6,53.1,1012.3,False,37.7,111,3.0,Australian Grand Prix
95.404,18,HARD,2,29.758,17.788,47.858,700000000.0,0.0,0.0,7,5.0,126,False,5373.105,NOR,1,None,None,5307.459,5325.247,5373.105,259.0,312.0,223.0,291.0,True,McLaren,5277.701,2026-03-08T04:29:04.324000000,False,None,False,False,5293.918,24.6,52.5,1012.3,False,36.7,138,4.1,Australian Grand Prix
116.07,19,HARD,2,42.456,22.738,50.876,700000000.0,0.0,1110000.0,8,5.0,67,False,5489.175,NOR,1,None,None,5415.561,5438.299,5489.175,184.0,238.0,278.0,184.0,True,McLaren,5373.105,2026-03-08T04:30:39.728000000,False,None,False,False,5413.936,24.7,53.0,1012.3,False,35.9,142,2.9,Australian Grand Prix
85.774,20,HARD,2,30.612,18.63,36.532,701010000.0,1000.0,1001100100.0,9,5.0,71,False,5574.949,NOR,1,None,None,5519.787,5538.417,5574.949,259.0,290.0,282.0,219.0,True,McLaren,5489.175,2026-03-08T04:32:35.798000000,False,None,False,False,5533.969,24.6,53.4,1012.2,False,35.8,126,2.8,Australian Grand Prix
83.972,21,HARD,2,29.499,18.129,36.344,700001010.0,1000.0,1001100000.0,10,5.0,1,False,5658.921,NOR,1,None,None,5604.448,5622.577,5658.921,243.0,296.0,285.0,283.0,True,McLaren,5574.949,2026-03-08T04:34:01.572000000,False,None,False,True,5593.968,24.6,53.3,1012.1,False,35.7,119,3.8,Australian Grand Prix
83.687,22,HARD,2,29.317,17.999,36.371,700010011.0,0.0,1000100000.0,11,5.0,1,True,5742.608,NOR,1,None,None,5688.238,5706.237,5742.608,257.0,297.0,285.0,288.0,True,McLaren,5658.921,2026-03-08T04:35:25.544000000,False,None,False,True,5713.957,24.6,52.8,1012.1,False,36.4,111,2.9,Australian Grand Prix
83.534,23,HARD,2,29.254,17.992,36.288,700000110.0,11000.0,1001110100.0,12,5.0,1,True,5826.142,NOR,1,None,None,5771.862,5789.854,5826.142,264.0,298.0,285.0,285.0,True,McLaren,5742.608,2026-03-08T04:36:49.231000000,False,None,False,True,5773.973,24.5,52.9,1012.2,False,36.6,95,1.4,Australian Grand Prix
83.394,24,HARD,2,29.302,17.929,36.163,710000000.0,0.0,1000010000.0,13,5.0,1,True,5909.536,NOR,1,None,None,5855.444,5873.373,5909.536,260.0,297.0,284.0,287.0,True,McLaren,5826.142,2026-03-08T04:38:12.765000000,False,None,False,True,5833.959,24.6,53.4,1012.1,False,37.0,114,2.1,Australian Grand Prix
83.5,25,HARD,2,29.373,17.925,36.202,700000000.0,0.0,0.0,14,5.0,1,False,5993.036,NOR,1,None,None,5938.909,5956.834,5993.036,262.0,299.0,295.0,286.0,True,McLaren,5909.536,2026-03-08T04:39:36.159000000,False,None,False,True,5953.975,24.8,52.6,1012.1,False,37.6,147,3.1,Australian Grand Prix
83.403,26,HARD,2,29.35,17.894,36.159,710000000.0,0.0,0.0,15,5.0,1,False,6076.439,NOR,1,None,None,6022.386,6040.28,6076.439,259.0,306.0,294.0,293.0,True,McLaren,5993.036,2026-03-08T04:40:59.659000000,False,None,False,True,6013.976,24.8,52.7,1012.0,False,37.4,106,3.3,Australian Grand Prix
83.896,27,HARD,2,29.426,18.011,36.459,700000000.0,0.0,10000000.0,16,5.0,1,False,6160.335,NOR,1,None,None,6105.865,6123.876,6160.335,266.0,298.0,289.0,294.0,True,McLaren,6076.439,2026-03-08T04:42:23.062000000,False,None,False,True,6134.01,24.8,52.0,1012.0,False,36.5,98,2.5,Australian Grand Prix
84.04,28,HARD,2,29.538,17.988,36.514,700000000.0,0.0,0.0,17,5.0,1,False,6244.375,NOR,1,None,None,6189.873,6207.861,6244.375,257.0,301.0,293.0,288.0,True,McLaren,6160.335,2026-03-08T04:43:46.958000000,False,None,False,True,6194.01,24.8,52.8,1012.0,False,36.3,98,4.0,Australian Grand Prix
84.08,29,HARD,2,29.692,17.992,36.396,700000101.0,0.0,0.0,18,5.0,1,False,6328.455,NOR,1,None,None,6274.067,6292.059,6328.455,254.0,302.0,288.0,288.0,True,McLaren,6244.375,2026-03-08T04:45:10.998000000,False,None,False,True,6254.01,24.8,52.8,1012.1,False,36.1,120,3.0,Australian Grand Prix
83.961,30,HARD,2,29.515,17.966,36.48,700000000.0,0.0,1000000000.0,19,5.0,1,False,6412.416,NOR,1,None,None,6357.97,6375.936,6412.416,264.0,301.0,289.0,288.0,True,McLaren,6328.455,2026-03-08T04:46:35.078000000,False,None,False,True,6374.017,25.3,53.7,1012.0,False,36.1,123,2.5,Australian Grand Prix
84.094,31,HARD,2,29.604,17.958,36.532,700000000.0,0.0,0.0,20,5.0,1,False,6496.51,NOR,1,None,None,6442.02,6459.978,6496.51,262.0,300.0,293.0,286.0,True,McLaren,6412.416,2026-03-08T04:47:59.039000000,False,None,False,True,6434.013,25.2,53.5,1011.9,False,37.3,184,1.0,Australian Grand Prix
84.075,32,HARD,2,29.481,17.98,36.614,700000000.0,0.0,0.0,21,5.0,1,False,6580.585,NOR,1,None,None,6525.991,6543.971,6580.585,259.0,300.0,289.0,291.0,True,McLaren,6496.51,2026-03-08T04:49:23.133000000,False,None,False,True,6554.015,25.2,53.1,1012.0,False,37.0,125,4.0,Australian Grand Prix
84.79,33,HARD,2,30.039,18.027,36.724,700000000.0,0.0,1555.0,22,5.0,1,False,6665.375,NOR,1,None,None,6610.624,6628.651,6665.375,253.0,300.0,287.0,290.0,True,McLaren,6580.585,2026-03-08T04:50:47.208000000,False,None,False,True,6614.014,25.1,53.0,1012.0,False,37.2,147,3.0,Australian Grand Prix
112.732,34,HARD,2,39.736,22.345,50.651,500000000.0,100.0,0.0,23,6.0,167,False,6778.107,NOR,1,None,6762.584,6705.111,6727.456,6778.107,207.0,290.0,None,287.0,True,McLaren,6665.375,2026-03-08T04:52:11.998000000,False,None,False,False,6674.029,25.1,53.2,1011.8,False,37.7,107,2.5,Australian Grand Prix
89.434,35,MEDIUM,3,34.977,17.783,36.674,100000100.0,0.0,10.0,1,8.0,1,False,6867.541,NOR,1,6780.323,None,6813.084,6830.867,6867.541,267.0,305.0,298.0,240.0,True,McLaren,6778.107,2026-03-08T04:54:04.730000000,False,None,False,False,6794.063,25.2,52.4,1011.9,False,37.2,105,3.7,Australian Grand Prix
83.324,36,MEDIUM,3,29.282,17.819,36.223,700000000.0,100.0,1100000000.0,2,8.0,1,True,6950.865,NOR,1,None,None,6896.823,6914.642,6950.865,252.0,304.0,299.0,295.0,True,McLaren,6867.541,2026-03-08T04:55:34.164000000,False,None,False,True,6914.079,25.2,52.5,1011.8,False,37.8,119,3.8,Australian Grand Prix
83.448,37,MEDIUM,3,29.399,17.652,36.397,700310000.0,0.0,1.0,3,8.0,1,False,7034.313,NOR,1,None,None,6980.264,6997.916,7034.313,262.0,311.0,302.0,294.0,True,McLaren,6950.865,2026-03-08T04:56:57.488000000,False,None,False,True,6974.097,25.2,52.8,1011.8,False,37.0,120,3.8,Australian Grand Prix
83.423,38,MEDIUM,3,29.202,17.867,36.354,700000000.0,0.0,0.0,4,7.0,1,False,7117.736,NOR,1,None,None,7063.515,7081.382,7117.736,252.0,305.0,318.0,296.0,True,McLaren,7034.313,2026-03-08T04:58:20.936000000,False,None,False,True,7094.098,25.1,53.0,1011.8,False,35.9,115,3.0,Australian Grand Prix
84.001,39,MEDIUM,3,29.482,18.144,36.375,1000011.0,11000.0,0.0,5,6.0,1,False,7201.737,NOR,1,None,None,7147.218,7165.362,7201.737,258.0,295.0,286.0,292.0,True,McLaren,7117.736,2026-03-08T04:59:44.359000000,False,None,False,True,7154.099,25.0,52.1,1011.8,False,35.7,98,2.5,Australian Grand Prix
83.397,40,MEDIUM,3,29.188,17.861,36.348,700000000.0,0.0,0.0,6,6.0,1,False,7285.134,NOR,1,None,None,7230.925,7248.786,7285.134,264.0,297.0,288.0,283.0,True,McLaren,7201.737,2026-03-08T05:01:08.360000000,False,None,False,True,7214.101,25.0,52.7,1011.8,False,35.5,140,3.1,Australian Grand Prix
83.762,41,MEDIUM,3,29.481,18.0,36.281,700000000.0,0.0,100000000.0,7,6.0,1,False,7368.896,NOR,1,None,None,7314.615,7332.615,7368.896,253.0,298.0,292.0,284.0,True,McLaren,7285.134,2026-03-08T05:02:31.757000000,False,None,False,True,7334.114,25.0,52.8,1011.7,False,35.5,136,3.6,Australian Grand Prix
83.347,42,MEDIUM,3,29.334,17.955,36.058,700000000.0,0.0,0.0,8,5.0,1,False,7452.243,NOR,1,None,None,7398.23,7416.185,7452.243,256.0,298.0,288.0,286.0,True,McLaren,7368.896,2026-03-08T05:03:55.519000000,False,None,False,True,7394.119,25.0,52.8,1011.8,False,35.4,96,2.8,Australian Grand Prix
83.286,43,MEDIUM,3,29.377,17.865,36.044,700000010.0,1000.0,0.0,9,5.0,1,True,7535.529,NOR,1,None,None,7481.62,7499.485,7535.529,253.0,299.0,290.0,287.0,True,McLaren,7452.243,2026-03-08T05:05:18.866000000,False,None,False,True,7454.108,25.1,52.6,1011.6,False,35.5,99,1.3,Australian Grand Prix
83.192,44,MEDIUM,3,29.308,17.809,36.075,700000010.0,0.0,1100110000.0,10,5.0,1,True,7618.721,NOR,1,None,None,7564.837,7582.646,7618.721,256.0,299.0,295.0,285.0,True,McLaren,7535.529,2026-03-08T05:06:42.152000000,False,None,False,True,7574.136,25.2,52.7,1011.7,False,36.2,93,1.0,Australian Grand Prix
82.886,45,MEDIUM,3,29.236,17.8,35.85,700000010.0,100.0,100.0,11,5.0,1,True,7701.607,NOR,1,None,None,7647.957,7665.757,7701.607,253.0,300.0,293.0,296.0,True,McLaren,7618.721,2026-03-08T05:08:05.344000000,False,None,False,True,7634.151,25.1,52.5,1011.7,False,36.6,110,2.0,Australian Grand Prix
82.908,46,MEDIUM,3,29.05,17.644,36.214,700010000.0,0.0,10010.0,12,5.0,1,False,7784.515,NOR,1,None,None,7730.657,7748.301,7784.515,263.0,304.0,297.0,292.0,True,McLaren,7701.607,2026-03-08T05:09:28.230000000,False,None,False,True,7754.15,25.1,51.4,1011.6,False,35.7,118,3.9,Australian Grand Prix
82.778,47,MEDIUM,3,29.083,17.798,35.897,700000010.0,1000.0,1000000100.0,13,5.0,1,True,7867.293,NOR,1,None,None,7813.598,7831.396,7867.293,253.0,295.0,298.0,297.0,True,McLaren,7784.515,2026-03-08T05:10:51.138000000,False,None,False,True,7814.153,25.1,51.4,1011.6,False,35.6,140,2.9,Australian Grand Prix
82.953,48,MEDIUM,3,29.106,17.743,36.104,701000010.0,0.0,100.0,14,5.0,1,False,7950.246,NOR,1,None,None,7896.399,7914.142,7950.246,256.0,303.0,290.0,297.0,True,McLaren,7867.293,2026-03-08T05:12:13.916000000,False,None,False,True,7874.138,25.1,52.4,1011.6,False,35.4,106,4.0,Australian Grand Prix
82.804,49,MEDIUM,3,29.043,17.88,35.881,710000000.0,1000.0,1110000.0,15,5.0,1,False,8033.05,NOR,1,None,None,7979.289,7997.169,8033.05,259.0,295.0,291.0,285.0,True,McLaren,7950.246,2026-03-08T05:13:36.869000000,False,None,False,True,7994.158,25.1,52.9,1011.6,False,36.8,110,2.4,Australian Grand Prix
82.763,50,MEDIUM,3,29.057,17.845,35.861,700000000.0,0.0,100000000.0,16,5.0,1,True,8115.813,NOR,1,None,None,8062.107,8079.952,8115.813,258.0,295.0,290.0,289.0,True,McLaren,8033.05,2026-03-08T05:14:59.673000000,False,None,False,True,8054.173,25.2,53.0,1011.6,False,36.5,116,2.6,Australian Grand Prix
82.598,51,MEDIUM,3,29.032,17.854,35.712,710000000.0,0.0,0.0,17,5.0,1,True,8198.411,NOR,1,None,None,8144.845,8162.699,8198.411,257.0,292.0,298.0,285.0,True,McLaren,8115.813,2026-03-08T05:16:22.436000000,False,None,False,True,8174.192,25.3,52.0,1011.6,False,35.9,125,2.3,Australian Grand Prix
82.784,52,MEDIUM,3,29.077,17.781,35.926,700000010.0,1000.0,1100000000.0,18,5.0,1,False,8281.195,NOR,1,None,None,8227.488,8245.269,8281.195,265.0,292.0,297.0,290.0,True,McLaren,8198.411,2026-03-08T05:17:45.034000000,False,None,False,True,8234.191,25.3,52.2,1011.5,False,35.6,106,3.1,Australian Grand Prix
82.358,53,MEDIUM,3,28.979,17.78,35.599,700000000.0,0.0,100000.0,19,5.0,1,True,8363.553,NOR,1,None,None,8310.174,8327.954,8363.553,253.0,295.0,296.0,288.0,True,McLaren,8281.195,2026-03-08T05:19:07.818000000,False,None,False,True,8294.207,25.3,51.1,1011.5,False,35.3,121,3.0,Australian Grand Prix
82.796,54,MEDIUM,3,29.006,17.779,36.011,700000001.0,0.0,0.0,20,5.0,1,False,8446.349,NOR,1,None,None,8392.559,8410.338,8446.349,258.0,295.0,298.0,288.0,True,McLaren,8363.553,2026-03-08T05:20:30.176000000,False,None,False,True,8414.244,25.3,51.9,1011.5,False,34.8,115,3.0,Australian Grand Prix
82.867,55,MEDIUM,3,29.076,17.822,35.969,700000000.0,0.0,100000010.0,21,5.0,1,False,8529.216,NOR,1,None,None,8475.425,8493.247,8529.216,267.0,298.0,297.0,290.0,True,McLaren,8446.349,2026-03-08T05:21:52.972000000,False,None,False,True,8474.264,25.3,51.7,1011.5,False,34.7,130,4.2,Australian Grand Prix
82.843,56,MEDIUM,3,29.096,17.831,35.916,700000000.0,0.0,100.0,22,5.0,1,False,8612.059,NOR,1,None,None,8558.312,8576.143,8612.059,257.0,300.0,302.0,286.0,True,McLaren,8529.216,2026-03-08T05:23:15.839000000,False,None,False,True,8534.293,25.2,51.6,1011.6,False,34.6,126,3.2,Australian Grand Prix
83.416,57,MEDIUM,3,29.563,17.762,36.091,700000010.0,0.0,0.0,23,5.0,1,False,8695.475,NOR,1,None,None,8641.622,8659.384,8695.475,254.0,303.0,296.0,291.0,True,McLaren,8612.059,2026-03-08T05:24:38.682000000,False,None,False,True,8654.277,25.2,52.0,1011.5,False,34.4,105,2.9,Australian Grand Prix
83.046,58,MEDIUM,3,29.171,17.845,36.03,700000000.0,0.0,,24,5.0,1,False,8778.521,NOR,1,None,None,8724.646,8742.491,8778.521,265.0,296.0,290.0,292.0,True,McLaren,8695.475,2026-03-08T05:26:02.098000000,False,None,False,True,8714.29,25.1,51.7,1011.5,False,34.5,103,2.9,Australian Grand Prix
97.5,1,MEDIUM,1,,18.692,38.573,0.0,0.0,77.0,1,8.0,1,False,3837.479,OCO,31,None,None,None,3799.381,3837.778,227.0,309.0,280.0,211.0,True,Haas F1 Team,3739.743,2026-03-08T04:03:26.366000000,False,None,False,False,3793.796,24.2,54.0,1012.8,False,36.6,104,4.4,Australian Grand Prix
87.035,2,MEDIUM,1,31.014,17.977,38.044,701000011.0,10001.0,1101111000.0,2,8.0,1,True,3924.514,OCO,31,None,None,3868.547,3886.524,3924.568,260.0,296.0,302.0,266.0,True,Haas F1 Team,3837.479,2026-03-08T04:05:04.102000000,False,None,False,True,3853.794,24.2,54.4,1012.8,False,36.0,135,2.3,Australian Grand Prix
86.567,3,MEDIUM,1,30.865,17.978,37.724,11111111.0,11113.0,100000000.0,3,8.0,1,True,4011.081,OCO,31,None,None,3955.433,3973.411,4011.135,260.0,308.0,289.0,267.0,True,Haas F1 Team,3924.514,2026-03-08T04:06:31.137000000,False,None,False,True,3973.816,24.1,54.1,1012.9,False,36.1,112,1.6,Australian Grand Prix
86.186,4,MEDIUM,1,30.431,17.642,38.113,710000001.0,10000.0,1010110000.0,4,8.0,1,True,4097.267,OCO,31,None,None,4041.566,4059.208,4097.321,263.0,296.0,277.0,273.0,True,Haas F1 Team,4011.081,2026-03-08T04:07:57.704000000,False,None,False,True,4033.811,24.1,54.1,1012.9,False,36.1,112,1.6,Australian Grand Prix
86.808,5,MEDIUM,1,30.836,17.956,38.016,710011100.0,10000.0,1001111100.0,5,8.0,1,False,4184.075,OCO,31,None,None,4128.157,4146.113,4184.129,264.0,308.0,272.0,274.0,True,Haas F1 Team,4097.267,2026-03-08T04:09:23.890000000,False,None,False,True,4153.828,24.2,54.2,1012.8,False,35.1,127,2.2,Australian Grand Prix
85.569,6,MEDIUM,1,30.704,17.956,36.909,711001110.0,11000.0,1100100.0,6,8.0,1,True,4269.644,OCO,31,None,None,4214.833,4232.789,4269.698,261.0,296.0,294.0,277.0,True,Haas F1 Team,4184.075,2026-03-08T04:10:50.698000000,False,None,False,True,4213.83,24.2,54.3,1012.6,False,35.3,114,2.7,Australian Grand Prix
85.087,7,MEDIUM,1,30.269,17.909,36.909,710001010.0,0.0,100100.0,7,8.0,1,True,4354.731,OCO,31,None,None,4299.967,4317.876,4354.785,264.0,294.0,286.0,285.0,True,Haas F1 Team,4269.644,2026-03-08T04:12:16.267000000,False,None,False,True,4273.82,24.2,54.7,1012.6,False,35.1,99,3.4,Australian Grand Prix
85.029,8,MEDIUM,1,30.287,17.905,36.837,700000100.0,0.0,0.0,8,8.0,1,True,4439.76,OCO,31,None,None,4385.072,4402.977,4439.814,261.0,297.0,295.0,285.0,True,Haas F1 Team,4354.731,2026-03-08T04:13:41.354000000,False,None,False,True,4393.821,24.5,54.3,1012.6,False,36.6,104,2.4,Australian Grand Prix
85.552,9,MEDIUM,1,30.308,17.927,37.317,710000000.0,10000.0,0.0,9,8.0,1,False,4525.312,OCO,31,None,None,4470.122,4488.049,4525.366,258.0,298.0,295.0,279.0,True,Haas F1 Team,4439.76,2026-03-08T04:15:06.383000000,False,None,False,True,4453.832,24.4,53.7,1012.6,False,38.1,121,3.1,Australian Grand Prix
85.632,10,MEDIUM,1,30.464,17.902,37.266,710000000.0,0.0,555.0,10,8.0,1,False,4610.944,OCO,31,None,None,4555.83,4573.732,4610.998,263.0,297.0,296.0,288.0,True,Haas F1 Team,4525.312,2026-03-08T04:16:31.935000000,False,None,False,True,4573.833,24.5,53.3,1012.6,False,36.7,119,1.6,Australian Grand Prix
105.949,11,MEDIUM,1,30.36,18.101,57.488,500000000.0,0.0,0.0,11,11.0,16,False,4716.893,OCO,31,None,4700.493,4641.358,4659.459,4716.947,262.0,294.0,None,290.0,True,Haas F1 Team,4610.944,2026-03-08T04:17:57.567000000,False,None,False,False,4633.861,24.4,53.1,1012.4,False,36.6,128,2.7,Australian Grand Prix
116.405,12,HARD,2,42.111,28.731,45.563,0.0,0.0,0.0,1,10.0,6,False,4833.298,OCO,31,4719.302,None,4759.058,4787.789,4833.352,201.0,139.0,199.0,215.0,True,Haas F1 Team,4716.893,2026-03-08T04:19:43.516000000,False,None,False,False,4753.868,24.5,53.5,1012.4,False,36.5,128,2.0,Australian Grand Prix
112.218,13,HARD,2,41.465,28.714,42.039,700001000.0,0.0,1010000.0,2,10.0,671,False,4945.516,OCO,31,None,None,4874.817,4903.531,4945.57,166.0,132.0,294.0,203.0,True,Haas F1 Team,4833.298,2026-03-08T04:21:39.921000000,False,None,False,False,4873.87,24.6,52.3,1012.4,False,36.8,113,2.0,Australian Grand Prix
85.303,14,HARD,2,30.4,17.985,36.918,701000000.0,0.0,0.0,3,10.0,1,False,5030.819,OCO,31,None,None,4975.97,4993.955,5030.873,263.0,293.0,297.0,282.0,True,Haas F1 Team,4945.516,2026-03-08T04:23:32.139000000,False,None,False,True,4993.903,24.3,53.3,1012.4,False,36.6,114,2.5,Australian Grand Prix
85.36,15,HARD,2,30.329,17.972,37.059,700000000.0,0.0,0.0,4,10.0,1,False,5116.179,OCO,31,None,None,5061.202,5079.174,5116.233,263.0,292.0,296.0,282.0,True,Haas F1 Team,5030.819,2026-03-08T04:24:57.442000000,False,None,False,True,5053.917,24.3,53.7,1012.3,False,37.3,125,2.0,Australian Grand Prix
85.43,16,HARD,2,30.332,17.995,37.103,710001010.0,1000.0,10000000.0,5,10.0,1,False,5201.609,OCO,31,None,None,5146.565,5164.56,5201.663,261.0,291.0,295.0,282.0,True,Haas F1 Team,5116.179,2026-03-08T04:26:22.802000000,False,None,False,True,5113.908,24.3,53.9,1012.3,False,38.4,140,3.5,Australian Grand Prix
85.716,17,HARD,2,30.159,17.982,37.575,700000000.0,0.0,0.0,6,10.0,1,False,5287.325,OCO,31,None,None,5231.822,5249.804,5287.379,258.0,291.0,273.0,290.0,True,Haas F1 Team,5201.609,2026-03-08T04:27:48.232000000,False,None,False,True,5233.92,24.6,53.1,1012.3,False,37.7,111,3.0,Australian Grand Prix
101.381,18,HARD,2,30.733,25.042,45.606,700000000.0,0.0,1.0,7,10.0,126,False,5388.706,OCO,31,None,None,5318.112,5343.154,5388.76,259.0,193.0,224.0,294.0,True,Haas F1 Team,5287.325,2026-03-08T04:29:13.948000000,False,None,False,False,5293.918,24.6,52.5,1012.3,False,36.7,138,4.1,Australian Grand Prix
112.711,19,HARD,2,40.623,25.848,46.24,700000000.0,0.0,0.0,8,9.0,671,False,5501.417,OCO,31,None,None,5429.383,5455.231,5501.471,199.0,207.0,303.0,214.0,True,Haas F1 Team,5388.706,2026-03-08T04:30:55.329000000,False,None,False,False,5413.936,24.7,53.0,1012.3,False,35.9,142,2.9,Australian Grand Prix
86.713,20,HARD,2,31.066,17.873,37.774,701000000.0,0.0,0.0,9,10.0,1,False,5588.13,OCO,31,None,None,5532.537,5550.41,5588.184,256.0,308.0,281.0,268.0,True,Haas F1 Team,5501.417,2026-03-08T04:32:48.040000000,False,None,False,True,5533.969,24.6,53.4,1012.2,False,35.8,126,2.8,Australian Grand Prix
86.571,21,HARD,2,31.496,17.886,37.189,100000111.0,100.0,0.0,10,11.0,1,False,5674.701,OCO,31,None,None,5619.68,5637.566,5674.755,262.0,308.0,300.0,288.0,True,Haas F1 Team,5588.13,2026-03-08T04:34:14.753000000,False,None,False,True,5593.968,24.6,53.3,1012.1,False,35.7,119,3.8,Australian Grand Prix
84.821,22,HARD,2,29.967,17.651,37.203,10011.0,10000.0,1000000000.0,11,11.0,1,True,5759.522,OCO,31,None,None,5704.722,5722.373,5759.576,265.0,307.0,298.0,289.0,True,Haas F1 Team,5674.701,2026-03-08T04:35:41.324000000,False,None,False,True,5713.957,24.6,52.8,1012.1,False,36.4,111,2.9,Australian Grand Prix
84.65,23,HARD,2,29.889,17.634,37.127,700000000.0,0.0,110000011.0,12,11.0,1,True,5844.172,OCO,31,None,None,5789.465,5807.099,5844.226,267.0,305.0,298.0,286.0,True,Haas F1 Team,5759.522,2026-03-08T04:37:06.145000000,False,None,False,True,5773.973,24.5,52.9,1012.2,False,36.6,95,1.4,Australian Grand Prix
85.255,24,HARD,2,30.114,18.787,36.354,110000000.0,1000.0,1000000000.0,13,11.0,1,False,5929.427,OCO,31,None,None,5874.34,5893.127,5929.481,265.0,285.0,308.0,291.0,True,Haas F1 Team,5844.172,2026-03-08T04:38:30.795000000,False,None,False,True,5833.959,24.6,53.4,1012.1,False,37.0,114,2.1,Australian Grand Prix
84.424,25,HARD,2,29.924,17.752,36.748,0.0,0.0,0.0,14,11.0,1,True,6013.851,OCO,31,None,None,5959.405,5977.157,6013.905,264.0,301.0,301.0,304.0,True,Haas F1 Team,5929.427,2026-03-08T04:39:56.050000000,False,None,False,True,5953.975,24.8,52.6,1012.1,False,37.6,147,3.1,Australian Grand Prix
84.696,26,HARD,2,30.001,17.783,36.912,700001100.0,0.0,0.0,15,11.0,1,False,6098.547,OCO,31,None,None,6043.906,6061.689,6098.601,265.0,303.0,299.0,293.0,True,Haas F1 Team,6013.851,2026-03-08T04:41:20.474000000,False,None,False,True,6013.976,24.8,52.7,1012.0,False,37.4,106,3.3,Australian Grand Prix
84.801,27,HARD,2,29.828,17.799,37.174,700000100.0,0.0,0.0,16,11.0,1,False,6183.348,OCO,31,None,None,6128.429,6146.228,6183.402,265.0,300.0,299.0,296.0,True,Haas F1 Team,6098.547,2026-03-08T04:42:45.170000000,False,None,False,True,6134.01,24.8,52.0,1012.0,False,36.5,98,2.5,Australian Grand Prix
84.737,28,HARD,2,29.828,17.835,37.074,700000100.0,0.0,0.0,17,11.0,1,False,6268.085,OCO,31,None,None,None,6231.065,6268.139,267.0,297.0,293.0,297.0,True,Haas F1 Team,6183.348,2026-03-08T04:44:09.971000000,False,None,False,True,6194.01,24.8,52.8,1012.0,False,36.3,98,4.0,Australian Grand Prix
84.769,29,HARD,2,29.932,17.765,37.072,700010000.0,1000.0,0.0,18,11.0,1,False,6352.854,OCO,31,None,None,6298.071,6315.836,6352.908,266.0,301.0,298.0,289.0,True,Haas F1 Team,6268.085,2026-03-08T04:45:34.708000000,False,None,False,True,6254.01,24.8,52.8,1012.1,False,36.1,120,3.0,Australian Grand Prix
84.966,30,HARD,2,30.182,17.741,37.043,700010000.0,110.0,0.0,19,11.0,1,False,6437.82,OCO,31,None,None,6383.09,6400.831,6437.874,263.0,304.0,300.0,285.0,True,Haas F1 Team,6352.854,2026-03-08T04:46:59.477000000,False,None,False,True,6374.017,25.3,53.7,1012.0,False,36.1,123,2.5,Australian Grand Prix
85.307,31,HARD,2,30.066,17.593,37.648,700000000.0,0.0,0.0,20,11.0,1,False,6523.127,OCO,31,None,None,6467.94,6485.533,6523.181,264.0,305.0,278.0,287.0,True,Haas F1 Team,6437.82,2026-03-08T04:48:24.443000000,False,None,False,True,6434.013,25.2,53.5,1011.9,False,37.3,184,1.0,Australian Grand Prix
85.045,32,HARD,2,30.295,17.641,37.109,700010000.0,0.0,0.0,21,11.0,1,False,6608.172,OCO,31,None,None,6553.476,6571.117,6608.226,262.0,308.0,301.0,266.0,True,Haas F1 Team,6523.127,2026-03-08T04:49:49.750000000,False,None,False,True,6554.015,25.2,53.1,1012.0,False,37.0,125,4.0,Australian Grand Prix
93.284,33,HARD,2,30.238,17.83,45.216,700000000.0,0.0,0.0,22,10.0,16,False,6701.456,OCO,31,None,None,6638.464,6656.294,6701.51,269.0,296.0,228.0,291.0,True,Haas F1 Team,6608.172,2026-03-08T04:51:14.795000000,False,None,False,False,6614.014,25.1,53.0,1012.0,False,37.2,147,3.0,Australian Grand Prix
90.235,34,HARD,2,35.21,17.78,37.245,700000000.0,100.0,0.0,23,10.0,671,False,6791.691,OCO,31,None,None,6736.72,6754.5,6791.745,266.0,299.0,300.0,228.0,True,Haas F1 Team,6701.456,2026-03-08T04:52:48.079000000,False,None,False,False,6674.029,25.1,53.2,1011.8,False,37.7,107,2.5,Australian Grand Prix
85.199,35,HARD,2,30.107,17.711,37.381,700000100.0,100.0,0.0,24,10.0,1,False,6876.89,OCO,31,None,None,6821.852,6839.563,6876.944,267.0,294.0,299.0,286.0,True,Haas F1 Team,6791.691,2026-03-08T04:54:18.314000000,False,None,False,True,6794.063,25.2,52.4,1011.9,False,37.2,105,3.7,Australian Grand Prix
85.018,36,HARD,2,30.015,17.675,37.328,700000000.0,111.0,110000000.0,25,10.0,1,False,6961.908,OCO,31,None,None,6906.959,6924.634,6961.962,266.0,304.0,301.0,293.0,True,Haas F1 Team,6876.89,2026-03-08T04:55:43.513000000,False,None,False,True,6914.079,25.2,52.5,1011.8,False,37.8,119,3.8,Australian Grand Prix
85.462,37,HARD,2,30.176,17.482,37.804,700000100.0,0.0,0.0,26,9.0,1,False,7047.37,OCO,31,None,None,6992.138,7009.62,7047.424,265.0,315.0,276.0,290.0,True,Haas F1 Team,6961.908,2026-03-08T04:57:08.531000000,False,None,False,True,6974.097,25.2,52.8,1011.8,False,37.0,120,3.8,Australian Grand Prix
86.972,38,HARD,2,30.327,18.318,38.327,700000000.0,0.0,1.0,27,10.0,1,False,7134.342,OCO,31,None,None,7077.751,7096.069,7134.396,235.0,292.0,304.0,296.0,True,Haas F1 Team,7047.37,2026-03-08T04:58:33.993000000,False,None,False,True,7094.098,25.1,53.0,1011.8,False,35.9,115,3.0,Australian Grand Prix
85.913,39,HARD,2,30.944,18.047,36.922,100000000.0,0.0,0.0,28,11.0,1,False,7220.255,OCO,31,None,None,7165.34,7183.387,7220.309,258.0,296.0,313.0,265.0,True,Haas F1 Team,7134.342,2026-03-08T05:00:00.965000000,False,None,False,True,7154.099,25.0,52.1,1011.8,False,35.7,98,2.5,Australian Grand Prix
85.433,40,HARD,2,30.255,17.793,37.385,0.0,0.0,1.0,29,11.0,1,False,7305.688,OCO,31,None,None,7250.564,7268.357,7305.742,251.0,307.0,303.0,293.0,True,Haas F1 Team,7220.255,2026-03-08T05:01:26.878000000,False,None,False,True,7214.101,25.0,52.7,1011.8,False,35.5,140,3.1,Australian Grand Prix
85.164,41,HARD,2,30.281,17.633,37.25,300000000.0,0.0,0.0,30,11.0,1,False,7390.852,OCO,31,None,None,7336.023,7353.656,7390.906,263.0,308.0,322.0,294.0,True,Haas F1 Team,7305.688,2026-03-08T05:02:52.311000000,False,None,False,True,7334.114,25.0,52.8,1011.7,False,35.5,136,3.6,Australian Grand Prix
85.249,42,HARD,2,30.317,17.775,37.157,10.0,0.0,100000000.0,31,11.0,1,False,7476.101,OCO,31,None,None,7421.223,7438.998,7476.155,251.0,305.0,297.0,288.0,True,Haas F1 Team,7390.852,2026-03-08T05:04:17.475000000,False,None,False,True,7394.119,25.0,52.8,1011.8,False,35.4,96,2.8,Australian Grand Prix
85.106,43,HARD,2,30.046,17.62,37.44,700000010.0,0.0,0.0,32,11.0,1,False,7561.207,OCO,31,None,None,7506.201,7523.821,7561.261,267.0,312.0,278.0,290.0,True,Haas F1 Team,7476.101,2026-03-08T05:05:42.724000000,False,None,False,True,7454.108,25.1,52.6,1011.6,False,35.5,99,1.3,Australian Grand Prix
86.597,44,HARD,2,30.143,17.654,38.8,700000000.0,0.0,0.0,33,11.0,1,False,7647.804,OCO,31,None,None,7591.404,7609.058,7647.858,267.0,308.0,302.0,273.0,True,Haas F1 Team,7561.207,2026-03-08T05:07:07.830000000,False,None,False,True,7574.136,25.2,52.7,1011.7,False,36.2,93,1.0,Australian Grand Prix
85.228,45,HARD,2,30.093,17.752,37.383,700000100.0,133.0,0.0,34,11.0,1,False,7733.032,OCO,31,None,None,7677.951,7695.703,7733.086,264.0,303.0,302.0,286.0,True,Haas F1 Team,7647.804,2026-03-08T05:08:34.427000000,False,None,False,True,7634.151,25.1,52.5,1011.7,False,36.6,110,2.0,Australian Grand Prix
86.221,46,HARD,2,30.232,17.388,38.601,700000000.0,0.0,0.0,35,11.0,1,False,7819.253,OCO,31,None,None,7763.318,7780.706,7819.307,267.0,325.0,241.0,284.0,True,Haas F1 Team,7733.032,2026-03-08T05:09:59.655000000,False,None,False,True,7754.15,25.1,51.4,1011.6,False,35.7,118,3.9,Australian Grand Prix
86.334,47,HARD,2,31.078,17.881,37.375,700000100.0,0.0,0.0,36,11.0,1,False,7905.587,OCO,31,None,None,7850.385,7868.266,7905.641,264.0,296.0,300.0,280.0,True,Haas F1 Team,7819.253,2026-03-08T05:11:25.876000000,False,None,False,True,7814.153,25.1,51.4,1011.6,False,35.6,140,2.9,Australian Grand Prix
85.019,48,HARD,2,29.989,17.756,37.274,700000101.0,0.0,0.0,37,11.0,1,False,7990.606,OCO,31,None,None,7935.63,7953.386,7990.66,268.0,301.0,302.0,294.0,True,Haas F1 Team,7905.587,2026-03-08T05:12:52.210000000,False,None,False,True,7874.138,25.1,52.4,1011.6,False,35.4,106,4.0,Australian Grand Prix
85.115,49,HARD,2,29.863,17.963,37.289,700000001.0,0.0,0.0,38,11.0,1,False,8075.721,OCO,31,None,None,8020.523,8038.486,8075.775,276.0,297.0,294.0,295.0,True,Haas F1 Team,7990.606,2026-03-08T05:14:17.229000000,False,None,False,True,7994.158,25.1,52.9,1011.6,False,36.8,110,2.4,Australian Grand Prix
86.815,50,HARD,2,30.11,19.111,37.594,700000000.0,0.0,0.0,39,11.0,1,False,8162.536,OCO,31,None,None,8105.885,8124.996,8162.59,277.0,213.0,296.0,287.0,True,Haas F1 Team,8075.721,2026-03-08T05:15:42.344000000,False,None,False,True,8054.173,25.2,53.0,1011.6,False,36.5,116,2.6,Australian Grand Prix
86.297,51,HARD,2,31.435,17.814,37.048,700000110.0,1000.0,0.0,40,11.0,1,False,8248.833,OCO,31,None,None,8194.025,8211.839,8248.887,266.0,299.0,302.0,293.0,True,Haas F1 Team,8162.536,2026-03-08T05:17:09.159000000,False,None,False,True,8174.192,25.3,52.0,1011.6,False,35.9,125,2.3,Australian Grand Prix
84.584,52,HARD,2,29.943,17.711,36.93,700000000.0,100.0,0.0,41,11.0,1,False,8333.417,OCO,31,None,None,8278.83,8296.541,8333.471,271.0,301.0,304.0,295.0,True,Haas F1 Team,8248.833,2026-03-08T05:18:35.456000000,False,None,False,True,8234.191,25.3,52.2,1011.5,False,35.6,106,3.1,Australian Grand Prix
84.622,53,HARD,2,29.831,17.621,37.17,700010000.0,100.0,310000000.0,42,11.0,1,False,8418.039,OCO,31,None,None,8363.302,8380.923,8418.093,269.0,311.0,302.0,298.0,True,Haas F1 Team,8333.417,2026-03-08T05:20:00.040000000,False,None,False,True,8294.207,25.3,51.1,1011.5,False,35.3,121,3.0,Australian Grand Prix
84.908,54,HARD,2,29.963,17.561,37.384,700000000.0,1000.0,1000.0,43,11.0,1,False,8502.947,OCO,31,None,None,8448.056,8465.617,8503.001,266.0,307.0,279.0,298.0,True,Haas F1 Team,8418.039,2026-03-08T05:21:24.662000000,False,None,False,True,8414.244,25.3,51.9,1011.5,False,34.8,115,3.0,Australian Grand Prix
84.577,55,HARD,2,30.097,17.655,36.825,700000010.0,0.0,0.0,44,11.0,1,False,8587.524,OCO,31,None,None,8533.098,8550.753,8587.578,265.0,302.0,304.0,271.0,True,Haas F1 Team,8502.947,2026-03-08T05:22:49.570000000,False,None,False,True,8474.264,25.3,51.7,1011.5,False,34.7,130,4.2,Australian Grand Prix
84.533,56,HARD,2,29.888,17.767,36.878,700000000.0,0.0,0.0,45,11.0,1,False,8672.057,OCO,31,None,None,8617.466,8635.233,8672.111,271.0,297.0,300.0,301.0,True,Haas F1 Team,8587.524,2026-03-08T05:24:14.147000000,False,None,False,True,8534.293,25.2,51.6,1011.6,False,34.6,126,3.2,Australian Grand Prix
84.573,57,HARD,2,29.92,17.754,36.899,700000000.0,0.0,0.0,46,11.0,1,False,8756.63,OCO,31,None,None,8702.031,8719.785,8756.684,270.0,298.0,302.0,295.0,True,Haas F1 Team,8672.057,2026-03-08T05:25:38.680000000,False,None,False,True,8654.277,25.2,52.0,1011.5,False,34.4,105,2.9,Australian Grand Prix
102.557,1,MEDIUM,1,,19.226,40.448,0.0,0.0,77.0,1,19.0,1,False,3842.536,PER,11,None,None,None,3803.144,3842.783,229.0,290.0,303.0,200.0,True,Cadillac,3739.743,2026-03-08T04:03:26.366000000,False,None,False,False,3793.796,24.2,54.0,1012.8,False,36.6,104,4.4,Australian Grand Prix
88.763,2,MEDIUM,1,31.753,18.188,38.822,710110001.0,11110.0,110011111.0,2,19.0,1,True,3931.299,PER,11,None,None,3874.38,3892.568,3931.39,251.0,312.0,305.0,238.0,True,Cadillac,3842.536,2026-03-08T04:05:09.159000000,False,None,False,True,3853.794,24.2,54.4,1012.8,False,36.0,135,2.3,Australian Grand Prix
88.094,3,MEDIUM,1,31.672,18.037,38.385,11001111.0,10000.0,1011110000.0,3,18.0,1,True,4019.393,PER,11,None,None,3963.062,3981.099,4019.484,253.0,311.0,298.0,260.0,True,Cadillac,3931.299,2026-03-08T04:06:37.922000000,False,None,False,True,3973.816,24.1,54.1,1012.9,False,36.1,112,1.6,Australian Grand Prix
87.222,4,MEDIUM,1,30.827,18.195,38.2,710000001.0,0.0,11100000.0,4,18.0,1,True,4106.615,PER,11,None,None,4050.311,4068.506,4106.706,255.0,307.0,298.0,280.0,True,Cadillac,4019.393,2026-03-08T04:08:06.016000000,False,None,False,True,4033.811,24.1,54.1,1012.9,False,36.1,112,1.6,Australian Grand Prix
88.025,5,MEDIUM,1,31.295,18.506,38.224,700000011.0,10000.0,1010000000.0,5,18.0,1,False,4194.64,PER,11,None,None,4138.001,4156.507,4194.731,256.0,300.0,292.0,291.0,True,Cadillac,4106.615,2026-03-08T04:09:33.238000000,False,None,False,True,4153.828,24.2,54.2,1012.8,False,35.1,127,2.2,Australian Grand Prix
87.595,6,MEDIUM,1,31.178,18.288,38.129,700000010.0,10000.0,1000000.0,6,18.0,1,False,4282.235,PER,11,None,None,4225.909,4244.197,4282.326,259.0,302.0,289.0,269.0,True,Cadillac,4194.64,2026-03-08T04:11:01.263000000,False,None,False,True,4213.83,24.2,54.3,1012.6,False,35.3,114,2.7,Australian Grand Prix
87.625,7,MEDIUM,1,31.003,18.3,38.322,700000000.0,11000.0,10000.0,7,18.0,1,False,4369.86,PER,11,None,None,4313.329,4331.629,4369.951,258.0,300.0,296.0,273.0,True,Cadillac,4282.235,2026-03-08T04:12:28.858000000,False,None,False,True,4273.82,24.2,54.7,1012.6,False,35.1,99,3.4,Australian Grand Prix
87.184,8,MEDIUM,1,30.946,18.193,38.045,710010010.0,10000.0,110000.0,8,18.0,1,True,4457.044,PER,11,None,None,4400.897,4419.09,4457.135,257.0,302.0,296.0,281.0,True,Cadillac,4369.86,2026-03-08T04:13:56.483000000,False,None,False,True,4393.821,24.5,54.3,1012.6,False,36.6,104,2.4,Australian Grand Prix
87.05,9,MEDIUM,1,30.807,18.233,38.01,700010000.0,0.0,1001000000.0,9,17.0,1,True,4544.094,PER,11,None,None,4487.942,4506.175,4544.185,256.0,300.0,296.0,292.0,True,Cadillac,4457.044,2026-03-08T04:15:23.667000000,False,None,False,True,4453.832,24.4,53.7,1012.6,False,38.1,121,3.1,Australian Grand Prix
87.595,10,MEDIUM,1,30.981,18.397,38.217,700000000.0,0.0,0.0,10,17.0,1,False,4631.689,PER,11,None,None,4575.166,4593.563,4631.78,257.0,294.0,296.0,284.0,True,Cadillac,4544.094,2026-03-08T04:16:50.717000000,False,None,False,True,4573.833,24.5,53.3,1012.6,False,36.7,119,1.6,Australian Grand Prix
97.875,11,MEDIUM,1,31.102,18.422,48.351,700000000.0,0.0,0.0,11,14.0,16,False,4729.564,PER,11,None,None,4662.882,4681.304,4729.655,257.0,294.0,219.0,292.0,True,Cadillac,4631.689,2026-03-08T04:18:18.312000000,False,None,False,False,4633.861,24.4,53.1,1012.4,False,36.6,128,2.7,Australian Grand Prix
116.537,12,MEDIUM,1,43.311,24.555,48.671,700000000.0,0.0,0.0,12,14.0,6,False,4846.101,PER,11,None,None,4772.966,4797.521,4846.192,206.0,181.0,256.0,177.0,True,Cadillac,4729.564,2026-03-08T04:19:56.187000000,False,None,False,False,4753.868,24.5,53.5,1012.4,False,36.5,128,2.0,Australian Grand Prix
110.001,13,MEDIUM,1,41.541,26.385,42.075,101111000.0,0.0,1000000.0,13,14.0,671,False,4956.102,PER,11,None,None,4887.733,4914.118,4956.193,222.0,124.0,300.0,157.0,True,Cadillac,4846.101,2026-03-08T04:21:52.724000000,False,None,False,False,4873.87,24.6,52.3,1012.4,False,36.8,113,2.0,Australian Grand Prix
87.084,14,MEDIUM,1,30.356,18.641,38.087,0.0,0.0,1010000000.0,14,14.0,1,False,5043.186,PER,11,None,None,4986.549,5005.19,5043.277,248.0,291.0,292.0,291.0,True,Cadillac,4956.102,2026-03-08T04:23:42.725000000,False,None,False,True,4993.903,24.3,53.3,1012.4,False,36.6,114,2.5,Australian Grand Prix
88.137,15,MEDIUM,1,30.957,18.323,38.857,700000000.0,0.0,0.0,15,14.0,1,False,5131.323,PER,11,None,None,5074.234,5092.557,5131.414,255.0,298.0,294.0,273.0,True,Cadillac,5043.186,2026-03-08T04:25:09.809000000,False,None,False,True,5053.917,24.3,53.7,1012.3,False,37.3,125,2.0,Australian Grand Prix
91.277,16,MEDIUM,1,31.938,19.006,40.333,700000000.0,0.0,0.0,16,15.0,1,False,5222.6,PER,11,None,None,5163.352,5182.358,5222.691,245.0,286.0,274.0,252.0,True,Cadillac,5131.323,2026-03-08T04:26:37.946000000,False,None,False,True,5113.908,24.3,53.9,1012.3,False,38.4,140,3.5,Australian Grand Prix
88.615,17,MEDIUM,1,31.493,18.417,38.705,700000000.0,0.0,555.0,17,15.0,1,False,5311.215,PER,11,None,None,5254.184,5272.601,5311.306,257.0,299.0,297.0,254.0,True,Cadillac,5222.6,2026-03-08T04:28:09.223000000,False,None,False,True,5233.92,24.6,53.1,1012.3,False,37.7,111,3.0,Australian Grand Prix
126.084,18,MEDIUM,1,35.121,24.446,66.517,500000000.0,0.0,110000.0,18,16.0,126,False,5437.299,PER,11,None,5418.038,5346.427,5370.873,5437.39,234.0,163.0,None,286.0,True,Cadillac,5311.215,2026-03-08T04:29:37.838000000,False,None,False,False,5293.918,24.6,52.5,1012.3,False,36.7,138,4.1,Australian Grand Prix
103.359,19,HARD,2,45.6,19.548,38.211,1001110.0,11000.0,1000000.0,1,16.0,671,False,5540.658,PER,11,5439.693,None,5482.99,5502.538,5540.749,182.0,297.0,286.0,194.0,True,Cadillac,5437.299,2026-03-08T04:31:43.922000000,False,None,False,False,5413.936,24.7,53.0,1012.3,False,35.9,142,2.9,Australian Grand Prix
86.49,20,HARD,2,30.352,18.323,37.815,700000000.0,0.0,1100000.0,2,16.0,1,True,5627.148,PER,11,None,None,5571.101,5589.424,5627.239,256.0,290.0,289.0,273.0,True,Cadillac,5540.658,2026-03-08T04:33:27.281000000,False,None,False,True,5533.969,24.6,53.4,1012.2,False,35.8,126,2.8,Australian Grand Prix
87.262,21,HARD,2,30.52,18.341,38.401,700000000.0,1100.0,0.0,3,16.0,1,False,5714.41,PER,11,None,None,5657.759,5676.1,5714.501,256.0,292.0,245.0,290.0,True,Cadillac,5627.148,2026-03-08T04:34:53.771000000,False,None,False,True,5593.968,24.6,53.3,1012.1,False,35.7,119,3.8,Australian Grand Prix
89.083,22,HARD,2,32.306,18.051,38.726,700000001.0,0.0,10010.0,4,16.0,1,False,5803.493,PER,11,None,None,5746.807,5764.858,5803.584,259.0,301.0,253.0,255.0,True,Cadillac,5714.41,2026-03-08T04:36:21.033000000,False,None,False,True,5713.957,24.6,52.8,1012.1,False,36.4,111,2.9,Australian Grand Prix
87.457,23,HARD,2,31.521,18.152,37.784,700000010.0,0.0,0.0,5,16.0,1,False,5890.95,PER,11,None,None,5835.105,5853.257,5891.041,260.0,299.0,299.0,236.0,True,Cadillac,5803.493,2026-03-08T04:37:50.116000000,False,None,False,True,5773.973,24.5,52.9,1012.2,False,36.6,95,1.4,Australian Grand Prix
89.284,24,HARD,2,30.505,18.594,40.185,700000011.0,10000.0,0.0,6,16.0,1,False,5980.234,PER,11,None,None,5921.546,5940.14,5980.325,256.0,242.0,285.0,295.0,True,Cadillac,5890.95,2026-03-08T04:39:17.573000000,False,None,False,True,5833.959,24.6,53.4,1012.1,False,37.0,114,2.1,Australian Grand Prix
87.093,25,HARD,2,30.785,18.117,38.191,710000000.0,0.0,0.0,7,16.0,1,False,6067.327,PER,11,None,None,6011.11,6029.227,6067.418,260.0,298.0,297.0,280.0,True,Cadillac,5980.234,2026-03-08T04:40:46.857000000,False,None,False,True,5953.975,24.8,52.6,1012.1,False,37.6,147,3.1,Australian Grand Prix
88.588,26,HARD,2,32.306,18.158,38.124,710000010.0,0.0,100000000.0,8,16.0,1,False,6155.915,PER,11,None,None,6099.724,6117.882,6156.006,256.0,303.0,297.0,297.0,True,Cadillac,6067.327,2026-03-08T04:42:13.950000000,False,None,False,True,6013.976,24.8,52.7,1012.0,False,37.4,106,3.3,Australian Grand Prix
88.352,27,HARD,2,30.457,18.511,39.384,700000000.0,0.0,0.0,9,16.0,1,False,6244.267,PER,11,None,None,6186.463,6204.974,6244.358,258.0,290.0,221.0,298.0,True,Cadillac,6155.915,2026-03-08T04:43:42.538000000,False,None,False,True,6134.01,24.8,52.0,1012.0,False,36.5,98,2.5,Australian Grand Prix
89.249,28,HARD,2,31.333,18.077,39.839,700000000.0,10000.0,0.0,10,16.0,1,False,6333.516,PER,11,None,None,6275.691,6293.768,6333.607,258.0,302.0,299.0,253.0,True,Cadillac,6244.267,2026-03-08T04:45:10.890000000,False,None,False,True,6194.01,24.8,52.8,1012.0,False,36.3,98,4.0,Australian Grand Prix
86.934,29,HARD,2,30.669,18.062,38.203,700000000.0,0.0,0.0,11,16.0,1,False,6420.45,PER,11,None,None,6364.276,6382.338,6420.541,258.0,301.0,296.0,296.0,True,Cadillac,6333.516,2026-03-08T04:46:40.139000000,False,None,False,True,6254.01,24.8,52.8,1012.1,False,36.1,120,3.0,Australian Grand Prix
87.419,30,HARD,2,30.911,18.227,38.281,700000000.0,0.0,0.0,12,16.0,1,False,6507.869,PER,11,None,None,6451.452,6469.679,6507.96,255.0,296.0,297.0,281.0,True,Cadillac,6420.45,2026-03-08T04:48:07.073000000,False,None,False,True,6374.017,25.3,53.7,1012.0,False,36.1,123,2.5,Australian Grand Prix
90.506,31,HARD,2,30.889,18.328,41.289,700000000.0,0.0,0.0,13,16.0,1,False,6598.375,PER,11,None,None,6538.849,6557.177,6598.466,255.0,295.0,298.0,287.0,True,Cadillac,6507.869,2026-03-08T04:49:34.492000000,False,None,False,True,6434.013,25.2,53.5,1011.9,False,37.3,184,1.0,Australian Grand Prix
94.972,32,HARD,2,31.025,19.385,44.562,700000000.0,0.0,0.0,14,16.0,16,False,6693.347,PER,11,None,None,6629.491,6648.876,6693.438,257.0,295.0,162.0,285.0,True,Cadillac,6598.375,2026-03-08T04:51:04.998000000,False,None,False,False,6554.015,25.2,53.1,1012.0,False,37.0,125,4.0,Australian Grand Prix
93.478,33,HARD,2,37.144,18.329,38.005,700000000.0,0.0,0.0,15,16.0,671,False,6786.825,PER,11,None,None,6730.582,6748.911,6786.916,259.0,296.0,298.0,174.0,True,Cadillac,6693.347,2026-03-08T04:52:39.970000000,False,None,False,False,6614.014,25.1,53.0,1012.0,False,37.2,147,3.0,Australian Grand Prix
87.151,34,HARD,2,30.958,18.172,38.021,700000000.0,0.0,0.0,16,16.0,1,False,6873.976,PER,11,None,None,6817.874,6836.046,6874.067,256.0,298.0,299.0,289.0,True,Cadillac,6786.825,2026-03-08T04:54:13.448000000,False,None,False,True,6674.029,25.1,53.2,1011.8,False,37.7,107,2.5,Australian Grand Prix
89.226,35,HARD,2,30.561,18.262,40.403,100000000.0,0.0,0.0,17,16.0,1,False,6963.202,PER,11,None,None,6904.628,6922.89,6963.293,258.0,295.0,302.0,295.0,True,Cadillac,6873.976,2026-03-08T04:55:40.599000000,False,None,False,True,6794.063,25.2,52.4,1011.9,False,37.2,105,3.7,Australian Grand Prix
88.891,36,HARD,2,30.652,18.755,39.484,0.0,0.0,100000000.0,18,16.0,1,False,7052.093,PER,11,None,None,6993.945,7012.7,7052.184,260.0,227.0,301.0,289.0,True,Cadillac,6963.202,2026-03-08T04:57:09.825000000,False,None,False,True,6914.079,25.2,52.5,1011.8,False,37.8,119,3.8,Australian Grand Prix
87.081,37,HARD,2,30.894,18.169,38.018,700000011.0,0.0,100000000.0,19,16.0,1,False,7139.174,PER,11,None,None,7083.078,7101.247,7139.265,259.0,298.0,300.0,297.0,True,Cadillac,7052.093,2026-03-08T04:58:38.716000000,False,None,False,True,6974.097,25.2,52.8,1011.8,False,37.0,120,3.8,Australian Grand Prix
86.93,38,HARD,2,30.567,18.38,37.983,700000000.0,0.0,0.0,20,16.0,1,False,7226.104,PER,11,None,None,7169.832,7188.212,7226.195,261.0,293.0,301.0,294.0,True,Cadillac,7139.174,2026-03-08T05:00:05.797000000,False,None,False,True,7094.098,25.1,53.0,1011.8,False,35.9,115,3.0,Australian Grand Prix
87.099,39,HARD,2,30.501,18.506,38.092,700000000.0,0.0,0.0,21,16.0,1,False,7313.203,PER,11,None,None,7256.696,7275.202,7313.294,259.0,288.0,298.0,298.0,True,Cadillac,7226.104,2026-03-08T05:01:32.727000000,False,None,False,True,7154.099,25.0,52.1,1011.8,False,35.7,98,2.5,Australian Grand Prix
89.198,40,HARD,2,32.609,18.222,38.367,700000000.0,0.0,1000000000.0,22,16.0,1,False,7402.401,PER,11,None,None,7345.903,7364.125,7402.492,257.0,302.0,299.0,296.0,True,Cadillac,7313.203,2026-03-08T05:02:59.826000000,False,None,False,True,7214.101,25.0,52.7,1011.8,False,35.5,140,3.1,Australian Grand Prix
89.219,41,HARD,2,32.506,18.387,38.326,700000000.0,0.0,0.0,23,16.0,1,False,7491.62,PER,11,None,None,7434.998,7453.385,7491.711,256.0,300.0,294.0,291.0,True,Cadillac,7402.401,2026-03-08T05:04:29.024000000,False,None,False,True,7334.114,25.0,52.8,1011.7,False,35.5,136,3.6,Australian Grand Prix
87.956,42,HARD,2,30.996,18.189,38.771,700000000.0,0.0,1555.0,24,16.0,1,False,7579.576,PER,11,None,None,7522.707,7540.896,7579.667,258.0,297.0,249.0,275.0,True,Cadillac,7491.62,2026-03-08T05:05:58.243000000,False,None,False,True,7394.119,25.0,52.8,1011.8,False,35.4,96,2.8,Australian Grand Prix
105.049,43,HARD,2,31.257,18.463,55.329,500000000.0,0.0,10000.0,25,16.0,1,False,7684.625,PER,11,None,7667.788,7610.924,7629.387,7684.716,259.0,295.0,None,266.0,True,Cadillac,7579.576,2026-03-08T05:07:26.199000000,False,None,False,False,7454.108,25.1,52.6,1011.6,False,35.5,99,1.3,Australian Grand Prix
93.422,44,SOFT,3,37.21,18.286,37.926,1011111.0,11000.0,1000000.0,1,16.0,1,False,7778.047,PER,11,7687.124,None,7721.926,7740.212,7778.138,255.0,296.0,292.0,204.0,True,Cadillac,7684.625,2026-03-08T05:09:11.248000000,False,None,False,False,7574.136,25.2,52.7,1011.7,False,36.2,93,1.0,Australian Grand Prix
86.314,45,SOFT,3,29.952,18.089,38.273,701110100.0,1000.0,1000001000.0,2,16.0,1,True,7864.361,PER,11,None,None,7808.09,7826.179,7864.452,260.0,293.0,286.0,286.0,True,Cadillac,7778.047,2026-03-08T05:10:44.670000000,False,None,False,True,7634.151,25.1,52.5,1011.7,False,36.6,110,2.0,Australian Grand Prix
88.095,46,SOFT,3,30.005,18.092,39.998,700000001.0,0.0,1000000000.0,3,16.0,1,False,7952.456,PER,11,None,None,7894.457,7912.549,7952.547,259.0,294.0,287.0,287.0,True,Cadillac,7864.361,2026-03-08T05:12:10.984000000,False,None,False,True,7754.15,25.1,51.4,1011.6,False,35.7,118,3.9,Australian Grand Prix
86.07,47,SOFT,3,30.284,18.074,37.712,700000000.0,1000.0,10.0,4,16.0,1,True,8038.526,PER,11,None,None,7982.831,8000.905,8038.617,264.0,298.0,292.0,289.0,True,Cadillac,7952.456,2026-03-08T05:13:39.079000000,False,None,False,True,7814.153,25.1,51.4,1011.6,False,35.6,140,2.9,Australian Grand Prix
86.151,48,SOFT,3,30.4,18.042,37.709,700000000.0,0.0,0.0,5,16.0,1,False,8124.677,PER,11,None,None,8069.017,8087.059,8124.768,260.0,296.0,296.0,287.0,True,Cadillac,8038.526,2026-03-08T05:15:05.149000000,False,None,False,True,7874.138,25.1,52.4,1011.6,False,35.4,106,4.0,Australian Grand Prix
86.21,49,SOFT,3,30.263,18.141,37.806,701000000.0,1000.0,10000.0,6,16.0,1,False,8210.887,PER,11,None,None,8155.031,8173.172,8210.978,259.0,295.0,291.0,291.0,True,Cadillac,8124.677,2026-03-08T05:16:31.300000000,False,None,False,True,7994.158,25.1,52.9,1011.6,False,36.8,110,2.4,Australian Grand Prix
86.085,50,SOFT,3,30.231,18.02,37.834,700000000.0,0.0,0.0,7,16.0,1,False,8296.972,PER,11,None,None,8241.209,8259.229,8297.063,260.0,295.0,294.0,287.0,True,Cadillac,8210.887,2026-03-08T05:17:57.510000000,False,None,False,True,8054.173,25.2,53.0,1011.6,False,36.5,116,2.6,Australian Grand Prix
86.2,51,SOFT,3,30.231,18.073,37.896,700000000.0,0.0,0.0,8,16.0,1,False,8383.172,PER,11,None,None,None,8345.367,8383.263,259.0,294.0,294.0,290.0,True,Cadillac,8296.972,2026-03-08T05:19:23.595000000,False,None,False,True,8174.192,25.3,52.0,1011.6,False,35.9,125,2.3,Australian Grand Prix
86.412,52,SOFT,3,30.033,18.306,38.073,700100000.0,0.0,0.0,9,16.0,1,False,8469.584,PER,11,None,None,8413.296,8431.602,8469.675,260.0,291.0,281.0,292.0,True,Cadillac,8383.172,2026-03-08T05:20:49.795000000,False,None,False,True,8234.191,25.3,52.2,1011.5,False,35.6,106,3.1,Australian Grand Prix
86.13,53,SOFT,3,30.276,18.011,37.843,700000000.0,1000.0,0.0,10,16.0,1,False,8555.714,PER,11,None,None,8499.951,8517.962,8555.805,259.0,296.0,291.0,270.0,True,Cadillac,8469.584,2026-03-08T05:22:16.207000000,False,None,False,True,8294.207,25.3,51.1,1011.5,False,35.3,121,3.0,Australian Grand Prix
89.959,54,SOFT,3,30.045,18.141,41.773,700000000.0,100.0,0.0,11,16.0,1,False,8645.673,PER,11,None,None,8585.85,8603.991,8645.764,261.0,293.0,293.0,282.0,True,Cadillac,8555.714,2026-03-08T05:23:42.337000000,False,None,False,True,8414.244,25.3,51.9,1011.5,False,34.8,115,3.0,Australian Grand Prix
88.957,55,SOFT,3,32.857,18.015,38.085,700000000.0,0.0,0.0,12,16.0,1,False,8734.63,PER,11,None,None,8678.621,8696.636,8734.721,256.0,304.0,297.0,283.0,True,Cadillac,8645.673,2026-03-08T05:25:12.296000000,False,None,False,True,8474.264,25.3,51.7,1011.5,False,34.7,130,4.2,Australian Grand Prix
92.694,1,MEDIUM,1,,18.344,36.548,0.0,0.0,0.0,1,2.0,1,False,3832.673,RUS,63,None,None,None,3796.422,3832.856,240.0,288.0,291.0,234.0,True,Mercedes,3739.743,2026-03-08T04:03:26.366000000,False,None,False,False,3793.796,24.2,54.0,1012.8,False,36.6,104,4.4,Australian Grand Prix
85.007,2,MEDIUM,1,29.753,17.841,37.413,,,,2,1.0,1,True,3917.68,RUS,63,None,None,3862.53,3880.371,3917.784,259.0,273.0,290.0,273.0,True,Mercedes,3832.673,2026-03-08T04:04:59.296000000,False,None,False,True,3853.794,24.2,54.4,1012.8,False,36.0,135,2.3,Australian Grand Prix
86.444,3,MEDIUM,1,29.845,18.533,38.066,710010033.0,3300.0,100000011.0,3,2.0,1,False,4004.124,RUS,63,None,None,3947.629,3966.162,4004.228,269.0,289.0,286.0,264.0,True,Mercedes,3917.68,2026-03-08T04:06:24.303000000,False,None,False,True,3973.816,24.1,54.1,1012.9,False,36.1,112,1.6,Australian Grand Prix
84.789,4,MEDIUM,1,29.949,17.802,37.038,110000000.0,1000.0,1000000000.0,4,2.0,1,True,4088.913,RUS,63,None,None,4034.177,4051.979,4089.017,269.0,286.0,298.0,271.0,True,Mercedes,4004.124,2026-03-08T04:07:50.747000000,False,None,False,True,4033.811,24.1,54.1,1012.9,False,36.1,112,1.6,Australian Grand Prix
84.017,5,MEDIUM,1,29.636,17.848,36.533,10010000.0,3301.0,300000011.0,5,2.0,1,True,4172.93,RUS,63,None,None,4118.653,4136.501,4173.034,264.0,305.0,296.0,291.0,True,Mercedes,4088.913,2026-03-08T04:09:15.536000000,False,None,False,True,4153.828,24.2,54.2,1012.8,False,35.1,127,2.2,Australian Grand Prix
84.639,6,MEDIUM,1,29.498,17.709,37.432,100000030.0,0.0,100000.0,6,2.0,1,False,4257.569,RUS,63,None,None,4202.532,4220.241,4257.673,263.0,291.0,314.0,298.0,True,Mercedes,4172.93,2026-03-08T04:10:39.553000000,False,None,False,True,4213.83,24.2,54.3,1012.6,False,35.3,114,2.7,Australian Grand Prix
84.099,7,MEDIUM,1,29.617,18.059,36.423,13310000.0,3000.0,11.0,7,2.0,1,False,4341.668,RUS,63,None,None,4287.29,4305.349,4341.772,263.0,288.0,307.0,285.0,True,Mercedes,4257.569,2026-03-08T04:12:04.192000000,False,None,False,True,4273.82,24.2,54.7,1012.6,False,35.1,99,3.4,Australian Grand Prix
85.19,8,MEDIUM,1,29.435,18.391,37.364,310010000.0,0.0,0.0,8,2.0,1,False,4426.858,RUS,63,None,None,4371.207,4389.598,4426.962,258.0,287.0,316.0,301.0,True,Mercedes,4341.668,2026-03-08T04:13:28.291000000,False,None,False,True,4393.821,24.5,54.3,1012.6,False,36.6,104,2.4,Australian Grand Prix
85.978,9,MEDIUM,1,31.313,18.163,36.502,10.0,0.0,1011000000.0,9,2.0,1,False,4512.836,RUS,63,None,None,4458.275,4476.438,4512.94,258.0,280.0,304.0,298.0,True,Mercedes,4426.858,2026-03-08T04:14:53.481000000,False,None,False,True,4453.832,24.4,53.7,1012.6,False,38.1,121,3.1,Australian Grand Prix
84.112,10,MEDIUM,1,29.655,18.171,36.286,710000000.0,0.0,0.0,10,2.0,1,False,4596.948,RUS,63,None,None,4542.595,4560.766,4597.052,261.0,291.0,307.0,289.0,True,Mercedes,4512.836,2026-03-08T04:16:19.459000000,False,None,False,True,4573.833,24.5,53.3,1012.6,False,36.7,119,1.6,Australian Grand Prix
83.967,11,MEDIUM,1,29.442,18.107,36.418,700000000.0,0.0,555.0,11,2.0,1,True,4680.915,RUS,63,None,None,4626.494,4644.601,4681.019,265.0,301.0,305.0,305.0,True,Mercedes,4596.948,2026-03-08T04:17:43.571000000,False,None,False,True,4633.861,24.4,53.1,1012.4,False,36.6,128,2.7,Australian Grand Prix
125.94,12,MEDIUM,1,40.129,29.038,56.773,500000000.0,0.0,0.0,12,3.0,16,False,4806.855,RUS,63,None,4791.153,4721.148,4750.186,4806.959,243.0,149.0,None,279.0,True,Mercedes,4680.915,2026-03-08T04:19:07.538000000,False,None,False,False,4753.868,24.5,53.5,1012.4,False,36.5,128,2.0,Australian Grand Prix
117.659,13,HARD,2,42.643,28.724,46.292,1000.0,10000.0,1000101000.0,1,3.0,67,False,4924.514,RUS,63,4809.298,None,4849.602,4878.326,4924.618,158.0,141.0,218.0,215.0,True,Mercedes,4806.855,2026-03-08T04:21:13.478000000,False,None,False,False,4873.87,24.6,52.3,1012.4,False,36.8,113,2.0,Australian Grand Prix
87.094,14,HARD,2,32.616,18.054,36.424,713001130.0,13000.0,3011111100.0,2,3.0,71,False,5011.608,RUS,63,None,None,4957.234,4975.288,5011.712,267.0,296.0,281.0,187.0,True,Mercedes,4924.514,2026-03-08T04:23:11.137000000,False,None,False,False,4993.903,24.3,53.3,1012.4,False,36.6,114,2.5,Australian Grand Prix
82.825,15,HARD,2,29.08,17.746,35.999,700010300.0,0.0,3001000000.0,3,3.0,1,True,5094.433,RUS,63,None,None,5040.792,5058.538,5094.537,263.0,300.0,283.0,291.0,True,Mercedes,5011.608,2026-03-08T04:24:38.231000000,False,None,False,True,5053.917,24.3,53.7,1012.3,False,37.3,125,2.0,Australian Grand Prix
82.923,16,HARD,2,29.106,17.699,36.118,710001000.0,0.0,1010000.0,4,3.0,1,False,5177.356,RUS,63,None,None,5123.643,5141.342,5177.46,261.0,302.0,289.0,290.0,True,Mercedes,5094.433,2026-03-08T04:26:01.056000000,False,None,False,True,5113.908,24.3,53.9,1012.3,False,38.4,140,3.5,Australian Grand Prix
82.765,17,HARD,2,29.085,17.75,35.93,700010000.0,0.0,10000000.0,5,3.0,1,True,5260.121,RUS,63,None,None,5206.545,5224.295,5260.225,259.0,302.0,292.0,298.0,True,Mercedes,5177.356,2026-03-08T04:27:23.979000000,False,None,False,True,5233.92,24.6,53.1,1012.3,False,37.7,111,3.0,Australian Grand Prix
88.979,18,HARD,2,29.523,17.783,41.673,700000000.0,0.0,0.0,6,3.0,126,False,5349.1,RUS,63,None,None,5289.748,5307.531,5349.204,262.0,302.0,273.0,294.0,True,Mercedes,5260.121,2026-03-08T04:28:46.744000000,False,None,False,False,5293.918,24.6,52.5,1012.3,False,36.7,138,4.1,Australian Grand Prix
115.257,19,HARD,2,39.873,26.221,49.163,700000000.0,0.0,0.0,7,3.0,6,False,5464.357,RUS,63,None,None,5389.077,5415.298,5464.461,200.0,153.0,113.0,144.0,True,Mercedes,5349.1,2026-03-08T04:30:15.723000000,False,None,False,False,5413.936,24.7,53.0,1012.3,False,35.9,142,2.9,Australian Grand Prix
90.936,20,HARD,2,37.085,17.866,35.985,703000000.0,0.0,0.0,8,3.0,671,False,5555.293,RUS,63,None,None,5501.546,5519.412,5555.397,259.0,301.0,296.0,239.0,True,Mercedes,5464.357,2026-03-08T04:32:10.980000000,False,None,False,False,5533.969,24.6,53.4,1012.2,False,35.8,126,2.8,Australian Grand Prix
82.67,21,HARD,2,28.979,17.717,35.974,700000000.0,0.0,0.0,9,3.0,1,True,5637.963,RUS,63,None,None,5584.376,5602.093,5638.067,260.0,309.0,296.0,299.0,True,Mercedes,5555.293,2026-03-08T04:33:41.916000000,False,None,False,True,5593.968,24.6,53.3,1012.1,False,35.7,119,3.8,Australian Grand Prix
82.892,22,HARD,2,29.065,17.777,36.05,700000011.0,100.0,0.0,10,3.0,1,False,5720.855,RUS,63,None,None,5667.132,5684.909,5720.959,263.0,303.0,295.0,295.0,True,Mercedes,5637.963,2026-03-08T04:35:04.586000000,False,None,False,True,5713.957,24.6,52.8,1012.1,False,36.4,111,2.9,Australian Grand Prix
82.828,23,HARD,2,28.915,17.696,36.217,700000031.0,0.0,0.0,11,3.0,1,False,5803.683,RUS,63,None,None,5749.874,5767.57,5803.787,268.0,306.0,297.0,298.0,True,Mercedes,5720.855,2026-03-08T04:36:27.478000000,False,None,False,True,5773.973,24.5,52.9,1012.2,False,36.6,95,1.4,Australian Grand Prix
83.466,24,HARD,2,29.631,17.798,36.037,700000031.0,0.0,0.0,12,3.0,1,False,5887.149,RUS,63,None,None,5833.418,5851.216,5887.253,271.0,302.0,295.0,268.0,True,Mercedes,5803.683,2026-03-08T04:37:50.306000000,False,None,False,True,5833.959,24.6,53.4,1012.1,False,37.0,114,2.1,Australian Grand Prix
82.879,25,HARD,2,28.936,17.717,36.226,700000000.0,0.0,0.0,13,2.0,1,False,5970.028,RUS,63,None,None,5916.189,5933.906,5970.132,273.0,303.0,299.0,301.0,True,Mercedes,5887.149,2026-03-08T04:39:13.772000000,False,None,False,True,5953.975,24.8,52.6,1012.1,False,37.6,147,3.1,Australian Grand Prix
83.093,26,HARD,2,29.058,17.797,36.238,700000000.0,0.0,0.0,14,2.0,1,False,6053.121,RUS,63,None,None,5999.19,6016.987,6053.225,273.0,303.0,295.0,305.0,True,Mercedes,5970.028,2026-03-08T04:40:36.651000000,False,None,False,True,6013.976,24.8,52.7,1012.0,False,37.4,106,3.3,Australian Grand Prix
83.188,27,HARD,2,29.123,17.719,36.346,700000033.0,300.0,0.0,15,2.0,1,False,6136.309,RUS,63,None,None,6082.348,6100.067,6136.413,272.0,306.0,299.0,302.0,True,Mercedes,6053.121,2026-03-08T04:41:59.744000000,False,None,False,True,6134.01,24.8,52.0,1012.0,False,36.5,98,2.5,Australian Grand Prix
83.39,28,HARD,2,28.857,17.643,36.89,730000000.0,0.0,0.0,16,1.0,1,False,6219.699,RUS,63,None,None,6165.27,6182.913,6219.803,275.0,304.0,311.0,301.0,True,Mercedes,6136.309,2026-03-08T04:43:22.932000000,False,None,False,True,6194.01,24.8,52.8,1012.0,False,36.3,98,4.0,Australian Grand Prix
83.486,29,HARD,2,29.066,18.031,36.389,700000000.0,0.0,10000000.0,17,1.0,1,False,6303.185,RUS,63,None,None,6248.869,6266.9,6303.289,270.0,301.0,294.0,321.0,True,Mercedes,6219.699,2026-03-08T04:44:46.322000000,False,None,False,True,6254.01,24.8,52.8,1012.1,False,36.1,120,3.0,Australian Grand Prix
83.272,30,HARD,2,29.204,17.788,36.28,700000000.0,0.0,0.0,18,1.0,1,False,6386.457,RUS,63,None,None,6332.493,6350.281,6386.561,267.0,303.0,293.0,288.0,True,Mercedes,6303.185,2026-03-08T04:46:09.808000000,False,None,False,True,6374.017,25.3,53.7,1012.0,False,36.1,123,2.5,Australian Grand Prix
83.147,31,HARD,2,29.132,17.699,36.316,700000000.0,0.0,0.0,19,1.0,1,False,6469.604,RUS,63,None,None,6415.693,6433.392,6469.708,271.0,308.0,299.0,296.0,True,Mercedes,6386.457,2026-03-08T04:47:33.080000000,False,None,False,True,6434.013,25.2,53.5,1011.9,False,37.3,184,1.0,Australian Grand Prix
83.54,32,HARD,2,29.174,17.728,36.638,700000000.0,0.0,0.0,20,1.0,1,False,6553.144,RUS,63,None,None,6498.882,6516.61,6553.248,274.0,308.0,293.0,303.0,True,Mercedes,6469.604,2026-03-08T04:48:56.227000000,False,None,False,True,6554.015,25.2,53.1,1012.0,False,37.0,125,4.0,Australian Grand Prix
83.838,33,HARD,2,29.242,17.777,36.819,700000000.0,1000.0,0.0,21,1.0,1,False,6636.982,RUS,63,None,None,6582.49,6600.267,6637.086,274.0,300.0,292.0,301.0,True,Mercedes,6553.144,2026-03-08T04:50:19.767000000,False,None,False,True,6614.014,25.1,53.0,1012.0,False,37.2,147,3.0,Australian Grand Prix
97.592,34,HARD,2,29.314,25.319,42.959,700000000.0,0.0,3000100000.0,22,1.0,167,False,6734.574,RUS,63,None,None,6666.4,6691.719,6734.678,260.0,138.0,300.0,296.0,True,Mercedes,6636.982,2026-03-08T04:51:43.605000000,False,None,False,False,6674.029,25.1,53.2,1011.8,False,37.7,107,2.5,Australian Grand Prix
83.017,35,HARD,2,29.314,17.824,35.879,700000000.0,0.0,300000.0,23,1.0,1,False,6817.591,RUS,63,None,None,None,6781.816,6817.695,260.0,299.0,296.0,302.0,True,Mercedes,6734.574,2026-03-08T04:53:21.197000000,False,None,False,True,6794.063,25.2,52.4,1011.9,False,37.2,105,3.7,Australian Grand Prix
82.729,36,HARD,2,29.079,17.753,35.897,700000000.0,1000.0,1000000.0,24,1.0,1,False,6900.32,RUS,63,None,None,6846.774,6864.527,6900.424,256.0,299.0,293.0,300.0,True,Mercedes,6817.591,2026-03-08T04:54:44.214000000,False,None,False,True,6914.079,25.2,52.5,1011.8,False,37.8,119,3.8,Australian Grand Prix
82.839,37,HARD,2,29.197,17.745,35.897,700000000.0,0.0,300000001.0,25,1.0,1,False,6983.159,RUS,63,None,None,6929.621,6947.366,6983.263,256.0,299.0,298.0,295.0,True,Mercedes,6900.32,2026-03-08T04:56:06.943000000,False,None,False,True,6974.097,25.2,52.8,1011.8,False,37.0,120,3.8,Australian Grand Prix
82.863,38,HARD,2,29.211,17.79,35.862,700000000.0,3000.0,0.0,26,1.0,1,False,7066.022,RUS,63,None,None,7012.474,7030.264,7066.126,255.0,300.0,300.0,296.0,True,Mercedes,6983.159,2026-03-08T04:57:29.782000000,False,None,False,True,7094.098,25.1,53.0,1011.8,False,35.9,115,3.0,Australian Grand Prix
82.738,39,HARD,2,29.102,17.664,35.972,700000000.0,0.0,0.0,27,1.0,1,False,7148.76,RUS,63,None,None,7095.228,7112.892,7148.864,257.0,302.0,300.0,299.0,True,Mercedes,7066.022,2026-03-08T04:58:52.645000000,False,None,False,True,7154.099,25.0,52.1,1011.8,False,35.7,98,2.5,Australian Grand Prix
82.915,40,HARD,2,29.172,17.651,36.092,700000000.0,0.0,0.0,28,1.0,1,False,7231.675,RUS,63,None,None,7178.036,7195.687,7231.779,257.0,304.0,300.0,300.0,True,Mercedes,7148.76,2026-03-08T05:00:15.383000000,False,None,False,True,7214.101,25.0,52.7,1011.8,False,35.5,140,3.1,Australian Grand Prix
83.073,41,HARD,2,29.173,17.609,36.291,700000000.0,0.0,0.0,29,1.0,1,False,7314.748,RUS,63,None,None,7260.952,7278.561,7314.852,260.0,305.0,303.0,303.0,True,Mercedes,7231.675,2026-03-08T05:01:38.298000000,False,None,False,True,7334.114,25.0,52.8,1011.7,False,35.5,136,3.6,Australian Grand Prix
83.054,42,HARD,2,29.325,17.652,36.077,700000000.0,3000.0,0.0,30,1.0,1,False,7397.802,RUS,63,None,None,7344.177,7361.829,7397.906,261.0,304.0,298.0,305.0,True,Mercedes,7314.748,2026-03-08T05:03:01.371000000,False,None,False,True,7394.119,25.0,52.8,1011.8,False,35.4,96,2.8,Australian Grand Prix
82.893,43,HARD,2,29.111,17.575,36.207,700000000.0,0.0,0.0,31,1.0,1,False,7480.695,RUS,63,None,None,7427.017,7444.592,7480.799,258.0,306.0,301.0,300.0,True,Mercedes,7397.802,2026-03-08T05:04:24.425000000,False,None,False,True,7454.108,25.1,52.6,1011.6,False,35.5,99,1.3,Australian Grand Prix
82.856,44,HARD,2,29.17,17.585,36.101,700000000.0,0.0,0.0,32,1.0,1,False,7563.551,RUS,63,None,None,7509.969,7527.554,7563.655,260.0,307.0,301.0,304.0,True,Mercedes,7480.695,2026-03-08T05:05:47.318000000,False,None,False,True,7574.136,25.2,52.7,1011.7,False,36.2,93,1.0,Australian Grand Prix
83.477,45,HARD,2,29.305,17.512,36.66,700000000.0,0.0,0.0,33,1.0,1,False,7647.028,RUS,63,None,None,7592.96,7610.472,7647.132,262.0,312.0,305.0,304.0,True,Mercedes,7563.551,2026-03-08T05:07:10.174000000,False,None,False,True,7634.151,25.1,52.5,1011.7,False,36.6,110,2.0,Australian Grand Prix
83.751,46,HARD,2,29.348,18.049,36.354,700000000.0,1000.0,0.0,34,1.0,1,False,7730.779,RUS,63,None,None,7676.48,7694.529,7730.883,269.0,304.0,297.0,306.0,True,Mercedes,7647.028,2026-03-08T05:08:33.651000000,False,None,False,True,7754.15,25.1,51.4,1011.6,False,35.7,118,3.9,Australian Grand Prix
83.033,47,HARD,2,29.286,17.617,36.13,700000000.0,100.0,0.0,35,1.0,1,False,7813.812,RUS,63,None,None,7760.169,7777.786,7813.916,263.0,303.0,295.0,302.0,True,Mercedes,7730.779,2026-03-08T05:09:57.402000000,False,None,False,True,7814.153,25.1,51.4,1011.6,False,35.6,140,2.9,Australian Grand Prix
83.034,48,HARD,2,29.18,17.596,36.258,700000000.0,100.0,0.0,36,1.0,1,False,7896.846,RUS,63,None,None,7843.096,7860.692,7896.95,260.0,304.0,300.0,302.0,True,Mercedes,7813.812,2026-03-08T05:11:20.435000000,False,None,False,True,7874.138,25.1,52.4,1011.6,False,35.4,106,4.0,Australian Grand Prix
82.844,49,HARD,2,29.104,17.537,36.203,700000000.0,0.0,0.0,37,1.0,1,False,7979.69,RUS,63,None,None,7926.054,7943.591,7979.794,260.0,308.0,304.0,304.0,True,Mercedes,7896.846,2026-03-08T05:12:43.469000000,False,None,False,True,7994.158,25.1,52.9,1011.6,False,36.8,110,2.4,Australian Grand Prix
83.087,50,HARD,2,29.182,17.631,36.274,700000000.0,0.0,100000000.0,38,1.0,1,False,8062.777,RUS,63,None,None,8008.976,8026.607,8062.881,262.0,305.0,300.0,306.0,True,Mercedes,7979.69,2026-03-08T05:14:06.313000000,False,None,False,True,8054.173,25.2,53.0,1011.6,False,36.5,116,2.6,Australian Grand Prix
82.762,51,HARD,2,29.204,17.493,36.065,700000000.0,101.0,10.0,39,1.0,1,False,8145.539,RUS,63,None,None,8092.085,8109.578,8145.643,263.0,310.0,306.0,306.0,True,Mercedes,8062.777,2026-03-08T05:15:29.400000000,False,None,False,True,8174.192,25.3,52.0,1011.6,False,35.9,125,2.3,Australian Grand Prix
83.106,52,HARD,2,29.323,17.606,36.177,700000000.0,1100.0,0.0,40,1.0,1,False,8228.645,RUS,63,None,None,8174.966,8192.572,8228.749,262.0,313.0,305.0,309.0,True,Mercedes,8145.539,2026-03-08T05:16:52.162000000,False,None,False,True,8234.191,25.3,52.2,1011.5,False,35.6,106,3.1,Australian Grand Prix
83.069,53,HARD,2,29.144,17.461,36.464,700000000.0,0.0,0.0,41,1.0,1,False,8311.714,RUS,63,None,None,8257.893,8275.354,8311.818,263.0,309.0,305.0,309.0,True,Mercedes,8228.645,2026-03-08T05:18:15.268000000,False,None,False,True,8294.207,25.3,51.1,1011.5,False,35.3,121,3.0,Australian Grand Prix
83.1,54,HARD,2,29.272,17.56,36.268,700000000.0,0.0,0.0,42,1.0,1,False,8394.814,RUS,63,None,None,8341.09,8358.65,8394.918,266.0,307.0,302.0,295.0,True,Mercedes,8311.714,2026-03-08T05:19:38.337000000,False,None,False,True,8414.244,25.3,51.9,1011.5,False,34.8,115,3.0,Australian Grand Prix
82.67,55,HARD,2,29.116,17.549,36.005,700000000.0,0.0,100000010.0,43,1.0,1,False,8477.484,RUS,63,None,None,8424.034,8441.583,8477.588,262.0,305.0,301.0,307.0,True,Mercedes,8394.814,2026-03-08T05:21:01.437000000,False,None,False,True,8474.264,25.3,51.7,1011.5,False,34.7,130,4.2,Australian Grand Prix
82.757,56,HARD,2,29.134,17.535,36.088,700000000.0,1.0,100000000.0,44,1.0,1,False,8560.241,RUS,63,None,None,8506.722,8524.257,8560.345,260.0,308.0,305.0,306.0,True,Mercedes,8477.484,2026-03-08T05:22:24.107000000,False,None,False,True,8534.293,25.2,51.6,1011.6,False,34.6,126,3.2,Australian Grand Prix
83.188,57,HARD,2,29.225,17.458,36.505,700000000.0,0.0,0.0,45,1.0,1,False,8643.429,RUS,63,None,None,8589.57,8607.028,8643.533,263.0,312.0,301.0,307.0,True,Mercedes,8560.241,2026-03-08T05:23:46.864000000,False,None,False,True,8654.277,25.2,52.0,1011.5,False,34.4,105,2.9,Australian Grand Prix
83.351,58,HARD,2,29.312,17.63,36.409,700000000.0,0.0,0.0,46,1.0,1,False,8726.78,RUS,63,None,None,8672.845,8690.475,8726.884,261.0,302.0,300.0,301.0,True,Mercedes,8643.429,2026-03-08T05:25:10.052000000,False,None,False,True,8714.29,25.1,51.7,1011.5,False,34.5,103,2.9,Australian Grand Prix
99.815,1,SOFT,1,,19.143,39.148,1011.0,0.0,77.0,1,14.0,1,False,3839.794,SAI,55,None,None,None,3801.445,3840.3,214.0,298.0,288.0,210.0,True,Williams,3739.743,2026-03-08T04:03:26.366000000,False,None,False,False,3793.796,24.2,54.0,1012.8,False,36.6,104,4.4,Australian Grand Prix
87.98,2,SOFT,1,31.713,18.211,38.056,711100111.0,11001.0,10100001.0,2,14.0,1,True,3927.774,SAI,55,None,None,3871.561,3889.772,3927.828,254.0,296.0,298.0,238.0,True,Williams,3839.794,2026-03-08T04:05:06.417000000,False,None,False,True,3853.794,24.2,54.4,1012.8,False,36.0,135,2.3,Australian Grand Prix
88.093,3,SOFT,1,31.187,18.048,38.858,711111110.0,0.0,11010.0,3,15.0,1,False,4015.867,SAI,55,None,None,3959.015,3977.063,4015.921,258.0,315.0,302.0,259.0,True,Williams,3927.774,2026-03-08T04:06:34.397000000,False,None,False,True,3973.816,24.1,54.1,1012.9,False,36.1,112,1.6,Australian Grand Prix
87.216,4,SOFT,1,30.511,18.372,38.333,11110011.0,10000.0,100.0,4,15.0,1,True,4103.083,SAI,55,None,None,4046.432,4064.804,4103.137,258.0,311.0,298.0,270.0,True,Williams,4015.867,2026-03-08T04:08:02.490000000,False,None,False,True,4033.811,24.1,54.1,1012.9,False,36.1,112,1.6,Australian Grand Prix
87.511,5,SOFT,1,30.419,18.057,39.035,700000011.0,1000.0,1110100.0,5,15.0,1,False,4190.594,SAI,55,None,None,4133.556,4151.613,4190.648,260.0,303.0,301.0,281.0,True,Williams,4103.083,2026-03-08T04:09:29.706000000,False,None,False,True,4153.828,24.2,54.2,1012.8,False,35.1,127,2.2,Australian Grand Prix
86.872,6,SOFT,1,30.787,18.201,37.884,711011111.0,11000.0,1011100100.0,6,14.0,1,True,4277.466,SAI,55,None,None,4221.435,4239.636,4277.52,256.0,320.0,286.0,273.0,True,Williams,4190.594,2026-03-08T04:10:57.217000000,False,None,False,True,4213.83,24.2,54.3,1012.6,False,35.3,114,2.7,Australian Grand Prix
85.698,7,SOFT,1,30.022,18.348,37.328,710000011.0,11000.0,1010001100.0,7,14.0,1,True,4363.164,SAI,55,None,None,4307.542,4325.89,4363.218,263.0,304.0,286.0,285.0,True,Williams,4277.466,2026-03-08T04:12:24.089000000,False,None,False,True,4273.82,24.2,54.7,1012.6,False,35.1,99,3.4,Australian Grand Prix
85.433,8,SOFT,1,30.051,18.228,37.154,710010000.0,0.0,0.0,8,14.0,1,True,4448.597,SAI,55,None,None,4393.269,4411.497,4448.651,264.0,305.0,293.0,286.0,True,Williams,4363.164,2026-03-08T04:13:49.787000000,False,None,False,True,4393.821,24.5,54.3,1012.6,False,36.6,104,2.4,Australian Grand Prix
85.826,9,SOFT,1,29.997,18.347,37.482,710000000.0,0.0,10000000.0,9,14.0,1,False,4534.423,SAI,55,None,None,4478.648,4496.995,4534.477,263.0,304.0,292.0,294.0,True,Williams,4448.597,2026-03-08T04:15:15.220000000,False,None,False,True,4453.832,24.4,53.7,1012.6,False,38.1,121,3.1,Australian Grand Prix
86.202,10,SOFT,1,30.638,18.332,37.232,700000000.0,0.0,100000555.0,10,14.0,1,False,4620.625,SAI,55,None,None,4565.115,4583.447,4620.679,263.0,303.0,293.0,292.0,True,Williams,4534.423,2026-03-08T04:16:41.046000000,False,None,False,True,4573.833,24.5,53.3,1012.6,False,36.7,119,1.6,Australian Grand Prix
106.912,11,SOFT,1,30.181,18.25,58.481,500000000.0,0.0,0.0,11,13.0,16,False,4727.537,SAI,55,None,4709.832,4650.86,4669.11,4727.591,262.0,301.0,None,287.0,True,Williams,4620.625,2026-03-08T04:18:07.248000000,False,None,False,False,4633.861,24.4,53.1,1012.4,False,36.6,128,2.7,Australian Grand Prix
116.846,12,HARD,2,43.366,25.069,48.411,0.0,0.0,11.0,1,13.0,6,False,4844.383,SAI,55,4729.955,None,4770.957,4796.026,4844.437,241.0,158.0,248.0,225.0,True,Williams,4727.537,2026-03-08T04:19:54.160000000,False,None,False,False,4753.868,24.5,53.5,1012.4,False,36.5,128,2.0,Australian Grand Prix
108.341,13,HARD,2,41.682,26.884,39.775,110000100.0,11000.0,1010000.0,2,13.0,671,False,4952.724,SAI,55,None,None,4886.119,4913.003,4952.778,232.0,116.0,303.0,159.0,True,Williams,4844.383,2026-03-08T04:21:51.006000000,False,None,False,False,4873.87,24.6,52.3,1012.4,False,36.8,113,2.0,Australian Grand Prix
84.927,14,HARD,2,29.998,18.087,36.842,1101.0,0.0,10010000.0,3,13.0,1,True,5037.651,SAI,55,None,None,4982.776,5000.863,5037.705,264.0,306.0,298.0,290.0,True,Williams,4952.724,2026-03-08T04:23:39.347000000,False,None,False,True,4993.903,24.3,53.3,1012.4,False,36.6,114,2.5,Australian Grand Prix
84.824,15,HARD,2,29.765,18.155,36.904,700001000.0,10000.0,1000000.0,4,13.0,1,True,5122.475,SAI,55,None,None,5067.47,5085.625,5122.529,267.0,308.0,299.0,287.0,True,Williams,5037.651,2026-03-08T04:25:04.274000000,False,None,False,True,5053.917,24.3,53.7,1012.3,False,37.3,125,2.0,Australian Grand Prix
84.94,16,HARD,2,29.783,18.143,37.014,701000000.0,10000.0,1000010000.0,5,12.0,1,False,5207.415,SAI,55,None,None,5152.312,5170.455,5207.469,263.0,303.0,296.0,294.0,True,Williams,5122.475,2026-03-08T04:26:29.098000000,False,None,False,True,5113.908,24.3,53.9,1012.3,False,38.4,140,3.5,Australian Grand Prix
85.151,17,HARD,2,29.86,18.235,37.056,711010000.0,0.0,0.0,6,12.0,1,False,5292.566,SAI,55,None,None,5237.329,5255.564,5292.62,265.0,300.0,290.0,288.0,True,Williams,5207.415,2026-03-08T04:27:54.038000000,False,None,False,True,5233.92,24.6,53.1,1012.3,False,37.7,111,3.0,Australian Grand Prix
102.82,18,HARD,2,29.887,27.055,45.878,700000000.0,0.0,0.0,7,12.0,126,False,5395.386,SAI,55,None,None,5322.507,5349.562,5395.44,262.0,210.0,209.0,291.0,True,Williams,5292.566,2026-03-08T04:29:19.189000000,False,None,False,False,5293.918,24.6,52.5,1012.3,False,36.7,138,4.1,Australian Grand Prix
110.08,19,HARD,2,42.226,23.719,44.135,100000000.0,0.0,0.0,8,12.0,671,False,5505.466,SAI,55,None,None,5437.666,5461.385,5505.52,221.0,218.0,303.0,213.0,True,Williams,5395.386,2026-03-08T04:31:02.009000000,False,None,False,False,5413.936,24.7,53.0,1012.3,False,35.9,142,2.9,Australian Grand Prix
85.394,20,HARD,2,29.948,18.238,37.208,1000000.0,0.0,0.0,9,12.0,1,False,5590.86,SAI,55,None,None,5535.468,5553.706,5590.914,263.0,299.0,294.0,289.0,True,Williams,5505.466,2026-03-08T04:32:52.089000000,False,None,False,True,5533.969,24.6,53.4,1012.2,False,35.8,126,2.8,Australian Grand Prix
85.409,21,HARD,2,29.886,18.212,37.311,700000000.0,0.0,0.0,10,12.0,1,False,5676.269,SAI,55,None,None,5620.8,5639.012,5676.323,266.0,307.0,290.0,290.0,True,Williams,5590.86,2026-03-08T04:34:17.483000000,False,None,False,True,5593.968,24.6,53.3,1012.1,False,35.7,119,3.8,Australian Grand Prix
85.37,22,HARD,2,30.0,18.143,37.227,700000000.0,0.0,0.0,11,12.0,1,False,5761.639,SAI,55,None,None,5706.323,5724.466,5761.693,264.0,306.0,297.0,299.0,True,Williams,5676.269,2026-03-08T04:35:42.892000000,False,None,False,True,5713.957,24.6,52.8,1012.1,False,36.4,111,2.9,Australian Grand Prix
85.6,23,HARD,2,29.925,18.23,37.445,700000000.0,0.0,0.0,12,12.0,1,False,5847.239,SAI,55,None,None,5791.618,5809.848,5847.293,264.0,303.0,295.0,293.0,True,Williams,5761.639,2026-03-08T04:37:08.262000000,False,None,False,True,5773.973,24.5,52.9,1012.2,False,36.6,95,1.4,Australian Grand Prix
85.704,24,HARD,2,30.109,18.234,37.361,700000000.0,0.0,0.0,13,12.0,1,False,5932.943,SAI,55,None,None,5877.402,5895.636,5932.997,257.0,302.0,293.0,294.0,True,Williams,5847.239,2026-03-08T04:38:33.862000000,False,None,False,True,5833.959,24.6,53.4,1012.1,False,37.0,114,2.1,Australian Grand Prix
86.122,25,HARD,2,30.227,18.286,37.609,700000000.0,0.0,0.0,14,12.0,1,False,6019.065,SAI,55,None,None,5963.224,5981.51,6019.119,264.0,301.0,295.0,291.0,True,Williams,5932.943,2026-03-08T04:39:59.566000000,False,None,False,True,5953.975,24.8,52.6,1012.1,False,37.6,147,3.1,Australian Grand Prix
86.141,26,HARD,2,30.101,18.471,37.569,700010000.0,0.0,0.0,15,12.0,1,False,6105.206,SAI,55,None,None,6049.22,6067.691,6105.26,264.0,296.0,295.0,294.0,True,Williams,6019.065,2026-03-08T04:41:25.688000000,False,None,False,True,6013.976,24.8,52.7,1012.0,False,37.4,106,3.3,Australian Grand Prix
86.124,27,HARD,2,30.032,18.344,37.748,710000000.0,0.0,0.0,16,12.0,1,False,6191.33,SAI,55,None,None,6135.292,6153.636,6191.384,261.0,299.0,294.0,298.0,True,Williams,6105.206,2026-03-08T04:42:51.829000000,False,None,False,True,6134.01,24.8,52.0,1012.0,False,36.5,98,2.5,Australian Grand Prix
86.796,28,HARD,2,30.439,18.438,37.919,700000000.0,0.0,0.0,17,12.0,1,False,6278.126,SAI,55,None,None,6221.823,6240.261,6278.18,257.0,296.0,292.0,299.0,True,Williams,6191.33,2026-03-08T04:44:17.953000000,False,None,False,True,6194.01,24.8,52.8,1012.0,False,36.3,98,4.0,Australian Grand Prix
88.049,29,HARD,2,30.484,18.443,39.122,700000000.0,0.0,0.0,18,13.0,1,False,6366.175,SAI,55,None,None,6308.664,6327.107,6366.229,254.0,298.0,296.0,290.0,True,Williams,6278.126,2026-03-08T04:45:44.749000000,False,None,False,True,6254.01,24.8,52.8,1012.1,False,36.1,120,3.0,Australian Grand Prix
87.095,30,HARD,2,30.748,18.308,38.039,700010000.0,0.0,0.0,19,13.0,1,False,6453.27,SAI,55,None,None,6396.977,6415.285,6453.324,250.0,307.0,294.0,285.0,True,Williams,6366.175,2026-03-08T04:47:12.798000000,False,None,False,True,6374.017,25.3,53.7,1012.0,False,36.1,123,2.5,Australian Grand Prix
86.639,31,HARD,2,30.585,18.197,37.857,700000000.0,0.0,0.0,20,13.0,1,False,6539.909,SAI,55,None,None,6483.909,6502.106,6539.963,253.0,306.0,297.0,282.0,True,Williams,6453.27,2026-03-08T04:48:39.893000000,False,None,False,True,6434.013,25.2,53.5,1011.9,False,37.3,184,1.0,Australian Grand Prix
87.386,32,HARD,2,30.628,18.361,38.397,700000000.0,0.0,555.0,21,13.0,1,False,6627.295,SAI,55,None,None,6570.591,6588.952,6627.349,251.0,299.0,294.0,294.0,True,Williams,6539.909,2026-03-08T04:50:06.532000000,False,None,False,True,6554.015,25.2,53.1,1012.0,False,37.0,125,4.0,Australian Grand Prix
119.861,33,HARD,2,30.606,18.531,70.724,500000000.0,100.0,11.0,22,14.0,167,False,6747.156,SAI,55,None,6723.329,6657.955,6676.486,6747.21,254.0,261.0,None,289.0,True,Williams,6627.295,2026-03-08T04:51:33.918000000,False,None,False,False,6614.014,25.1,53.0,1012.0,False,37.2,147,3.0,Australian Grand Prix
93.021,34,MEDIUM,3,36.393,18.189,38.439,100000100.0,1000.0,1000000.0,1,15.0,1,False,6840.177,SAI,55,6749.495,None,6783.603,6801.792,6840.231,250.0,306.0,304.0,208.0,True,Williams,6747.156,2026-03-08T04:53:33.779000000,False,None,False,False,6674.029,25.1,53.2,1011.8,False,37.7,107,2.5,Australian Grand Prix
84.881,35,MEDIUM,3,29.725,18.12,37.036,1000000.0,0.0,1000000000.0,2,15.0,1,False,6925.058,SAI,55,None,None,6869.956,6888.076,6925.112,266.0,303.0,297.0,295.0,True,Williams,6840.177,2026-03-08T04:55:06.800000000,False,None,False,True,6794.063,25.2,52.4,1011.9,False,37.2,105,3.7,Australian Grand Prix
84.804,36,MEDIUM,3,29.914,18.07,36.82,700110000.0,0.0,1.0,3,15.0,1,True,7009.862,SAI,55,None,None,6955.026,6973.096,7009.916,262.0,305.0,300.0,293.0,True,Williams,6925.058,2026-03-08T04:56:31.681000000,False,None,False,True,6914.079,25.2,52.5,1011.8,False,37.8,119,3.8,Australian Grand Prix
85.21,37,MEDIUM,3,29.697,18.099,37.414,100000000.0,100.0,0.0,4,15.0,1,False,7095.072,SAI,55,None,None,7039.613,7057.712,7095.126,267.0,307.0,316.0,296.0,True,Williams,7009.862,2026-03-08T04:57:56.485000000,False,None,False,True,6974.097,25.2,52.8,1011.8,False,37.0,120,3.8,Australian Grand Prix
87.205,38,MEDIUM,3,30.364,18.312,38.529,0.0,1111.0,0.0,5,15.0,1,False,7182.277,SAI,55,None,None,7125.49,7143.802,7182.331,253.0,311.0,299.0,282.0,True,Williams,7095.072,2026-03-08T04:59:21.695000000,False,None,False,True,7094.098,25.1,53.0,1011.8,False,35.9,115,3.0,Australian Grand Prix
87.266,39,MEDIUM,3,30.213,17.83,39.223,700100000.0,0.0,0.0,6,15.0,1,False,7269.543,SAI,55,None,None,7212.544,7230.374,7269.597,264.0,311.0,291.0,289.0,True,Williams,7182.277,2026-03-08T05:00:48.900000000,False,None,False,True,7154.099,25.0,52.1,1011.8,False,35.7,98,2.5,Australian Grand Prix
86.222,40,MEDIUM,3,30.49,17.986,37.746,100000000.0,0.0,100000000.0,7,15.0,1,False,7355.765,SAI,55,None,None,7300.087,7318.073,7355.819,267.0,313.0,310.0,286.0,True,Williams,7269.543,2026-03-08T05:02:16.166000000,False,None,False,True,7214.101,25.0,52.7,1011.8,False,35.5,140,3.1,Australian Grand Prix
86.717,41,MEDIUM,3,30.627,17.963,38.127,0.0,0.0,110000000.0,8,15.0,1,False,7442.482,SAI,55,None,None,7386.446,7404.409,7442.536,257.0,319.0,292.0,287.0,True,Williams,7355.765,2026-03-08T05:03:42.388000000,False,None,False,True,7334.114,25.0,52.8,1011.7,False,35.5,136,3.6,Australian Grand Prix
85.361,42,MEDIUM,3,30.05,17.96,37.351,700000000.0,1000.0,0.0,9,15.0,1,False,7527.843,SAI,55,None,None,7472.586,7490.546,7527.897,260.0,312.0,293.0,286.0,True,Williams,7442.482,2026-03-08T05:05:09.105000000,False,None,False,True,7394.119,25.0,52.8,1011.8,False,35.4,96,2.8,Australian Grand Prix
85.287,43,MEDIUM,3,30.117,17.882,37.288,700000000.0,0.0,0.0,10,15.0,1,False,7613.13,SAI,55,None,None,7558.014,7575.896,7613.184,260.0,313.0,297.0,295.0,True,Williams,7527.843,2026-03-08T05:06:34.466000000,False,None,False,True,7454.108,25.1,52.6,1011.6,False,35.5,99,1.3,Australian Grand Prix
85.529,44,MEDIUM,3,30.218,18.005,37.306,700000000.0,0.0,1000000555.0,11,15.0,1,False,7698.659,SAI,55,None,None,7643.402,7661.407,7698.713,259.0,309.0,298.0,303.0,True,Williams,7613.13,2026-03-08T05:07:59.753000000,False,None,False,True,7574.136,25.2,52.7,1011.7,False,36.2,93,1.0,Australian Grand Prix
116.391,45,MEDIUM,3,30.019,18.045,68.327,500000001.0,0.0,1011100110.0,12,15.0,1,False,7815.05,SAI,55,None,7782.506,7728.732,7746.777,7815.104,260.0,310.0,None,300.0,True,Williams,7698.659,2026-03-08T05:09:25.282000000,False,None,False,False,7634.151,25.1,52.5,1011.7,False,36.6,110,2.0,Australian Grand Prix
91.589,46,SOFT,4,37.024,18.112,36.453,11110011.0,1000.0,100000000.0,1,15.0,1,False,7906.639,SAI,55,7817.375,None,7852.128,7870.24,7906.693,269.0,306.0,301.0,201.0,True,Williams,7815.05,2026-03-08T05:11:21.673000000,False,None,False,False,7754.15,25.1,51.4,1011.6,False,35.7,118,3.9,Australian Grand Prix
96.209,47,SOFT,4,29.27,17.805,49.134,700000000.0,10000.0,100100.0,2,15.0,1,False,8002.848,SAI,55,None,None,7935.963,7953.768,8002.902,274.0,319.0,273.0,304.0,True,Williams,7906.639,2026-03-08T05:12:53.262000000,False,None,False,True,7814.153,25.1,51.4,1011.6,False,35.6,140,2.9,Australian Grand Prix
84.977,48,SOFT,4,30.091,18.142,36.744,710001110.0,10000.0,1000110100.0,3,15.0,1,False,8087.825,SAI,55,None,None,8032.993,8051.135,8087.879,259.0,300.0,285.0,278.0,True,Williams,8002.848,2026-03-08T05:14:29.471000000,False,None,False,True,7874.138,25.1,52.4,1011.6,False,35.4,106,4.0,Australian Grand Prix
83.922,49,SOFT,4,29.343,18.041,36.538,711001111.0,10000.0,1000000000.0,4,15.0,1,True,8171.747,SAI,55,None,None,8117.222,8135.263,8171.801,267.0,300.0,291.0,293.0,True,Williams,8087.825,2026-03-08T05:15:54.448000000,False,None,False,True,7994.158,25.1,52.9,1011.6,False,36.8,110,2.4,Australian Grand Prix
83.6,50,SOFT,4,29.2,17.936,36.464,710000010.0,0.0,0.0,5,15.0,1,True,8255.347,SAI,55,None,None,8201.001,8218.937,8255.401,271.0,301.0,294.0,293.0,True,Williams,8171.747,2026-03-08T05:17:18.370000000,False,None,False,True,8054.173,25.2,53.0,1011.6,False,36.5,116,2.6,Australian Grand Prix
83.87,51,SOFT,4,29.442,18.002,36.426,700000000.0,1000.0,1000100.0,6,15.0,1,False,8339.217,SAI,55,None,None,8284.843,8302.845,8339.271,268.0,302.0,297.0,290.0,True,Williams,8255.347,2026-03-08T05:18:41.970000000,False,None,False,True,8174.192,25.3,52.0,1011.6,False,35.9,125,2.3,Australian Grand Prix
83.59,52,SOFT,4,29.198,18.018,36.374,710000000.0,0.0,0.0,7,15.0,1,True,8422.807,SAI,55,None,None,8368.469,8386.487,8422.861,270.0,301.0,296.0,289.0,True,Williams,8339.217,2026-03-08T05:20:05.840000000,False,None,False,True,8234.191,25.3,52.2,1011.5,False,35.6,106,3.1,Australian Grand Prix
87.961,53,SOFT,4,33.135,18.257,36.569,700000001.0,0.0,100000.0,8,15.0,1,False,8510.768,SAI,55,None,None,8455.996,8474.253,8510.822,256.0,301.0,298.0,293.0,True,Williams,8422.807,2026-03-08T05:21:29.430000000,True,TRACK LIMITS AT TURN 3 LAP 53 ,False,True,8294.207,25.3,51.1,1011.5,False,35.3,121,3.0,Australian Grand Prix
84.266,54,SOFT,4,29.358,18.216,36.692,701000000.0,0.0,1000100000.0,9,15.0,1,False,8595.034,SAI,55,None,None,8540.18,8558.396,8595.088,271.0,296.0,292.0,291.0,True,Williams,8510.768,2026-03-08T05:22:57.391000000,False,None,False,True,8414.244,25.3,51.9,1011.5,False,34.8,115,3.0,Australian Grand Prix
83.809,55,SOFT,4,29.303,18.121,36.385,700001011.0,0.0,0.0,10,15.0,1,False,8678.843,SAI,55,None,None,8624.391,8642.512,8678.897,270.0,295.0,294.0,287.0,True,Williams,8595.034,2026-03-08T05:24:21.657000000,False,None,False,True,8474.264,25.3,51.7,1011.5,False,34.7,130,4.2,Australian Grand Prix
84.823,56,SOFT,4,29.171,18.86,36.792,700000000.0,0.0,,11,15.0,1,False,8763.666,SAI,55,None,None,8708.068,8726.928,8763.72,272.0,300.0,295.0,293.0,True,Williams,8678.843,2026-03-08T05:25:45.466000000,False,None,False,True,8534.293,25.2,51.6,1011.6,False,34.6,126,3.2,Australian Grand Prix
103.37,1,MEDIUM,1,,19.505,40.559,77777777.0,0.0,77.0,1,20.0,1,False,3843.349,STR,18,None,None,None,3803.481,3843.562,232.0,272.0,292.0,188.0,True,Aston Martin,3739.743,2026-03-08T04:03:26.366000000,False,None,False,False,3793.796,24.2,54.0,1012.8,False,36.6,104,4.4,Australian Grand Prix
88.773,2,MEDIUM,1,31.679,18.599,38.495,711110000.0,11111.0,1110011.0,2,20.0,1,True,3932.122,STR,18,None,None,3875.047,3893.646,3932.141,248.0,292.0,293.0,244.0,True,Aston Martin,3843.349,2026-03-08T04:05:09.972000000,False,None,False,True,3853.794,24.2,54.4,1012.8,False,36.0,135,2.3,Australian Grand Prix
88.58,3,MEDIUM,1,31.507,18.467,38.606,111000011.0,1.0,11010011.0,3,20.0,1,True,4020.702,STR,18,None,None,3963.648,3982.115,4020.721,245.0,297.0,302.0,261.0,True,Aston Martin,3932.122,2026-03-08T04:06:38.745000000,False,None,False,True,3973.816,24.1,54.1,1012.9,False,36.1,112,1.6,Australian Grand Prix
88.079,4,MEDIUM,1,31.176,18.646,38.257,710000000.0,10000.0,1011000000.0,4,20.0,1,True,4108.781,STR,18,None,None,4051.897,4070.543,4108.8,249.0,299.0,304.0,282.0,True,Aston Martin,4020.702,2026-03-08T04:08:07.325000000,False,None,False,True,4033.811,24.1,54.1,1012.9,False,36.1,112,1.6,Australian Grand Prix
88.185,5,MEDIUM,1,31.252,18.541,38.392,10010.0,10000.0,10010000.0,5,20.0,1,False,4196.966,STR,18,None,None,4140.052,4158.593,4196.985,247.0,292.0,292.0,281.0,True,Aston Martin,4108.781,2026-03-08T04:09:35.404000000,False,None,False,True,4153.828,24.2,54.2,1012.8,False,35.1,127,2.2,Australian Grand Prix
88.202,6,MEDIUM,1,31.239,18.645,38.318,700011000.0,11000.0,1000000100.0,6,20.0,1,False,4285.168,STR,18,None,None,4228.224,4246.869,4285.187,247.0,285.0,291.0,265.0,True,Aston Martin,4196.966,2026-03-08T04:11:03.589000000,False,None,False,True,4213.83,24.2,54.3,1012.6,False,35.3,114,2.7,Australian Grand Prix
87.987,7,MEDIUM,1,31.152,18.586,38.249,701001011.0,11000.0,1011001100.0,7,20.0,1,True,4373.155,STR,18,None,None,4316.339,4334.925,4373.174,246.0,296.0,288.0,275.0,True,Aston Martin,4285.168,2026-03-08T04:12:31.791000000,False,None,False,True,4273.82,24.2,54.7,1012.6,False,35.1,99,3.4,Australian Grand Prix
87.644,8,MEDIUM,1,30.941,18.662,38.041,701001011.0,10000.0,10100000.0,8,20.0,1,True,4460.799,STR,18,None,None,4404.115,4422.777,4460.818,249.0,291.0,285.0,278.0,True,Aston Martin,4373.155,2026-03-08T04:13:59.778000000,False,None,False,True,4393.821,24.5,54.3,1012.6,False,36.6,104,2.4,Australian Grand Prix
88.072,9,MEDIUM,1,30.958,18.759,38.355,700000000.0,10000.0,10100000.0,9,19.0,1,False,4548.871,STR,18,None,None,4491.776,4510.535,4548.89,249.0,278.0,284.0,274.0,True,Aston Martin,4460.799,2026-03-08T04:15:27.422000000,False,None,False,True,4453.832,24.4,53.7,1012.6,False,38.1,121,3.1,Australian Grand Prix
87.614,10,MEDIUM,1,31.028,18.726,37.86,710001011.0,0.0,555.0,10,19.0,1,True,4636.485,STR,18,None,None,4579.918,4598.644,4636.504,249.0,276.0,284.0,277.0,True,Aston Martin,4548.871,2026-03-08T04:16:55.494000000,False,None,False,True,4573.833,24.5,53.3,1012.6,False,36.7,119,1.6,Australian Grand Prix
132.251,11,MEDIUM,1,30.877,18.895,82.479,500000000.0,0.0,0.0,11,19.0,16,False,4768.736,STR,18,None,4734.258,4667.381,4686.276,4768.755,249.0,233.0,None,278.0,True,Aston Martin,4636.485,2026-03-08T04:18:23.108000000,False,None,False,False,4633.861,24.4,53.1,1012.4,False,36.6,128,2.7,Australian Grand Prix
118.206,12,HARD,2,43.992,27.8,46.414,0.0,0.0,111010.0,1,18.0,6,False,4886.942,STR,18,4771.102,None,4812.747,4840.547,4886.961,202.0,136.0,270.0,198.0,True,Aston Martin,4768.736,2026-03-08T04:20:35.359000000,False,None,False,False,4753.868,24.5,53.5,1012.4,False,36.5,128,2.0,Australian Grand Prix
98.945,13,HARD,2,40.361,20.569,38.015,701001111.0,11000.0,1111000.0,2,17.0,671,False,4985.887,STR,18,None,None,4927.322,4947.891,4985.906,229.0,267.0,282.0,142.0,True,Aston Martin,4886.942,2026-03-08T04:22:33.565000000,False,None,False,False,4873.87,24.6,52.3,1012.4,False,36.8,113,2.0,Australian Grand Prix
87.008,14,HARD,2,30.582,18.7,37.726,711010011.0,0.0,100000000.0,3,17.0,1,True,5072.895,STR,18,None,None,5016.488,5035.188,5072.914,250.0,269.0,283.0,268.0,True,Aston Martin,4985.887,2026-03-08T04:24:12.510000000,False,None,False,True,4993.903,24.3,53.3,1012.4,False,36.6,114,2.5,Australian Grand Prix
86.872,15,HARD,2,30.449,18.787,37.636,711000000.0,10000.0,101100000.0,4,17.0,1,True,5159.767,STR,18,None,None,5103.363,5122.15,5159.786,250.0,268.0,282.0,277.0,True,Aston Martin,5072.895,2026-03-08T04:25:39.518000000,False,None,False,True,5053.917,24.3,53.7,1012.3,False,37.3,125,2.0,Australian Grand Prix
87.37,16,HARD,2,30.539,18.86,37.971,710000010.0,0.0,0.0,5,17.0,1,False,5247.137,STR,18,None,None,5190.325,5209.185,5247.156,248.0,266.0,282.0,277.0,True,Aston Martin,5159.767,2026-03-08T04:27:06.390000000,False,None,False,True,5113.908,24.3,53.9,1012.3,False,38.4,140,3.5,Australian Grand Prix
90.502,17,HARD,2,30.552,18.854,41.096,700000000.0,0.0,0.0,6,17.0,126,False,5337.639,STR,18,None,None,5277.708,5296.562,5337.658,249.0,267.0,139.0,277.0,True,Aston Martin,5247.137,2026-03-08T04:28:33.760000000,False,None,False,False,5233.92,24.6,53.1,1012.3,False,37.7,111,3.0,Australian Grand Prix
114.0,18,HARD,2,41.181,23.17,49.649,700000000.0,0.0,1000.0,7,17.0,6,False,5451.639,STR,18,None,None,5378.839,5402.009,5451.658,237.0,230.0,270.0,188.0,True,Aston Martin,5337.639,2026-03-08T04:30:04.262000000,False,None,False,False,5293.918,24.6,52.5,1012.3,False,36.7,138,4.1,Australian Grand Prix
99.887,19,HARD,2,39.971,20.637,39.279,700010001.0,0.0,1000000000.0,8,17.0,671,False,5551.526,STR,18,None,None,5491.629,5512.266,5551.545,181.0,223.0,285.0,198.0,True,Aston Martin,5451.639,2026-03-08T04:31:58.262000000,False,None,False,False,5413.936,24.7,53.0,1012.3,False,35.9,142,2.9,Australian Grand Prix
88.097,20,HARD,2,30.414,18.829,38.854,700010001.0,0.0,0.0,9,17.0,1,False,5639.623,STR,18,None,None,5581.959,5600.788,5639.642,251.0,284.0,287.0,281.0,True,Aston Martin,5551.526,2026-03-08T04:33:38.149000000,False,None,False,True,5533.969,24.6,53.4,1012.2,False,35.8,126,2.8,Australian Grand Prix
87.915,21,HARD,2,30.951,18.969,37.995,700000001.0,0.0,10000.0,10,17.0,1,False,5727.538,STR,18,None,None,5670.593,5689.562,5727.557,251.0,286.0,262.0,284.0,True,Aston Martin,5639.623,2026-03-08T04:35:06.246000000,False,None,False,True,5593.968,24.6,53.3,1012.1,False,35.7,119,3.8,Australian Grand Prix
87.48,22,HARD,2,30.985,18.744,37.751,700000000.0,0.0,100000.0,11,17.0,1,False,5815.018,STR,18,None,None,5758.542,5777.286,5815.037,256.0,287.0,280.0,245.0,True,Aston Martin,5727.538,2026-03-08T04:36:34.161000000,False,None,False,True,5713.957,24.6,52.8,1012.1,False,36.4,111,2.9,Australian Grand Prix
87.511,23,HARD,2,30.801,19.05,37.66,700000000.0,0.0,100100000.0,12,17.0,1,False,5902.529,STR,18,None,None,5845.838,5864.888,5902.548,249.0,258.0,281.0,274.0,True,Aston Martin,5815.018,2026-03-08T04:38:01.641000000,False,None,False,True,5773.973,24.5,52.9,1012.2,False,36.6,95,1.4,Australian Grand Prix
87.122,24,HARD,2,30.653,18.936,37.533,700000000.0,0.0,0.0,13,17.0,1,False,5989.651,STR,18,None,None,5933.201,5952.137,5989.67,248.0,259.0,281.0,275.0,True,Aston Martin,5902.529,2026-03-08T04:39:29.152000000,False,None,False,True,5833.959,24.6,53.4,1012.1,False,37.0,114,2.1,Australian Grand Prix
89.033,25,HARD,2,30.673,18.907,39.453,700000000.0,0.0,555.0,14,17.0,1,False,6078.684,STR,18,None,None,6020.343,6039.25,6078.703,251.0,262.0,282.0,275.0,True,Aston Martin,5989.651,2026-03-08T04:40:56.274000000,False,None,False,True,5953.975,24.8,52.6,1012.1,False,37.6,147,3.1,Australian Grand Prix
118.866,26,HARD,2,30.903,18.957,69.006,500000000.0,0.0,0.0,15,17.0,1,False,6197.55,STR,18,None,6166.531,6109.606,6128.563,6197.569,249.0,289.0,None,272.0,True,Aston Martin,6078.684,2026-03-08T04:42:25.307000000,False,None,False,False,6013.976,24.8,52.7,1012.0,False,37.4,106,3.3,Australian Grand Prix
97.514,27,SOFT,3,38.666,19.35,39.498,11001110.0,11000.0,1110100.0,1,17.0,1,False,6295.064,STR,18,6199.975,None,6236.235,6255.585,6295.083,245.0,259.0,283.0,209.0,True,Aston Martin,6197.55,2026-03-08T04:44:24.173000000,False,None,False,False,6134.01,24.8,52.0,1012.0,False,36.5,98,2.5,Australian Grand Prix
86.074,28,SOFT,3,30.185,18.792,37.097,701000000.0,10000.0,0.0,2,17.0,1,True,6381.138,STR,18,None,None,6325.268,6344.06,6381.157,252.0,262.0,284.0,276.0,True,Aston Martin,6295.064,2026-03-08T04:46:01.687000000,False,None,False,True,6194.01,24.8,52.8,1012.0,False,36.3,98,4.0,Australian Grand Prix
86.064,29,SOFT,3,30.217,18.613,37.234,700000010.0,0.0,0.0,3,17.0,1,True,6467.202,STR,18,None,None,6411.374,6429.987,6467.221,252.0,266.0,286.0,276.0,True,Aston Martin,6381.138,2026-03-08T04:47:27.761000000,False,None,False,True,6254.01,24.8,52.8,1012.1,False,36.1,120,3.0,Australian Grand Prix
87.416,30,SOFT,3,30.233,18.674,38.509,700000000.0,0.0,10000000.0,4,17.0,1,False,6554.618,STR,18,None,None,6497.454,6516.128,6554.637,252.0,265.0,290.0,275.0,True,Aston Martin,6467.202,2026-03-08T04:48:53.825000000,False,None,False,True,6374.017,25.3,53.7,1012.0,False,36.1,123,2.5,Australian Grand Prix
86.387,31,SOFT,3,30.422,18.577,37.388,700000000.0,0.0,0.0,5,17.0,1,False,6641.005,STR,18,None,None,6585.059,6603.636,6641.024,251.0,268.0,284.0,276.0,True,Aston Martin,6554.618,2026-03-08T04:50:21.241000000,False,None,False,True,6434.013,25.2,53.5,1011.9,False,37.3,184,1.0,Australian Grand Prix
102.468,32,SOFT,3,31.787,30.644,40.037,700000000.0,0.0,0.0,6,17.0,167,False,6743.473,STR,18,None,None,6672.811,6703.455,6743.492,252.0,208.0,285.0,273.0,True,Aston Martin,6641.005,2026-03-08T04:51:47.628000000,False,None,False,False,6554.015,25.2,53.1,1012.0,False,37.0,125,4.0,Australian Grand Prix
86.528,33,SOFT,3,30.503,18.728,37.297,710000000.0,0.0,555.0,7,17.0,1,False,6830.001,STR,18,None,None,6773.995,6792.723,6830.02,251.0,265.0,292.0,274.0,True,Aston Martin,6743.473,2026-03-08T04:53:30.096000000,False,None,False,True,6614.014,25.1,53.0,1012.0,False,37.2,147,3.0,Australian Grand Prix
1168.144,34,SOFT,3,30.496,19.613,,500000000.0,0.0,1100100.0,8,17.0,1,False,7998.247,STR,18,None,6918.611,6860.759,6880.301,None,252.0,296.0,None,298.0,True,Aston Martin,6830.001,2026-03-08T04:54:56.624000000,False,None,False,False,6674.029,25.1,53.2,1011.8,False,37.7,107,2.5,Australian Grand Prix
95.637,35,SOFT,4,39.439,18.905,37.293,11110.0,1100.0,1000100000.0,1,17.0,1,False,8093.884,STR,18,8000.515,None,8037.705,8056.61,8093.903,244.0,265.0,290.0,151.0,True,Aston Martin,7998.247,2026-03-08T05:14:24.870000000,False,None,False,False,6794.063,25.2,52.4,1011.9,False,37.2,105,3.7,Australian Grand Prix
85.41,36,SOFT,4,29.828,18.491,37.091,700000000.0,0.0,1010000.0,2,17.0,1,True,8179.294,STR,18,None,None,8123.731,8142.222,8179.313,251.0,268.0,284.0,285.0,True,Aston Martin,8093.884,2026-03-08T05:16:00.507000000,False,None,False,True,6914.079,25.2,52.5,1011.8,False,37.8,119,3.8,Australian Grand Prix
86.32,37,SOFT,4,30.139,18.756,37.425,700000000.0,0.0,0.0,3,17.0,1,False,8265.614,STR,18,None,None,8209.452,8228.208,8265.633,251.0,261.0,287.0,276.0,True,Aston Martin,8179.294,2026-03-08T05:17:25.917000000,False,None,False,True,6974.097,25.2,52.8,1011.8,False,37.0,120,3.8,Australian Grand Prix
86.37,38,SOFT,4,30.177,18.735,37.458,700000000.0,0.0,555.0,4,17.0,1,False,8351.984,STR,18,None,None,8295.81,8314.545,8352.003,251.0,262.0,286.0,278.0,True,Aston Martin,8265.614,2026-03-08T05:18:52.237000000,False,None,False,True,7094.098,25.1,53.0,1011.8,False,35.9,115,3.0,Australian Grand Prix
105.889,39,SOFT,4,30.411,18.745,56.733,500000000.0,0.0,111000.0,5,17.0,1,False,8457.873,STR,18,None,8437.402,8382.414,8401.159,8457.892,248.0,261.0,None,278.0,True,Aston Martin,8351.984,2026-03-08T05:20:18.607000000,False,None,False,False,7154.099,25.0,52.1,1011.8,False,35.7,98,2.5,Australian Grand Prix
92.972,40,SOFT,5,36.906,19.049,37.017,11000100.0,0.0,100000.0,1,17.0,1,False,8550.845,STR,18,8460.243,None,8494.798,8513.847,8550.864,247.0,259.0,295.0,209.0,True,Aston Martin,8457.873,2026-03-08T05:22:04.496000000,False,None,False,False,7214.101,25.0,52.7,1011.8,False,35.5,140,3.1,Australian Grand Prix
85.444,41,SOFT,5,29.694,18.741,37.009,700000010.0,1000.0,101000000.0,2,17.0,1,False,8636.289,STR,18,None,None,8580.558,8599.299,8636.308,252.0,260.0,285.0,302.0,True,Aston Martin,8550.845,2026-03-08T05:23:37.468000000,False,None,False,True,7334.114,25.0,52.8,1011.7,False,35.5,136,3.6,Australian Grand Prix
85.707,42,SOFT,5,29.973,18.791,36.943,700000110.0,0.0,0.0,3,17.0,1,False,8721.996,STR,18,None,None,8666.281,8685.072,8722.015,252.0,257.0,283.0,275.0,True,Aston Martin,8636.289,2026-03-08T05:25:02.912000000,False,None,False,True,7394.119,25.0,52.8,1011.8,False,35.4,96,2.8,Australian Grand Prix
85.919,43,SOFT,5,29.948,18.837,37.134,777777777.0,,,4,17.0,1,False,8807.915,STR,18,None,None,8751.963,8770.8,8807.934,251.0,257.0,283.0,274.0,True,Aston Martin,8721.996,2026-03-08T05:26:28.619000000,False,None,False,True,7454.108,25.1,52.6,1011.6,False,35.5,99,1.3,Australian Grand Prix
101.333,1,HARD,1,,18.975,39.753,77777777.0,0.0,77.0,1,16.0,1,False,3841.312,VER,3,None,None,None,3802.591,3841.376,235.0,292.0,277.0,211.0,True,Red Bull Racing,3739.743,2026-03-08T04:03:26.366000000,False,None,False,False,3793.796,24.2,54.0,1012.8,False,36.6,104,4.4,Australian Grand Prix
86.828,2,HARD,1,31.2,18.005,37.623,701310010.0,11000.0,1001.0,2,15.0,1,True,3928.14,VER,3,None,None,3872.576,3890.581,3928.204,245.0,313.0,306.0,269.0,True,Red Bull Racing,3841.312,2026-03-08T04:05:07.935000000,False,None,False,True,3853.794,24.2,54.4,1012.8,False,36.0,135,2.3,Australian Grand Prix
87.096,3,HARD,1,31.213,18.031,37.852,711001111.0,1.0,110000.0,3,14.0,1,False,4015.236,VER,3,None,None,3959.417,3977.448,4015.3,246.0,306.0,306.0,266.0,True,Red Bull Racing,3928.14,2026-03-08T04:06:34.763000000,False,None,False,True,3973.816,24.1,54.1,1012.9,False,36.1,112,1.6,Australian Grand Prix
86.571,4,HARD,1,30.547,17.928,38.096,711011110.0,13000.0,1111111011.0,4,13.0,1,True,4101.807,VER,3,None,None,4045.847,4063.775,4101.871,251.0,292.0,303.0,282.0,True,Red Bull Racing,4015.236,2026-03-08T04:08:01.859000000,False,None,False,True,4033.811,24.1,54.1,1012.9,False,36.1,112,1.6,Australian Grand Prix
84.879,5,HARD,1,29.902,18.36,36.617,710001001.0,11.0,1000000001.0,5,12.0,1,True,4186.686,VER,3,None,None,4131.773,4150.133,4186.75,247.0,295.0,308.0,281.0,True,Red Bull Racing,4101.807,2026-03-08T04:09:28.430000000,False,None,False,True,4153.828,24.2,54.2,1012.8,False,35.1,127,2.2,Australian Grand Prix
84.968,6,HARD,1,30.063,17.806,37.099,700000001.0,10000.0,1000000001.0,6,11.0,1,False,4271.654,VER,3,None,None,4216.813,4234.619,4271.718,253.0,324.0,308.0,295.0,True,Red Bull Racing,4186.686,2026-03-08T04:10:53.309000000,False,None,False,True,4213.83,24.2,54.3,1012.6,False,35.3,114,2.7,Australian Grand Prix
85.384,7,HARD,1,30.335,18.224,36.825,710100010.0,10000.0,111100.0,7,11.0,1,False,4357.038,VER,3,None,None,4302.053,4320.277,4357.102,254.0,303.0,312.0,275.0,True,Red Bull Racing,4271.654,2026-03-08T04:12:18.277000000,False,None,False,True,4273.82,24.2,54.7,1012.6,False,35.1,99,3.4,Australian Grand Prix
84.707,8,HARD,1,29.79,18.051,36.866,0.0,1000.0,0.0,8,10.0,1,True,4441.745,VER,3,None,None,4386.892,4404.943,4441.809,251.0,300.0,301.0,305.0,True,Red Bull Racing,4357.038,2026-03-08T04:13:43.661000000,False,None,False,True,4393.821,24.5,54.3,1012.6,False,36.6,104,2.4,Australian Grand Prix
85.071,9,HARD,1,29.879,17.966,37.226,700100001.0,133.0,110000000.0,9,10.0,1,False,4526.816,VER,3,None,None,4471.688,4489.654,4526.88,249.0,304.0,302.0,297.0,True,Red Bull Racing,4441.745,2026-03-08T04:15:08.368000000,False,None,False,True,4453.832,24.4,53.7,1012.6,False,38.1,121,3.1,Australian Grand Prix
85.133,10,HARD,1,30.036,17.609,37.488,711010000.0,0.0,0.0,10,9.0,1,False,4611.949,VER,3,None,None,4556.916,4574.525,4612.013,254.0,324.0,300.0,298.0,True,Red Bull Racing,4526.816,2026-03-08T04:16:33.439000000,False,None,False,True,4573.833,24.5,53.3,1012.6,False,36.7,119,1.6,Australian Grand Prix
91.029,11,HARD,1,29.804,18.006,43.219,700000000.0,0.0,0.0,11,6.0,16,False,4702.978,VER,3,None,None,4641.817,4659.823,4703.042,253.0,308.0,226.0,300.0,True,Red Bull Racing,4611.949,2026-03-08T04:17:58.572000000,False,None,False,False,4633.861,24.4,53.1,1012.4,False,36.6,128,2.7,Australian Grand Prix
114.214,12,HARD,1,39.818,27.803,46.593,700000000.0,0.0,0.0,12,6.0,6,False,4817.192,VER,3,None,None,4742.86,4770.663,4817.256,175.0,141.0,196.0,180.0,True,Red Bull Racing,4702.978,2026-03-08T04:19:29.601000000,False,None,False,False,4753.868,24.5,53.5,1012.4,False,36.5,128,2.0,Australian Grand Prix
114.861,13,HARD,1,40.5,28.662,45.699,700000100.0,0.0,1111000.0,13,6.0,67,False,4932.053,VER,3,None,None,4857.756,4886.418,4932.117,211.0,135.0,196.0,184.0,True,Red Bull Racing,4817.192,2026-03-08T04:21:23.815000000,False,None,False,False,4873.87,24.6,52.3,1012.4,False,36.8,113,2.0,Australian Grand Prix
86.13,14,HARD,1,31.326,18.104,36.7,711010100.0,11000.0,1000100000.0,14,6.0,71,False,5018.183,VER,3,None,None,4963.443,4981.547,5018.247,252.0,302.0,295.0,266.0,True,Red Bull Racing,4932.053,2026-03-08T04:23:18.676000000,False,None,False,False,4993.903,24.3,53.3,1012.4,False,36.6,114,2.5,Australian Grand Prix
84.098,15,HARD,1,29.618,17.939,36.541,710000001.0,10000.0,0.0,15,6.0,1,True,5102.281,VER,3,None,None,5047.865,5065.804,5102.345,247.0,301.0,300.0,299.0,True,Red Bull Racing,5018.183,2026-03-08T04:24:44.806000000,False,None,False,True,5053.917,24.3,53.7,1012.3,False,37.3,125,2.0,Australian Grand Prix
84.606,16,HARD,1,29.522,18.04,37.044,701000000.0,0.0,0.0,16,6.0,1,False,5186.887,VER,3,None,None,5131.867,5149.907,5186.951,267.0,301.0,296.0,305.0,True,Red Bull Racing,5102.281,2026-03-08T04:26:08.904000000,False,None,False,True,5113.908,24.3,53.9,1012.3,False,38.4,140,3.5,Australian Grand Prix
84.757,17,HARD,1,29.737,17.967,37.053,700000000.0,100.0,555.0,17,6.0,1,False,5271.644,VER,3,None,None,5216.688,5234.655,5271.708,251.0,305.0,303.0,298.0,True,Red Bull Racing,5186.887,2026-03-08T04:27:33.510000000,False,None,False,True,5233.92,24.6,53.1,1012.3,False,37.7,111,3.0,Australian Grand Prix
108.547,18,HARD,1,30.11,17.724,60.713,500000000.0,0.0,0.0,18,7.0,126,False,5380.191,VER,3,None,5363.209,5301.818,5319.542,5380.255,249.0,318.0,None,295.0,True,Red Bull Racing,5271.644,2026-03-08T04:28:58.267000000,False,None,False,False,5293.918,24.6,52.5,1012.3,False,36.7,138,4.1,Australian Grand Prix
116.349,19,MEDIUM,2,42.485,26.161,47.703,100100.0,1000.0,1001111100.0,1,7.0,671,False,5496.54,VER,3,5382.692,None,5422.74,5448.901,5496.604,231.0,237.0,282.0,226.0,True,Red Bull Racing,5380.191,2026-03-08T04:30:46.814000000,False,None,False,False,5413.936,24.7,53.0,1012.3,False,35.9,142,2.9,Australian Grand Prix
83.566,20,MEDIUM,2,29.779,17.769,36.018,711001110.0,11000.0,101000000.0,2,6.0,1,True,5580.106,VER,3,None,None,5526.383,5544.152,5580.17,252.0,309.0,303.0,269.0,True,Red Bull Racing,5496.54,2026-03-08T04:32:43.163000000,False,None,False,True,5533.969,24.6,53.4,1012.2,False,35.8,126,2.8,Australian Grand Prix
83.536,21,MEDIUM,2,29.143,18.11,36.283,700010000.0,1000.0,0.0,3,6.0,1,True,5663.642,VER,3,None,None,5609.313,5627.423,5663.706,245.0,292.0,299.0,306.0,True,Red Bull Racing,5580.106,2026-03-08T04:34:06.729000000,False,None,False,True,5593.968,24.6,53.3,1012.1,False,35.7,119,3.8,Australian Grand Prix
83.458,22,MEDIUM,2,29.148,17.987,36.323,700010000.0,3000.0,101000000.0,4,6.0,1,True,5747.1,VER,3,None,None,5692.854,5710.841,5747.164,250.0,296.0,296.0,299.0,True,Red Bull Racing,5663.642,2026-03-08T04:35:30.265000000,False,None,False,True,5713.957,24.6,52.8,1012.1,False,36.4,111,2.9,Australian Grand Prix
83.516,23,MEDIUM,2,29.193,18.022,36.301,700000000.0,0.0,1100000.0,5,6.0,1,False,5830.616,VER,3,None,None,5776.357,5794.379,5830.68,250.0,294.0,293.0,296.0,True,Red Bull Racing,5747.1,2026-03-08T04:36:53.723000000,False,None,False,True,5773.973,24.5,52.9,1012.2,False,36.6,95,1.4,Australian Grand Prix
83.472,24,MEDIUM,2,29.331,17.986,36.155,700000000.0,10000.0,100000.0,6,6.0,1,False,5914.088,VER,3,None,None,5860.011,5877.997,5914.152,250.0,295.0,295.0,294.0,True,Red Bull Racing,5830.616,2026-03-08T04:38:17.239000000,False,None,False,True,5833.959,24.6,53.4,1012.1,False,37.0,114,2.1,Australian Grand Prix
83.554,25,MEDIUM,2,29.364,17.93,36.26,700000000.0,0.0,1000000.0,7,6.0,1,False,5997.642,VER,3,None,None,5943.516,5961.446,5997.706,250.0,296.0,298.0,294.0,True,Red Bull Racing,5914.088,2026-03-08T04:39:40.711000000,False,None,False,True,5953.975,24.8,52.6,1012.1,False,37.6,147,3.1,Australian Grand Prix
83.363,26,MEDIUM,2,29.297,17.886,36.18,700000000.0,0.0,0.0,8,6.0,1,True,6081.005,VER,3,None,None,6027.003,6044.889,6081.069,250.0,298.0,299.0,299.0,True,Red Bull Racing,5997.642,2026-03-08T04:41:04.265000000,False,None,False,True,6013.976,24.8,52.7,1012.0,False,37.4,106,3.3,Australian Grand Prix
83.74,27,MEDIUM,2,29.355,17.915,36.47,700000000.0,0.0,100000000.0,9,6.0,1,False,6164.745,VER,3,None,None,6110.424,6128.339,6164.809,255.0,298.0,297.0,299.0,True,Red Bull Racing,6081.005,2026-03-08T04:42:27.628000000,False,None,False,True,6134.01,24.8,52.0,1012.0,False,36.5,98,2.5,Australian Grand Prix
83.463,28,MEDIUM,2,29.351,17.958,36.154,710010000.0,0.0,0.0,10,6.0,1,False,6248.208,VER,3,None,None,6194.16,6212.118,6248.272,252.0,296.0,297.0,295.0,True,Red Bull Racing,6164.745,2026-03-08T04:43:51.368000000,False,None,False,True,6194.01,24.8,52.8,1012.0,False,36.3,98,4.0,Australian Grand Prix
83.439,29,MEDIUM,2,29.24,17.886,36.313,700000000.0,10000.0,0.0,11,6.0,1,False,6331.647,VER,3,None,None,6277.512,6295.398,6331.711,253.0,302.0,297.0,299.0,True,Red Bull Racing,6248.208,2026-03-08T04:45:14.831000000,False,None,False,True,6254.01,24.8,52.8,1012.1,False,36.1,120,3.0,Australian Grand Prix
83.39,30,MEDIUM,2,29.256,17.871,36.263,700000000.0,0.0,0.0,12,6.0,1,False,6415.037,VER,3,None,None,6360.967,6378.838,6415.101,252.0,299.0,300.0,296.0,True,Red Bull Racing,6331.647,2026-03-08T04:46:38.270000000,False,None,False,True,6374.017,25.3,53.7,1012.0,False,36.1,123,2.5,Australian Grand Prix
83.51,31,MEDIUM,2,29.324,17.844,36.342,700000000.0,0.0,0.0,13,6.0,1,False,6498.547,VER,3,None,None,6444.425,6462.269,6498.611,253.0,300.0,304.0,295.0,True,Red Bull Racing,6415.037,2026-03-08T04:48:01.660000000,False,None,False,True,6434.013,25.2,53.5,1011.9,False,37.3,184,1.0,Australian Grand Prix
83.587,32,MEDIUM,2,29.193,17.877,36.517,700000000.0,0.0,0.0,14,6.0,1,False,6582.134,VER,3,None,None,6527.804,6545.681,6582.198,254.0,300.0,292.0,303.0,True,Red Bull Racing,6498.547,2026-03-08T04:49:25.170000000,False,None,False,True,6554.015,25.2,53.1,1012.0,False,37.0,125,4.0,Australian Grand Prix
83.93,33,MEDIUM,2,29.526,17.854,36.55,700000000.0,0.0,10000003.0,15,6.0,1,False,6666.064,VER,3,None,None,6611.724,6629.578,6666.128,250.0,303.0,302.0,297.0,True,Red Bull Racing,6582.134,2026-03-08T04:50:48.757000000,False,None,False,True,6614.014,25.1,53.0,1012.0,False,37.2,147,3.0,Australian Grand Prix
98.216,34,MEDIUM,2,39.424,22.416,36.376,100000000.0,0.0,100000.0,16,5.0,167,False,6764.28,VER,3,None,None,6705.552,6727.968,6764.344,217.0,291.0,314.0,303.0,True,Red Bull Racing,6666.064,2026-03-08T04:52:12.687000000,False,None,False,False,6674.029,25.1,53.2,1011.8,False,37.7,107,2.5,Australian Grand Prix
84.556,35,MEDIUM,2,29.456,18.087,37.013,10.0,0.0,0.0,17,5.0,1,False,6848.836,VER,3,None,None,6793.8,6811.887,6848.9,251.0,292.0,313.0,313.0,True,Red Bull Racing,6764.28,2026-03-08T04:53:50.903000000,False,None,False,True,6794.063,25.2,52.4,1011.9,False,37.2,105,3.7,Australian Grand Prix
83.967,36,MEDIUM,2,29.51,18.177,36.28,700000010.0,0.0,0.0,18,5.0,1,False,6932.803,VER,3,None,None,6878.41,6896.587,6932.867,252.0,291.0,311.0,311.0,True,Red Bull Racing,6848.836,2026-03-08T04:55:15.459000000,False,None,False,True,6914.079,25.2,52.5,1011.8,False,37.8,119,3.8,Australian Grand Prix
83.675,37,MEDIUM,2,29.34,18.18,36.155,700000000.0,0.0,0.0,19,5.0,1,False,7016.478,VER,3,None,None,6962.207,6980.387,7016.542,253.0,291.0,312.0,308.0,True,Red Bull Racing,6932.803,2026-03-08T04:56:39.426000000,False,None,False,True,6974.097,25.2,52.8,1011.8,False,37.0,120,3.8,Australian Grand Prix
83.912,38,MEDIUM,2,29.242,18.212,36.458,700000000.0,0.0,0.0,20,5.0,1,False,7100.39,VER,3,None,None,7045.784,7063.996,7100.454,252.0,292.0,307.0,308.0,True,Red Bull Racing,7016.478,2026-03-08T04:58:03.101000000,False,None,False,True,7094.098,25.1,53.0,1011.8,False,35.9,115,3.0,Australian Grand Prix
83.715,39,MEDIUM,2,29.316,18.034,36.365,700010000.0,0.0,0.0,21,5.0,1,False,7184.105,VER,3,None,None,7129.77,7147.804,7184.169,251.0,297.0,305.0,304.0,True,Red Bull Racing,7100.39,2026-03-08T04:59:27.013000000,False,None,False,True,7154.099,25.0,52.1,1011.8,False,35.7,98,2.5,Australian Grand Prix
84.595,40,MEDIUM,2,29.579,17.878,37.138,700000000.0,0.0,1555.0,22,5.0,1,False,7268.7,VER,3,None,None,7213.748,7231.626,7268.764,254.0,304.0,295.0,295.0,True,Red Bull Racing,7184.105,2026-03-08T05:00:50.728000000,False,None,False,True,7214.101,25.0,52.7,1011.8,False,35.5,140,3.1,Australian Grand Prix
98.866,41,MEDIUM,2,29.633,17.899,51.334,500000010.0,0.0,100000.0,23,5.0,1,False,7367.566,VER,3,None,7351.678,7298.397,7316.296,7367.63,252.0,297.0,None,291.0,True,Red Bull Racing,7268.7,2026-03-08T05:02:15.323000000,False,None,False,False,7334.114,25.0,52.8,1011.7,False,35.5,136,3.6,Australian Grand Prix
87.991,42,HARD,3,34.309,17.942,35.74,1001110.0,13100.0,101000100.0,1,6.0,1,False,7455.557,VER,3,7369.983,None,7401.939,7419.881,7455.621,253.0,297.0,293.0,233.0,True,Red Bull Racing,7367.566,2026-03-08T05:03:54.189000000,False,None,False,False,7394.119,25.0,52.8,1011.8,False,35.4,96,2.8,Australian Grand Prix
82.091,43,HARD,3,28.823,17.616,35.652,700000000.0,0.0,0.0,2,6.0,1,True,7537.648,VER,3,None,None,7484.444,7502.06,7537.712,255.0,300.0,305.0,297.0,True,Red Bull Racing,7455.557,2026-03-08T05:05:22.180000000,False,None,False,True,7454.108,25.1,52.6,1011.6,False,35.5,99,1.3,Australian Grand Prix
82.52,44,HARD,3,28.919,17.767,35.834,700000001.0,0.0,300000000.0,3,6.0,1,False,7620.168,VER,3,None,None,7566.631,7584.398,7620.232,253.0,300.0,302.0,304.0,True,Red Bull Racing,7537.648,2026-03-08T05:06:44.271000000,False,None,False,True,7574.136,25.2,52.7,1011.7,False,36.2,93,1.0,Australian Grand Prix
82.453,45,HARD,3,28.859,17.681,35.913,700000000.0,100.0,1000000.0,4,6.0,1,False,7702.621,VER,3,None,None,7649.091,7666.772,7702.685,269.0,303.0,299.0,306.0,True,Red Bull Racing,7620.168,2026-03-08T05:08:06.791000000,False,None,False,True,7634.151,25.1,52.5,1011.7,False,36.6,110,2.0,Australian Grand Prix
82.81,46,HARD,3,29.22,17.664,35.926,700010000.0,300.0,0.0,5,6.0,1,False,7785.431,VER,3,None,None,7731.905,7749.569,7785.495,251.0,305.0,308.0,302.0,True,Red Bull Racing,7702.621,2026-03-08T05:09:29.244000000,False,None,False,True,7754.15,25.1,51.4,1011.6,False,35.7,118,3.9,Australian Grand Prix
82.489,47,HARD,3,28.873,17.603,36.013,700000000.0,300.0,0.0,6,6.0,1,False,7867.92,VER,3,None,None,7814.368,7831.971,7867.984,259.0,307.0,305.0,309.0,True,Red Bull Racing,7785.431,2026-03-08T05:10:52.054000000,False,None,False,True,7814.153,25.1,51.4,1011.6,False,35.6,140,2.9,Australian Grand Prix
82.906,48,HARD,3,29.093,17.536,36.277,700000000.0,0.0,0.0,7,6.0,1,False,7950.826,VER,3,None,None,7897.077,7914.613,7950.89,258.0,312.0,307.0,307.0,True,Red Bull Racing,7867.92,2026-03-08T05:12:14.543000000,False,None,False,True,7874.138,25.1,52.4,1011.6,False,35.4,106,4.0,Australian Grand Prix
82.939,49,HARD,3,29.15,17.584,36.205,700000010.0,0.0,300000000.0,8,6.0,1,False,8033.765,VER,3,None,None,7980.04,7997.624,8033.829,259.0,308.0,304.0,302.0,True,Red Bull Racing,7950.826,2026-03-08T05:13:37.449000000,False,None,False,True,7994.158,25.1,52.9,1011.6,False,36.8,110,2.4,Australian Grand Prix
82.738,50,HARD,3,29.125,17.654,35.959,710000000.0,0.0,0.0,9,6.0,1,False,8116.503,VER,3,None,None,8062.954,8080.608,8116.567,256.0,305.0,307.0,306.0,True,Red Bull Racing,8033.765,2026-03-08T05:15:00.388000000,False,None,False,True,8054.173,25.2,53.0,1011.6,False,36.5,116,2.6,Australian Grand Prix
82.69,51,HARD,3,29.042,17.676,35.972,700000010.0,100.0,0.0,10,6.0,1,False,8199.193,VER,3,None,None,8145.609,8163.285,8199.257,256.0,302.0,308.0,307.0,True,Red Bull Racing,8116.503,2026-03-08T05:16:23.126000000,False,None,False,True,8174.192,25.3,52.0,1011.6,False,35.9,125,2.3,Australian Grand Prix
82.683,52,HARD,3,28.971,17.606,36.106,700100000.0,0.0,0.0,11,6.0,1,False,8281.876,VER,3,None,None,8228.228,8245.834,8281.94,250.0,304.0,309.0,309.0,True,Red Bull Racing,8199.193,2026-03-08T05:17:45.816000000,False,None,False,True,8234.191,25.3,52.2,1011.5,False,35.6,106,3.1,Australian Grand Prix
83.109,53,HARD,3,29.115,17.894,36.1,700000000.0,0.0,0.0,12,6.0,1,False,8364.985,VER,3,None,None,8311.055,8328.949,8365.049,242.0,297.0,305.0,313.0,True,Red Bull Racing,8281.876,2026-03-08T05:19:08.499000000,False,None,False,True,8294.207,25.3,51.1,1011.5,False,35.3,121,3.0,Australian Grand Prix
83.09,54,HARD,3,29.024,17.803,36.263,700010000.0,0.0,0.0,13,6.0,1,False,8448.075,VER,3,None,None,8394.073,8411.876,8448.139,258.0,296.0,304.0,304.0,True,Red Bull Racing,8364.985,2026-03-08T05:20:31.608000000,False,None,False,True,8414.244,25.3,51.9,1011.5,False,34.8,115,3.0,Australian Grand Prix
83.211,55,HARD,3,29.154,17.844,36.213,700000001.0,0.0,0.0,14,6.0,1,False,8531.286,VER,3,None,None,8477.293,8495.137,8531.35,243.0,295.0,304.0,304.0,True,Red Bull Racing,8448.075,2026-03-08T05:21:54.698000000,False,None,False,True,8474.264,25.3,51.7,1011.5,False,34.7,130,4.2,Australian Grand Prix
83.109,56,HARD,3,29.051,17.734,36.324,710000000.0,0.0,0.0,15,6.0,1,False,8614.395,VER,3,None,None,8560.401,8578.135,8614.459,271.0,295.0,303.0,303.0,True,Red Bull Racing,8531.286,2026-03-08T05:23:17.909000000,False,None,False,True,8534.293,25.2,51.6,1011.6,False,34.6,126,3.2,Australian Grand Prix
83.469,57,HARD,3,29.153,17.83,36.486,700100000.0,0.0,0.0,16,6.0,1,False,8697.864,VER,3,None,None,8643.612,8661.442,8697.928,252.0,296.0,308.0,306.0,True,Red Bull Racing,8614.395,2026-03-08T05:24:41.018000000,False,None,False,True,8654.277,25.2,52.0,1011.5,False,34.4,105,2.9,Australian Grand Prix
83.533,58,HARD,3,29.247,17.832,36.454,700000000.0,0.0,,17,6.0,1,False,8781.397,VER,3,None,None,8727.175,8745.007,8781.461,254.0,294.0,292.0,303.0,True,Red Bull Racing,8697.864,2026-03-08T05:26:04.487000000,False,None,False,True,8714.29,25.1,51.7,1011.5,False,34.5,103,2.9,Australian Grand Prix
107.23,1,HARD,1,,31.309,44.412,111111.0,111111.0,11111111111.0,1,10.0,12,False,3491.542,ALO,14,None,None,None,3447.245,3491.693,286.0,268.0,261.0,323.0,True,Aston Martin,3384.05,2026-03-15T07:03:59.831000000,False,None,False,False,3420.295,15.6,55.2,1024.4,False,23.3,72,2.8,Chinese Grand Prix
102.291,2,HARD,1,26.719,31.646,43.926,1111111.0,101000.0,1100111111.0,2,13.0,1,True,3593.833,ALO,14,None,None,3518.347,3549.993,3593.919,287.0,253.0,265.0,325.0,True,Aston Martin,3491.542,2026-03-15T07:05:47.323000000,False,None,False,True,3540.312,15.6,55.3,1024.5,False,22.5,102,4.5,Chinese Grand Prix
101.588,3,HARD,1,26.6,31.151,43.837,7110100.0,1110.0,10000011100.0,3,14.0,1,True,3695.421,ALO,14,None,None,3620.519,3651.67,3695.507,263.0,250.0,263.0,309.0,True,Aston Martin,3593.833,2026-03-15T07:07:29.614000000,False,None,False,True,3600.332,15.5,55.8,1024.4,False,23.0,107,1.8,Chinese Grand Prix
100.471,4,HARD,1,26.212,30.81,43.449,11100.0,100100.0,10000101110.0,4,14.0,1,True,3795.892,ALO,14,None,None,3721.719,3752.529,3795.978,274.0,251.0,263.0,312.0,True,Aston Martin,3695.421,2026-03-15T07:09:11.202000000,False,None,False,True,3720.342,15.5,55.4,1024.5,False,23.0,105,2.5,Chinese Grand Prix
101.554,5,HARD,1,26.535,31.007,44.012,7011000.0,100.0,11000.0,5,14.0,1,False,3897.446,ALO,14,None,None,3822.513,3853.52,3897.532,255.0,247.0,263.0,306.0,True,Aston Martin,3795.892,2026-03-15T07:10:51.673000000,False,None,False,True,3840.33,15.5,55.3,1024.5,False,23.1,92,3.7,Chinese Grand Prix
101.824,6,HARD,1,26.393,31.047,44.384,7010000.0,0.0,0.0,6,15.0,1,False,3999.27,ALO,14,None,None,3923.925,3954.972,3999.356,256.0,249.0,260.0,302.0,True,Aston Martin,3897.446,2026-03-15T07:12:33.227000000,False,None,False,True,3900.33,15.6,55.6,1024.5,False,22.9,107,2.2,Chinese Grand Prix
101.659,7,HARD,1,26.579,31.303,43.777,7000000.0,0.0,11.0,7,15.0,1,False,4100.929,ALO,14,None,None,4025.935,4057.238,4101.015,267.0,248.0,265.0,316.0,True,Aston Martin,3999.27,2026-03-15T07:14:15.051000000,False,None,False,True,4020.34,15.6,55.8,1024.5,False,22.4,111,2.4,Chinese Grand Prix
101.113,8,HARD,1,26.389,31.171,43.553,7000000.0,0.0,10000000000.0,8,15.0,1,False,4202.042,ALO,14,None,None,4127.404,4158.575,4202.128,258.0,250.0,263.0,315.0,True,Aston Martin,4100.929,2026-03-15T07:15:56.710000000,False,None,False,True,4080.343,15.6,55.9,1024.3,False,22.8,88,2.1,Chinese Grand Prix
101.631,9,HARD,1,26.658,31.46,43.513,7000000.0,0.0,11.0,9,15.0,1,False,4303.673,ALO,14,None,None,4228.786,4260.246,4303.759,255.0,247.0,265.0,310.0,True,Aston Martin,4202.042,2026-03-15T07:17:37.823000000,False,None,False,True,4200.397,15.6,56.0,1024.5,False,22.6,110,2.6,Chinese Grand Prix
119.919,10,HARD,1,26.504,37.346,56.069,7000000.0,0.0,0.0,10,11.0,124,False,4423.592,ALO,14,None,None,4330.263,4367.609,4423.678,255.0,200.0,166.0,226.0,True,Aston Martin,4303.673,2026-03-15T07:19:19.454000000,False,None,False,False,4320.396,15.5,56.2,1024.6,False,22.4,92,1.5,Chinese Grand Prix
135.393,11,HARD,1,37.207,40.635,57.551,7000000.0,0.0,0.0,11,11.0,4,False,4558.985,ALO,14,None,None,4460.885,4501.52,4559.071,170.0,218.0,216.0,250.0,True,Aston Martin,4423.592,2026-03-15T07:21:19.373000000,False,None,False,False,4440.382,15.5,55.5,1024.6,False,22.8,77,0.8,Chinese Grand Prix
140.998,12,HARD,1,36.95,40.579,63.469,7000000.0,0.0,0.0,12,11.0,4,False,4699.983,ALO,14,None,None,4596.021,4636.6,4700.069,238.0,180.0,124.0,124.0,True,Aston Martin,4558.985,2026-03-15T07:23:34.766000000,False,None,False,False,4560.395,15.5,55.3,1024.7,False,22.7,0,0.0,Chinese Grand Prix
143.746,13,HARD,1,35.617,45.735,62.394,7000000.0,0.0,0.0,13,11.0,41,False,4843.729,ALO,14,None,None,4735.686,4781.421,4843.815,213.0,189.0,262.0,196.0,True,Aston Martin,4699.983,2026-03-15T07:25:55.764000000,False,None,False,False,4740.397,15.5,55.1,1024.6,False,22.0,131,1.7,Chinese Grand Prix
103.5,14,HARD,1,27.411,31.734,44.355,1100000.0,0.0,10001.0,14,16.0,1,False,4947.229,ALO,14,None,None,4871.226,4902.96,4947.315,267.0,252.0,269.0,325.0,True,Aston Martin,4843.729,2026-03-15T07:28:19.510000000,False,None,False,True,4860.43,15.4,56.3,1024.7,False,22.4,112,1.1,Chinese Grand Prix
101.183,15,HARD,1,26.24,30.898,44.045,7100000.0,0.0,0.0,15,17.0,1,False,5048.412,ALO,14,None,None,4973.555,5004.453,5048.498,280.0,255.0,267.0,317.0,True,Aston Martin,4947.229,2026-03-15T07:30:03.010000000,False,None,False,True,4980.417,15.4,56.2,1024.7,False,21.6,116,2.8,Chinese Grand Prix
100.26,16,HARD,1,26.131,30.815,43.314,0.0,100000.0,10011000.0,16,17.0,1,True,5148.672,ALO,14,None,None,5074.629,5105.444,5148.758,276.0,250.0,266.0,313.0,True,Aston Martin,5048.412,2026-03-15T07:31:44.193000000,False,None,False,True,5100.455,15.2,56.6,1024.7,False,21.9,114,3.2,Chinese Grand Prix
100.363,17,HARD,1,26.281,30.849,43.233,7011000.0,0.0,100011000.0,17,16.0,12,False,5249.035,ALO,14,None,None,5175.039,5205.888,5249.121,260.0,248.0,265.0,315.0,True,Aston Martin,5148.672,2026-03-15T07:33:24.453000000,False,None,False,True,5160.435,15.2,56.7,1024.7,False,21.9,126,1.0,Chinese Grand Prix
101.241,18,HARD,1,27.183,30.854,43.204,7000000.0,100000.0,10000000000.0,18,17.0,21,False,5350.276,ALO,14,None,None,5276.304,5307.158,5350.362,257.0,253.0,266.0,313.0,True,Aston Martin,5249.035,2026-03-15T07:35:04.816000000,False,None,False,True,5280.444,15.3,56.2,1024.6,False,21.6,101,1.6,Chinese Grand Prix
100.356,19,HARD,1,26.15,30.915,43.291,7011000.0,0.0,1000000010.0,19,17.0,1,False,5450.632,ALO,14,None,None,5376.512,5407.427,5450.718,258.0,247.0,265.0,310.0,True,Aston Martin,5350.276,2026-03-15T07:36:46.057000000,False,None,False,True,5340.458,15.3,56.4,1024.6,False,21.6,98,2.0,Chinese Grand Prix
100.254,20,HARD,1,26.25,30.766,43.238,7010100.0,100000.0,1000000110.0,20,17.0,1,True,5550.886,ALO,14,None,None,5476.968,5507.734,5550.972,256.0,252.0,266.0,307.0,True,Aston Martin,5450.632,2026-03-15T07:38:26.413000000,False,None,False,True,5460.458,15.3,56.8,1024.5,False,21.5,108,1.7,Chinese Grand Prix
99.812,21,HARD,1,26.203,30.635,42.974,7000000.0,100100.0,11100100110.0,21,17.0,1,True,5650.698,ALO,14,None,None,5577.175,5607.81,5650.784,256.0,251.0,266.0,306.0,True,Aston Martin,5550.886,2026-03-15T07:40:06.667000000,False,None,False,True,5580.486,15.3,56.9,1024.5,False,21.8,92,2.8,Chinese Grand Prix
99.938,22,HARD,1,26.218,30.615,43.105,7010000.0,100000.0,1100111000.0,22,17.0,1,False,5750.636,ALO,14,None,None,5677.002,5707.617,5750.722,257.0,248.0,264.0,305.0,True,Aston Martin,5650.698,2026-03-15T07:41:46.479000000,False,None,False,True,5640.491,15.3,57.0,1024.3,False,21.7,110,2.4,Chinese Grand Prix
99.801,23,HARD,1,26.192,30.561,43.048,7003000.0,100.0,100100000.0,23,17.0,1,True,5850.437,ALO,14,None,None,5776.914,5807.475,5850.523,257.0,252.0,266.0,305.0,True,Aston Martin,5750.636,2026-03-15T07:43:26.417000000,False,None,False,True,5760.489,15.3,56.2,1024.3,False,21.6,89,1.5,Chinese Grand Prix
99.767,24,HARD,1,26.222,30.534,43.011,7010100.0,100100.0,0.0,24,17.0,1,True,5950.204,ALO,14,None,None,5876.745,5907.279,5950.29,256.0,249.0,268.0,304.0,True,Aston Martin,5850.437,2026-03-15T07:45:06.218000000,False,None,False,True,5880.499,15.4,56.2,1024.3,False,21.8,94,2.8,Chinese Grand Prix
99.721,25,HARD,1,26.187,30.538,42.996,7010000.0,100.0,10000000010.0,25,17.0,1,True,6049.925,ALO,14,None,None,5976.477,6007.015,6050.011,257.0,253.0,266.0,306.0,True,Aston Martin,5950.204,2026-03-15T07:46:45.985000000,False,None,False,True,5940.541,15.3,56.3,1024.3,False,21.7,93,2.2,Chinese Grand Prix
99.755,26,HARD,1,26.207,30.556,42.992,7000000.0,0.0,10100000001.0,26,17.0,1,False,6149.68,ALO,14,None,None,6076.218,6106.774,6149.766,256.0,251.0,270.0,305.0,True,Aston Martin,6049.925,2026-03-15T07:48:25.706000000,False,None,False,True,6060.553,15.3,56.5,1024.4,False,21.8,63,2.3,Chinese Grand Prix
100.242,27,HARD,1,26.259,30.598,43.385,7000000.0,0.0,0.0,27,17.0,12,False,6249.922,ALO,14,None,None,6176.025,6206.623,6250.008,257.0,250.0,267.0,301.0,True,Aston Martin,6149.68,2026-03-15T07:50:05.461000000,False,None,False,True,6180.548,15.4,56.0,1024.4,False,21.8,70,2.2,Chinese Grand Prix
99.745,28,HARD,1,26.146,30.566,43.033,7000000.0,100000.0,0.0,28,17.0,1,False,6349.667,ALO,14,None,None,6276.154,6306.72,6349.753,257.0,253.0,267.0,308.0,True,Aston Martin,6249.922,2026-03-15T07:51:45.703000000,False,None,False,True,6240.572,15.4,56.0,1024.4,False,21.7,67,2.0,Chinese Grand Prix
99.945,29,HARD,1,26.276,30.659,43.01,7000000.0,0.0,0.0,29,17.0,1,False,6449.612,ALO,14,None,None,6376.029,6406.688,6449.698,256.0,251.0,268.0,311.0,True,Aston Martin,6349.667,2026-03-15T07:53:25.448000000,False,None,False,True,6360.641,15.4,55.6,1024.4,False,21.6,77,3.0,Chinese Grand Prix
100.349,30,HARD,1,26.136,30.955,43.258,7000000.0,1000.0,0.0,30,17.0,1,False,6549.961,ALO,14,None,None,6475.834,6506.789,6550.047,260.0,252.0,269.0,312.0,True,Aston Martin,6449.612,2026-03-15T07:55:05.393000000,False,None,False,True,6480.569,15.4,55.8,1024.4,False,21.2,77,2.6,Chinese Grand Prix
106.419,31,HARD,1,26.45,30.953,49.016,7000000.0,0.0,11555.0,31,17.0,1,False,6656.38,ALO,14,None,6654.634,6576.497,6607.45,6656.466,258.0,249.0,None,308.0,True,Aston Martin,6549.961,2026-03-15T07:56:45.742000000,False,None,False,False,6540.585,15.4,55.8,1024.4,False,21.2,77,2.6,Chinese Grand Prix
127.515,32,MEDIUM,2,45.832,31.686,49.997,5500000.0,10.0,11100000555.0,1,17.0,12,False,6783.895,ALO,14,6677.946,6782.232,6702.298,6733.984,6783.981,255.0,251.0,None,305.0,True,Aston Martin,6656.38,2026-03-15T07:58:32.161000000,False,None,False,False,6660.608,15.2,56.6,1024.5,False,21.1,84,1.6,Chinese Grand Prix
100.137,1,MEDIUM,1,,29.788,41.977,111133.0,111113.0,13311111133.0,1,2.0,12,False,3484.449,ANT,12,None,None,None,3442.676,3484.692,298.0,264.0,270.0,325.0,True,Mercedes,3384.05,2026-03-15T07:03:59.831000000,False,None,False,False,3420.295,15.6,55.2,1024.4,False,23.3,72,2.8,Chinese Grand Prix
98.305,2,MEDIUM,1,26.129,30.278,41.898,1111100.0,10010.0,10311310.0,2,1.0,1,True,3582.754,ANT,12,None,None,3510.693,3540.971,3582.869,278.0,263.0,266.0,316.0,True,Mercedes,3484.449,2026-03-15T07:05:40.230000000,False,None,False,True,3540.312,15.6,55.3,1024.5,False,22.5,102,4.5,Chinese Grand Prix
98.013,3,MEDIUM,1,25.948,29.572,42.493,13100.0,101130.0,1000.0,3,1.0,1,True,3680.767,ANT,12,None,None,3608.817,3638.389,3680.882,267.0,257.0,266.0,304.0,True,Mercedes,3582.754,2026-03-15T07:07:18.535000000,False,None,False,True,3600.332,15.5,55.8,1024.4,False,23.0,107,1.8,Chinese Grand Prix
97.394,4,MEDIUM,1,26.003,29.327,42.064,7010100.0,301030.0,30000011110.0,4,1.0,1,True,3778.161,ANT,12,None,None,3706.885,3736.212,3778.276,269.0,259.0,267.0,306.0,True,Mercedes,3680.767,2026-03-15T07:08:56.548000000,False,None,False,True,3720.342,15.5,55.4,1024.5,False,23.0,105,2.5,Chinese Grand Prix
97.535,5,MEDIUM,1,25.859,29.51,42.166,7011000.0,1100.0,11110.0,5,1.0,1,False,3875.696,ANT,12,None,None,3804.135,3833.645,3875.811,270.0,257.0,267.0,307.0,True,Mercedes,3778.161,2026-03-15T07:10:33.942000000,False,None,False,True,3840.33,15.5,55.3,1024.5,False,23.1,92,3.7,Chinese Grand Prix
97.172,6,MEDIUM,1,25.696,29.434,42.042,7013100.0,301100.0,101000.0,6,1.0,1,True,3972.868,ANT,12,None,None,3901.507,3930.941,3972.983,270.0,258.0,267.0,307.0,True,Mercedes,3875.696,2026-03-15T07:12:11.477000000,False,None,False,True,3900.33,15.6,55.6,1024.5,False,22.9,107,2.2,Chinese Grand Prix
97.412,7,MEDIUM,1,25.891,29.467,42.054,7000100.0,101000.0,300001000.0,7,1.0,1,False,4070.28,ANT,12,None,None,3998.874,4028.341,4070.395,271.0,258.0,267.0,306.0,True,Mercedes,3972.868,2026-03-15T07:13:48.649000000,False,None,False,True,4020.34,15.6,55.8,1024.5,False,22.4,111,2.4,Chinese Grand Prix
97.322,8,MEDIUM,1,25.807,29.454,42.061,7000100.0,101100.0,110.0,8,1.0,1,False,4167.602,ANT,12,None,None,4096.202,4125.656,4167.717,271.0,257.0,266.0,307.0,True,Mercedes,4070.28,2026-03-15T07:15:26.061000000,False,None,False,True,4080.343,15.6,55.9,1024.3,False,22.8,88,2.1,Chinese Grand Prix
97.356,9,MEDIUM,1,25.839,29.585,41.932,7000100.0,1000.0,11000.0,9,1.0,1,False,4264.958,ANT,12,None,None,4193.556,4223.141,4265.073,269.0,256.0,269.0,309.0,True,Mercedes,4167.602,2026-03-15T07:17:03.383000000,False,None,False,True,4200.397,15.6,56.0,1024.5,False,22.6,110,2.6,Chinese Grand Prix
106.671,10,MEDIUM,1,25.717,29.56,51.394,7000000.0,0.0,1555.0,10,1.0,124,False,4371.629,ANT,12,None,4369.922,4290.79,4320.35,4371.744,270.0,257.0,None,307.0,True,Mercedes,4264.958,2026-03-15T07:18:40.739000000,False,None,False,False,4320.396,15.5,56.2,1024.6,False,22.4,92,1.5,Chinese Grand Prix
167.222,11,HARD,2,57.422,45.272,64.528,5500000.0,0.0,0.0,1,1.0,4,False,4538.818,ANT,12,4392.979,None,4429.222,4474.478,4539.118,174.0,158.0,204.0,210.0,True,Mercedes,4371.629,2026-03-15T07:20:27.410000000,False,None,False,False,4440.382,15.5,55.5,1024.6,False,22.8,77,0.8,Chinese Grand Prix
149.91,12,HARD,2,43.356,43.386,63.168,0.0,0.0,0.0,2,1.0,4,False,4688.728,ANT,12,None,None,4582.289,4625.675,4688.843,164.0,182.0,214.0,186.0,True,Mercedes,4538.818,2026-03-15T07:23:14.599000000,False,None,False,False,4560.395,15.5,55.3,1024.7,False,22.7,0,0.0,Chinese Grand Prix
150.521,13,HARD,2,37.267,44.242,69.012,7000000.0,0.0,0.0,3,1.0,41,False,4839.246,ANT,12,None,None,4726.204,4770.445,4839.552,178.0,138.0,264.0,158.0,True,Mercedes,4688.728,2026-03-15T07:25:44.509000000,False,None,False,False,4740.397,15.5,55.1,1024.6,False,22.0,131,1.7,Chinese Grand Prix
98.957,14,HARD,2,26.203,30.021,42.733,1000000.0,0.0,0.0,4,1.0,1,False,4938.203,ANT,12,None,None,4865.564,4895.585,4938.318,277.0,271.0,266.0,309.0,True,Mercedes,4839.246,2026-03-15T07:28:15.027000000,False,None,False,True,4860.43,15.4,56.3,1024.7,False,22.4,112,1.1,Chinese Grand Prix
98.222,15,HARD,2,26.027,29.867,42.328,0.0,0.0,1.0,5,1.0,1,False,5036.425,ANT,12,None,None,4964.345,4994.212,5036.54,272.0,257.0,271.0,308.0,True,Mercedes,4938.203,2026-03-15T07:29:53.984000000,False,None,False,True,4980.417,15.4,56.2,1024.7,False,21.6,116,2.8,Chinese Grand Prix
96.604,16,HARD,2,25.324,29.229,42.051,1113310.0,301000.0,100010000.0,6,1.0,1,True,5133.029,ANT,12,None,None,5061.864,5091.093,5133.144,269.0,255.0,268.0,305.0,True,Mercedes,5036.425,2026-03-15T07:31:32.206000000,False,None,False,True,5100.455,15.2,56.6,1024.7,False,21.9,114,3.2,Chinese Grand Prix
96.555,17,HARD,2,25.593,29.128,41.834,300.0,11000.0,300110000.0,7,1.0,1,True,5229.584,ANT,12,None,None,5158.737,5187.865,5229.699,273.0,260.0,269.0,309.0,True,Mercedes,5133.029,2026-03-15T07:33:08.810000000,False,None,False,True,5160.435,15.2,56.7,1024.7,False,21.9,126,1.0,Chinese Grand Prix
97.059,18,HARD,2,25.595,29.513,41.951,7000000.0,10000.0,10000.0,8,1.0,12,False,5326.643,ANT,12,None,None,5255.294,5284.807,5326.758,273.0,259.0,270.0,309.0,True,Mercedes,5229.584,2026-03-15T07:34:45.365000000,False,None,False,True,5280.444,15.3,56.2,1024.6,False,21.6,101,1.6,Chinese Grand Prix
96.816,19,HARD,2,25.574,29.505,41.737,7000010.0,0.0,110000.0,9,1.0,1,False,5423.459,ANT,12,None,None,5352.332,5381.837,5423.574,270.0,258.0,270.0,308.0,True,Mercedes,5326.643,2026-03-15T07:36:22.424000000,False,None,False,True,5340.458,15.3,56.4,1024.6,False,21.6,98,2.0,Chinese Grand Prix
96.762,20,HARD,2,25.551,29.411,41.8,7001000.0,0.0,10001.0,10,1.0,1,False,5520.221,ANT,12,None,None,5449.125,5478.536,5520.336,272.0,258.0,271.0,308.0,True,Mercedes,5423.459,2026-03-15T07:37:59.240000000,False,None,False,True,5460.458,15.3,56.8,1024.5,False,21.5,108,1.7,Chinese Grand Prix
96.929,21,HARD,2,25.652,29.348,41.929,7000000.0,0.0,30000000000.0,11,1.0,1,False,5617.15,ANT,12,None,None,5545.988,5575.336,5617.265,273.0,258.0,271.0,307.0,True,Mercedes,5520.221,2026-03-15T07:39:36.002000000,False,None,False,True,5580.486,15.3,56.9,1024.5,False,21.8,92,2.8,Chinese Grand Prix
96.612,22,HARD,2,25.668,29.194,41.75,7000000.0,100.0,10000.0,12,1.0,1,False,5713.762,ANT,12,None,None,5642.933,5672.127,5713.877,273.0,259.0,270.0,308.0,True,Mercedes,5617.15,2026-03-15T07:41:12.931000000,False,None,False,True,5640.491,15.3,57.0,1024.3,False,21.7,110,2.4,Chinese Grand Prix
96.806,23,HARD,2,25.681,29.239,41.886,7000000.0,100000.0,100010000.0,13,1.0,1,False,5810.568,ANT,12,None,None,5739.558,5768.797,5810.683,272.0,258.0,271.0,307.0,True,Mercedes,5713.762,2026-03-15T07:42:49.543000000,False,None,False,True,5760.489,15.3,56.2,1024.3,False,21.6,89,1.5,Chinese Grand Prix
96.513,24,HARD,2,25.539,29.189,41.785,7000000.0,0.0,10011.0,14,1.0,1,True,5907.081,ANT,12,None,None,5836.222,5865.411,5907.196,272.0,258.0,271.0,308.0,True,Mercedes,5810.568,2026-03-15T07:44:26.349000000,False,None,False,True,5880.499,15.4,56.2,1024.3,False,21.8,94,2.8,Chinese Grand Prix
96.514,25,HARD,2,25.495,29.19,41.829,7000000.0,110000.0,1.0,15,1.0,1,False,6003.595,ANT,12,None,None,5932.691,5961.881,6003.71,272.0,258.0,272.0,307.0,True,Mercedes,5907.081,2026-03-15T07:46:02.862000000,False,None,False,True,5940.541,15.3,56.3,1024.3,False,21.7,93,2.2,Chinese Grand Prix
96.588,26,HARD,2,25.55,29.207,41.831,7000000.0,1000.0,1.0,16,1.0,1,False,6100.183,ANT,12,None,None,6029.26,6058.467,6100.298,272.0,259.0,272.0,308.0,True,Mercedes,6003.595,2026-03-15T07:47:39.376000000,False,None,False,True,6060.553,15.3,56.5,1024.4,False,21.8,63,2.3,Chinese Grand Prix
96.59,27,HARD,2,25.515,29.2,41.875,7000000.0,0.0,1.0,17,1.0,1,False,6196.773,ANT,12,None,None,6125.813,6155.013,6196.888,272.0,259.0,272.0,309.0,True,Mercedes,6100.183,2026-03-15T07:49:15.964000000,False,None,False,True,6180.548,15.4,56.0,1024.4,False,21.8,70,2.2,Chinese Grand Prix
96.589,28,HARD,2,25.536,29.177,41.876,7000000.0,0.0,0.0,18,1.0,12,False,6293.362,ANT,12,None,None,6222.424,6251.601,6293.477,272.0,259.0,272.0,308.0,True,Mercedes,6196.773,2026-03-15T07:50:52.554000000,False,None,False,True,6240.572,15.4,56.0,1024.4,False,21.7,67,2.0,Chinese Grand Prix
96.381,29,HARD,2,25.583,29.116,41.682,7000000.0,110000.0,11.0,19,1.0,1,True,6389.743,ANT,12,None,None,6319.06,6348.176,6389.858,273.0,260.0,273.0,310.0,True,Mercedes,6293.362,2026-03-15T07:52:29.143000000,False,None,False,True,6360.641,15.4,55.6,1024.4,False,21.6,77,3.0,Chinese Grand Prix
96.166,30,HARD,2,25.389,29.103,41.674,7000100.0,100000.0,0.0,20,1.0,1,True,6485.909,ANT,12,None,None,6415.247,6444.35,6486.024,273.0,260.0,273.0,311.0,True,Mercedes,6389.743,2026-03-15T07:54:05.524000000,False,None,False,True,6480.569,15.4,55.8,1024.4,False,21.2,77,2.6,Chinese Grand Prix
96.108,31,HARD,2,25.417,28.996,41.695,7000000.0,1100.0,300000000.0,21,1.0,1,True,6582.017,ANT,12,None,None,6511.441,6540.437,6582.132,272.0,259.0,272.0,308.0,True,Mercedes,6485.909,2026-03-15T07:55:41.690000000,False,None,False,True,6540.585,15.4,55.8,1024.4,False,21.2,77,2.6,Chinese Grand Prix
95.983,32,HARD,2,25.328,28.984,41.671,7000300.0,111000.0,300000.0,22,1.0,1,True,6678.0,ANT,12,None,None,6607.46,6636.444,6678.115,273.0,260.0,271.0,311.0,True,Mercedes,6582.017,2026-03-15T07:57:17.798000000,False,None,False,True,6660.608,15.2,56.6,1024.5,False,21.1,84,1.6,Chinese Grand Prix
96.443,33,HARD,2,25.615,29.163,41.665,7010000.0,0.0,300000.0,23,1.0,12,False,6774.443,ANT,12,None,None,6703.73,6732.893,6774.558,274.0,258.0,271.0,309.0,True,Mercedes,6678.0,2026-03-15T07:58:53.781000000,False,None,False,True,6720.626,15.3,56.8,1024.5,False,21.1,84,2.2,Chinese Grand Prix
96.021,34,HARD,2,25.454,29.002,41.565,7010000.0,0.0,10000.0,24,1.0,1,False,6870.464,ANT,12,None,None,6800.012,6829.014,6870.579,272.0,260.0,271.0,312.0,True,Mercedes,6774.443,2026-03-15T08:00:30.224000000,False,None,False,True,6840.653,15.3,56.2,1024.5,False,20.8,86,1.7,Chinese Grand Prix
96.037,35,HARD,2,25.515,28.991,41.531,7000000.0,1000.0,300010.0,25,1.0,1,False,6966.501,ANT,12,None,None,6896.094,6925.085,6966.616,273.0,259.0,272.0,309.0,True,Mercedes,6870.464,2026-03-15T08:02:06.245000000,False,None,False,True,6960.665,15.3,56.1,1024.5,False,21.0,108,1.6,Chinese Grand Prix
96.014,36,HARD,2,25.48,28.908,41.626,7000000.0,310000.0,300010000.0,26,1.0,1,False,7062.515,ANT,12,None,None,6992.096,7021.004,7062.63,274.0,261.0,273.0,311.0,True,Mercedes,6966.501,2026-03-15T08:03:42.282000000,False,None,False,True,7020.691,15.3,55.9,1024.4,False,21.0,98,1.6,Chinese Grand Prix
96.159,37,HARD,2,25.497,28.938,41.724,7000000.0,0.0,10000.0,27,1.0,1,False,7158.674,ANT,12,None,None,7088.127,7117.065,7158.789,274.0,261.0,273.0,312.0,True,Mercedes,7062.515,2026-03-15T08:05:18.296000000,False,None,False,True,7140.713,15.3,55.4,1024.5,False,20.3,121,2.4,Chinese Grand Prix
95.526,38,HARD,2,25.283,28.807,41.436,7000000.0,11100.0,1.0,28,1.0,1,True,7254.2,ANT,12,None,None,7184.072,7212.879,7254.315,274.0,261.0,273.0,314.0,True,Mercedes,7158.674,2026-03-15T08:06:54.455000000,False,None,False,True,7200.701,15.3,55.4,1024.5,False,20.3,121,2.4,Chinese Grand Prix
95.494,39,HARD,2,25.3,28.82,41.374,7010000.0,300.0,10011.0,29,1.0,1,True,7349.694,ANT,12,None,None,7279.615,7308.435,7349.809,273.0,261.0,274.0,316.0,True,Mercedes,7254.2,2026-03-15T08:08:29.981000000,False,None,False,True,7320.732,15.1,56.6,1024.4,False,20.9,83,3.1,Chinese Grand Prix
96.15,40,HARD,2,25.342,29.022,41.786,7000000.0,0.0,1000000.0,30,1.0,1,False,7445.844,ANT,12,None,None,7375.151,7404.173,7445.959,275.0,267.0,273.0,332.0,True,Mercedes,7349.694,2026-03-15T08:10:05.475000000,False,None,False,True,7440.702,15.2,56.3,1024.4,False,20.3,88,3.1,Chinese Grand Prix
95.343,41,HARD,2,25.291,28.839,41.213,7000000.0,11100.0,300001.0,31,1.0,1,True,7541.187,ANT,12,None,None,7471.25,7500.089,7541.302,277.0,261.0,274.0,321.0,True,Mercedes,7445.844,2026-03-15T08:11:41.625000000,False,None,False,True,7500.718,15.2,55.9,1024.3,False,20.5,92,2.6,Chinese Grand Prix
95.93,42,HARD,2,25.261,28.909,41.76,7100000.0,100000.0,1.0,32,1.0,1,False,7637.117,ANT,12,None,None,7566.563,7595.472,7637.232,275.0,262.0,274.0,318.0,True,Mercedes,7541.187,2026-03-15T08:13:16.968000000,False,None,False,True,7620.711,15.1,56.5,1024.3,False,20.5,88,2.7,Chinese Grand Prix
95.936,43,HARD,2,25.295,29.031,41.61,7101000.0,0.0,1.0,33,1.0,1,False,7733.053,ANT,12,None,None,7662.527,7691.558,7733.168,276.0,264.0,277.0,324.0,True,Mercedes,7637.117,2026-03-15T08:14:52.898000000,False,None,False,True,7740.749,15.1,56.3,1024.2,False,20.3,91,3.3,Chinese Grand Prix
95.332,44,HARD,2,25.253,28.719,41.36,1000000.0,310000.0,10000000000.0,34,1.0,1,True,7828.385,ANT,12,None,None,7758.421,7787.14,7828.5,278.0,261.0,274.0,314.0,True,Mercedes,7733.053,2026-03-15T08:16:28.834000000,False,None,False,True,7800.765,15.1,56.6,1024.3,False,20.4,61,2.7,Chinese Grand Prix
95.528,45,HARD,2,25.211,28.83,41.487,0.0,0.0,100000010.0,35,1.0,1,False,7923.913,ANT,12,None,None,7853.711,7882.541,7924.028,274.0,261.0,274.0,308.0,True,Mercedes,7828.385,2026-03-15T08:18:04.166000000,False,None,False,True,7920.767,15.1,56.9,1024.3,False,20.4,77,3.3,Chinese Grand Prix
95.282,46,HARD,2,25.14,28.694,41.448,7011000.0,300000.0,10000.0,36,1.0,1,True,8019.195,ANT,12,None,None,7949.168,7977.862,8019.31,275.0,261.0,275.0,310.0,True,Mercedes,7923.913,2026-03-15T08:19:39.694000000,False,None,False,True,7980.783,15.1,56.5,1024.4,False,20.5,81,3.9,Chinese Grand Prix
95.501,47,HARD,2,25.25,28.612,41.639,7000000.0,13000.0,0.0,37,1.0,1,False,8114.696,ANT,12,None,None,8044.56,8073.172,8114.811,273.0,259.0,273.0,309.0,True,Mercedes,8019.195,2026-03-15T08:21:14.976000000,False,None,False,True,8100.772,15.1,56.9,1024.4,False,20.2,77,3.3,Chinese Grand Prix
95.706,48,HARD,2,25.262,28.55,41.894,7010010.0,3100.0,0.0,38,1.0,1,False,8210.402,ANT,12,None,None,8140.073,8168.623,8210.517,274.0,260.0,271.0,308.0,True,Mercedes,8114.696,2026-03-15T08:22:50.477000000,False,None,False,True,8220.803,15.0,57.4,1024.4,False,20.1,91,2.4,Chinese Grand Prix
95.523,49,HARD,2,25.319,28.58,41.624,7000000.0,10100.0,0.0,39,1.0,1,False,8305.925,ANT,12,None,None,8235.836,8264.416,8306.04,274.0,260.0,276.0,309.0,True,Mercedes,8210.402,2026-03-15T08:24:26.183000000,False,None,False,True,8280.808,15.0,57.4,1024.4,False,20.2,93,2.0,Chinese Grand Prix
95.659,50,HARD,2,25.223,28.659,41.777,7010000.0,0.0,0.0,40,1.0,1,False,8401.584,ANT,12,None,None,8331.263,8359.922,8401.699,275.0,264.0,275.0,316.0,True,Mercedes,8305.925,2026-03-15T08:26:01.706000000,False,None,False,True,8400.828,15.0,57.3,1024.5,False,20.2,77,2.9,Chinese Grand Prix
96.011,51,HARD,2,25.263,28.96,41.788,7000000.0,30000.0,0.0,41,1.0,1,False,8497.595,ANT,12,None,None,8426.962,8455.922,8497.71,276.0,259.0,273.0,307.0,True,Mercedes,8401.584,2026-03-15T08:27:37.365000000,False,None,False,True,8460.818,15.0,57.4,1024.6,False,20.1,84,3.1,Chinese Grand Prix
95.275,52,HARD,2,25.295,28.532,41.448,7010000.0,100.0,1010000001.0,42,1.0,1,True,8592.87,ANT,12,None,None,8523.005,8551.537,8592.985,274.0,260.0,273.0,306.0,True,Mercedes,8497.595,2026-03-15T08:29:13.376000000,False,None,False,True,8580.801,14.9,57.3,1024.6,False,20.0,95,4.1,Chinese Grand Prix
97.53,53,HARD,2,25.235,28.462,43.833,7001000.0,100.0,10300010000.0,43,1.0,12,False,8690.4,ANT,12,None,None,8618.22,8646.682,8690.515,275.0,260.0,271.0,306.0,True,Mercedes,8592.87,2026-03-15T08:30:48.651000000,True,TRACK LIMITS AT TURN 14 LAP 53 ,False,True,8700.85,15.0,57.4,1024.7,False,19.9,93,2.5,Chinese Grand Prix
96.176,54,HARD,2,25.478,28.787,41.911,7000000.0,0.0,300000000.0,44,1.0,1,False,8786.576,ANT,12,None,None,8715.993,8744.78,8786.691,274.0,261.0,272.0,307.0,True,Mercedes,8690.4,2026-03-15T08:32:26.181000000,False,None,False,True,8760.855,15.0,57.4,1024.5,False,20.0,84,2.4,Chinese Grand Prix
96.378,55,HARD,2,25.56,28.886,41.932,7000000.0,0.0,0.0,45,1.0,1,False,8882.954,ANT,12,None,None,8812.251,8841.137,8883.069,274.0,260.0,271.0,308.0,True,Mercedes,8786.576,2026-03-15T08:34:02.357000000,False,None,False,True,8880.869,15.0,57.5,1024.6,False,20.1,86,2.8,Chinese Grand Prix
96.929,56,HARD,2,25.314,28.861,42.754,7000000.0,30000.0,0.0,46,1.0,1,False,8979.883,ANT,12,None,None,8908.383,8937.244,8979.998,274.0,259.0,217.0,306.0,True,Mercedes,8882.954,2026-03-15T08:35:38.735000000,False,None,False,True,9000.856,14.9,57.5,1024.5,False,19.7,112,2.3,Chinese Grand Prix
107.851,1,MEDIUM,1,,30.969,47.198,111111.0,131111.0,11111111111.0,1,12.0,12,False,3492.163,BEA,87,None,None,None,3445.174,3492.412,298.0,251.0,254.0,340.0,True,Haas F1 Team,3384.05,2026-03-15T07:03:59.831000000,False,None,False,False,3420.295,15.6,55.2,1024.4,False,23.3,72,2.8,Chinese Grand Prix
101.136,2,MEDIUM,1,26.995,30.997,43.144,1110100.0,100001.0,1130111111.0,2,12.0,1,True,3593.299,BEA,87,None,None,3519.247,3550.244,3593.388,273.0,262.0,269.0,331.0,True,Haas F1 Team,3492.163,2026-03-15T07:05:47.944000000,False,None,False,True,3540.312,15.6,55.3,1024.5,False,22.5,102,4.5,Chinese Grand Prix
99.715,3,MEDIUM,1,26.962,30.362,42.391,7100100.0,101110.0,10001111111.0,3,12.0,1,True,3693.014,BEA,87,None,None,3620.35,3650.712,3693.103,268.0,258.0,270.0,339.0,True,Haas F1 Team,3593.299,2026-03-15T07:07:29.080000000,False,None,False,True,3600.332,15.5,55.8,1024.4,False,23.0,107,1.8,Chinese Grand Prix
99.18,4,MEDIUM,1,26.545,30.225,42.41,7110000.0,111.0,10100001111.0,4,12.0,1,True,3792.194,BEA,87,None,None,3719.648,3749.873,3792.283,270.0,262.0,272.0,333.0,True,Haas F1 Team,3693.014,2026-03-15T07:09:08.795000000,False,None,False,True,3720.342,15.5,55.4,1024.5,False,23.0,105,2.5,Chinese Grand Prix
99.504,5,MEDIUM,1,26.485,30.442,42.577,10000.0,101000.0,1000000.0,5,12.0,1,False,3891.698,BEA,87,None,None,3818.768,3849.21,3891.787,272.0,259.0,272.0,340.0,True,Haas F1 Team,3792.194,2026-03-15T07:10:47.975000000,False,None,False,True,3840.33,15.5,55.3,1024.5,False,23.1,92,3.7,Chinese Grand Prix
98.61,6,MEDIUM,1,25.953,30.169,42.488,1101100.0,101000.0,1001.0,6,11.0,1,True,3990.308,BEA,87,None,None,3917.74,3947.909,3990.397,269.0,260.0,273.0,329.0,True,Haas F1 Team,3891.698,2026-03-15T07:12:27.479000000,False,None,False,True,3900.33,15.6,55.6,1024.5,False,22.9,107,2.2,Chinese Grand Prix
99.323,7,MEDIUM,1,26.1,30.476,42.747,7010100.0,1000.0,0.0,7,11.0,1,False,4089.631,BEA,87,None,None,4016.497,4046.973,4089.72,271.0,258.0,272.0,336.0,True,Haas F1 Team,3990.308,2026-03-15T07:14:06.089000000,False,None,False,True,4020.34,15.6,55.8,1024.5,False,22.4,111,2.4,Chinese Grand Prix
99.436,8,MEDIUM,1,26.217,30.611,42.608,0.0,0.0,100.0,8,11.0,1,False,4189.067,BEA,87,None,None,4115.937,4146.548,4189.156,272.0,261.0,272.0,334.0,True,Haas F1 Team,4089.631,2026-03-15T07:15:45.412000000,False,None,False,True,4080.343,15.6,55.9,1024.3,False,22.8,88,2.1,Chinese Grand Prix
99.71,9,MEDIUM,1,26.329,30.76,42.621,7000000.0,0.0,1010000.0,9,9.0,1,False,4288.777,BEA,87,None,None,4215.485,4246.245,4288.866,271.0,257.0,254.0,333.0,True,Haas F1 Team,4189.067,2026-03-15T07:17:24.848000000,False,None,False,True,4200.397,15.6,56.0,1024.5,False,22.6,110,2.6,Chinese Grand Prix
117.43,10,MEDIUM,1,26.336,30.168,60.926,7000100.0,1000.0,1555.0,10,10.0,124,False,4406.207,BEA,87,None,4404.518,4315.202,4345.37,4406.296,266.0,255.0,None,258.0,True,Haas F1 Team,4288.777,2026-03-15T07:19:04.558000000,False,None,False,False,4320.396,15.5,56.2,1024.6,False,22.4,92,1.5,Chinese Grand Prix
152.03,11,HARD,2,52.49,40.239,59.301,5500000.0,0.0,0.0,1,10.0,4,False,4558.226,BEA,87,4427.503,None,4458.85,4499.118,4558.408,192.0,218.0,225.0,198.0,True,Haas F1 Team,4406.207,2026-03-15T07:21:01.988000000,False,None,False,False,4440.382,15.5,55.5,1024.6,False,22.8,77,0.8,Chinese Grand Prix
140.475,12,HARD,2,36.414,41.154,62.907,0.0,0.0,0.0,2,10.0,4,False,4698.701,BEA,87,None,None,4594.729,4635.883,4698.79,187.0,214.0,146.0,98.0,True,Haas F1 Team,4558.226,2026-03-15T07:23:34.007000000,False,None,False,False,4560.395,15.5,55.3,1024.7,False,22.7,0,0.0,Chinese Grand Prix
144.54,13,HARD,2,36.284,45.107,63.149,7000000.0,0.0,0.0,3,10.0,41,False,4843.241,BEA,87,None,None,4735.074,4780.181,4843.33,197.0,161.0,270.0,175.0,True,Haas F1 Team,4698.701,2026-03-15T07:25:54.482000000,False,None,False,False,4740.397,15.5,55.1,1024.6,False,22.0,131,1.7,Chinese Grand Prix
99.24,14,HARD,2,26.103,30.378,42.759,1100000.0,1.0,100000000.0,4,8.0,1,False,4942.481,BEA,87,None,None,4869.433,4899.811,4942.57,284.0,272.0,269.0,342.0,True,Haas F1 Team,4843.241,2026-03-15T07:28:19.022000000,False,None,False,True,4860.43,15.4,56.3,1024.7,False,22.4,112,1.1,Chinese Grand Prix
99.289,15,HARD,2,26.229,30.381,42.679,0.0,0.0,111000000.0,5,8.0,1,False,5041.77,BEA,87,None,None,4968.799,4999.18,5041.859,280.0,261.0,272.0,343.0,True,Haas F1 Team,4942.481,2026-03-15T07:29:58.262000000,True,TRACK LIMITS AT TURN 14 LAP 15 ,False,True,4980.417,15.4,56.2,1024.7,False,21.6,116,2.8,Chinese Grand Prix
98.269,16,HARD,2,26.064,29.975,42.23,7000000.0,1010.0,101000000.0,6,7.0,1,True,5140.039,BEA,87,None,None,5067.923,5097.898,5140.128,269.0,259.0,272.0,327.0,True,Haas F1 Team,5041.77,2026-03-15T07:31:37.551000000,False,None,False,True,5100.455,15.2,56.6,1024.7,False,21.9,114,3.2,Chinese Grand Prix
98.343,17,HARD,2,25.952,29.696,42.695,7010000.0,101110.0,0.0,7,7.0,1,False,5238.382,BEA,87,None,None,5166.08,5195.776,5238.471,269.0,260.0,271.0,315.0,True,Haas F1 Team,5140.039,2026-03-15T07:33:15.820000000,False,None,False,True,5160.435,15.2,56.7,1024.7,False,21.9,126,1.0,Chinese Grand Prix
98.197,18,HARD,2,25.907,29.658,42.632,7000000.0,100100.0,100.0,8,7.0,12,True,5336.579,BEA,87,None,None,5264.378,5294.036,5336.668,274.0,259.0,256.0,327.0,True,Haas F1 Team,5238.382,2026-03-15T07:34:54.163000000,False,None,False,True,5280.444,15.3,56.2,1024.6,False,21.6,101,1.6,Chinese Grand Prix
99.009,19,HARD,2,25.981,30.329,42.699,7001010.0,0.0,100000000.0,9,6.0,1,False,5435.588,BEA,87,None,None,5362.649,5392.978,5435.677,273.0,260.0,257.0,328.0,True,Haas F1 Team,5336.579,2026-03-15T07:36:32.360000000,False,None,False,True,5340.458,15.3,56.4,1024.6,False,21.6,98,2.0,Chinese Grand Prix
98.618,20,HARD,2,26.152,29.786,42.68,7001000.0,1000.0,10000.0,10,6.0,1,False,5534.206,BEA,87,None,None,5461.829,5491.615,5534.295,272.0,260.0,250.0,325.0,True,Haas F1 Team,5435.588,2026-03-15T07:38:11.369000000,False,None,False,True,5460.458,15.3,56.8,1024.5,False,21.5,108,1.7,Chinese Grand Prix
98.526,21,HARD,2,26.602,29.775,42.149,7000010.0,0.0,1000100110.0,11,5.0,1,False,5632.732,BEA,87,None,None,5560.897,5590.672,5632.821,272.0,261.0,268.0,315.0,True,Haas F1 Team,5534.206,2026-03-15T07:39:49.987000000,False,None,False,True,5580.486,15.3,56.9,1024.5,False,21.8,92,2.8,Chinese Grand Prix
97.867,22,HARD,2,25.899,29.578,42.39,7000100.0,100100.0,10000000100.0,12,5.0,1,True,5730.599,BEA,87,None,None,5658.72,5688.298,5730.688,267.0,252.0,269.0,301.0,True,Haas F1 Team,5632.732,2026-03-15T07:41:28.513000000,False,None,False,True,5640.491,15.3,57.0,1024.3,False,21.7,110,2.4,Chinese Grand Prix
97.615,23,HARD,2,25.88,29.454,42.281,7010000.0,100110.0,100010.0,13,5.0,1,True,5828.214,BEA,87,None,None,5756.568,5786.022,5828.303,265.0,253.0,272.0,302.0,True,Haas F1 Team,5730.599,2026-03-15T07:43:06.380000000,False,None,False,True,5760.489,15.3,56.2,1024.3,False,21.6,89,1.5,Chinese Grand Prix
97.86,24,HARD,2,25.753,29.62,42.487,7000100.0,10.0,10000000000.0,14,5.0,1,False,5926.074,BEA,87,None,None,5854.056,5883.676,5926.163,264.0,251.0,268.0,300.0,True,Haas F1 Team,5828.214,2026-03-15T07:44:43.995000000,False,None,False,True,5880.499,15.4,56.2,1024.3,False,21.8,94,2.8,Chinese Grand Prix
97.68,25,HARD,2,25.942,29.495,42.243,7000000.0,0.0,1.0,15,5.0,1,False,6023.754,BEA,87,None,None,5952.105,5981.6,6023.843,266.0,252.0,273.0,303.0,True,Haas F1 Team,5926.074,2026-03-15T07:46:21.855000000,False,None,False,True,5940.541,15.3,56.3,1024.3,False,21.7,93,2.2,Chinese Grand Prix
97.392,26,HARD,2,25.68,29.397,42.315,7030100.0,10.0,10100000000.0,16,5.0,1,True,6121.146,BEA,87,None,None,6049.523,6078.92,6121.235,264.0,254.0,271.0,300.0,True,Haas F1 Team,6023.754,2026-03-15T07:47:59.535000000,False,None,False,True,6060.553,15.3,56.5,1024.4,False,21.8,63,2.3,Chinese Grand Prix
97.405,27,HARD,2,25.83,29.329,42.246,7000100.0,100010.0,111.0,17,5.0,1,False,6218.551,BEA,87,None,None,6147.065,6176.394,6218.64,267.0,255.0,274.0,302.0,True,Haas F1 Team,6121.146,2026-03-15T07:49:36.927000000,False,None,False,True,6180.548,15.4,56.0,1024.4,False,21.8,70,2.2,Chinese Grand Prix
97.638,28,HARD,2,25.728,29.416,42.494,7000000.0,100.0,0.0,18,5.0,12,False,6316.189,BEA,87,None,None,6244.368,6273.784,6316.278,265.0,255.0,272.0,302.0,True,Haas F1 Team,6218.551,2026-03-15T07:51:14.332000000,False,None,False,True,6240.572,15.4,56.0,1024.4,False,21.7,67,2.0,Chinese Grand Prix
97.684,29,HARD,2,25.876,29.507,42.301,7000000.0,0.0,111.0,19,5.0,1,False,6413.873,BEA,87,None,None,6342.154,6371.661,6413.962,265.0,257.0,275.0,301.0,True,Haas F1 Team,6316.189,2026-03-15T07:52:51.970000000,False,None,False,True,6360.641,15.4,55.6,1024.4,False,21.6,77,3.0,Chinese Grand Prix
97.276,30,HARD,2,25.616,29.364,42.296,7000000.0,100.0,100.0,20,5.0,1,True,6511.149,BEA,87,None,None,6439.578,6468.942,6511.238,267.0,253.0,273.0,302.0,True,Haas F1 Team,6413.873,2026-03-15T07:54:29.654000000,False,None,False,True,6480.569,15.4,55.8,1024.4,False,21.2,77,2.6,Chinese Grand Prix
97.583,31,HARD,2,25.822,29.395,42.366,7000000.0,100.0,0.0,21,5.0,1,False,6608.732,BEA,87,None,None,6537.06,6566.455,6608.821,264.0,253.0,274.0,302.0,True,Haas F1 Team,6511.149,2026-03-15T07:56:06.930000000,False,None,False,True,6540.585,15.4,55.8,1024.4,False,21.2,77,2.6,Chinese Grand Prix
97.496,32,HARD,2,25.749,29.516,42.231,7000000.0,0.0,1.0,22,5.0,1,False,6706.228,BEA,87,None,None,6634.57,6664.086,6706.317,266.0,253.0,275.0,303.0,True,Haas F1 Team,6608.732,2026-03-15T07:57:44.513000000,False,None,False,True,6660.608,15.2,56.6,1024.5,False,21.1,84,1.6,Chinese Grand Prix
97.267,33,HARD,2,25.673,29.373,42.221,7000000.0,0.0,0.0,23,5.0,12,True,6803.495,BEA,87,None,None,6731.99,6761.363,6803.584,265.0,256.0,272.0,302.0,True,Haas F1 Team,6706.228,2026-03-15T07:59:22.009000000,False,None,False,True,6720.626,15.3,56.8,1024.5,False,21.1,84,2.2,Chinese Grand Prix
97.395,34,HARD,2,25.837,29.278,42.28,7000000.0,100100.0,0.0,24,5.0,1,False,6900.89,BEA,87,None,None,6829.421,6858.699,6900.979,268.0,252.0,274.0,303.0,True,Haas F1 Team,6803.495,2026-03-15T08:00:59.276000000,False,None,False,True,6840.653,15.3,56.2,1024.5,False,20.8,86,1.7,Chinese Grand Prix
97.42,35,HARD,2,25.684,29.313,42.423,7000000.0,0.0,10000000000.0,25,5.0,1,False,6998.31,BEA,87,None,None,6926.663,6955.976,6998.399,270.0,256.0,272.0,300.0,True,Haas F1 Team,6900.89,2026-03-15T08:02:36.671000000,False,None,False,True,6960.665,15.3,56.1,1024.5,False,21.0,108,1.6,Chinese Grand Prix
97.48,36,HARD,2,25.802,29.289,42.389,7000000.0,1.0,0.0,26,5.0,1,False,7095.79,BEA,87,None,None,7024.201,7053.49,7095.879,270.0,259.0,275.0,301.0,True,Haas F1 Team,6998.31,2026-03-15T08:04:14.091000000,False,None,False,True,7020.691,15.3,55.9,1024.4,False,21.0,98,1.6,Chinese Grand Prix
97.242,37,HARD,2,25.653,29.382,42.207,7000000.0,10.0,100000001.0,27,5.0,1,True,7193.032,BEA,87,None,None,7121.532,7150.914,7193.121,265.0,257.0,275.0,301.0,True,Haas F1 Team,7095.79,2026-03-15T08:05:51.571000000,False,None,False,True,7140.713,15.3,55.4,1024.5,False,20.3,121,2.4,Chinese Grand Prix
97.222,38,HARD,2,25.669,29.284,42.269,7000000.0,100.0,1.0,28,5.0,1,True,7290.254,BEA,87,None,None,7218.79,7248.074,7290.343,264.0,254.0,275.0,302.0,True,Haas F1 Team,7193.032,2026-03-15T08:07:28.813000000,False,None,False,True,7200.701,15.3,55.4,1024.5,False,20.3,121,2.4,Chinese Grand Prix
97.043,39,HARD,2,25.602,29.17,42.271,7000000.0,110.0,10000000000.0,29,5.0,1,True,7387.297,BEA,87,None,None,7315.945,7345.115,7387.386,266.0,258.0,275.0,302.0,True,Haas F1 Team,7290.254,2026-03-15T08:09:06.035000000,False,None,False,True,7320.732,15.1,56.6,1024.4,False,20.9,83,3.1,Chinese Grand Prix
97.153,40,HARD,2,25.551,29.284,42.318,7010000.0,0.0,10000000000.0,30,5.0,1,False,7484.45,BEA,87,None,None,7412.937,7442.221,7484.539,268.0,257.0,275.0,300.0,True,Haas F1 Team,7387.297,2026-03-15T08:10:43.078000000,False,None,False,True,7440.702,15.2,56.3,1024.4,False,20.3,88,3.1,Chinese Grand Prix
97.029,41,HARD,2,25.444,29.283,42.302,7000000.0,100.0,10000000001.0,31,5.0,1,True,7581.479,BEA,87,None,None,7509.983,7539.266,7581.568,272.0,256.0,276.0,301.0,True,Haas F1 Team,7484.45,2026-03-15T08:12:20.231000000,False,None,False,True,7500.718,15.2,55.9,1024.3,False,20.5,92,2.6,Chinese Grand Prix
97.712,42,HARD,2,25.463,29.29,42.959,7000000.0,0.0,10000000000.0,32,5.0,1,False,7679.191,BEA,87,None,None,7607.031,7636.321,7679.28,270.0,258.0,266.0,299.0,True,Haas F1 Team,7581.479,2026-03-15T08:13:57.260000000,False,None,False,True,7620.711,15.1,56.5,1024.3,False,20.5,88,2.7,Chinese Grand Prix
97.214,43,HARD,2,25.801,29.152,42.261,7000000.0,100100.0,1.0,33,5.0,1,False,7776.405,BEA,87,None,None,7705.081,7734.233,7776.494,273.0,257.0,276.0,301.0,True,Haas F1 Team,7679.191,2026-03-15T08:15:34.972000000,False,None,False,True,7740.749,15.1,56.3,1024.2,False,20.3,91,3.3,Chinese Grand Prix
97.416,44,HARD,2,25.505,29.32,42.591,7010000.0,0.0,0.0,34,5.0,1,False,7873.821,BEA,87,None,None,7801.999,7831.319,7873.91,272.0,257.0,275.0,301.0,True,Haas F1 Team,7776.405,2026-03-15T08:17:12.186000000,False,None,False,True,7800.765,15.1,56.6,1024.3,False,20.4,61,2.7,Chinese Grand Prix
97.232,45,HARD,2,25.495,29.325,42.412,7000100.0,0.0,0.0,35,5.0,1,False,7971.053,BEA,87,None,None,7899.405,7928.73,7971.142,269.0,257.0,275.0,301.0,True,Haas F1 Team,7873.821,2026-03-15T08:18:49.602000000,False,None,False,True,7920.767,15.1,56.9,1024.3,False,20.4,77,3.3,Chinese Grand Prix
97.301,46,HARD,2,25.54,29.348,42.413,7000000.0,0.0,1.0,36,5.0,1,False,8068.354,BEA,87,None,None,7996.682,8026.03,8068.443,267.0,258.0,276.0,302.0,True,Haas F1 Team,7971.053,2026-03-15T08:20:26.834000000,False,None,False,True,7980.783,15.1,56.5,1024.4,False,20.5,81,3.9,Chinese Grand Prix
96.805,47,HARD,2,25.469,29.166,42.17,7000000.0,11.0,10000000001.0,37,5.0,1,True,8165.159,BEA,87,None,None,8093.912,8123.078,8165.248,270.0,260.0,276.0,304.0,True,Haas F1 Team,8068.354,2026-03-15T08:22:04.135000000,False,None,False,True,8100.772,15.1,56.9,1024.4,False,20.2,77,3.3,Chinese Grand Prix
97.238,48,HARD,2,25.443,29.293,42.502,7000000.0,0.0,10000000011.0,38,5.0,1,False,8262.397,BEA,87,None,None,8190.691,8219.984,8262.486,272.0,260.0,277.0,307.0,True,Haas F1 Team,8165.159,2026-03-15T08:23:40.940000000,False,None,False,True,8220.803,15.0,57.4,1024.4,False,20.1,91,2.4,Chinese Grand Prix
97.642,49,HARD,2,25.501,29.67,42.471,7000000.0,1000.0,0.0,39,5.0,1,False,8360.039,BEA,87,None,None,8287.987,8317.657,8360.128,271.0,262.0,273.0,301.0,True,Haas F1 Team,8262.397,2026-03-15T08:25:18.178000000,False,None,False,True,8280.808,15.0,57.4,1024.4,False,20.2,93,2.0,Chinese Grand Prix
96.989,50,HARD,2,25.619,29.069,42.301,7000000.0,101.0,10000000010.0,40,5.0,1,False,8457.028,BEA,87,None,None,8385.747,8414.816,8457.117,273.0,259.0,277.0,300.0,True,Haas F1 Team,8360.039,2026-03-15T08:26:55.820000000,False,None,False,True,8400.828,15.0,57.3,1024.5,False,20.2,77,2.9,Chinese Grand Prix
96.825,51,HARD,2,25.327,29.145,42.353,7000000.0,100.0,0.0,41,5.0,1,False,8553.853,BEA,87,None,None,8482.444,8511.589,8553.942,272.0,257.0,277.0,301.0,True,Haas F1 Team,8457.028,2026-03-15T08:28:32.809000000,False,None,False,True,8460.818,15.0,57.4,1024.6,False,20.1,84,3.1,Chinese Grand Prix
96.778,52,HARD,2,25.448,29.198,42.132,7000000.0,0.0,0.0,42,5.0,1,True,8650.631,BEA,87,None,None,8579.39,8608.588,8650.72,268.0,258.0,276.0,302.0,True,Haas F1 Team,8553.853,2026-03-15T08:30:09.634000000,False,None,False,True,8580.801,14.9,57.3,1024.6,False,20.0,95,4.1,Chinese Grand Prix
96.68,53,HARD,2,25.325,29.105,42.25,7001000.0,1.0,0.0,43,5.0,12,True,8747.311,BEA,87,None,None,8676.045,8705.15,8747.4,272.0,260.0,277.0,303.0,True,Haas F1 Team,8650.631,2026-03-15T08:31:46.412000000,False,None,False,True,8700.85,15.0,57.4,1024.7,False,19.9,93,2.5,Chinese Grand Prix
96.788,54,HARD,2,25.42,29.088,42.28,7000000.0,101.0,100000000.0,44,5.0,1,False,8844.099,BEA,87,None,None,8772.82,8801.908,8844.188,271.0,261.0,277.0,303.0,True,Haas F1 Team,8747.311,2026-03-15T08:33:23.092000000,False,None,False,True,8760.855,15.0,57.4,1024.5,False,20.0,84,2.4,Chinese Grand Prix
96.648,55,HARD,2,25.384,29.169,42.095,7010000.0,0.0,100000000.0,45,5.0,1,True,8940.747,BEA,87,None,None,8869.572,8898.741,8940.836,271.0,259.0,277.0,306.0,True,Haas F1 Team,8844.099,2026-03-15T08:34:59.880000000,False,None,False,True,8880.869,15.0,57.5,1024.6,False,20.1,86,2.8,Chinese Grand Prix
96.429,56,HARD,2,25.226,29.121,42.082,7000010.0,1.0,10000.0,46,5.0,1,True,9037.176,BEA,87,None,None,8966.062,8995.183,9037.265,275.0,270.0,254.0,327.0,True,Haas F1 Team,8940.747,2026-03-15T08:36:36.528000000,False,None,False,True,9000.856,14.9,57.5,1024.5,False,19.7,112,2.3,Chinese Grand Prix
108.335,1,MEDIUM,1,,32.177,43.908,111111.0,111111.0,11111111111.0,1,14.0,12,False,3492.647,BOT,77,None,None,None,3448.917,3492.787,274.0,258.0,271.0,335.0,True,Cadillac,3384.05,2026-03-15T07:03:59.831000000,False,None,False,False,3420.295,15.6,55.2,1024.4,False,23.3,72,2.8,Chinese Grand Prix
101.601,2,MEDIUM,1,26.947,31.365,43.289,1111110.0,111111.0,10110101111.0,2,14.0,1,True,3594.248,BOT,77,None,None,3519.673,3551.038,3594.327,278.0,262.0,273.0,328.0,True,Cadillac,3492.647,2026-03-15T07:05:48.428000000,False,None,False,True,3540.312,15.6,55.3,1024.5,False,22.5,102,4.5,Chinese Grand Prix
101.829,3,MEDIUM,1,26.659,31.934,43.236,7111110.0,110100.0,100101110.0,3,15.0,1,False,3696.077,BOT,77,None,None,3620.986,3652.92,3696.156,273.0,249.0,272.0,327.0,True,Cadillac,3594.248,2026-03-15T07:07:30.029000000,False,None,False,True,3600.332,15.5,55.8,1024.4,False,23.0,107,1.8,Chinese Grand Prix
100.904,4,MEDIUM,1,26.761,30.962,43.181,11000.0,100110.0,10000110000.0,4,15.0,1,True,3796.981,BOT,77,None,None,3722.917,3753.879,3797.06,271.0,255.0,251.0,322.0,True,Cadillac,3696.077,2026-03-15T07:09:11.858000000,False,None,False,True,3720.342,15.5,55.4,1024.5,False,23.0,105,2.5,Chinese Grand Prix
101.396,5,MEDIUM,1,27.059,31.039,43.298,7011000.0,110.0,100100.0,5,15.0,1,False,3898.377,BOT,77,None,None,3824.119,3855.158,3898.456,264.0,258.0,270.0,320.0,True,Cadillac,3796.981,2026-03-15T07:10:52.762000000,False,None,False,True,3840.33,15.5,55.3,1024.5,False,23.1,92,3.7,Chinese Grand Prix
100.278,6,MEDIUM,1,26.391,30.952,42.935,7001100.0,100000.0,1000000111.0,6,14.0,1,True,3998.655,BOT,77,None,None,3924.847,3955.799,3998.734,271.0,258.0,267.0,330.0,True,Cadillac,3898.377,2026-03-15T07:12:34.158000000,False,None,False,True,3900.33,15.6,55.6,1024.5,False,22.9,107,2.2,Chinese Grand Prix
100.875,7,MEDIUM,1,26.604,30.985,43.286,7010110.0,0.0,10100101000.0,7,14.0,1,False,4099.53,BOT,77,None,None,4025.338,4056.323,4099.609,263.0,253.0,266.0,315.0,True,Cadillac,3998.655,2026-03-15T07:14:14.436000000,False,None,False,True,4020.34,15.6,55.8,1024.5,False,22.4,111,2.4,Chinese Grand Prix
101.258,8,MEDIUM,1,26.882,31.015,43.361,7010000.0,0.0,10000001010.0,8,14.0,1,False,4200.788,BOT,77,None,None,4126.491,4157.506,4200.867,262.0,254.0,267.0,313.0,True,Cadillac,4099.53,2026-03-15T07:15:55.311000000,False,None,False,True,4080.343,15.6,55.9,1024.3,False,22.8,88,2.1,Chinese Grand Prix
101.349,9,MEDIUM,1,26.941,30.99,43.418,7000000.0,0.0,10000000000.0,9,14.0,1,False,4302.137,BOT,77,None,None,4227.808,4258.798,4302.216,262.0,251.0,268.0,310.0,True,Cadillac,4200.788,2026-03-15T07:17:36.569000000,False,None,False,True,4200.397,15.6,56.0,1024.5,False,22.6,110,2.6,Chinese Grand Prix
125.131,10,MEDIUM,1,26.878,35.613,62.64,7010000.0,100000.0,1555.0,10,12.0,124,False,4427.268,BOT,77,None,4425.503,4329.094,4364.707,4427.347,267.0,203.0,None,252.0,True,Cadillac,4302.137,2026-03-15T07:19:17.918000000,False,None,False,False,4320.396,15.5,56.2,1024.6,False,22.4,92,1.5,Chinese Grand Prix
156.783,11,HARD,2,58.486,40.93,57.367,5500000.0,0.0,0.0,1,16.0,4,False,4584.05,BOT,77,4453.35,None,4485.92,4526.914,4584.3,190.0,227.0,225.0,220.0,True,Cadillac,4427.268,2026-03-15T07:21:23.049000000,False,None,False,False,4440.382,15.5,55.5,1024.6,False,22.8,77,0.8,Chinese Grand Prix
121.448,12,HARD,2,33.862,33.038,54.548,0.0,0.0,0.0,2,15.0,4,False,4705.498,BOT,77,None,None,4617.991,4651.029,4705.577,267.0,234.0,220.0,180.0,True,Cadillac,4584.05,2026-03-15T07:23:59.831000000,False,None,False,False,4560.395,15.5,55.3,1024.7,False,22.7,0,0.0,Chinese Grand Prix
139.819,13,HARD,2,35.481,45.177,59.161,7000000.0,0.0,0.0,3,15.0,41,False,4845.317,BOT,77,None,None,4741.058,4786.235,4845.396,230.0,179.0,271.0,181.0,True,Cadillac,4705.498,2026-03-15T07:26:01.279000000,False,None,False,False,4740.397,15.5,55.1,1024.6,False,22.0,131,1.7,Chinese Grand Prix
101.294,14,HARD,2,26.737,31.46,43.097,7100000.0,1.0,1000001.0,4,15.0,1,False,4946.611,BOT,77,None,None,4872.133,4903.593,4946.69,278.0,274.0,273.0,332.0,True,Cadillac,4845.317,2026-03-15T07:28:21.098000000,False,None,False,True,4860.43,15.4,56.3,1024.7,False,22.4,112,1.1,Chinese Grand Prix
100.006,15,HARD,2,26.165,30.675,43.166,7000011.0,100.0,100000000.0,5,15.0,1,True,5046.617,BOT,77,None,None,4972.855,5003.53,5046.696,285.0,260.0,271.0,320.0,True,Cadillac,4946.611,2026-03-15T07:30:02.392000000,False,None,False,True,4980.417,15.4,56.2,1024.7,False,21.6,116,2.8,Chinese Grand Prix
99.739,16,HARD,2,26.191,30.624,42.924,7010010.0,100010.0,100100010.0,6,15.0,1,True,5146.356,BOT,77,None,None,5072.887,5103.511,5146.435,281.0,258.0,270.0,317.0,True,Cadillac,5046.617,2026-03-15T07:31:42.398000000,False,None,False,True,5100.455,15.2,56.6,1024.7,False,21.9,114,3.2,Chinese Grand Prix
100.23,17,HARD,2,26.489,30.745,42.996,7000000.0,10.0,10100000000.0,7,15.0,12,False,5246.586,BOT,77,None,None,5172.924,5203.669,5246.665,280.0,257.0,268.0,313.0,True,Cadillac,5146.356,2026-03-15T07:33:22.137000000,False,None,False,True,5160.435,15.2,56.7,1024.7,False,21.9,126,1.0,Chinese Grand Prix
100.099,18,HARD,2,26.368,30.689,43.042,7000100.0,0.0,10000000010.0,8,15.0,21,False,5346.685,BOT,77,None,None,5273.033,5303.722,5346.764,277.0,258.0,268.0,316.0,True,Cadillac,5246.586,2026-03-15T07:35:02.367000000,False,None,False,True,5280.444,15.3,56.2,1024.6,False,21.6,101,1.6,Chinese Grand Prix
100.164,19,HARD,2,26.517,30.671,42.976,7000010.0,100.0,0.0,9,15.0,1,False,5446.849,BOT,77,None,None,5373.281,5403.952,5446.928,276.0,255.0,267.0,313.0,True,Cadillac,5346.685,2026-03-15T07:36:42.466000000,False,None,False,True,5340.458,15.3,56.4,1024.6,False,21.6,98,2.0,Chinese Grand Prix
99.976,20,HARD,2,26.364,30.626,42.986,7000010.0,0.0,10000.0,10,15.0,1,False,5546.825,BOT,77,None,None,5473.292,5503.918,5546.904,275.0,257.0,268.0,310.0,True,Cadillac,5446.849,2026-03-15T07:38:22.630000000,False,None,False,True,5460.458,15.3,56.8,1024.5,False,21.5,108,1.7,Chinese Grand Prix
100.045,21,HARD,2,26.449,30.593,43.003,7000000.0,10.0,0.0,11,15.0,1,False,5646.87,BOT,77,None,None,5573.353,5603.946,5646.949,276.0,256.0,269.0,309.0,True,Cadillac,5546.825,2026-03-15T07:40:02.606000000,False,None,False,True,5580.486,15.3,56.9,1024.5,False,21.8,92,2.8,Chinese Grand Prix
99.813,22,HARD,2,26.212,30.653,42.948,7001010.0,0.0,100010.0,12,15.0,1,False,5746.683,BOT,77,None,None,5673.161,5703.814,5746.762,276.0,256.0,270.0,307.0,True,Cadillac,5646.87,2026-03-15T07:41:42.651000000,False,None,False,True,5640.491,15.3,57.0,1024.3,False,21.7,110,2.4,Chinese Grand Prix
99.967,23,HARD,2,26.487,30.566,42.914,7000000.0,0.0,1100000000.0,13,15.0,1,False,5846.65,BOT,77,None,None,5773.249,5803.815,5846.729,271.0,258.0,271.0,305.0,True,Cadillac,5746.683,2026-03-15T07:43:22.464000000,False,None,False,True,5760.489,15.3,56.2,1024.3,False,21.6,89,1.5,Chinese Grand Prix
99.846,24,HARD,2,26.425,30.561,42.86,7000000.0,0.0,0.0,14,15.0,1,False,5946.496,BOT,77,None,None,5873.154,5903.715,5946.575,272.0,256.0,271.0,307.0,True,Cadillac,5846.65,2026-03-15T07:45:02.431000000,False,None,False,True,5880.499,15.4,56.2,1024.3,False,21.8,94,2.8,Chinese Grand Prix
99.813,25,HARD,2,26.2,30.699,42.914,7011000.0,1000.0,10.0,15,15.0,1,False,6046.309,BOT,77,None,None,5972.775,6003.474,6046.388,274.0,258.0,270.0,306.0,True,Cadillac,5946.496,2026-03-15T07:46:42.277000000,False,None,False,True,5940.541,15.3,56.3,1024.3,False,21.7,93,2.2,Chinese Grand Prix
99.744,26,HARD,2,26.309,30.445,42.99,7000100.0,1000.0,10000.0,16,15.0,1,False,6146.053,BOT,77,None,None,6072.697,6103.142,6146.132,275.0,258.0,270.0,306.0,True,Cadillac,6046.309,2026-03-15T07:48:22.090000000,False,None,False,True,6060.553,15.3,56.5,1024.4,False,21.8,63,2.3,Chinese Grand Prix
100.805,27,HARD,2,26.104,30.394,44.307,7011100.0,1000.0,10.0,17,15.0,12,False,6246.858,BOT,77,None,None,6172.236,6202.63,6246.937,278.0,258.0,268.0,301.0,True,Cadillac,6146.053,2026-03-15T07:50:01.834000000,False,None,False,True,6180.548,15.4,56.0,1024.4,False,21.8,70,2.2,Chinese Grand Prix
99.636,28,HARD,2,26.274,30.448,42.914,7000100.0,1010.0,10.0,18,15.0,1,True,6346.494,BOT,77,None,None,6273.211,6303.659,6346.573,277.0,259.0,271.0,311.0,True,Cadillac,6246.858,2026-03-15T07:51:42.639000000,False,None,False,True,6240.572,15.4,56.0,1024.4,False,21.7,67,2.0,Chinese Grand Prix
99.566,29,HARD,2,26.098,30.501,42.967,7011000.0,0.0,0.0,19,15.0,1,True,6446.06,BOT,77,None,None,6372.671,6403.172,6446.139,278.0,257.0,271.0,311.0,True,Cadillac,6346.494,2026-03-15T07:53:22.275000000,False,None,False,True,6360.641,15.4,55.6,1024.4,False,21.6,77,3.0,Chinese Grand Prix
99.692,30,HARD,2,26.301,30.429,42.962,7000000.0,0.0,1000000010.0,20,14.0,1,False,6545.752,BOT,77,None,None,6472.44,6502.869,6545.831,277.0,258.0,273.0,306.0,True,Cadillac,6446.06,2026-03-15T07:55:01.841000000,False,None,False,True,6480.569,15.4,55.8,1024.4,False,21.2,77,2.6,Chinese Grand Prix
99.768,31,HARD,2,26.106,30.87,42.792,7000000.0,0.0,1.0,21,15.0,1,False,6645.52,BOT,77,None,None,6571.937,6602.807,6645.599,278.0,260.0,275.0,312.0,True,Cadillac,6545.752,2026-03-15T07:56:41.533000000,False,None,False,True,6540.585,15.4,55.8,1024.4,False,21.2,77,2.6,Chinese Grand Prix
99.542,32,HARD,2,26.151,30.446,42.945,7000000.0,11000.0,10100000000.0,22,15.0,1,True,6745.062,BOT,77,None,None,6671.75,6702.196,6745.141,280.0,258.0,273.0,307.0,True,Cadillac,6645.52,2026-03-15T07:58:21.301000000,False,None,False,True,6660.608,15.2,56.6,1024.5,False,21.1,84,1.6,Chinese Grand Prix
101.146,33,HARD,2,26.832,30.937,43.377,7000000.0,10000.0,0.0,23,14.0,12,False,6846.208,BOT,77,None,None,6771.973,6802.91,6846.287,282.0,261.0,270.0,310.0,True,Cadillac,6745.062,2026-03-15T08:00:00.843000000,False,None,False,True,6720.626,15.3,56.8,1024.5,False,21.1,84,2.2,Chinese Grand Prix
99.695,34,HARD,2,26.516,30.445,42.734,7000000.0,1101.0,10000.0,24,14.0,1,False,6945.903,BOT,77,None,None,6872.803,6903.248,6945.982,274.0,262.0,270.0,307.0,True,Cadillac,6846.208,2026-03-15T08:01:41.989000000,False,None,False,True,6840.653,15.3,56.2,1024.5,False,20.8,86,1.7,Chinese Grand Prix
99.539,35,HARD,2,26.304,30.277,42.958,7000000.0,0.0,10.0,25,14.0,1,True,7045.442,BOT,77,None,None,6972.286,7002.563,7045.521,279.0,260.0,271.0,305.0,True,Cadillac,6945.903,2026-03-15T08:03:21.684000000,False,None,False,True,6960.665,15.3,56.1,1024.5,False,21.0,108,1.6,Chinese Grand Prix
100.552,36,HARD,2,26.353,31.324,42.875,7000000.0,0.0,0.0,26,14.0,1,False,7145.994,BOT,77,None,None,7071.874,7103.198,7146.073,277.0,262.0,272.0,315.0,True,Cadillac,7045.442,2026-03-15T08:05:01.223000000,False,None,False,True,7020.691,15.3,55.9,1024.4,False,21.0,98,1.6,Chinese Grand Prix
99.444,37,HARD,2,26.253,30.429,42.762,7000000.0,1000.0,100000.0,27,14.0,1,True,7245.438,BOT,77,None,None,7172.326,7202.755,7245.517,278.0,259.0,273.0,312.0,True,Cadillac,7145.994,2026-03-15T08:06:41.775000000,False,None,False,True,7140.713,15.3,55.4,1024.5,False,20.3,121,2.4,Chinese Grand Prix
100.047,38,HARD,2,26.13,30.527,43.39,7010000.0,0.0,0.0,28,15.0,1,False,7345.485,BOT,77,None,None,7271.647,7302.174,7345.564,276.0,260.0,272.0,310.0,True,Cadillac,7245.438,2026-03-15T08:08:21.219000000,False,None,False,True,7200.701,15.3,55.4,1024.5,False,20.3,121,2.4,Chinese Grand Prix
99.734,39,HARD,2,26.45,30.283,43.001,7000000.0,11000.0,0.0,29,15.0,1,False,7445.219,BOT,77,None,None,7372.014,7402.297,7445.298,270.0,260.0,269.0,319.0,True,Cadillac,7345.485,2026-03-15T08:10:01.266000000,False,None,False,True,7320.732,15.1,56.6,1024.4,False,20.9,83,3.1,Chinese Grand Prix
100.571,40,HARD,2,27.407,30.087,43.077,7000000.0,11000.0,100000010.0,30,15.0,1,False,7545.79,BOT,77,None,None,7472.705,7502.792,7545.869,274.0,260.0,272.0,306.0,True,Cadillac,7445.219,2026-03-15T08:11:41.000000000,False,None,False,True,7440.702,15.2,56.3,1024.4,False,20.3,88,3.1,Chinese Grand Prix
100.077,41,HARD,2,26.195,30.027,43.855,7001000.0,1100.0,0.0,31,15.0,1,False,7645.867,BOT,77,None,None,7572.064,7602.091,7645.946,271.0,258.0,271.0,292.0,True,Cadillac,7545.79,2026-03-15T08:13:21.571000000,False,None,False,True,7500.718,15.2,55.9,1024.3,False,20.5,92,2.6,Chinese Grand Prix
99.02,42,HARD,2,26.101,30.045,42.874,7001000.0,0.0,10.0,32,15.0,1,True,7744.887,BOT,77,None,None,7672.047,7702.092,7744.966,275.0,261.0,273.0,304.0,True,Cadillac,7645.867,2026-03-15T08:15:01.648000000,False,None,False,True,7620.711,15.1,56.5,1024.3,False,20.5,88,2.7,Chinese Grand Prix
99.461,43,HARD,2,26.138,29.91,43.413,7000000.0,10100.0,100000000.0,33,15.0,1,False,7844.348,BOT,77,None,None,7771.104,7801.014,7844.427,273.0,258.0,273.0,302.0,True,Cadillac,7744.887,2026-03-15T08:16:40.668000000,False,None,False,True,7740.749,15.1,56.3,1024.2,False,20.3,91,3.3,Chinese Grand Prix
98.914,44,HARD,2,26.051,30.038,42.825,7000000.0,0.0,0.0,34,15.0,1,True,7943.262,BOT,77,None,None,7870.478,7900.516,7943.341,274.0,262.0,274.0,313.0,True,Cadillac,7844.348,2026-03-15T08:18:20.129000000,False,None,False,True,7800.765,15.1,56.6,1024.3,False,20.4,61,2.7,Chinese Grand Prix
100.379,45,HARD,2,25.99,30.076,44.313,7001000.0,1000.0,1.0,35,15.0,1,False,8043.641,BOT,77,None,None,7969.331,7999.407,8043.72,271.0,259.0,275.0,305.0,True,Cadillac,7943.262,2026-03-15T08:19:59.043000000,False,None,False,True,7920.767,15.1,56.9,1024.3,False,20.4,77,3.3,Chinese Grand Prix
99.658,46,HARD,2,26.021,30.022,43.615,7000000.0,10000.0,10000000000.0,36,14.0,1,False,8143.299,BOT,77,None,None,8069.741,8099.763,8143.378,274.0,261.0,275.0,265.0,True,Cadillac,8043.641,2026-03-15T08:21:39.422000000,False,None,False,True,7980.783,15.1,56.5,1024.4,False,20.5,81,3.9,Chinese Grand Prix
98.93,47,HARD,2,26.086,30.061,42.783,7000000.0,0.0,10.0,37,13.0,1,False,8242.229,BOT,77,None,None,8169.464,8199.525,8242.308,272.0,261.0,274.0,313.0,True,Cadillac,8143.299,2026-03-15T08:23:19.080000000,False,None,False,True,8100.772,15.1,56.9,1024.4,False,20.2,77,3.3,Chinese Grand Prix
99.135,48,HARD,2,26.175,29.953,43.007,7000000.0,1000.0,0.0,38,13.0,1,False,8341.364,BOT,77,None,None,8268.483,8298.436,8341.443,274.0,260.0,272.0,306.0,True,Cadillac,8242.229,2026-03-15T08:24:58.010000000,False,None,False,True,8220.803,15.0,57.4,1024.4,False,20.1,91,2.4,Chinese Grand Prix
99.212,49,HARD,2,26.108,30.008,43.096,7000000.0,1000.0,10.0,39,13.0,1,False,8440.576,BOT,77,None,None,8367.551,8397.559,8440.655,274.0,261.0,272.0,304.0,True,Cadillac,8341.364,2026-03-15T08:26:37.145000000,False,None,False,True,8280.808,15.0,57.4,1024.4,False,20.2,93,2.0,Chinese Grand Prix
99.327,50,HARD,2,26.214,29.909,43.204,7000000.0,100000.0,0.0,40,13.0,1,False,8539.903,BOT,77,None,None,8466.869,8496.778,8539.982,274.0,261.0,272.0,301.0,True,Cadillac,8440.576,2026-03-15T08:28:16.357000000,False,None,False,True,8400.828,15.0,57.3,1024.5,False,20.2,77,2.9,Chinese Grand Prix
99.581,51,HARD,2,26.336,30.143,43.102,7000000.0,0.0,0.0,41,13.0,1,False,8639.484,BOT,77,None,None,8566.318,8596.461,8639.563,266.0,260.0,273.0,307.0,True,Cadillac,8539.903,2026-03-15T08:29:55.684000000,False,None,False,True,8460.818,15.0,57.4,1024.6,False,20.1,84,3.1,Chinese Grand Prix
99.423,52,HARD,2,26.241,30.155,43.027,7000000.0,0.0,0.0,42,13.0,12,False,8738.907,BOT,77,None,None,8665.804,8695.959,8738.986,271.0,259.0,274.0,306.0,True,Cadillac,8639.484,2026-03-15T08:31:35.265000000,False,None,False,True,8580.801,14.9,57.3,1024.6,False,20.0,95,4.1,Chinese Grand Prix
99.353,53,HARD,2,26.181,30.107,43.065,7000000.0,0.0,0.0,43,13.0,1,False,8838.26,BOT,77,None,None,8765.167,8795.274,8838.339,274.0,259.0,274.0,305.0,True,Cadillac,8738.907,2026-03-15T08:33:14.688000000,False,None,False,True,8700.85,15.0,57.4,1024.7,False,19.9,93,2.5,Chinese Grand Prix
99.423,54,HARD,2,26.023,30.297,43.103,7001000.0,0.0,0.0,44,13.0,1,False,8937.683,BOT,77,None,None,8864.362,8894.659,8937.762,273.0,259.0,275.0,308.0,True,Cadillac,8838.26,2026-03-15T08:34:54.041000000,False,None,False,True,8760.855,15.0,57.4,1024.5,False,20.0,84,2.4,Chinese Grand Prix
98.393,55,HARD,2,25.855,29.825,42.713,7000000.0,11001.0,10000110000.0,45,13.0,1,True,9036.076,BOT,77,None,None,8963.617,8993.442,9036.155,274.0,260.0,271.0,300.0,True,Cadillac,8937.683,2026-03-15T08:36:33.464000000,False,None,False,True,8880.869,15.0,57.5,1024.6,False,20.1,86,2.8,Chinese Grand Prix
105.498,1,HARD,1,,31.009,44.11,111111.0,111111.0,11111111110.0,1,6.0,12,False,3489.81,COL,43,None,None,None,3445.868,3489.841,273.0,266.0,269.0,319.0,True,Alpine,3384.05,2026-03-15T07:03:59.831000000,False,None,False,False,3420.295,15.6,55.2,1024.4,False,23.3,72,2.8,Chinese Grand Prix
99.308,2,HARD,1,26.084,30.148,43.076,1131110.0,101110.0,11110101100.0,2,6.0,1,True,3589.118,COL,43,None,None,3515.925,3546.073,3589.149,272.0,258.0,263.0,313.0,True,Alpine,3489.81,2026-03-15T07:05:45.591000000,False,None,False,True,3540.312,15.6,55.3,1024.5,False,22.5,102,4.5,Chinese Grand Prix
98.925,3,HARD,1,26.235,29.918,42.772,11000.0,100100.0,10010111100.0,3,6.0,1,True,3688.043,COL,43,None,None,3615.384,3645.302,3688.074,272.0,259.0,263.0,314.0,True,Alpine,3589.118,2026-03-15T07:07:24.899000000,False,None,False,True,3600.332,15.5,55.8,1024.4,False,23.0,107,1.8,Chinese Grand Prix
98.865,4,HARD,1,26.235,29.933,42.697,7030000.0,100010.0,10011111.0,4,6.0,1,True,3786.908,COL,43,None,None,None,3744.242,3786.939,272.0,258.0,270.0,315.0,True,Alpine,3688.043,2026-03-15T07:09:03.824000000,False,None,False,True,3720.342,15.5,55.4,1024.5,False,23.0,105,2.5,Chinese Grand Prix
98.91,5,HARD,1,25.834,30.107,42.969,1001110.0,0.0,111.0,5,6.0,1,False,3885.818,COL,43,None,None,3812.773,3842.88,3885.849,274.0,258.0,270.0,312.0,True,Alpine,3786.908,2026-03-15T07:10:42.689000000,False,None,False,True,3840.33,15.5,55.3,1024.5,False,23.1,92,3.7,Chinese Grand Prix
98.734,6,HARD,1,26.108,29.992,42.634,0.0,100000.0,10000100111.0,6,6.0,1,True,3984.552,COL,43,None,None,3911.957,3941.949,3984.583,275.0,261.0,270.0,312.0,True,Alpine,3885.818,2026-03-15T07:12:21.599000000,False,None,False,True,3900.33,15.6,55.6,1024.5,False,22.9,107,2.2,Chinese Grand Prix
98.805,7,HARD,1,26.167,30.094,42.544,7010000.0,100000.0,10000111000.0,7,6.0,1,False,4083.357,COL,43,None,None,4010.75,4040.844,4083.388,275.0,261.0,269.0,313.0,True,Alpine,3984.552,2026-03-15T07:14:00.333000000,False,None,False,True,4020.34,15.6,55.8,1024.5,False,22.4,111,2.4,Chinese Grand Prix
98.959,8,HARD,1,26.143,30.175,42.641,7000100.0,0.0,1001100.0,8,6.0,1,False,4182.316,COL,43,None,None,4109.531,4139.706,4182.347,274.0,259.0,269.0,314.0,True,Alpine,4083.357,2026-03-15T07:15:39.138000000,False,None,False,True,4080.343,15.6,55.9,1024.3,False,22.8,88,2.1,Chinese Grand Prix
99.036,9,HARD,1,26.118,30.268,42.65,7000000.0,0.0,10100.0,9,6.0,1,False,4281.352,COL,43,None,None,4208.465,4238.733,4281.383,274.0,260.0,270.0,314.0,True,Alpine,4182.316,2026-03-15T07:17:18.097000000,False,None,False,True,4200.397,15.6,56.0,1024.5,False,22.6,110,2.6,Chinese Grand Prix
111.471,10,HARD,1,26.157,30.235,55.079,7000000.0,100000.0,0.0,10,6.0,124,False,4392.823,COL,43,None,None,4307.54,4337.775,4392.854,273.0,260.0,255.0,246.0,True,Alpine,4281.352,2026-03-15T07:18:57.133000000,False,None,False,False,4320.396,15.5,56.2,1024.6,False,22.4,92,1.5,Chinese Grand Prix
146.642,11,HARD,1,38.41,44.254,63.978,7000000.0,0.0,0.0,11,2.0,4,False,4539.465,COL,43,None,None,4431.264,4475.518,4539.496,129.0,162.0,203.0,214.0,True,Alpine,4392.823,2026-03-15T07:20:48.604000000,False,None,False,False,4440.382,15.5,55.5,1024.6,False,22.8,77,0.8,Chinese Grand Prix
149.978,12,HARD,1,43.532,43.109,63.337,7000000.0,0.0,0.0,12,2.0,4,False,4689.443,COL,43,None,None,4583.028,4626.137,4689.474,155.0,190.0,205.0,182.0,True,Alpine,4539.465,2026-03-15T07:23:15.246000000,False,None,False,False,4560.395,15.5,55.3,1024.7,False,22.7,0,0.0,Chinese Grand Prix
150.492,13,HARD,1,37.203,44.278,69.011,7000000.0,0.0,0.0,13,2.0,41,False,4839.995,COL,43,None,None,4726.797,4771.162,4840.177,205.0,122.0,263.0,166.0,True,Alpine,4689.443,2026-03-15T07:25:45.224000000,False,None,False,False,4740.397,15.5,55.1,1024.6,False,22.0,131,1.7,Chinese Grand Prix
99.465,14,HARD,1,26.212,30.44,42.813,1100000.0,1.0,10000000.0,14,2.0,1,False,4939.46,COL,43,None,None,4866.238,4896.678,4939.491,280.0,266.0,267.0,318.0,True,Alpine,4839.995,2026-03-15T07:28:15.776000000,False,None,False,True,4860.43,15.4,56.3,1024.7,False,22.4,112,1.1,Chinese Grand Prix
98.829,15,HARD,1,25.952,30.192,42.685,1010.0,100000.0,11000000.0,15,3.0,1,False,5038.289,COL,43,None,None,4965.443,4995.635,5038.32,276.0,266.0,267.0,325.0,True,Alpine,4939.46,2026-03-15T07:29:55.241000000,False,None,False,True,4980.417,15.4,56.2,1024.7,False,21.6,116,2.8,Chinese Grand Prix
100.106,16,HARD,1,26.303,30.371,43.432,7000000.0,0.0,0.0,16,5.0,1,False,5138.395,COL,43,None,None,5064.623,5094.994,5138.426,254.0,264.0,269.0,313.0,True,Alpine,5038.289,2026-03-15T07:31:34.070000000,False,None,False,True,5100.455,15.2,56.6,1024.7,False,21.9,114,3.2,Chinese Grand Prix
98.383,17,HARD,1,25.992,29.85,42.541,7000001.0,11001.0,11000.0,17,5.0,1,True,5236.778,COL,43,None,None,5164.418,5194.268,5236.809,284.0,266.0,270.0,315.0,True,Alpine,5138.395,2026-03-15T07:33:14.176000000,False,None,False,True,5160.435,15.2,56.7,1024.7,False,21.9,126,1.0,Chinese Grand Prix
98.946,18,HARD,1,26.049,29.919,42.978,7000010.0,100.0,0.0,18,5.0,12,False,5335.724,COL,43,None,None,5262.858,5292.777,5335.755,273.0,256.0,260.0,311.0,True,Alpine,5236.778,2026-03-15T07:34:52.559000000,False,None,False,True,5280.444,15.3,56.2,1024.6,False,21.6,101,1.6,Chinese Grand Prix
99.566,19,HARD,1,26.179,30.34,43.047,7000000.0,0.0,100000000.0,19,5.0,1,False,5435.29,COL,43,None,None,5361.934,5392.274,5435.321,270.0,255.0,264.0,309.0,True,Alpine,5335.724,2026-03-15T07:36:31.505000000,False,None,False,True,5340.458,15.3,56.4,1024.6,False,21.6,98,2.0,Chinese Grand Prix
98.955,20,HARD,1,25.964,29.945,43.046,7000000.0,0.0,30000.0,20,5.0,1,False,5534.245,COL,43,None,None,5461.285,5491.23,5534.276,269.0,255.0,257.0,308.0,True,Alpine,5435.29,2026-03-15T07:38:11.071000000,False,None,False,True,5460.458,15.3,56.8,1024.5,False,21.5,108,1.7,Chinese Grand Prix
99.324,21,HARD,1,26.271,29.857,43.196,7000010.0,101000.0,0.0,21,6.0,1,False,5633.569,COL,43,None,None,5560.547,5590.404,5633.6,270.0,257.0,268.0,308.0,True,Alpine,5534.245,2026-03-15T07:39:50.026000000,False,None,False,True,5580.486,15.3,56.9,1024.5,False,21.8,92,2.8,Chinese Grand Prix
99.182,22,HARD,1,25.937,30.663,42.582,7000000.0,10000.0,11000001.0,22,7.0,1,False,5732.751,COL,43,None,None,5659.537,5690.2,5732.782,278.0,256.0,273.0,323.0,True,Alpine,5633.569,2026-03-15T07:41:29.350000000,False,None,False,True,5640.491,15.3,57.0,1024.3,False,21.7,110,2.4,Chinese Grand Prix
98.493,23,HARD,1,26.102,29.982,42.409,7000000.0,1.0,0.0,23,7.0,1,False,5831.244,COL,43,None,None,5758.884,5788.866,5831.275,280.0,269.0,272.0,323.0,True,Alpine,5732.751,2026-03-15T07:43:08.532000000,False,None,False,True,5760.489,15.3,56.2,1024.3,False,21.6,89,1.5,Chinese Grand Prix
98.447,24,HARD,1,26.009,29.879,42.559,7000000.0,0.0,0.0,24,7.0,1,False,5929.691,COL,43,None,None,5857.284,5887.163,5929.722,274.0,259.0,272.0,319.0,True,Alpine,5831.244,2026-03-15T07:44:47.025000000,False,None,False,True,5880.499,15.4,56.2,1024.3,False,21.8,94,2.8,Chinese Grand Prix
98.384,25,HARD,1,26.04,29.859,42.485,7000000.0,1000.0,1.0,25,7.0,1,False,6028.075,COL,43,None,None,5955.762,5985.621,6028.106,276.0,262.0,273.0,316.0,True,Alpine,5929.691,2026-03-15T07:46:25.472000000,False,None,False,True,5940.541,15.3,56.3,1024.3,False,21.7,93,2.2,Chinese Grand Prix
98.07,26,HARD,1,25.888,29.772,42.41,7010000.0,1000.0,100011.0,26,7.0,1,True,6126.145,COL,43,None,None,6053.994,6083.766,6126.176,276.0,261.0,274.0,315.0,True,Alpine,6028.075,2026-03-15T07:48:03.856000000,False,None,False,True,6060.553,15.3,56.5,1024.4,False,21.8,63,2.3,Chinese Grand Prix
98.288,27,HARD,1,25.839,29.841,42.608,7000000.0,0.0,0.0,27,7.0,12,False,6224.433,COL,43,None,None,6152.015,6181.856,6224.464,277.0,257.0,270.0,311.0,True,Alpine,6126.145,2026-03-15T07:49:41.926000000,False,None,False,True,6180.548,15.4,56.0,1024.4,False,21.8,70,2.2,Chinese Grand Prix
99.299,28,HARD,1,25.942,29.767,43.59,7000000.0,100.0,30000.0,28,9.0,21,False,6323.732,COL,43,None,None,6250.406,6280.173,6323.763,274.0,259.0,246.0,312.0,True,Alpine,6224.433,2026-03-15T07:51:20.214000000,False,None,False,True,6240.572,15.4,56.0,1024.4,False,21.7,67,2.0,Chinese Grand Prix
98.724,29,HARD,1,26.421,29.978,42.325,7000000.0,0.0,100000.0,29,8.0,1,False,6422.456,COL,43,None,None,6350.184,6380.162,6422.487,281.0,264.0,269.0,320.0,True,Alpine,6323.732,2026-03-15T07:52:59.513000000,False,None,False,True,6360.641,15.4,55.6,1024.4,False,21.6,77,3.0,Chinese Grand Prix
98.235,30,HARD,1,26.045,29.848,42.342,7010000.0,0.0,0.0,30,8.0,1,False,6520.691,COL,43,None,None,6448.532,6478.38,6520.722,275.0,258.0,274.0,318.0,True,Alpine,6422.456,2026-03-15T07:54:38.237000000,False,None,False,True,6480.569,15.4,55.8,1024.4,False,21.2,77,2.6,Chinese Grand Prix
97.802,31,HARD,1,25.862,29.79,42.15,7010000.0,1000.0,100001.0,31,8.0,1,True,6618.493,COL,43,None,None,6546.584,6576.374,6618.524,276.0,260.0,274.0,318.0,True,Alpine,6520.691,2026-03-15T07:56:16.472000000,False,None,False,True,6540.585,15.4,55.8,1024.4,False,21.2,77,2.6,Chinese Grand Prix
102.819,32,HARD,1,25.789,29.718,47.312,7010000.0,100000.0,3555.0,32,11.0,1,False,6721.312,COL,43,None,6719.626,6644.313,6674.031,6721.343,276.0,258.0,None,321.0,True,Alpine,6618.493,2026-03-15T07:57:54.274000000,False,None,False,False,6660.608,15.2,56.6,1024.5,False,21.1,84,1.6,Chinese Grand Prix
124.117,33,MEDIUM,2,50.491,30.246,43.38,5500000.0,10001.0,1000000.0,1,13.0,12,False,6845.429,COL,43,6742.813,None,6771.834,6802.08,6845.46,266.0,268.0,274.0,329.0,True,Alpine,6721.312,2026-03-15T07:59:37.093000000,False,None,False,False,6720.626,15.3,56.8,1024.5,False,21.1,84,2.2,Chinese Grand Prix
97.233,34,MEDIUM,2,25.665,29.482,42.086,100.0,101000.0,10100000000.0,2,13.0,1,True,6942.662,COL,43,None,None,6871.125,6900.607,6942.693,276.0,260.0,272.0,311.0,True,Alpine,6845.429,2026-03-15T08:01:41.210000000,False,None,False,True,6840.653,15.3,56.2,1024.5,False,20.8,86,1.7,Chinese Grand Prix
96.783,35,MEDIUM,2,25.624,29.202,41.957,7010000.0,100010.0,100100110.0,3,13.0,1,True,7039.445,COL,43,None,None,6968.317,6997.519,7039.476,276.0,258.0,273.0,310.0,True,Alpine,6942.662,2026-03-15T08:03:18.443000000,False,None,False,True,6960.665,15.3,56.1,1024.5,False,21.0,108,1.6,Chinese Grand Prix
97.023,36,MEDIUM,2,25.597,29.333,42.093,7000000.0,1000.0,1100000000.0,4,12.0,1,False,7136.468,COL,43,None,None,7065.073,7094.406,7136.499,276.0,260.0,273.0,312.0,True,Alpine,7039.445,2026-03-15T08:04:55.226000000,False,None,False,True,7020.691,15.3,55.9,1024.4,False,21.0,98,1.6,Chinese Grand Prix
96.958,37,MEDIUM,2,25.573,29.393,41.992,7010000.0,0.0,100000.0,5,12.0,1,False,7233.426,COL,43,None,None,7162.072,7191.465,7233.457,275.0,259.0,274.0,314.0,True,Alpine,7136.468,2026-03-15T08:06:32.249000000,False,None,False,True,7140.713,15.3,55.4,1024.5,False,20.3,121,2.4,Chinese Grand Prix
96.819,38,MEDIUM,2,25.52,29.341,41.958,7000000.0,3000.0,0.0,6,12.0,1,False,7330.245,COL,43,None,None,7258.977,7288.318,7330.276,276.0,260.0,274.0,314.0,True,Alpine,7233.426,2026-03-15T08:08:09.207000000,False,None,False,True,7200.701,15.3,55.4,1024.5,False,20.3,121,2.4,Chinese Grand Prix
97.217,39,MEDIUM,2,25.682,29.478,42.057,7000000.0,0.0,0.0,7,12.0,1,False,7427.462,COL,43,None,None,7355.958,7385.436,7427.493,275.0,263.0,273.0,315.0,True,Alpine,7330.245,2026-03-15T08:09:46.026000000,False,None,False,True,7320.732,15.1,56.6,1024.4,False,20.9,83,3.1,Chinese Grand Prix
96.841,40,MEDIUM,2,25.596,29.316,41.929,7010000.0,1000.0,100001.0,8,12.0,1,False,7524.303,COL,43,None,None,7453.089,7482.405,7524.334,276.0,260.0,274.0,318.0,True,Alpine,7427.462,2026-03-15T08:11:23.243000000,False,None,False,True,7440.702,15.2,56.3,1024.4,False,20.3,88,3.1,Chinese Grand Prix
97.448,41,MEDIUM,2,25.661,29.497,42.29,7000000.0,0.0,100000.0,9,11.0,1,False,7621.751,COL,43,None,None,7549.995,7579.492,7621.782,277.0,262.0,272.0,327.0,True,Alpine,7524.303,2026-03-15T08:13:00.084000000,False,None,False,True,7500.718,15.2,55.9,1024.3,False,20.5,92,2.6,Chinese Grand Prix
97.53,42,MEDIUM,2,25.753,29.534,42.243,7000000.0,0.0,1.0,10,11.0,1,False,7719.281,COL,43,None,None,7647.535,7677.069,7719.312,275.0,261.0,275.0,309.0,True,Alpine,7621.751,2026-03-15T08:14:37.532000000,False,None,False,True,7620.711,15.1,56.5,1024.3,False,20.5,88,2.7,Chinese Grand Prix
97.381,43,MEDIUM,2,25.698,29.458,42.225,7000000.0,0.0,10.0,11,11.0,1,False,7816.662,COL,43,None,None,7745.01,7774.468,7816.693,276.0,262.0,275.0,309.0,True,Alpine,7719.281,2026-03-15T08:16:15.062000000,False,None,False,True,7740.749,15.1,56.3,1024.2,False,20.3,91,3.3,Chinese Grand Prix
97.075,44,MEDIUM,2,25.547,29.444,42.084,7000000.0,10000.0,11.0,12,11.0,1,False,7913.737,COL,43,None,None,7842.24,7871.684,7913.768,278.0,260.0,275.0,311.0,True,Alpine,7816.662,2026-03-15T08:17:52.443000000,False,None,False,True,7800.765,15.1,56.6,1024.3,False,20.4,61,2.7,Chinese Grand Prix
97.426,45,MEDIUM,2,25.65,29.576,42.2,7000000.0,0.0,11.0,13,10.0,1,False,8011.163,COL,43,None,None,7939.418,7968.994,8011.194,278.0,262.0,276.0,313.0,True,Alpine,7913.737,2026-03-15T08:19:29.518000000,False,None,False,True,7920.767,15.1,56.9,1024.3,False,20.4,77,3.3,Chinese Grand Prix
97.139,46,MEDIUM,2,25.598,29.426,42.115,7000000.0,0.0,0.0,14,10.0,1,False,8108.302,COL,43,None,None,8036.792,8066.218,8108.333,278.0,261.0,275.0,315.0,True,Alpine,8011.163,2026-03-15T08:21:06.944000000,False,None,False,True,7980.783,15.1,56.5,1024.4,False,20.5,81,3.9,Chinese Grand Prix
97.504,47,MEDIUM,2,25.759,29.491,42.254,7000000.0,0.0,0.0,15,10.0,1,False,8205.806,COL,43,None,None,8134.092,8163.583,8205.837,278.0,263.0,275.0,315.0,True,Alpine,8108.302,2026-03-15T08:22:44.083000000,False,None,False,True,8100.772,15.1,56.9,1024.4,False,20.2,77,3.3,Chinese Grand Prix
97.598,48,MEDIUM,2,25.66,29.557,42.381,7000000.0,0.0,0.0,16,10.0,1,False,8303.404,COL,43,None,None,8231.497,8261.054,8303.435,278.0,263.0,275.0,315.0,True,Alpine,8205.806,2026-03-15T08:24:21.587000000,False,None,False,True,8220.803,15.0,57.4,1024.4,False,20.1,91,2.4,Chinese Grand Prix
99.052,49,MEDIUM,2,25.876,29.627,43.549,7000000.0,0.0,1.0,17,10.0,1,False,8402.456,COL,43,None,None,8329.311,8358.938,8402.487,280.0,264.0,278.0,304.0,True,Alpine,8303.404,2026-03-15T08:25:59.185000000,False,None,False,True,8280.808,15.0,57.4,1024.4,False,20.2,93,2.0,Chinese Grand Prix
97.592,50,MEDIUM,2,25.714,29.601,42.277,7000001.0,0.0,11.0,18,10.0,1,False,8500.048,COL,43,None,None,8428.201,8457.802,8500.079,286.0,270.0,277.0,321.0,True,Alpine,8402.456,2026-03-15T08:27:38.237000000,False,None,False,True,8400.828,15.0,57.3,1024.5,False,20.2,77,2.9,Chinese Grand Prix
97.781,51,MEDIUM,2,25.742,29.919,42.12,7000000.0,0.0,1.0,19,10.0,1,False,8597.829,COL,43,None,None,8525.821,8555.74,8597.86,279.0,263.0,279.0,319.0,True,Alpine,8500.048,2026-03-15T08:29:15.829000000,False,None,False,True,8460.818,15.0,57.4,1024.6,False,20.1,84,3.1,Chinese Grand Prix
98.022,52,MEDIUM,2,25.738,29.834,42.45,1000000.0,0.0,100000001.0,20,10.0,12,False,8695.851,COL,43,None,None,8623.598,8653.432,8695.882,280.0,264.0,280.0,321.0,True,Alpine,8597.829,2026-03-15T08:30:53.610000000,False,None,False,True,8580.801,14.9,57.3,1024.6,False,20.0,95,4.1,Chinese Grand Prix
99.609,53,MEDIUM,2,25.868,30.008,43.733,0.0,10000.0,0.0,21,10.0,1,False,8795.46,COL,43,None,None,8721.75,8751.758,8795.491,284.0,266.0,277.0,309.0,True,Alpine,8695.851,2026-03-15T08:32:31.632000000,False,None,False,True,8700.85,15.0,57.4,1024.7,False,19.9,93,2.5,Chinese Grand Prix
98.685,54,MEDIUM,2,26.19,30.027,42.468,7000001.0,0.0,10000000.0,22,10.0,1,False,8894.145,COL,43,None,None,8821.681,8851.708,8894.176,288.0,267.0,279.0,323.0,True,Alpine,8795.46,2026-03-15T08:34:11.241000000,False,None,False,True,8760.855,15.0,57.4,1024.5,False,20.0,84,2.4,Chinese Grand Prix
98.237,55,MEDIUM,2,25.771,29.958,42.508,7000000.0,0.0,111000000.0,23,10.0,1,False,8992.382,COL,43,None,None,8919.947,8949.905,8992.413,285.0,266.0,268.0,338.0,True,Alpine,8894.145,2026-03-15T08:35:49.926000000,False,None,False,True,8880.869,15.0,57.5,1024.6,False,20.1,86,2.8,Chinese Grand Prix
102.591,1,MEDIUM,1,,30.332,42.559,111111.0,111111.0,11111131113.0,1,5.0,12,False,3486.903,GAS,10,None,None,None,3444.597,3487.033,283.0,265.0,272.0,337.0,True,Alpine,3384.05,2026-03-15T07:03:59.831000000,False,None,False,False,3420.295,15.6,55.2,1024.4,False,23.3,72,2.8,Chinese Grand Prix
98.917,2,MEDIUM,1,26.232,30.273,42.412,1111110.0,110.0,1110101110.0,2,5.0,1,True,3585.82,GAS,10,None,None,3513.192,3543.465,3585.877,275.0,261.0,268.0,320.0,True,Alpine,3486.903,2026-03-15T07:05:42.684000000,False,None,False,True,3540.312,15.6,55.3,1024.5,False,22.5,102,4.5,Chinese Grand Prix
98.923,3,MEDIUM,1,26.327,30.046,42.55,1100.0,100100.0,101100.0,3,5.0,1,False,3684.743,GAS,10,None,None,3612.204,3642.25,3684.8,272.0,261.0,265.0,314.0,True,Alpine,3585.82,2026-03-15T07:07:21.601000000,False,None,False,True,3600.332,15.5,55.8,1024.4,False,23.0,107,1.8,Chinese Grand Prix
98.717,4,MEDIUM,1,26.278,29.879,42.56,7011000.0,101110.0,11000.0,4,5.0,1,True,3783.46,GAS,10,None,None,3711.078,3740.957,3783.517,274.0,260.0,269.0,314.0,True,Alpine,3684.743,2026-03-15T07:09:00.524000000,False,None,False,True,3720.342,15.5,55.4,1024.5,False,23.0,105,2.5,Chinese Grand Prix
98.474,5,MEDIUM,1,26.142,29.826,42.506,7000100.0,101100.0,10.0,5,5.0,1,True,3881.934,GAS,10,None,None,3809.659,3839.485,3881.991,272.0,259.0,269.0,312.0,True,Alpine,3783.46,2026-03-15T07:10:39.241000000,False,None,False,True,3840.33,15.5,55.3,1024.5,False,23.1,92,3.7,Chinese Grand Prix
98.298,6,MEDIUM,1,26.134,29.798,42.366,7000000.0,1000.0,10000100010.0,6,5.0,1,True,3980.232,GAS,10,None,None,3908.125,3937.923,3980.289,272.0,262.0,271.0,314.0,True,Alpine,3881.934,2026-03-15T07:12:17.715000000,False,None,False,True,3900.33,15.6,55.6,1024.5,False,22.9,107,2.2,Chinese Grand Prix
98.635,7,MEDIUM,1,26.039,30.089,42.507,7001110.0,1000.0,100001000.0,7,5.0,1,False,4078.867,GAS,10,None,None,4006.328,4036.417,4078.924,272.0,258.0,268.0,313.0,True,Alpine,3980.232,2026-03-15T07:13:56.013000000,False,None,False,True,4020.34,15.6,55.8,1024.5,False,22.4,111,2.4,Chinese Grand Prix
98.427,8,MEDIUM,1,26.03,29.874,42.523,7001010.0,101000.0,0.0,8,5.0,1,False,4177.294,GAS,10,None,None,4104.954,4134.828,4177.351,272.0,258.0,267.0,312.0,True,Alpine,4078.867,2026-03-15T07:15:34.648000000,False,None,False,True,4080.343,15.6,55.9,1024.3,False,22.8,88,2.1,Chinese Grand Prix
98.609,9,MEDIUM,1,26.192,29.903,42.514,7001000.0,1000.0,10.0,9,5.0,1,False,4275.903,GAS,10,None,None,4203.543,4233.446,4275.96,272.0,257.0,268.0,311.0,True,Alpine,4177.294,2026-03-15T07:17:13.075000000,False,None,False,True,4200.397,15.6,56.0,1024.5,False,22.6,110,2.6,Chinese Grand Prix
112.994,10,MEDIUM,1,26.099,29.86,57.035,7010000.0,100000.0,1555.0,10,5.0,124,False,4388.897,GAS,10,None,4387.031,4302.059,4331.919,4388.954,271.0,258.0,None,215.0,True,Alpine,4275.903,2026-03-15T07:18:51.684000000,False,None,False,False,4320.396,15.5,56.2,1024.6,False,22.4,92,1.5,Chinese Grand Prix
158.639,11,HARD,2,54.68,40.781,63.178,5500000.0,0.0,0.0,1,9.0,4,False,4547.651,GAS,10,4410.471,None,4443.843,4484.53,4547.712,238.0,221.0,203.0,257.0,True,Alpine,4388.897,2026-03-15T07:20:44.678000000,False,None,False,False,4440.382,15.5,55.5,1024.6,False,22.8,77,0.8,Chinese Grand Prix
150.075,12,HARD,2,42.739,44.215,63.121,0.0,0.0,0.0,2,9.0,4,False,4697.634,GAS,10,None,None,4590.356,4634.642,4697.733,207.0,200.0,157.0,154.0,True,Alpine,4547.651,2026-03-15T07:23:23.432000000,False,None,False,False,4560.395,15.5,55.3,1024.7,False,22.7,0,0.0,Chinese Grand Prix
145.559,13,HARD,2,36.457,45.437,63.665,7000000.0,0.0,0.0,3,9.0,41,False,4843.193,GAS,10,None,None,4734.148,4779.585,4843.25,207.0,183.0,250.0,184.0,True,Alpine,4697.634,2026-03-15T07:25:53.415000000,False,None,False,False,4740.397,15.5,55.1,1024.6,False,22.0,131,1.7,Chinese Grand Prix
100.408,14,HARD,2,27.047,30.627,42.734,7000000.0,0.0,100000000.0,4,10.0,1,False,4943.601,GAS,10,None,None,4870.297,4900.924,4943.658,279.0,264.0,266.0,328.0,True,Alpine,4843.193,2026-03-15T07:28:18.974000000,False,None,False,True,4860.43,15.4,56.3,1024.7,False,22.4,112,1.1,Chinese Grand Prix
98.883,15,HARD,2,26.131,30.252,42.5,7100000.0,10000.0,333000000.0,5,10.0,1,False,5042.484,GAS,10,None,None,4969.789,5000.041,5042.541,282.0,272.0,268.0,353.0,True,Alpine,4943.601,2026-03-15T07:29:59.382000000,False,None,False,True,4980.417,15.4,56.2,1024.7,False,21.6,116,2.8,Chinese Grand Prix
98.644,16,HARD,2,26.058,30.253,42.333,7100011.0,10000.0,1330000001.0,6,9.0,1,False,5141.128,GAS,10,None,None,5068.599,5098.852,5141.185,287.0,270.0,274.0,338.0,True,Alpine,5042.484,2026-03-15T07:31:38.265000000,False,None,False,True,5100.455,15.2,56.6,1024.7,False,21.9,114,3.2,Chinese Grand Prix
98.238,17,HARD,2,25.803,30.3,42.135,1100000.0,10001.0,0.0,7,8.0,1,True,5239.366,GAS,10,None,None,5166.988,5197.288,5239.423,286.0,269.0,271.0,337.0,True,Alpine,5141.128,2026-03-15T07:33:16.909000000,False,None,False,True,5160.435,15.2,56.7,1024.7,False,21.9,126,1.0,Chinese Grand Prix
97.593,18,HARD,2,25.714,29.545,42.334,1000.0,101010.0,300000000.0,8,8.0,12,True,5336.959,GAS,10,None,None,5265.137,5294.682,5337.016,282.0,263.0,255.0,343.0,True,Alpine,5239.366,2026-03-15T07:34:55.147000000,False,None,False,True,5280.444,15.3,56.2,1024.6,False,21.6,101,1.6,Chinese Grand Prix
99.325,19,HARD,2,26.154,30.545,42.626,7100000.0,30000.0,0.0,9,8.0,1,False,5436.284,GAS,10,None,None,5363.17,5393.715,5436.341,280.0,259.0,271.0,327.0,True,Alpine,5336.959,2026-03-15T07:36:32.740000000,False,None,False,True,5340.458,15.3,56.4,1024.6,False,21.6,98,2.0,Chinese Grand Prix
99.504,20,HARD,2,27.158,30.103,42.243,1000000.0,0.0,10000000000.0,10,9.0,1,False,5535.788,GAS,10,None,None,5463.499,5493.602,5535.845,280.0,266.0,273.0,332.0,True,Alpine,5436.284,2026-03-15T07:38:12.065000000,False,None,False,True,5460.458,15.3,56.8,1024.5,False,21.5,108,1.7,Chinese Grand Prix
99.208,21,HARD,2,26.059,30.115,43.034,0.0,0.0,0.0,11,9.0,1,False,5634.996,GAS,10,None,None,5561.904,5592.019,5635.053,284.0,272.0,248.0,343.0,True,Alpine,5535.788,2026-03-15T07:39:51.569000000,False,None,False,True,5580.486,15.3,56.9,1024.5,False,21.8,92,2.8,Chinese Grand Prix
99.338,22,HARD,2,26.564,30.393,42.381,7000001.0,0.0,11.0,12,10.0,1,False,5734.334,GAS,10,None,None,5661.617,5692.01,5734.391,277.0,268.0,274.0,333.0,True,Alpine,5634.996,2026-03-15T07:41:30.777000000,False,None,False,True,5640.491,15.3,57.0,1024.3,False,21.7,110,2.4,Chinese Grand Prix
98.067,23,HARD,2,25.759,30.001,42.307,7000001.0,1000.0,0.0,13,9.0,1,False,5832.401,GAS,10,None,None,5760.15,5790.151,5832.458,291.0,269.0,273.0,328.0,True,Alpine,5734.334,2026-03-15T07:43:10.115000000,False,None,False,True,5760.489,15.3,56.2,1024.3,False,21.6,89,1.5,Chinese Grand Prix
98.373,24,HARD,2,25.781,29.894,42.698,7001000.0,1.0,0.0,14,9.0,1,False,5930.774,GAS,10,None,None,5858.239,5888.133,5930.831,283.0,269.0,267.0,336.0,True,Alpine,5832.401,2026-03-15T07:44:48.182000000,False,None,False,True,5880.499,15.4,56.2,1024.3,False,21.8,94,2.8,Chinese Grand Prix
98.568,25,HARD,2,26.28,30.069,42.219,7000000.0,0.0,1.0,15,9.0,1,False,6029.342,GAS,10,None,None,5957.111,5987.18,6029.399,280.0,265.0,276.0,335.0,True,Alpine,5930.774,2026-03-15T07:46:26.555000000,False,None,False,True,5940.541,15.3,56.3,1024.3,False,21.7,93,2.2,Chinese Grand Prix
97.82,26,HARD,2,25.953,29.802,42.065,7101000.0,0.0,10000000000.0,16,9.0,1,False,6127.162,GAS,10,None,None,6055.352,6085.154,6127.219,280.0,270.0,274.0,333.0,True,Alpine,6029.342,2026-03-15T07:48:05.123000000,False,None,False,True,6060.553,15.3,56.5,1024.4,False,21.8,63,2.3,Chinese Grand Prix
98.163,27,HARD,2,25.744,29.934,42.485,7001000.0,1000.0,0.0,17,9.0,12,False,6225.325,GAS,10,None,None,6152.963,6182.897,6225.382,286.0,270.0,271.0,332.0,True,Alpine,6127.162,2026-03-15T07:49:42.943000000,False,None,False,True,6180.548,15.4,56.0,1024.4,False,21.8,70,2.2,Chinese Grand Prix
98.225,28,HARD,2,25.886,29.866,42.473,7000000.0,0.0,0.0,18,8.0,21,False,6323.55,GAS,10,None,None,6251.268,6281.134,6323.607,284.0,269.0,268.0,335.0,True,Alpine,6225.325,2026-03-15T07:51:21.106000000,False,None,False,True,6240.572,15.4,56.0,1024.4,False,21.7,67,2.0,Chinese Grand Prix
97.566,29,HARD,2,25.857,29.475,42.234,7000000.0,1100.0,0.0,19,7.0,1,True,6421.116,GAS,10,None,None,6349.464,6378.939,6421.173,273.0,258.0,271.0,312.0,True,Alpine,6323.55,2026-03-15T07:52:59.331000000,False,None,False,True,6360.641,15.4,55.6,1024.4,False,21.6,77,3.0,Chinese Grand Prix
98.132,30,HARD,2,25.679,29.518,42.935,7011000.0,100100.0,10000000000.0,20,7.0,1,False,6519.248,GAS,10,None,None,6446.852,6476.37,6519.305,272.0,260.0,270.0,311.0,True,Alpine,6421.116,2026-03-15T07:54:36.897000000,False,None,False,True,6480.569,15.4,55.8,1024.4,False,21.2,77,2.6,Chinese Grand Prix
97.634,31,HARD,2,25.811,29.447,42.376,7000000.0,101000.0,10.0,21,7.0,1,False,6616.882,GAS,10,None,None,6545.116,6574.563,6616.939,273.0,259.0,270.0,309.0,True,Alpine,6519.248,2026-03-15T07:56:15.029000000,False,None,False,True,6540.585,15.4,55.8,1024.4,False,21.2,77,2.6,Chinese Grand Prix
97.253,32,HARD,2,25.75,29.413,42.09,7000000.0,101100.0,10010.0,22,7.0,1,True,6714.135,GAS,10,None,None,6642.689,6672.102,6714.192,273.0,260.0,273.0,313.0,True,Alpine,6616.882,2026-03-15T07:57:52.663000000,False,None,False,True,6660.608,15.2,56.6,1024.5,False,21.1,84,1.6,Chinese Grand Prix
97.123,33,HARD,2,25.649,29.312,42.162,7010000.0,100100.0,10000000110.0,23,7.0,12,True,6811.258,GAS,10,None,None,6739.841,6769.153,6811.315,273.0,260.0,272.0,313.0,True,Alpine,6714.135,2026-03-15T07:59:29.916000000,False,None,False,True,6720.626,15.3,56.8,1024.5,False,21.1,84,2.2,Chinese Grand Prix
97.193,34,HARD,2,25.703,29.32,42.17,7010000.0,100100.0,10000.0,24,7.0,1,False,6908.451,GAS,10,None,None,6837.018,6866.338,6908.508,273.0,258.0,271.0,313.0,True,Alpine,6811.258,2026-03-15T08:01:07.039000000,False,None,False,True,6840.653,15.3,56.2,1024.5,False,20.8,86,1.7,Chinese Grand Prix
97.293,35,HARD,2,25.72,29.432,42.141,7010000.0,1000.0,10000000000.0,25,7.0,1,False,7005.744,GAS,10,None,None,6934.228,6963.66,7005.801,274.0,260.0,271.0,312.0,True,Alpine,6908.451,2026-03-15T08:02:44.232000000,False,None,False,True,6960.665,15.3,56.1,1024.5,False,21.0,108,1.6,Chinese Grand Prix
97.103,36,HARD,2,25.743,29.398,41.962,7000000.0,0.0,100000.0,26,7.0,1,True,7102.847,GAS,10,None,None,7031.544,7060.942,7102.904,273.0,261.0,273.0,313.0,True,Alpine,7005.744,2026-03-15T08:04:21.525000000,False,None,False,True,7020.691,15.3,55.9,1024.4,False,21.0,98,1.6,Chinese Grand Prix
96.752,37,HARD,2,25.561,29.247,41.944,7010100.0,1000.0,100010.0,27,7.0,1,True,7199.599,GAS,10,None,None,7128.465,7157.712,7199.656,274.0,261.0,274.0,314.0,True,Alpine,7102.847,2026-03-15T08:05:58.628000000,False,None,False,True,7140.713,15.3,55.4,1024.5,False,20.3,121,2.4,Chinese Grand Prix
96.672,38,HARD,2,25.579,29.221,41.872,7000000.0,100000.0,10000010010.0,28,7.0,1,True,7296.271,GAS,10,None,None,7225.235,7254.456,7296.328,274.0,261.0,274.0,313.0,True,Alpine,7199.599,2026-03-15T08:07:35.380000000,False,None,False,True,7200.701,15.3,55.4,1024.5,False,20.3,121,2.4,Chinese Grand Prix
96.754,39,HARD,2,25.596,29.263,41.895,7000000.0,0.0,10000010000.0,29,7.0,1,False,7393.025,GAS,10,None,None,7321.924,7351.187,7393.082,275.0,263.0,273.0,313.0,True,Alpine,7296.271,2026-03-15T08:09:12.052000000,False,None,False,True,7320.732,15.1,56.6,1024.4,False,20.9,83,3.1,Chinese Grand Prix
96.865,40,HARD,2,25.632,29.297,41.936,7000000.0,3000.0,110000.0,30,7.0,1,False,7489.89,GAS,10,None,None,7418.714,7448.011,7489.947,275.0,261.0,273.0,314.0,True,Alpine,7393.025,2026-03-15T08:10:48.806000000,False,None,False,True,7440.702,15.2,56.3,1024.4,False,20.3,88,3.1,Chinese Grand Prix
97.214,41,HARD,2,25.596,29.407,42.211,7000000.0,0.0,0.0,31,7.0,1,False,7587.104,GAS,10,None,None,7515.543,7544.95,7587.161,277.0,260.0,275.0,315.0,True,Alpine,7489.89,2026-03-15T08:12:25.671000000,False,None,False,True,7500.718,15.2,55.9,1024.3,False,20.5,92,2.6,Chinese Grand Prix
97.026,42,HARD,2,25.53,29.337,42.159,7000100.0,0.0,10000.0,32,7.0,1,False,7684.13,GAS,10,None,None,7612.691,7642.028,7684.187,275.0,261.0,274.0,314.0,True,Alpine,7587.104,2026-03-15T08:14:02.885000000,False,None,False,True,7620.711,15.1,56.5,1024.3,False,20.5,88,2.7,Chinese Grand Prix
96.877,43,HARD,2,25.507,29.286,42.084,7000000.0,0.0,1.0,33,7.0,1,False,7781.007,GAS,10,None,None,7709.694,7738.98,7781.064,276.0,261.0,275.0,313.0,True,Alpine,7684.13,2026-03-15T08:15:39.911000000,False,None,False,True,7740.749,15.1,56.3,1024.2,False,20.3,91,3.3,Chinese Grand Prix
96.764,44,HARD,2,25.497,29.267,42.0,7001000.0,1000.0,0.0,34,7.0,1,False,7877.771,GAS,10,None,None,7806.561,7835.828,7877.828,276.0,265.0,274.0,315.0,True,Alpine,7781.007,2026-03-15T08:17:16.788000000,False,None,False,True,7800.765,15.1,56.6,1024.3,False,20.4,61,2.7,Chinese Grand Prix
96.895,45,HARD,2,25.484,29.296,42.115,7010000.0,0.0,0.0,35,6.0,1,False,7974.666,GAS,10,None,None,7903.312,7932.608,7974.723,277.0,262.0,275.0,313.0,True,Alpine,7877.771,2026-03-15T08:18:53.552000000,False,None,False,True,7920.767,15.1,56.9,1024.3,False,20.4,77,3.3,Chinese Grand Prix
96.748,46,HARD,2,25.528,29.293,41.927,7000000.0,0.0,10000.0,36,6.0,1,False,8071.414,GAS,10,None,None,8000.251,8029.544,8071.471,276.0,262.0,273.0,314.0,True,Alpine,7974.666,2026-03-15T08:20:30.447000000,False,None,False,True,7980.783,15.1,56.5,1024.4,False,20.5,81,3.9,Chinese Grand Prix
97.584,47,HARD,2,25.608,29.299,42.677,7000000.0,0.0,0.0,37,6.0,1,False,8168.998,GAS,10,None,None,8097.079,8126.378,8169.055,277.0,262.0,274.0,316.0,True,Alpine,8071.414,2026-03-15T08:22:07.195000000,False,None,False,True,8100.772,15.1,56.9,1024.4,False,20.2,77,3.3,Chinese Grand Prix
97.01,48,HARD,2,25.56,29.288,42.162,7001000.0,0.0,10001.0,38,6.0,1,False,8266.008,GAS,10,None,None,8194.615,8223.903,8266.065,275.0,261.0,275.0,312.0,True,Alpine,8168.998,2026-03-15T08:23:44.779000000,False,None,False,True,8220.803,15.0,57.4,1024.4,False,20.1,91,2.4,Chinese Grand Prix
96.752,49,HARD,2,25.496,29.22,42.036,7000000.0,0.0,10001.0,39,6.0,1,False,8362.76,GAS,10,None,None,8291.561,8320.781,8362.817,278.0,263.0,277.0,319.0,True,Alpine,8266.008,2026-03-15T08:25:21.789000000,False,None,False,True,8280.808,15.0,57.4,1024.4,False,20.2,93,2.0,Chinese Grand Prix
97.04,50,HARD,2,25.51,29.456,42.074,7000000.0,0.0,0.0,40,6.0,1,False,8459.8,GAS,10,None,None,8388.327,8417.783,8459.857,279.0,268.0,275.0,328.0,True,Alpine,8362.76,2026-03-15T08:26:58.541000000,False,None,False,True,8400.828,15.0,57.3,1024.5,False,20.2,77,2.9,Chinese Grand Prix
96.753,51,HARD,2,25.517,29.221,42.015,7000000.0,0.0,0.0,41,6.0,1,False,8556.553,GAS,10,None,None,8485.374,8514.595,8556.61,277.0,263.0,276.0,312.0,True,Alpine,8459.8,2026-03-15T08:28:35.581000000,False,None,False,True,8460.818,15.0,57.4,1024.6,False,20.1,84,3.1,Chinese Grand Prix
96.642,52,HARD,2,25.469,29.305,41.868,7000000.0,0.0,10001.0,42,6.0,1,True,8653.195,GAS,10,None,None,8582.079,8611.384,8653.252,278.0,264.0,277.0,315.0,True,Alpine,8556.553,2026-03-15T08:30:12.334000000,False,None,False,True,8580.801,14.9,57.3,1024.6,False,20.0,95,4.1,Chinese Grand Prix
96.505,53,HARD,2,25.388,29.218,41.899,7001000.0,1100.0,10001.0,43,6.0,12,True,8749.7,GAS,10,None,None,8678.64,8707.858,8749.757,278.0,263.0,277.0,316.0,True,Alpine,8653.195,2026-03-15T08:31:48.976000000,False,None,False,True,8700.85,15.0,57.4,1024.7,False,19.9,93,2.5,Chinese Grand Prix
96.682,54,HARD,2,25.356,29.236,42.09,7010000.0,0.0,10001.0,44,6.0,1,False,8846.382,GAS,10,None,None,8775.113,8804.349,8846.439,280.0,263.0,277.0,316.0,True,Alpine,8749.7,2026-03-15T08:33:25.481000000,False,None,False,True,8760.855,15.0,57.4,1024.5,False,20.0,84,2.4,Chinese Grand Prix
96.638,55,HARD,2,25.449,29.222,41.967,7000000.0,100.0,100000001.0,45,6.0,1,False,8943.02,GAS,10,None,None,8871.888,8901.11,8943.077,278.0,263.0,278.0,318.0,True,Alpine,8846.382,2026-03-15T08:35:02.163000000,False,None,False,True,8880.869,15.0,57.5,1024.6,False,20.1,86,2.8,Chinese Grand Prix
96.569,56,HARD,2,25.321,29.355,41.893,1000000.0,0.0,0.0,46,6.0,1,False,9039.589,GAS,10,None,None,8968.398,8997.753,9039.646,276.0,262.0,270.0,326.0,True,Alpine,8943.02,2026-03-15T08:36:38.801000000,False,None,False,True,9000.856,14.9,57.5,1024.5,False,19.7,112,2.3,Chinese Grand Prix
123.643,1,SOFT,1,,30.907,62.905,7111111.0,111111.0,11111113555.0,4,18.0,12,False,3507.955,HAD,6,None,3506.239,None,3445.281,3508.114,284.0,280.0,None,274.0,False,Red Bull Racing,3384.05,2026-03-15T07:03:59.831000000,False,None,False,False,3420.295,15.6,55.2,1024.4,False,23.3,72,2.8,Chinese Grand Prix
120.199,2,HARD,2,46.15,30.387,43.662,7501100.0,101110.0,10111100111.0,1,18.0,1,False,3628.154,HAD,6,3529.235,None,3554.162,3584.549,3628.211,260.0,259.0,261.0,306.0,True,Red Bull Racing,3507.955,2026-03-15T07:06:03.736000000,False,None,False,False,3540.312,15.6,55.3,1024.5,False,22.5,102,4.5,Chinese Grand Prix
98.812,3,HARD,2,26.221,30.048,42.543,1111110.0,101000.0,111100111.0,2,18.0,1,True,3726.966,HAD,6,None,None,3654.432,3684.48,3727.023,264.0,260.0,270.0,311.0,True,Red Bull Racing,3628.154,2026-03-15T07:08:03.935000000,False,None,False,True,3600.332,15.5,55.8,1024.4,False,23.0,107,1.8,Chinese Grand Prix
99.088,4,HARD,2,26.095,30.275,42.718,7101000.0,0.0,111.0,3,18.0,1,False,3826.054,HAD,6,None,None,3753.118,3783.393,3826.111,263.0,257.0,270.0,307.0,True,Red Bull Racing,3726.966,2026-03-15T07:09:42.747000000,False,None,False,True,3720.342,15.5,55.4,1024.5,False,23.0,105,2.5,Chinese Grand Prix
98.824,5,HARD,2,25.985,30.083,42.756,1100.0,100000.0,111.0,4,18.0,1,False,3924.878,HAD,6,None,None,3852.096,3882.179,3924.935,266.0,258.0,272.0,309.0,True,Red Bull Racing,3826.054,2026-03-15T07:11:21.835000000,False,None,False,True,3840.33,15.5,55.3,1024.5,False,23.1,92,3.7,Chinese Grand Prix
98.261,6,HARD,2,25.948,29.935,42.378,1110000.0,101000.0,10100000.0,5,18.0,1,True,4023.139,HAD,6,None,None,3950.883,3980.818,4023.196,265.0,259.0,271.0,309.0,True,Red Bull Racing,3924.878,2026-03-15T07:13:00.659000000,False,None,False,True,3900.33,15.6,55.6,1024.5,False,22.9,107,2.2,Chinese Grand Prix
98.457,7,HARD,2,25.97,30.015,42.472,0.0,100.0,110000110.0,6,18.0,1,False,4121.596,HAD,6,None,None,4049.166,4079.181,4121.653,268.0,259.0,269.0,309.0,True,Red Bull Racing,4023.139,2026-03-15T07:14:38.920000000,False,None,False,True,4020.34,15.6,55.8,1024.5,False,22.4,111,2.4,Chinese Grand Prix
98.661,8,HARD,2,26.132,30.026,42.503,7000000.0,0.0,100000.0,7,18.0,1,False,4220.257,HAD,6,None,None,4147.785,4177.811,4220.314,264.0,258.0,271.0,308.0,True,Red Bull Racing,4121.596,2026-03-15T07:16:17.377000000,False,None,False,True,4080.343,15.6,55.9,1024.3,False,22.8,88,2.1,Chinese Grand Prix
98.662,9,HARD,2,26.18,30.093,42.389,7000000.0,0.0,100000.0,8,18.0,1,False,4318.919,HAD,6,None,None,4246.494,4276.587,4318.976,263.0,257.0,271.0,308.0,True,Red Bull Racing,4220.257,2026-03-15T07:17:56.038000000,False,None,False,True,4200.397,15.6,56.0,1024.5,False,22.6,110,2.6,Chinese Grand Prix
128.038,10,HARD,2,26.322,40.743,60.973,7000000.0,0.0,555.0,9,17.0,124,False,4446.957,HAD,6,None,4445.173,4345.298,4386.041,4447.014,265.0,246.0,None,225.0,True,Red Bull Racing,4318.919,2026-03-15T07:19:34.700000000,False,None,False,False,4320.396,15.5,56.2,1024.6,False,22.4,92,1.5,Chinese Grand Prix
154.638,11,HARD,3,56.842,40.16,57.636,5500000.0,0.0,0.0,1,17.0,4,False,4601.638,HAD,6,4470.898,None,4504.038,4544.196,4601.73,139.0,158.0,225.0,148.0,True,Red Bull Racing,4446.957,2026-03-15T07:21:42.738000000,False,None,False,False,4440.382,15.5,55.5,1024.6,False,22.8,77,0.8,Chinese Grand Prix
111.211,12,HARD,3,32.169,32.463,46.579,0.0,0.0,0.0,2,17.0,4,False,4712.849,HAD,6,None,None,4633.864,4666.327,4712.906,236.0,243.0,233.0,272.0,True,Red Bull Racing,4601.638,2026-03-15T07:24:17.419000000,False,None,False,False,4560.395,15.5,55.3,1024.7,False,22.7,0,0.0,Chinese Grand Prix
133.423,13,HARD,3,29.856,45.152,58.415,7000000.0,0.0,1.0,3,17.0,41,False,4846.272,HAD,6,None,None,4742.762,4787.914,4846.329,234.0,139.0,274.0,164.0,True,Red Bull Racing,4712.849,2026-03-15T07:26:08.630000000,False,None,False,False,4740.397,15.5,55.1,1024.6,False,22.0,131,1.7,Chinese Grand Prix
99.331,14,HARD,3,25.781,30.923,42.627,1100011.0,0.0,11000001.0,4,14.0,1,False,4945.603,HAD,6,None,None,4872.11,4903.033,4945.66,304.0,273.0,272.0,332.0,True,Red Bull Racing,4846.272,2026-03-15T07:28:22.053000000,False,None,False,True,4860.43,15.4,56.3,1024.7,False,22.4,112,1.1,Chinese Grand Prix
99.161,15,HARD,3,26.347,30.28,42.534,0.0,0.0,11010000.0,5,14.0,1,False,5044.764,HAD,6,None,None,4972.007,5002.287,5044.821,276.0,268.0,271.0,335.0,True,Red Bull Racing,4945.603,2026-03-15T07:30:01.384000000,False,None,False,True,4980.417,15.4,56.2,1024.7,False,21.6,116,2.8,Chinese Grand Prix
99.689,16,HARD,3,26.493,30.629,42.567,7000000.0,0.0,100010001.0,6,14.0,1,False,5144.453,HAD,6,None,None,5071.314,5101.943,5144.51,275.0,266.0,276.0,325.0,True,Red Bull Racing,5044.764,2026-03-15T07:31:40.545000000,False,None,False,True,5100.455,15.2,56.6,1024.7,False,21.9,114,3.2,Chinese Grand Prix
98.952,17,HARD,3,26.03,30.493,42.429,7000000.0,0.0,0.0,7,14.0,12,False,5243.405,HAD,6,None,None,5170.54,5201.033,5243.462,274.0,265.0,276.0,328.0,True,Red Bull Racing,5144.453,2026-03-15T07:33:20.234000000,False,None,False,True,5160.435,15.2,56.7,1024.7,False,21.9,126,1.0,Chinese Grand Prix
98.823,18,HARD,3,26.093,30.299,42.431,7000000.0,0.0,1.0,8,14.0,21,False,5342.228,HAD,6,None,None,5269.555,5299.854,5342.285,276.0,268.0,276.0,335.0,True,Red Bull Racing,5243.405,2026-03-15T07:34:59.186000000,False,None,False,True,5280.444,15.3,56.2,1024.6,False,21.6,101,1.6,Chinese Grand Prix
98.757,19,HARD,3,26.126,30.277,42.354,7000000.0,1000.0,1.0,9,14.0,1,False,5440.985,HAD,6,None,None,5368.411,5398.688,5441.042,277.0,268.0,276.0,333.0,True,Red Bull Racing,5342.228,2026-03-15T07:36:38.009000000,False,None,False,True,5340.458,15.3,56.4,1024.6,False,21.6,98,2.0,Chinese Grand Prix
99.269,20,HARD,3,26.351,30.424,42.494,7000000.0,0.0,11000011.0,10,14.0,1,False,5540.254,HAD,6,None,None,5467.393,5497.817,5540.311,265.0,267.0,278.0,344.0,True,Red Bull Racing,5440.985,2026-03-15T07:38:16.766000000,False,None,False,True,5460.458,15.3,56.8,1024.5,False,21.5,108,1.7,Chinese Grand Prix
99.133,21,HARD,3,26.629,30.22,42.284,7000000.0,1000.0,110000000.0,11,14.0,1,False,5639.387,HAD,6,None,None,5566.94,5597.16,5639.444,276.0,267.0,277.0,339.0,True,Red Bull Racing,5540.254,2026-03-15T07:39:56.035000000,False,None,False,True,5580.486,15.3,56.9,1024.5,False,21.8,92,2.8,Chinese Grand Prix
98.392,22,HARD,3,26.049,30.045,42.298,7000000.0,1.0,0.0,12,13.0,1,False,5737.779,HAD,6,None,None,5665.493,5695.538,5737.836,266.0,268.0,276.0,328.0,True,Red Bull Racing,5639.387,2026-03-15T07:41:35.168000000,False,None,False,True,5640.491,15.3,57.0,1024.3,False,21.7,110,2.4,Chinese Grand Prix
98.437,23,HARD,3,26.086,30.19,42.161,7000000.0,1000.0,10.0,13,13.0,1,False,5836.216,HAD,6,None,None,5763.922,5794.112,5836.273,277.0,268.0,276.0,338.0,True,Red Bull Racing,5737.779,2026-03-15T07:43:13.560000000,False,None,False,True,5760.489,15.3,56.2,1024.3,False,21.6,89,1.5,Chinese Grand Prix
98.88,24,HARD,3,26.12,30.186,42.574,7000010.0,0.0,0.0,14,13.0,1,False,5935.096,HAD,6,None,None,5862.393,5892.579,5935.153,270.0,269.0,275.0,339.0,True,Red Bull Racing,5836.216,2026-03-15T07:44:51.997000000,False,None,False,True,5880.499,15.4,56.2,1024.3,False,21.8,94,2.8,Chinese Grand Prix
98.617,25,HARD,3,26.148,30.262,42.207,7000000.0,0.0,10000010.0,15,12.0,1,False,6033.713,HAD,6,None,None,5961.301,5991.563,6033.77,273.0,267.0,274.0,334.0,True,Red Bull Racing,5935.096,2026-03-15T07:46:30.877000000,False,None,False,True,5940.541,15.3,56.3,1024.3,False,21.7,93,2.2,Chinese Grand Prix
98.374,26,HARD,3,26.077,30.008,42.289,7000000.0,1000.0,10000.0,16,12.0,1,False,6132.087,HAD,6,None,None,6059.847,6089.855,6132.144,265.0,262.0,275.0,312.0,True,Red Bull Racing,6033.713,2026-03-15T07:48:09.494000000,False,None,False,True,6060.553,15.3,56.5,1024.4,False,21.8,63,2.3,Chinese Grand Prix
98.293,27,HARD,3,26.017,30.018,42.258,7000000.0,0.0,0.0,17,12.0,12,False,6230.38,HAD,6,None,None,6158.161,6188.179,6230.437,269.0,265.0,275.0,316.0,True,Red Bull Racing,6132.087,2026-03-15T07:49:47.868000000,False,None,False,True,6180.548,15.4,56.0,1024.4,False,21.8,70,2.2,Chinese Grand Prix
98.359,28,HARD,3,26.171,29.952,42.236,7000000.0,100000.0,10.0,18,12.0,1,False,6328.739,HAD,6,None,None,6256.608,6286.56,6328.796,271.0,261.0,277.0,316.0,True,Red Bull Racing,6230.38,2026-03-15T07:51:26.161000000,False,None,False,True,6240.572,15.4,56.0,1024.4,False,21.7,67,2.0,Chinese Grand Prix
98.082,29,HARD,3,25.909,29.942,42.231,7000000.0,0.0,0.0,19,11.0,1,True,6426.821,HAD,6,None,None,6354.705,6384.647,6426.878,273.0,263.0,276.0,322.0,True,Red Bull Racing,6328.739,2026-03-15T07:53:04.520000000,False,None,False,True,6360.641,15.4,55.6,1024.4,False,21.6,77,3.0,Chinese Grand Prix
97.919,30,HARD,3,25.896,29.857,42.166,7010000.0,1000.0,0.0,20,11.0,1,True,6524.74,HAD,6,None,None,6452.774,6482.631,6524.797,271.0,263.0,277.0,322.0,True,Red Bull Racing,6426.821,2026-03-15T07:54:42.602000000,False,None,False,True,6480.569,15.4,55.8,1024.4,False,21.2,77,2.6,Chinese Grand Prix
97.868,31,HARD,3,25.822,29.932,42.114,7000000.0,0.0,0.0,21,11.0,1,True,6622.608,HAD,6,None,None,6550.619,6580.551,6622.665,272.0,266.0,278.0,321.0,True,Red Bull Racing,6524.74,2026-03-15T07:56:20.521000000,False,None,False,True,6540.585,15.4,55.8,1024.4,False,21.2,77,2.6,Chinese Grand Prix
98.089,32,HARD,3,25.935,29.982,42.172,7000000.0,0.0,111.0,22,10.0,1,False,6720.697,HAD,6,None,None,6648.6,6678.582,6720.754,272.0,264.0,278.0,323.0,True,Red Bull Racing,6622.608,2026-03-15T07:57:58.389000000,False,None,False,True,6660.608,15.2,56.6,1024.5,False,21.1,84,1.6,Chinese Grand Prix
97.821,33,HARD,3,25.888,29.878,42.055,7000000.0,1000.0,100000.0,23,10.0,12,True,6818.518,HAD,6,None,None,6746.642,6776.52,6818.575,274.0,262.0,276.0,326.0,True,Red Bull Racing,6720.697,2026-03-15T07:59:36.478000000,False,None,False,True,6720.626,15.3,56.8,1024.5,False,21.1,84,2.2,Chinese Grand Prix
98.039,34,HARD,3,26.086,29.809,42.144,7000000.0,100000.0,0.0,24,10.0,1,False,6916.557,HAD,6,None,None,6844.661,6874.47,6916.614,272.0,266.0,276.0,326.0,True,Red Bull Racing,6818.518,2026-03-15T08:01:14.299000000,False,None,False,True,6840.653,15.3,56.2,1024.5,False,20.8,86,1.7,Chinese Grand Prix
97.938,35,HARD,3,25.979,29.739,42.22,7000000.0,1.0,10000.0,25,9.0,1,False,7014.495,HAD,6,None,None,6942.593,6972.332,7014.552,273.0,269.0,276.0,320.0,True,Red Bull Racing,6916.557,2026-03-15T08:02:52.338000000,False,None,False,True,6960.665,15.3,56.1,1024.5,False,21.0,108,1.6,Chinese Grand Prix
97.754,36,HARD,3,25.797,29.839,42.118,7000000.0,0.0,0.0,26,9.0,1,True,7112.249,HAD,6,None,None,7040.349,7070.188,7112.306,275.0,267.0,277.0,322.0,True,Red Bull Racing,7014.495,2026-03-15T08:04:30.276000000,False,None,False,True,7020.691,15.3,55.9,1024.4,False,21.0,98,1.6,Chinese Grand Prix
97.842,37,HARD,3,25.927,29.847,42.068,7000000.0,0.0,100000000.0,27,9.0,1,False,7210.091,HAD,6,None,None,7138.233,7168.08,7210.148,278.0,266.0,276.0,331.0,True,Red Bull Racing,7112.249,2026-03-15T08:06:08.030000000,False,None,False,True,7140.713,15.3,55.4,1024.5,False,20.3,121,2.4,Chinese Grand Prix
97.579,38,HARD,3,25.797,29.802,41.98,7001000.0,1.0,0.0,28,9.0,1,True,7307.67,HAD,6,None,None,7235.945,7265.747,7307.727,278.0,268.0,278.0,322.0,True,Red Bull Racing,7210.091,2026-03-15T08:07:45.872000000,False,None,False,True,7200.701,15.3,55.4,1024.5,False,20.3,121,2.4,Chinese Grand Prix
97.653,39,HARD,3,25.952,29.79,41.911,7000000.0,1000.0,1.0,29,9.0,1,False,7405.323,HAD,6,None,None,7333.679,7363.469,7405.38,278.0,268.0,279.0,323.0,True,Red Bull Racing,7307.67,2026-03-15T08:09:23.451000000,False,None,False,True,7320.732,15.1,56.6,1024.4,False,20.9,83,3.1,Chinese Grand Prix
97.935,40,HARD,3,26.096,29.716,42.123,7000010.0,1000.0,0.0,30,9.0,1,False,7503.258,HAD,6,None,None,7431.476,7461.192,7503.315,274.0,267.0,277.0,328.0,True,Red Bull Racing,7405.323,2026-03-15T08:11:01.104000000,False,None,False,True,7440.702,15.2,56.3,1024.4,False,20.3,88,3.1,Chinese Grand Prix
97.923,41,HARD,3,25.778,30.072,42.073,7000010.0,100.0,10000000011.0,31,9.0,1,False,7601.181,HAD,6,None,None,7529.093,7559.165,7601.238,276.0,268.0,279.0,316.0,True,Red Bull Racing,7503.258,2026-03-15T08:12:39.039000000,False,None,False,True,7500.718,15.2,55.9,1024.3,False,20.5,92,2.6,Chinese Grand Prix
97.353,42,HARD,3,25.707,29.704,41.942,7000000.0,0.0,0.0,32,9.0,1,True,7698.534,HAD,6,None,None,7626.945,7656.649,7698.591,280.0,266.0,279.0,319.0,True,Red Bull Racing,7601.181,2026-03-15T08:14:16.962000000,False,None,False,True,7620.711,15.1,56.5,1024.3,False,20.5,88,2.7,Chinese Grand Prix
97.647,43,HARD,3,25.835,29.812,42.0,7000000.0,0.0,3.0,33,9.0,1,False,7796.181,HAD,6,None,None,7724.426,7754.238,7796.238,283.0,266.0,279.0,318.0,True,Red Bull Racing,7698.534,2026-03-15T08:15:54.315000000,False,None,False,True,7740.749,15.1,56.3,1024.2,False,20.3,91,3.3,Chinese Grand Prix
97.359,44,HARD,3,25.8,29.701,41.858,7000000.0,0.0,113.0,34,9.0,1,False,7893.54,HAD,6,None,None,7822.038,7851.739,7893.597,276.0,267.0,281.0,320.0,True,Red Bull Racing,7796.181,2026-03-15T08:17:31.962000000,False,None,False,True,7800.765,15.1,56.6,1024.3,False,20.4,61,2.7,Chinese Grand Prix
97.616,45,HARD,3,25.79,29.742,42.084,7000000.0,0.0,0.0,35,8.0,1,False,7991.156,HAD,6,None,None,7919.387,7949.129,7991.213,279.0,267.0,279.0,320.0,True,Red Bull Racing,7893.54,2026-03-15T08:19:09.321000000,False,None,False,True,7920.767,15.1,56.9,1024.3,False,20.4,77,3.3,Chinese Grand Prix
97.311,46,HARD,3,25.711,29.636,41.964,7000000.0,3.0,10000000000.0,36,8.0,1,True,8088.467,HAD,6,None,None,8016.924,8046.56,8088.524,276.0,291.0,272.0,320.0,True,Red Bull Racing,7991.156,2026-03-15T08:20:46.937000000,False,None,False,True,7980.783,15.1,56.5,1024.4,False,20.5,81,3.9,Chinese Grand Prix
98.205,47,HARD,3,25.938,30.263,42.004,7001000.0,0.0,110000.0,37,8.0,1,False,8186.672,HAD,6,None,None,8114.462,8144.725,8186.729,276.0,269.0,275.0,326.0,True,Red Bull Racing,8088.467,2026-03-15T08:22:24.248000000,False,None,False,True,8100.772,15.1,56.9,1024.4,False,20.2,77,3.3,Chinese Grand Prix
98.006,48,HARD,3,26.038,29.769,42.199,7000000.0,0.0,0.0,38,8.0,1,False,8284.678,HAD,6,None,None,8212.767,8242.536,8284.735,274.0,266.0,278.0,316.0,True,Red Bull Racing,8186.672,2026-03-15T08:24:02.453000000,False,None,False,True,8220.803,15.0,57.4,1024.4,False,20.1,91,2.4,Chinese Grand Prix
97.83,49,HARD,3,25.964,29.805,42.061,7000000.0,0.0,10100.0,39,8.0,1,False,8382.508,HAD,6,None,None,8310.699,8340.504,8382.565,274.0,264.0,278.0,315.0,True,Red Bull Racing,8284.678,2026-03-15T08:25:40.459000000,False,None,False,True,8280.808,15.0,57.4,1024.4,False,20.2,93,2.0,Chinese Grand Prix
97.689,50,HARD,3,25.851,29.612,42.226,7000000.0,0.0,10000000000.0,40,8.0,1,False,8480.197,HAD,6,None,None,8408.416,8438.028,8480.254,276.0,266.0,278.0,315.0,True,Red Bull Racing,8382.508,2026-03-15T08:27:18.289000000,False,None,False,True,8400.828,15.0,57.3,1024.5,False,20.2,77,2.9,Chinese Grand Prix
98.003,51,HARD,3,26.056,29.885,42.062,7000000.0,0.0,10000.0,41,8.0,1,False,8578.2,HAD,6,None,None,8506.31,8536.195,8578.257,275.0,265.0,279.0,314.0,True,Red Bull Racing,8480.197,2026-03-15T08:28:55.978000000,False,None,False,True,8460.818,15.0,57.4,1024.6,False,20.1,84,3.1,Chinese Grand Prix
97.805,52,HARD,3,25.92,29.761,42.124,7000000.0,0.0,0.0,42,8.0,1,False,8676.005,HAD,6,None,None,8604.177,8633.938,8676.062,274.0,267.0,278.0,319.0,True,Red Bull Racing,8578.2,2026-03-15T08:30:33.981000000,False,None,False,True,8580.801,14.9,57.3,1024.6,False,20.0,95,4.1,Chinese Grand Prix
97.937,53,HARD,3,25.918,29.894,42.125,7000000.0,0.0,0.0,43,8.0,12,False,8773.942,HAD,6,None,None,8701.98,8731.874,8773.999,273.0,267.0,279.0,320.0,True,Red Bull Racing,8676.005,2026-03-15T08:32:11.786000000,False,None,False,True,8700.85,15.0,57.4,1024.7,False,19.9,93,2.5,Chinese Grand Prix
97.925,54,HARD,3,25.849,29.807,42.269,7000000.0,0.0,0.0,44,8.0,1,False,8871.867,HAD,6,None,None,8799.848,8829.655,8871.924,275.0,265.0,276.0,323.0,True,Red Bull Racing,8773.942,2026-03-15T08:33:49.723000000,False,None,False,True,8760.855,15.0,57.4,1024.5,False,20.0,84,2.4,Chinese Grand Prix
97.798,55,HARD,3,25.992,29.655,42.151,7000000.0,0.0,0.0,45,8.0,1,False,8969.665,HAD,6,None,None,8897.916,8927.571,8969.722,274.0,264.0,278.0,322.0,True,Red Bull Racing,8871.867,2026-03-15T08:35:27.648000000,False,None,False,True,8880.869,15.0,57.5,1024.6,False,20.1,86,2.8,Chinese Grand Prix
97.544,56,HARD,3,25.764,29.704,42.076,7000000.0,0.0,10000010000.0,46,8.0,1,False,9067.209,HAD,6,None,None,8995.486,9025.19,9067.266,273.0,266.0,278.0,320.0,True,Red Bull Racing,8969.665,2026-03-15T08:37:05.446000000,False,None,False,True,9000.856,14.9,57.5,1024.5,False,19.7,112,2.3,Chinese Grand Prix
99.448,1,MEDIUM,1,,29.4,42.279,133311.0,313331.0,31111313313.0,1,1.0,12,False,3483.76,HAM,44,None,None,None,3441.696,3483.942,279.0,253.0,270.0,309.0,True,Ferrari,3384.05,2026-03-15T07:03:59.831000000,False,None,False,False,3420.295,15.6,55.2,1024.4,False,23.3,72,2.8,Chinese Grand Prix
99.561,2,MEDIUM,1,26.571,30.167,42.823,1100000.0,10000.0,1100010000.0,2,2.0,1,True,3583.321,HAM,44,None,None,3510.42,3540.587,3583.41,259.0,251.0,268.0,306.0,True,Ferrari,3483.76,2026-03-15T07:05:39.541000000,False,None,False,True,3540.312,15.6,55.3,1024.5,False,22.5,102,4.5,Chinese Grand Prix
98.587,3,MEDIUM,1,26.036,29.899,42.652,7110010.0,11001.0,1100031000.0,3,2.0,1,True,3681.908,HAM,44,None,None,3609.446,3639.345,3681.997,267.0,257.0,238.0,301.0,True,Ferrari,3583.321,2026-03-15T07:07:19.102000000,False,None,False,True,3600.332,15.5,55.8,1024.4,False,23.0,107,1.8,Chinese Grand Prix
98.234,4,MEDIUM,1,26.445,29.518,42.271,1000.0,0.0,11000011.0,4,3.0,1,True,3780.142,HAM,44,None,None,3708.442,3737.96,3780.231,267.0,258.0,270.0,317.0,True,Ferrari,3681.908,2026-03-15T07:08:57.689000000,False,None,False,True,3720.342,15.5,55.4,1024.5,False,23.0,105,2.5,Chinese Grand Prix
97.636,5,MEDIUM,1,25.888,29.561,42.187,7010000.0,0.0,1030100.0,5,3.0,1,True,3877.778,HAM,44,None,None,3806.119,3835.68,3877.867,266.0,252.0,256.0,316.0,True,Ferrari,3780.142,2026-03-15T07:10:35.923000000,False,None,False,True,3840.33,15.5,55.3,1024.5,False,23.1,92,3.7,Chinese Grand Prix
97.962,6,MEDIUM,1,26.388,29.48,42.094,7000300.0,0.0,11001000.0,6,3.0,1,False,3975.74,HAM,44,None,None,3904.255,3933.735,3975.829,265.0,259.0,245.0,316.0,True,Ferrari,3877.778,2026-03-15T07:12:13.559000000,False,None,False,True,3900.33,15.6,55.6,1024.5,False,22.9,107,2.2,Chinese Grand Prix
98.221,7,MEDIUM,1,26.353,29.64,42.228,7001300.0,300000.0,1101.0,7,3.0,1,False,4073.961,HAM,44,None,None,4002.182,4031.822,4074.05,268.0,252.0,271.0,308.0,True,Ferrari,3975.74,2026-03-15T07:13:51.521000000,False,None,False,True,4020.34,15.6,55.8,1024.5,False,22.4,111,2.4,Chinese Grand Prix
97.929,8,MEDIUM,1,25.948,29.645,42.336,7000000.0,300.0,0.0,8,3.0,1,False,4171.89,HAM,44,None,None,4099.998,4129.643,4171.979,262.0,248.0,263.0,304.0,True,Ferrari,4073.961,2026-03-15T07:15:29.742000000,False,None,False,True,4080.343,15.6,55.9,1024.3,False,22.8,88,2.1,Chinese Grand Prix
98.371,9,MEDIUM,1,26.231,29.813,42.327,7001000.0,0.0,111.0,9,3.0,1,False,4270.261,HAM,44,None,None,4198.21,4228.023,4270.35,264.0,252.0,271.0,304.0,True,Ferrari,4171.89,2026-03-15T07:17:07.671000000,False,None,False,True,4200.397,15.6,56.0,1024.5,False,22.6,110,2.6,Chinese Grand Prix
109.946,10,MEDIUM,1,26.118,29.593,54.235,7001000.0,0.0,555.0,10,3.0,124,False,4380.207,HAM,44,None,4378.531,4296.468,4326.061,4380.296,260.0,255.0,None,296.0,True,Ferrari,4270.261,2026-03-15T07:18:46.042000000,False,None,False,False,4320.396,15.5,56.2,1024.6,False,22.4,92,1.5,Chinese Grand Prix
162.319,11,HARD,2,56.333,42.193,63.793,5500000.0,0.0,0.0,1,5.0,4,False,4542.546,HAM,44,4400.846,None,4436.699,4478.842,4542.759,214.0,208.0,195.0,218.0,True,Ferrari,4380.207,2026-03-15T07:20:35.988000000,False,None,False,False,4440.382,15.5,55.5,1024.6,False,22.8,77,0.8,Chinese Grand Prix
150.004,12,HARD,2,43.585,43.402,63.017,0.0,0.0,0.0,2,5.0,4,False,4692.515,HAM,44,None,None,4586.22,4629.73,4692.778,116.0,159.0,191.0,200.0,True,Ferrari,4542.546,2026-03-15T07:23:18.327000000,False,None,False,False,4560.395,15.5,55.3,1024.7,False,22.7,0,0.0,Chinese Grand Prix
148.395,13,HARD,2,37.523,43.814,67.058,7000000.0,0.0,0.0,3,5.0,41,False,4840.91,HAM,44,None,None,4730.127,4773.941,4840.999,188.0,157.0,268.0,166.0,True,Ferrari,4692.515,2026-03-15T07:25:48.296000000,False,None,False,False,4740.397,15.5,55.1,1024.6,False,22.0,131,1.7,Chinese Grand Prix
98.966,14,HARD,2,26.346,30.144,42.476,1100000.0,10000.0,111000011.0,4,3.0,1,False,4939.876,HAM,44,None,None,4867.345,4897.489,4939.965,276.0,262.0,274.0,312.0,True,Ferrari,4840.91,2026-03-15T07:28:16.691000000,False,None,False,True,4860.43,15.4,56.3,1024.7,False,22.4,112,1.1,Chinese Grand Prix
97.073,15,HARD,2,25.729,29.636,41.708,10000.0,300.0,1011000011.0,5,2.0,1,True,5036.949,HAM,44,None,None,4965.694,4995.33,5037.038,275.0,254.0,276.0,322.0,True,Ferrari,4939.876,2026-03-15T07:29:55.657000000,False,None,False,True,4980.417,15.4,56.2,1024.7,False,21.6,116,2.8,Chinese Grand Prix
96.931,16,HARD,2,25.52,29.383,42.028,7001010.0,0.0,100000000.0,6,2.0,1,True,5133.88,HAM,44,None,None,5062.558,5091.941,5133.969,268.0,253.0,273.0,315.0,True,Ferrari,5036.949,2026-03-15T07:31:32.730000000,False,None,False,True,5100.455,15.2,56.6,1024.7,False,21.9,114,3.2,Chinese Grand Prix
96.697,17,HARD,2,25.604,29.185,41.908,7000000.0,301001.0,100000000.0,7,2.0,1,True,5230.577,HAM,44,None,None,5159.573,5188.758,5230.666,276.0,258.0,272.0,312.0,True,Ferrari,5133.88,2026-03-15T07:33:09.661000000,False,None,False,True,5160.435,15.2,56.7,1024.7,False,21.9,126,1.0,Chinese Grand Prix
97.117,18,HARD,2,25.84,29.308,41.969,7001000.0,1.0,1000000000.0,8,2.0,12,False,5327.694,HAM,44,None,None,5256.506,5285.814,5327.783,264.0,260.0,268.0,309.0,True,Ferrari,5230.577,2026-03-15T07:34:46.358000000,False,None,False,True,5280.444,15.3,56.2,1024.6,False,21.6,101,1.6,Chinese Grand Prix
97.103,19,HARD,2,25.734,29.303,42.066,7001000.0,0.0,10000000000.0,9,2.0,1,False,5424.797,HAM,44,None,None,5353.517,5382.82,5424.886,270.0,260.0,265.0,308.0,True,Ferrari,5327.694,2026-03-15T07:36:23.475000000,False,None,False,True,5340.458,15.3,56.4,1024.6,False,21.6,98,2.0,Chinese Grand Prix
96.915,20,HARD,2,25.684,29.332,41.899,7001000.0,0.0,1000.0,10,2.0,1,False,5521.712,HAM,44,None,None,5450.57,5479.902,5521.801,269.0,253.0,273.0,307.0,True,Ferrari,5424.797,2026-03-15T07:38:00.578000000,False,None,False,True,5460.458,15.3,56.8,1024.5,False,21.5,108,1.7,Chinese Grand Prix
96.972,21,HARD,2,25.719,29.177,42.076,7000000.0,0.0,10000000000.0,11,2.0,1,False,5618.684,HAM,44,None,None,5547.52,5576.697,5618.773,266.0,257.0,269.0,305.0,True,Ferrari,5521.712,2026-03-15T07:39:37.493000000,False,None,False,True,5580.486,15.3,56.9,1024.5,False,21.8,92,2.8,Chinese Grand Prix
97.006,22,HARD,2,25.706,29.242,42.058,7000000.0,100000.0,0.0,12,2.0,1,False,5715.69,HAM,44,None,None,5644.479,5673.721,5715.779,268.0,254.0,269.0,307.0,True,Ferrari,5618.684,2026-03-15T07:41:14.465000000,False,None,False,True,5640.491,15.3,57.0,1024.3,False,21.7,110,2.4,Chinese Grand Prix
97.049,23,HARD,2,25.717,29.202,42.13,7010000.0,0.0,0.0,13,2.0,1,False,5812.739,HAM,44,None,None,5741.496,5770.698,5812.828,264.0,258.0,271.0,304.0,True,Ferrari,5715.69,2026-03-15T07:42:51.471000000,False,None,False,True,5760.489,15.3,56.2,1024.3,False,21.6,89,1.5,Chinese Grand Prix
98.223,24,HARD,2,25.672,29.236,43.315,7000000.0,1000.0,0.0,14,3.0,1,False,5910.962,HAM,44,None,None,5838.5,5867.736,5911.051,264.0,251.0,273.0,302.0,True,Ferrari,5812.739,2026-03-15T07:44:28.520000000,False,None,False,True,5880.499,15.4,56.2,1024.3,False,21.8,94,2.8,Chinese Grand Prix
97.893,25,HARD,2,26.039,29.707,42.147,7010000.0,11000.0,0.0,15,3.0,1,False,6008.855,HAM,44,None,None,5937.09,5966.797,6008.944,284.0,253.0,273.0,316.0,True,Ferrari,5910.962,2026-03-15T07:46:06.743000000,False,None,False,True,5940.541,15.3,56.3,1024.3,False,21.7,93,2.2,Chinese Grand Prix
96.739,26,HARD,2,25.666,29.374,41.699,7001000.0,1000.0,111000000.0,16,2.0,1,False,6105.594,HAM,44,None,None,6034.61,6063.984,6105.683,268.0,260.0,252.0,328.0,True,Ferrari,6008.855,2026-03-15T07:47:44.636000000,False,None,False,True,6060.553,15.3,56.5,1024.4,False,21.8,63,2.3,Chinese Grand Prix
99.232,27,HARD,2,26.166,30.041,43.025,7000001.0,10000.0,0.0,17,4.0,1,False,6204.826,HAM,44,None,None,6131.849,6161.89,6204.915,289.0,266.0,248.0,317.0,True,Ferrari,6105.594,2026-03-15T07:49:21.375000000,False,None,False,True,6180.548,15.4,56.0,1024.4,False,21.8,70,2.2,Chinese Grand Prix
97.218,28,HARD,2,26.103,29.358,41.757,7000000.0,0.0,100000000.0,18,4.0,12,False,6302.044,HAM,44,None,None,6231.018,6260.376,6302.133,272.0,260.0,276.0,318.0,True,Ferrari,6204.826,2026-03-15T07:51:00.607000000,False,None,False,True,6240.572,15.4,56.0,1024.4,False,21.7,67,2.0,Chinese Grand Prix
96.771,29,HARD,2,25.725,29.304,41.742,7010000.0,0.0,0.0,19,4.0,1,False,6398.815,HAM,44,None,None,6327.858,6357.162,6398.904,267.0,259.0,273.0,315.0,True,Ferrari,6302.044,2026-03-15T07:52:37.825000000,False,None,False,True,6360.641,15.4,55.6,1024.4,False,21.6,77,3.0,Chinese Grand Prix
96.685,30,HARD,2,25.68,29.346,41.659,7000000.0,0.0,1000000000.0,20,4.0,1,True,6495.5,HAM,44,None,None,6424.584,6453.93,6495.589,270.0,261.0,275.0,322.0,True,Ferrari,6398.815,2026-03-15T07:54:14.596000000,False,None,False,True,6480.569,15.4,55.8,1024.4,False,21.2,77,2.6,Chinese Grand Prix
96.496,31,HARD,2,25.602,29.15,41.744,7000000.0,1.0,0.0,21,4.0,1,True,6591.996,HAM,44,None,None,6521.191,6550.341,6592.085,272.0,262.0,272.0,317.0,True,Ferrari,6495.5,2026-03-15T07:55:51.281000000,False,None,False,True,6540.585,15.4,55.8,1024.4,False,21.2,77,2.6,Chinese Grand Prix
96.629,32,HARD,2,25.517,29.32,41.792,7000000.0,0.0,0.0,22,4.0,1,False,6688.625,HAM,44,None,None,6617.602,6646.922,6688.714,274.0,261.0,270.0,323.0,True,Ferrari,6591.996,2026-03-15T07:57:27.777000000,False,None,False,True,6660.608,15.2,56.6,1024.5,False,21.1,84,1.6,Chinese Grand Prix
96.496,33,HARD,2,25.616,29.26,41.62,7000100.0,0.0,1.0,23,4.0,12,False,6785.121,HAM,44,None,None,6714.33,6743.59,6785.21,270.0,259.0,276.0,323.0,True,Ferrari,6688.625,2026-03-15T07:59:04.406000000,False,None,False,True,6720.626,15.3,56.8,1024.5,False,21.1,84,2.2,Chinese Grand Prix
96.752,34,HARD,2,25.768,29.141,41.843,7000000.0,1000.0,0.0,24,4.0,1,False,6881.873,HAM,44,None,None,6810.978,6840.119,6881.962,269.0,259.0,271.0,316.0,True,Ferrari,6785.121,2026-03-15T08:00:40.902000000,False,None,False,True,6840.653,15.3,56.2,1024.5,False,20.8,86,1.7,Chinese Grand Prix
97.337,35,HARD,2,25.703,29.169,42.465,7001000.0,0.0,0.0,25,3.0,1,False,6979.21,HAM,44,None,None,6907.665,6936.834,6979.299,272.0,261.0,272.0,316.0,True,Ferrari,6881.873,2026-03-15T08:02:17.654000000,False,None,False,True,6960.665,15.3,56.1,1024.5,False,21.0,108,1.6,Chinese Grand Prix
97.001,36,HARD,2,25.741,29.147,42.113,7000100.0,0.0,30000000000.0,26,3.0,1,False,7076.211,HAM,44,None,None,7005.04,7034.187,7076.3,262.0,255.0,274.0,302.0,True,Ferrari,6979.21,2026-03-15T08:03:54.991000000,False,None,False,True,7020.691,15.3,55.9,1024.4,False,21.0,98,1.6,Chinese Grand Prix
96.649,37,HARD,2,25.572,29.135,41.942,7000100.0,0.0,30100000110.0,27,3.0,1,False,7172.86,HAM,44,None,None,7101.872,7131.007,7172.949,264.0,258.0,269.0,300.0,True,Ferrari,7076.211,2026-03-15T08:05:31.992000000,False,None,False,True,7140.713,15.3,55.4,1024.5,False,20.3,121,2.4,Chinese Grand Prix
96.876,38,HARD,2,25.693,29.008,42.175,7000000.0,0.0,0.0,28,3.0,1,False,7269.736,HAM,44,None,None,7198.642,7227.65,7269.825,264.0,257.0,274.0,300.0,True,Ferrari,7172.86,2026-03-15T08:07:08.641000000,False,None,False,True,7200.701,15.3,55.4,1024.5,False,20.3,121,2.4,Chinese Grand Prix
98.092,39,HARD,2,25.749,29.07,43.273,7000000.0,0.0,100000000.0,29,4.0,1,False,7367.828,HAM,44,None,None,7295.574,7324.644,7367.917,263.0,254.0,273.0,302.0,True,Ferrari,7269.736,2026-03-15T08:08:45.517000000,False,None,False,True,7320.732,15.1,56.6,1024.4,False,20.9,83,3.1,Chinese Grand Prix
96.952,40,HARD,2,25.408,29.544,42.0,1100000.0,0.0,1.0,30,3.0,1,False,7464.78,HAM,44,None,None,7393.325,7422.869,7464.869,276.0,252.0,271.0,305.0,True,Ferrari,7367.828,2026-03-15T08:10:23.609000000,False,None,False,True,7440.702,15.2,56.3,1024.4,False,20.3,88,3.1,Chinese Grand Prix
96.471,41,HARD,2,25.703,28.94,41.828,0.0,300.0,10.0,31,3.0,1,True,7561.251,HAM,44,None,None,7490.572,7519.512,7561.34,268.0,257.0,275.0,302.0,True,Ferrari,7464.78,2026-03-15T08:12:00.561000000,False,None,False,True,7500.718,15.2,55.9,1024.3,False,20.5,92,2.6,Chinese Grand Prix
96.516,42,HARD,2,25.364,28.875,42.277,7010000.0,300001.0,0.0,32,3.0,1,False,7657.767,HAM,44,None,None,7586.704,7615.579,7657.856,266.0,259.0,271.0,300.0,True,Ferrari,7561.251,2026-03-15T08:13:37.032000000,False,None,False,True,7620.711,15.1,56.5,1024.3,False,20.5,88,2.7,Chinese Grand Prix
96.218,43,HARD,2,25.477,28.969,41.772,7000000.0,1.0,0.0,33,3.0,1,True,7753.985,HAM,44,None,None,7683.333,7712.302,7754.074,270.0,259.0,275.0,301.0,True,Ferrari,7657.767,2026-03-15T08:15:13.548000000,False,None,False,True,7740.749,15.1,56.3,1024.2,False,20.3,91,3.3,Chinese Grand Prix
96.24,44,HARD,2,25.298,29.006,41.936,7010000.0,0.0,11.0,34,3.0,1,False,7850.225,HAM,44,None,None,7779.372,7808.378,7850.314,269.0,255.0,277.0,304.0,True,Ferrari,7753.985,2026-03-15T08:16:49.766000000,False,None,False,True,7800.765,15.1,56.6,1024.3,False,20.4,61,2.7,Chinese Grand Prix
96.396,45,HARD,2,25.274,29.21,41.912,7010000.0,0.0,0.0,35,3.0,1,False,7946.621,HAM,44,None,None,7875.588,7904.798,7946.71,273.0,260.0,274.0,303.0,True,Ferrari,7850.225,2026-03-15T08:18:26.006000000,False,None,False,True,7920.767,15.1,56.9,1024.3,False,20.4,77,3.3,Chinese Grand Prix
96.309,46,HARD,2,25.368,29.083,41.858,7000000.0,0.0,10.0,36,3.0,1,False,8042.93,HAM,44,None,None,7972.078,8001.161,8043.019,270.0,259.0,276.0,311.0,True,Ferrari,7946.621,2026-03-15T08:20:02.402000000,False,None,False,True,7980.783,15.1,56.5,1024.4,False,20.5,81,3.9,Chinese Grand Prix
96.204,47,HARD,2,25.237,28.885,42.082,7000000.0,1.0,100000000.0,37,3.0,1,True,8139.134,HAM,44,None,None,8068.256,8097.141,8139.223,273.0,262.0,272.0,301.0,True,Ferrari,8042.93,2026-03-15T08:21:38.711000000,False,None,False,True,8100.772,15.1,56.9,1024.4,False,20.2,77,3.3,Chinese Grand Prix
96.151,48,HARD,2,25.412,28.954,41.785,7000000.0,300.0,0.0,38,3.0,1,True,8235.285,HAM,44,None,None,8164.635,8193.589,8235.374,272.0,256.0,276.0,303.0,True,Ferrari,8139.134,2026-03-15T08:23:14.915000000,False,None,False,True,8220.803,15.0,57.4,1024.4,False,20.1,91,2.4,Chinese Grand Prix
96.385,49,HARD,2,25.273,28.918,42.194,7000000.0,0.0,110.0,39,3.0,1,False,8331.67,HAM,44,None,None,8260.647,8289.565,8331.759,272.0,260.0,273.0,301.0,True,Ferrari,8235.285,2026-03-15T08:24:51.066000000,False,None,False,True,8280.808,15.0,57.4,1024.4,False,20.2,93,2.0,Chinese Grand Prix
96.237,50,HARD,2,25.365,28.913,41.959,7000000.0,0.0,10.0,40,3.0,1,False,8427.907,HAM,44,None,None,8357.124,8386.037,8427.996,273.0,262.0,276.0,301.0,True,Ferrari,8331.67,2026-03-15T08:26:27.451000000,False,None,False,True,8400.828,15.0,57.3,1024.5,False,20.2,77,2.9,Chinese Grand Prix
96.134,51,HARD,2,25.336,28.856,41.942,7000000.0,100001.0,0.0,41,3.0,1,True,8524.041,HAM,44,None,None,8453.332,8482.188,8524.13,270.0,262.0,273.0,301.0,True,Ferrari,8427.907,2026-03-15T08:28:03.688000000,False,None,False,True,8460.818,15.0,57.4,1024.6,False,20.1,84,3.1,Chinese Grand Prix
96.296,52,HARD,2,25.355,28.86,42.081,7000000.0,0.0,0.0,42,3.0,1,False,8620.337,HAM,44,None,None,8549.485,8578.345,8620.426,273.0,261.0,276.0,302.0,True,Ferrari,8524.041,2026-03-15T08:29:39.822000000,False,None,False,True,8580.801,14.9,57.3,1024.6,False,20.0,95,4.1,Chinese Grand Prix
96.199,53,HARD,2,25.203,28.889,42.107,7010000.0,0.0,100000000.0,43,3.0,12,False,8716.536,HAM,44,None,None,8645.629,8674.518,8716.625,272.0,262.0,274.0,301.0,True,Ferrari,8620.337,2026-03-15T08:31:16.118000000,False,None,False,True,8700.85,15.0,57.4,1024.7,False,19.9,93,2.5,Chinese Grand Prix
96.44,54,HARD,2,25.465,28.998,41.977,7000000.0,0.0,1.0,44,3.0,1,False,8812.976,HAM,44,None,None,8742.09,8771.088,8813.065,271.0,261.0,277.0,306.0,True,Ferrari,8716.536,2026-03-15T08:32:52.317000000,False,None,False,True,8760.855,15.0,57.4,1024.5,False,20.0,84,2.4,Chinese Grand Prix
96.092,55,HARD,2,25.176,28.906,42.01,7010000.0,1.0,0.0,45,3.0,1,True,8909.068,HAM,44,None,None,8838.241,8867.147,8909.157,272.0,262.0,276.0,304.0,True,Ferrari,8812.976,2026-03-15T08:34:28.757000000,False,None,False,True,8880.869,15.0,57.5,1024.6,False,20.1,86,2.8,Chinese Grand Prix
96.103,56,HARD,2,25.198,28.968,41.937,7000000.0,0.0,100000000.0,46,3.0,1,False,9005.171,HAM,44,None,None,8934.355,8963.323,9005.26,273.0,262.0,278.0,306.0,True,Ferrari,8909.068,2026-03-15T08:36:04.849000000,False,None,False,True,9000.856,14.9,57.5,1024.5,False,19.7,112,2.3,Chinese Grand Prix
108.719,1,HARD,1,,32.022,43.88,111111.0,111111.0,11111111110.0,1,15.0,12,False,3493.031,HUL,27,None,None,None,3449.379,3493.101,268.0,262.0,273.0,336.0,True,Audi,3384.05,2026-03-15T07:03:59.831000000,False,None,False,False,3420.295,15.6,55.2,1024.4,False,23.3,72,2.8,Chinese Grand Prix
101.634,2,HARD,1,26.751,31.478,43.405,1111111.0,111011.0,10011100100.0,2,15.0,1,True,3594.665,HUL,27,None,None,3519.816,3551.294,3594.699,289.0,270.0,271.0,342.0,True,Audi,3493.031,2026-03-15T07:05:48.812000000,False,None,False,True,3540.312,15.6,55.3,1024.5,False,22.5,102,4.5,Chinese Grand Prix
99.907,3,HARD,1,26.275,30.985,42.647,111111.0,100110.0,1110011111.0,3,13.0,1,True,3694.572,HUL,27,None,None,3620.974,3651.959,3694.606,287.0,263.0,269.0,329.0,True,Audi,3594.665,2026-03-15T07:07:30.446000000,False,None,False,True,3600.332,15.5,55.8,1024.4,False,23.0,107,1.8,Chinese Grand Prix
99.517,4,HARD,1,26.06,30.528,42.929,7011100.0,101110.0,10100111000.0,4,13.0,1,True,3794.089,HUL,27,None,None,3720.666,3751.194,3794.123,273.0,263.0,268.0,312.0,True,Audi,3694.572,2026-03-15T07:09:10.353000000,False,None,False,True,3720.342,15.5,55.4,1024.5,False,23.0,105,2.5,Chinese Grand Prix
99.264,5,HARD,1,26.036,30.403,42.825,7011000.0,1110.0,100110000.0,5,13.0,1,True,3893.353,HUL,27,None,None,3820.159,3850.562,3893.387,274.0,263.0,269.0,313.0,True,Audi,3794.089,2026-03-15T07:10:49.870000000,False,None,False,True,3840.33,15.5,55.3,1024.5,False,23.1,92,3.7,Chinese Grand Prix
98.775,6,HARD,1,25.939,30.17,42.666,7011000.0,101100.0,0.0,6,13.0,1,True,3992.128,HUL,27,None,None,3919.326,3949.496,3992.162,276.0,267.0,267.0,329.0,True,Audi,3893.353,2026-03-15T07:12:29.134000000,False,None,False,True,3900.33,15.6,55.6,1024.5,False,22.9,107,2.2,Chinese Grand Prix
99.39,7,HARD,1,26.174,30.54,42.676,7000000.0,10000.0,10001010.0,7,12.0,1,False,4091.518,HUL,27,None,None,4018.336,4048.876,4091.552,284.0,269.0,268.0,329.0,True,Audi,3992.128,2026-03-15T07:14:07.909000000,False,None,False,True,4020.34,15.6,55.8,1024.5,False,22.4,111,2.4,Chinese Grand Prix
99.027,8,HARD,1,26.119,30.173,42.735,7001000.0,100.0,10000011010.0,8,12.0,1,False,4190.545,HUL,27,None,None,4117.671,4147.844,4190.579,272.0,263.0,270.0,314.0,True,Audi,4091.518,2026-03-15T07:15:47.299000000,False,None,False,True,4080.343,15.6,55.9,1024.3,False,22.8,88,2.1,Chinese Grand Prix
99.164,9,HARD,1,25.939,30.387,42.838,7010000.0,0.0,10000.0,9,10.0,1,False,4289.709,HUL,27,None,None,4216.518,4246.905,4289.743,272.0,267.0,267.0,323.0,True,Audi,4190.545,2026-03-15T07:17:26.326000000,False,None,False,True,4200.397,15.6,56.0,1024.5,False,22.6,110,2.6,Chinese Grand Prix
113.809,10,HARD,1,25.977,30.406,57.426,7000000.0,0.0,0.0,10,9.0,124,False,4403.518,HUL,27,None,None,4315.72,4346.126,4403.552,276.0,266.0,188.0,260.0,True,Audi,4289.709,2026-03-15T07:19:05.490000000,False,None,False,False,4320.396,15.5,56.2,1024.6,False,22.4,92,1.5,Chinese Grand Prix
141.998,11,HARD,1,38.541,40.272,63.185,7000000.0,0.0,0.0,11,8.0,4,False,4545.516,HUL,27,None,None,4442.093,4482.365,4545.55,232.0,242.0,231.0,245.0,True,Audi,4403.518,2026-03-15T07:20:59.299000000,False,None,False,False,4440.382,15.5,55.5,1024.6,False,22.8,77,0.8,Chinese Grand Prix
150.857,12,HARD,1,42.774,44.575,63.508,7000000.0,0.0,0.0,12,8.0,4,False,4696.434,HUL,27,None,None,4588.575,4633.001,4696.597,149.0,158.0,181.0,178.0,True,Audi,4545.516,2026-03-15T07:23:21.297000000,False,None,False,False,4560.395,15.5,55.3,1024.7,False,22.7,0,0.0,Chinese Grand Prix
145.608,13,HARD,1,36.536,45.081,63.991,7000000.0,0.0,0.0,13,8.0,41,False,4842.042,HUL,27,None,None,4733.004,4778.085,4842.076,207.0,128.0,270.0,186.0,True,Audi,4696.434,2026-03-15T07:25:52.215000000,False,None,False,False,4740.397,15.5,55.1,1024.6,False,22.0,131,1.7,Chinese Grand Prix
100.945,14,HARD,1,26.559,30.703,43.683,1100000.0,1.0,0.0,14,9.0,1,False,4942.987,HUL,27,None,None,4868.635,4899.338,4943.021,284.0,274.0,269.0,341.0,True,Audi,4842.042,2026-03-15T07:28:17.823000000,False,None,False,True,4860.43,15.4,56.3,1024.7,False,22.4,112,1.1,Chinese Grand Prix
99.198,15,HARD,1,26.218,30.306,42.674,0.0,1011.0,11000000.0,15,9.0,1,False,5042.185,HUL,27,None,None,4969.239,4999.545,5042.219,280.0,272.0,266.0,344.0,True,Audi,4942.987,2026-03-15T07:29:58.768000000,False,None,False,True,4980.417,15.4,56.2,1024.7,False,21.6,116,2.8,Chinese Grand Prix
99.566,16,HARD,1,26.1,30.176,43.29,7000000.0,11.0,0.0,16,10.0,1,False,5141.751,HUL,27,None,None,5068.319,5098.495,5141.785,279.0,265.0,264.0,333.0,True,Audi,5042.185,2026-03-15T07:31:37.966000000,False,None,False,True,5100.455,15.2,56.6,1024.7,False,21.9,114,3.2,Chinese Grand Prix
99.235,17,HARD,1,26.467,30.212,42.556,7000010.0,100.0,1100000001.0,17,11.0,12,False,5240.986,HUL,27,None,None,5168.252,5198.464,5241.02,276.0,268.0,272.0,328.0,True,Audi,5141.751,2026-03-15T07:33:17.532000000,False,None,False,True,5160.435,15.2,56.7,1024.7,False,21.9,126,1.0,Chinese Grand Prix
98.874,18,HARD,1,26.034,30.284,42.556,7000000.0,0.0,110000000.0,18,11.0,21,False,5339.86,HUL,27,None,None,5267.054,5297.338,5339.894,280.0,270.0,269.0,339.0,True,Audi,5240.986,2026-03-15T07:34:56.767000000,False,None,False,True,5280.444,15.3,56.2,1024.6,False,21.6,101,1.6,Chinese Grand Prix
98.382,19,HARD,1,26.016,30.329,42.037,7001000.0,0.0,10100000.0,19,10.0,1,True,5438.242,HUL,27,None,None,5365.91,5396.239,5438.276,278.0,268.0,268.0,336.0,True,Audi,5339.86,2026-03-15T07:36:35.641000000,False,None,False,True,5340.458,15.3,56.4,1024.6,False,21.6,98,2.0,Chinese Grand Prix
98.824,20,HARD,1,26.054,30.067,42.703,7000000.0,1100.0,10000000011.0,20,10.0,1,False,5537.066,HUL,27,None,None,5464.33,5494.397,5537.1,273.0,265.0,272.0,315.0,True,Audi,5438.242,2026-03-15T07:38:14.023000000,False,None,False,True,5460.458,15.3,56.8,1024.5,False,21.5,108,1.7,Chinese Grand Prix
98.394,21,HARD,1,25.954,29.926,42.514,7000000.0,101100.0,1100010001.0,21,10.0,1,False,5635.46,HUL,27,None,None,5563.054,5592.98,5635.494,275.0,266.0,275.0,320.0,True,Audi,5537.066,2026-03-15T07:39:52.847000000,False,None,False,True,5580.486,15.3,56.9,1024.5,False,21.8,92,2.8,Chinese Grand Prix
98.443,22,HARD,1,25.997,30.156,42.29,7000000.0,1000.0,0.0,22,9.0,1,False,5733.903,HUL,27,None,None,5661.491,5691.647,5733.937,273.0,265.0,271.0,340.0,True,Audi,5635.46,2026-03-15T07:41:31.241000000,False,None,False,True,5640.491,15.3,57.0,1024.3,False,21.7,110,2.4,Chinese Grand Prix
99.496,23,HARD,1,26.054,30.781,42.661,7000000.0,0.0,0.0,23,10.0,1,False,5833.399,HUL,27,None,None,5759.991,5790.772,5833.433,288.0,267.0,271.0,321.0,True,Audi,5733.903,2026-03-15T07:43:09.684000000,False,None,False,True,5760.489,15.3,56.2,1024.3,False,21.6,89,1.5,Chinese Grand Prix
98.712,24,HARD,1,25.934,30.123,42.655,7000000.0,0.0,1000001100.0,24,10.0,1,False,5932.111,HUL,27,None,None,5859.367,5889.49,5932.145,274.0,264.0,273.0,309.0,True,Audi,5833.399,2026-03-15T07:44:49.180000000,False,None,False,True,5880.499,15.4,56.2,1024.3,False,21.8,94,2.8,Chinese Grand Prix
98.588,25,HARD,1,25.959,30.15,42.479,7000000.0,0.0,10000010000.0,25,10.0,1,False,6030.699,HUL,27,None,None,5958.104,5988.254,6030.733,277.0,267.0,274.0,315.0,True,Audi,5932.111,2026-03-15T07:46:27.892000000,False,None,False,True,5940.541,15.3,56.3,1024.3,False,21.7,93,2.2,Chinese Grand Prix
98.302,26,HARD,1,25.749,29.901,42.652,7000000.0,101000.0,10011.0,26,10.0,1,True,6129.001,HUL,27,None,None,6056.482,6086.383,6129.035,277.0,269.0,275.0,312.0,True,Audi,6030.699,2026-03-15T07:48:06.480000000,False,None,False,True,6060.553,15.3,56.5,1024.4,False,21.8,63,2.3,Chinese Grand Prix
97.959,27,HARD,1,25.666,29.778,42.515,7000000.0,101100.0,10.0,27,10.0,12,True,6226.96,HUL,27,None,None,6154.701,6184.479,6226.994,278.0,269.0,274.0,312.0,True,Audi,6129.001,2026-03-15T07:49:44.782000000,False,None,False,True,6180.548,15.4,56.0,1024.4,False,21.8,70,2.2,Chinese Grand Prix
98.15,28,HARD,1,25.75,29.903,42.497,7000000.0,1.0,10000000000.0,28,10.0,21,False,6325.11,HUL,27,None,None,6252.744,6282.647,6325.144,277.0,268.0,271.0,318.0,True,Audi,6226.96,2026-03-15T07:51:22.741000000,False,None,False,True,6240.572,15.4,56.0,1024.4,False,21.7,67,2.0,Chinese Grand Prix
98.677,29,HARD,1,26.029,30.152,42.496,7000000.0,0.0,0.0,29,9.0,1,False,6423.787,HUL,27,None,None,6351.173,6381.325,6423.821,279.0,270.0,271.0,328.0,True,Audi,6325.11,2026-03-15T07:53:00.891000000,False,None,False,True,6360.641,15.4,55.6,1024.4,False,21.6,77,3.0,Chinese Grand Prix
97.859,30,HARD,1,25.774,29.835,42.25,7000000.0,100000.0,100000010.0,30,9.0,1,True,6521.646,HUL,27,None,None,6449.595,6479.43,6521.68,275.0,266.0,273.0,319.0,True,Audi,6423.787,2026-03-15T07:54:39.568000000,False,None,False,True,6480.569,15.4,55.8,1024.4,False,21.2,77,2.6,Chinese Grand Prix
97.762,31,HARD,1,25.658,29.921,42.183,7011000.0,1001.0,0.0,31,9.0,1,True,6619.408,HUL,27,None,None,6547.338,6577.259,6619.442,277.0,268.0,271.0,327.0,True,Audi,6521.646,2026-03-15T07:56:17.427000000,False,None,False,True,6540.585,15.4,55.8,1024.4,False,21.2,77,2.6,Chinese Grand Prix
98.296,32,HARD,1,25.866,29.87,42.56,7000000.0,1000.0,100.0,32,8.0,1,False,6717.704,HUL,27,None,None,6645.308,6675.178,6717.738,275.0,266.0,271.0,313.0,True,Audi,6619.408,2026-03-15T07:57:55.189000000,False,None,False,True,6660.608,15.2,56.6,1024.5,False,21.1,84,1.6,Chinese Grand Prix
98.663,33,HARD,1,25.833,29.84,42.99,7010000.0,0.0,10000000000.0,33,8.0,12,False,6816.367,HUL,27,None,None,6743.571,6773.411,6816.401,271.0,262.0,257.0,305.0,True,Audi,6717.704,2026-03-15T07:59:33.485000000,False,None,False,True,6720.626,15.3,56.8,1024.5,False,21.1,84,2.2,Chinese Grand Prix
98.427,34,HARD,1,26.029,29.572,42.826,7000000.0,111100.0,100.0,34,8.0,1,False,6914.794,HUL,27,None,None,6842.43,6872.002,6914.828,272.0,262.0,270.0,303.0,True,Audi,6816.367,2026-03-15T08:01:12.148000000,False,None,False,True,6840.653,15.3,56.2,1024.5,False,20.8,86,1.7,Chinese Grand Prix
104.913,35,HARD,1,25.9,30.099,48.914,7000100.0,0.0,10000001555.0,35,10.0,1,False,7019.707,HUL,27,None,7017.832,6940.728,6970.827,7019.741,272.0,261.0,None,318.0,True,Audi,6914.794,2026-03-15T08:02:50.575000000,False,None,False,False,6960.665,15.3,56.1,1024.5,False,21.0,108,1.6,Chinese Grand Prix
132.21,36,MEDIUM,2,59.719,30.117,42.374,5500000.0,10.0,100000110.0,1,16.0,1,False,7151.917,HUL,27,7055.057,None,7079.46,7109.577,7151.951,268.0,264.0,272.0,305.0,True,Audi,7019.707,2026-03-15T08:04:35.488000000,False,None,False,False,7020.691,15.3,55.9,1024.4,False,21.0,98,1.6,Chinese Grand Prix
96.62,37,MEDIUM,2,25.673,29.278,41.669,110.0,100111.0,11100110111.0,2,16.0,1,True,7248.537,HUL,27,None,None,7177.624,7206.902,7248.571,276.0,268.0,278.0,315.0,True,Audi,7151.917,2026-03-15T08:06:47.698000000,False,None,False,True,7140.713,15.3,55.4,1024.5,False,20.3,121,2.4,Chinese Grand Prix
96.18,38,MEDIUM,2,25.049,29.479,41.652,7001001.0,100000.0,1100000100.0,3,14.0,1,True,7344.717,HUL,27,None,None,7273.62,7303.099,7344.751,301.0,268.0,272.0,340.0,True,Audi,7248.537,2026-03-15T08:08:24.318000000,False,None,False,True,7200.701,15.3,55.4,1024.5,False,20.3,121,2.4,Chinese Grand Prix
97.116,39,MEDIUM,2,25.51,29.206,42.4,7010300.0,11100.0,0.0,4,14.0,1,False,7441.833,HUL,27,None,None,7370.261,7399.467,7441.867,271.0,262.0,273.0,304.0,True,Audi,7344.717,2026-03-15T08:10:00.498000000,False,None,False,True,7320.732,15.1,56.6,1024.4,False,20.9,83,3.1,Chinese Grand Prix
96.873,40,MEDIUM,2,25.544,29.074,42.255,7010000.0,10100.0,110.0,5,14.0,1,False,7538.706,HUL,27,None,None,7467.411,7496.485,7538.74,271.0,263.0,274.0,306.0,True,Audi,7441.833,2026-03-15T08:11:37.614000000,False,None,False,True,7440.702,15.2,56.3,1024.4,False,20.3,88,3.1,Chinese Grand Prix
96.625,41,MEDIUM,2,25.476,29.107,42.042,7000000.0,10000.0,0.0,6,14.0,1,False,7635.331,HUL,27,None,None,7564.216,7593.323,7635.365,273.0,264.0,273.0,308.0,True,Audi,7538.706,2026-03-15T08:13:14.487000000,False,None,False,True,7500.718,15.2,55.9,1024.3,False,20.5,92,2.6,Chinese Grand Prix
98.675,42,MEDIUM,2,25.518,29.563,43.594,7001000.0,0.0,0.0,7,14.0,1,False,7734.006,HUL,27,None,None,7660.883,7690.446,7734.04,275.0,268.0,275.0,251.0,True,Audi,7635.331,2026-03-15T08:14:51.112000000,False,None,False,True,7620.711,15.1,56.5,1024.3,False,20.5,88,2.7,Chinese Grand Prix
96.761,43,MEDIUM,2,25.464,29.118,42.179,7000011.0,3000.0,110.0,8,12.0,1,False,7830.767,HUL,27,None,None,7759.504,7788.622,7830.801,304.0,264.0,273.0,304.0,True,Audi,7734.006,2026-03-15T08:16:29.787000000,False,None,False,True,7740.749,15.1,56.3,1024.2,False,20.3,91,3.3,Chinese Grand Prix
96.868,44,MEDIUM,2,25.48,29.178,42.21,7000000.0,100100.0,100.0,9,12.0,1,False,7927.635,HUL,27,None,None,7856.281,7885.459,7927.669,271.0,263.0,275.0,303.0,True,Audi,7830.767,2026-03-15T08:18:06.548000000,False,None,False,True,7800.765,15.1,56.6,1024.3,False,20.4,61,2.7,Chinese Grand Prix
96.901,45,MEDIUM,2,25.475,29.157,42.269,7010000.0,0.0,100.0,10,11.0,1,False,8024.536,HUL,27,None,None,7953.144,7982.301,8024.57,274.0,264.0,274.0,302.0,True,Audi,7927.635,2026-03-15T08:19:43.416000000,False,None,False,True,7920.767,15.1,56.9,1024.3,False,20.4,77,3.3,Chinese Grand Prix
96.985,46,MEDIUM,2,25.488,29.2,42.297,7000000.0,0.0,0.0,11,11.0,1,False,8121.521,HUL,27,None,None,8050.058,8079.258,8121.555,274.0,263.0,274.0,302.0,True,Audi,8024.536,2026-03-15T08:21:20.317000000,False,None,False,True,7980.783,15.1,56.5,1024.4,False,20.5,81,3.9,Chinese Grand Prix
98.763,47,MEDIUM,2,25.609,29.393,43.761,7000000.0,0.0,0.0,12,11.0,1,False,8220.284,HUL,27,None,None,8147.164,8176.557,8220.318,274.0,265.0,275.0,291.0,True,Audi,8121.521,2026-03-15T08:22:57.302000000,False,None,False,True,8100.772,15.1,56.9,1024.4,False,20.2,77,3.3,Chinese Grand Prix
96.776,48,MEDIUM,2,25.604,29.334,41.838,7000000.0,1.0,10000.0,13,11.0,1,False,8317.06,HUL,27,None,None,8245.922,8275.256,8317.094,279.0,270.0,266.0,332.0,True,Audi,8220.284,2026-03-15T08:24:36.065000000,False,None,False,True,8220.803,15.0,57.4,1024.4,False,20.1,91,2.4,Chinese Grand Prix
98.064,49,MEDIUM,2,25.828,29.409,42.827,7000000.0,0.0,0.0,14,11.0,1,False,8415.124,HUL,27,None,None,8342.922,8372.331,8415.158,273.0,263.0,273.0,298.0,True,Audi,8317.06,2026-03-15T08:26:12.841000000,False,None,False,True,8280.808,15.0,57.4,1024.4,False,20.2,93,2.0,Chinese Grand Prix
97.696,50,MEDIUM,2,25.661,29.684,42.351,7000000.0,0.0,0.0,15,11.0,1,False,8512.82,HUL,27,None,None,8440.819,8470.503,8512.854,273.0,265.0,274.0,303.0,True,Audi,8415.124,2026-03-15T08:27:50.905000000,False,None,False,True,8400.828,15.0,57.3,1024.5,False,20.2,77,2.9,Chinese Grand Prix
97.505,51,MEDIUM,2,25.573,29.393,42.539,7000000.0,0.0,0.0,16,11.0,1,False,8610.325,HUL,27,None,None,8538.427,8567.82,8610.359,275.0,264.0,274.0,301.0,True,Audi,8512.82,2026-03-15T08:29:28.601000000,False,None,False,True,8460.818,15.0,57.4,1024.6,False,20.1,84,3.1,Chinese Grand Prix
97.614,52,MEDIUM,2,25.659,29.366,42.589,7000000.0,0.0,0.0,17,11.0,12,False,8707.939,HUL,27,None,None,8636.018,8665.384,8707.973,275.0,264.0,273.0,300.0,True,Audi,8610.325,2026-03-15T08:31:06.106000000,False,None,False,True,8580.801,14.9,57.3,1024.6,False,20.0,95,4.1,Chinese Grand Prix
97.97,53,MEDIUM,2,25.787,29.547,42.636,7000000.0,0.0,0.0,18,11.0,1,False,8805.909,HUL,27,None,None,8733.76,8763.307,8805.943,274.0,264.0,274.0,300.0,True,Audi,8707.939,2026-03-15T08:32:43.720000000,False,None,False,True,8700.85,15.0,57.4,1024.7,False,19.9,93,2.5,Chinese Grand Prix
97.609,54,MEDIUM,2,25.605,29.479,42.525,7000000.0,0.0,0.0,19,11.0,1,False,8903.518,HUL,27,None,None,8831.548,8861.027,8903.552,274.0,264.0,274.0,301.0,True,Audi,8805.909,2026-03-15T08:34:21.690000000,False,None,False,True,8760.855,15.0,57.4,1024.5,False,20.0,84,2.4,Chinese Grand Prix
97.571,55,MEDIUM,2,25.677,29.426,42.468,7000000.0,0.0,0.0,20,11.0,1,False,9001.089,HUL,27,None,None,8929.229,8958.655,9001.123,274.0,262.0,266.0,307.0,True,Audi,8903.518,2026-03-15T08:35:59.299000000,False,None,False,True,8880.869,15.0,57.5,1024.6,False,20.1,86,2.8,Chinese Grand Prix
106.084,1,MEDIUM,1,,31.35,43.622,7111111.0,111111.0,11111111110.0,1,7.0,12,False,3490.396,LAW,30,None,None,None,3446.899,3490.396,285.0,260.0,269.0,345.0,True,Racing Bulls,3384.05,2026-03-15T07:03:59.831000000,False,None,False,False,3420.295,15.6,55.2,1024.4,False,23.3,72,2.8,Chinese Grand Prix
99.798,2,MEDIUM,1,26.269,30.557,42.972,1111110.0,101110.0,11100111111.0,2,7.0,1,True,3590.194,LAW,30,None,None,3516.665,3547.222,3590.194,266.0,260.0,271.0,318.0,True,Racing Bulls,3490.396,2026-03-15T07:05:46.177000000,False,None,False,True,3540.312,15.6,55.3,1024.5,False,22.5,102,4.5,Chinese Grand Prix
98.947,3,MEDIUM,1,26.007,30.129,42.811,7111010.0,101110.0,10000101111.0,3,7.0,1,True,3689.141,LAW,30,None,None,3616.201,3646.33,3689.141,268.0,262.0,272.0,318.0,True,Racing Bulls,3590.194,2026-03-15T07:07:25.975000000,False,None,False,True,3600.332,15.5,55.8,1024.4,False,23.0,107,1.8,Chinese Grand Prix
99.114,4,MEDIUM,1,26.045,30.283,42.786,10110.0,101000.0,101111.0,4,7.0,1,False,3788.255,LAW,30,None,None,3715.186,3745.469,3788.255,270.0,260.0,274.0,318.0,True,Racing Bulls,3689.141,2026-03-15T07:09:04.922000000,False,None,False,True,3720.342,15.5,55.4,1024.5,False,23.0,105,2.5,Chinese Grand Prix
100.055,5,MEDIUM,1,26.168,30.359,43.528,7110000.0,0.0,0.0,5,8.0,1,False,3888.31,LAW,30,None,None,3814.423,3844.782,3888.31,266.0,259.0,270.0,312.0,True,Racing Bulls,3788.255,2026-03-15T07:10:44.036000000,False,None,False,True,3840.33,15.5,55.3,1024.5,False,23.1,92,3.7,Chinese Grand Prix
99.51,6,MEDIUM,1,26.2,30.544,42.766,7000000.0,0.0,100001.0,6,8.0,1,False,3987.82,LAW,30,None,None,3914.51,3945.054,3987.82,272.0,260.0,274.0,319.0,True,Racing Bulls,3888.31,2026-03-15T07:12:24.091000000,False,None,False,True,3900.33,15.6,55.6,1024.5,False,22.9,107,2.2,Chinese Grand Prix
99.709,7,MEDIUM,1,26.055,30.472,43.182,1000000.0,0.0,0.0,7,8.0,1,False,4087.529,LAW,30,None,None,4013.875,4044.347,4087.529,270.0,263.0,271.0,314.0,True,Racing Bulls,3987.82,2026-03-15T07:14:03.601000000,False,None,False,True,4020.34,15.6,55.8,1024.5,False,22.4,111,2.4,Chinese Grand Prix
99.878,8,MEDIUM,1,26.311,30.4,43.167,0.0,0.0,0.0,8,8.0,1,False,4187.407,LAW,30,None,None,4113.84,4144.24,4187.407,268.0,263.0,272.0,314.0,True,Racing Bulls,4087.529,2026-03-15T07:15:43.310000000,False,None,False,True,4080.343,15.6,55.9,1024.3,False,22.8,88,2.1,Chinese Grand Prix
106.179,9,MEDIUM,1,26.345,30.669,49.165,7000000.0,0.0,1555.0,9,11.0,1,False,4293.586,LAW,30,None,4291.865,4213.752,4244.421,4293.586,266.0,255.0,None,310.0,True,Racing Bulls,4187.407,2026-03-15T07:17:23.188000000,False,None,False,False,4200.397,15.6,56.0,1024.5,False,22.6,110,2.6,Chinese Grand Prix
142.138,10,HARD,2,45.558,39.863,56.717,5500000.0,0.0,0.0,1,14.0,124,False,4435.724,LAW,30,4314.818,None,4339.144,4379.007,4435.724,266.0,152.0,197.0,198.0,True,Racing Bulls,4293.586,2026-03-15T07:19:09.367000000,False,None,False,False,4320.396,15.5,56.2,1024.6,False,22.4,92,1.5,Chinese Grand Prix
135.169,11,HARD,2,35.409,40.895,58.865,0.0,0.0,0.0,2,13.0,4,False,4570.893,LAW,30,None,None,4471.133,4512.028,4570.893,220.0,193.0,209.0,216.0,True,Racing Bulls,4435.724,2026-03-15T07:21:31.505000000,False,None,False,False,4440.382,15.5,55.5,1024.6,False,22.8,77,0.8,Chinese Grand Prix
130.584,12,HARD,2,33.054,34.546,62.984,7000000.0,0.0,0.0,3,12.0,4,False,4701.477,LAW,30,None,None,4603.947,4638.493,4701.477,231.0,177.0,121.0,111.0,True,Racing Bulls,4570.893,2026-03-15T07:23:46.674000000,False,None,False,False,4560.395,15.5,55.3,1024.7,False,22.7,0,0.0,Chinese Grand Prix
142.417,13,HARD,2,35.431,45.931,61.055,7000000.0,0.0,0.0,4,12.0,41,False,4843.894,LAW,30,None,None,4736.908,4782.839,4843.894,225.0,191.0,274.0,206.0,True,Racing Bulls,4701.477,2026-03-15T07:25:57.258000000,False,None,False,False,4740.397,15.5,55.1,1024.6,False,22.0,131,1.7,Chinese Grand Prix
100.779,14,HARD,2,26.543,31.232,43.004,1100001.0,10000.0,0.0,5,12.0,1,False,4944.673,LAW,30,None,None,4870.437,4901.669,4944.673,289.0,269.0,274.0,339.0,True,Racing Bulls,4843.894,2026-03-15T07:28:19.675000000,False,None,False,True,4860.43,15.4,56.3,1024.7,False,22.4,112,1.1,Chinese Grand Prix
99.02,15,HARD,2,26.023,30.415,42.582,0.0,10001.0,110000000.0,6,12.0,1,False,5043.693,LAW,30,None,None,4970.696,5001.111,5043.693,279.0,256.0,272.0,335.0,True,Racing Bulls,4944.673,2026-03-15T07:30:00.454000000,False,None,False,True,4980.417,15.4,56.2,1024.7,False,21.6,116,2.8,Chinese Grand Prix
99.437,16,HARD,2,26.171,30.308,42.958,7000000.0,10.0,0.0,7,12.0,1,False,5143.13,LAW,30,None,None,5069.864,5100.172,5143.13,266.0,260.0,272.0,319.0,True,Racing Bulls,5043.693,2026-03-15T07:31:39.474000000,False,None,False,True,5100.455,15.2,56.6,1024.7,False,21.9,114,3.2,Chinese Grand Prix
98.909,17,HARD,2,25.953,30.137,42.819,7000100.0,11.0,1000000001.0,8,12.0,12,True,5242.039,LAW,30,None,None,5169.083,5199.22,5242.039,277.0,264.0,274.0,321.0,True,Racing Bulls,5143.13,2026-03-15T07:33:18.911000000,False,None,False,True,5160.435,15.2,56.7,1024.7,False,21.9,126,1.0,Chinese Grand Prix
98.709,18,HARD,2,26.021,30.077,42.611,7000010.0,0.0,100100000.0,9,12.0,21,True,5340.748,LAW,30,None,None,5268.06,5298.137,5340.748,275.0,262.0,272.0,322.0,True,Racing Bulls,5242.039,2026-03-15T07:34:57.820000000,False,None,False,True,5280.444,15.3,56.2,1024.6,False,21.6,101,1.6,Chinese Grand Prix
98.989,19,HARD,2,26.058,30.253,42.678,7000000.0,0.0,10000010000.0,10,12.0,1,False,5439.737,LAW,30,None,None,5366.806,5397.059,5439.737,274.0,266.0,272.0,320.0,True,Racing Bulls,5340.748,2026-03-15T07:36:36.529000000,False,None,False,True,5340.458,15.3,56.4,1024.6,False,21.6,98,2.0,Chinese Grand Prix
99.187,20,HARD,2,26.148,30.308,42.731,7000000.0,0.0,10000010000.0,11,12.0,1,False,5538.924,LAW,30,None,None,5465.885,5496.193,5538.924,271.0,267.0,273.0,322.0,True,Racing Bulls,5439.737,2026-03-15T07:38:15.518000000,False,None,False,True,5460.458,15.3,56.8,1024.5,False,21.5,108,1.7,Chinese Grand Prix
98.491,21,HARD,2,25.84,30.036,42.615,7001010.0,110001.0,10010010.0,12,11.0,1,True,5637.415,LAW,30,None,None,5564.764,5594.8,5637.415,279.0,268.0,272.0,334.0,True,Racing Bulls,5538.924,2026-03-15T07:39:54.705000000,False,None,False,True,5580.486,15.3,56.9,1024.5,False,21.8,92,2.8,Chinese Grand Prix
98.8,22,HARD,2,26.023,29.99,42.787,7000000.0,100000.0,0.0,13,11.0,1,False,5736.215,LAW,30,None,None,5663.438,5693.428,5736.215,276.0,265.0,272.0,315.0,True,Racing Bulls,5637.415,2026-03-15T07:41:33.196000000,False,None,False,True,5640.491,15.3,57.0,1024.3,False,21.7,110,2.4,Chinese Grand Prix
98.552,23,HARD,2,26.069,29.916,42.567,7010000.0,110.0,0.0,14,11.0,1,False,5834.767,LAW,30,None,None,5762.284,5792.2,5834.767,274.0,261.0,273.0,318.0,True,Racing Bulls,5736.215,2026-03-15T07:43:11.996000000,False,None,False,True,5760.489,15.3,56.2,1024.3,False,21.6,89,1.5,Chinese Grand Prix
98.546,24,HARD,2,25.936,30.014,42.596,7000000.0,1000.0,100000000.0,15,11.0,1,False,5933.313,LAW,30,None,None,5860.703,5890.717,5933.313,274.0,265.0,271.0,318.0,True,Racing Bulls,5834.767,2026-03-15T07:44:50.548000000,False,None,False,True,5880.499,15.4,56.2,1024.3,False,21.8,94,2.8,Chinese Grand Prix
98.599,25,HARD,2,25.955,30.06,42.584,7000000.0,11.0,11.0,16,11.0,1,False,6031.912,LAW,30,None,None,5959.268,5989.328,6031.912,277.0,265.0,276.0,319.0,True,Racing Bulls,5933.313,2026-03-15T07:46:29.094000000,False,None,False,True,5940.541,15.3,56.3,1024.3,False,21.7,93,2.2,Chinese Grand Prix
98.445,26,HARD,2,25.844,29.994,42.607,7000000.0,0.0,10000010000.0,17,11.0,1,True,6130.357,LAW,30,None,None,6057.756,6087.75,6130.357,277.0,266.0,272.0,319.0,True,Racing Bulls,6031.912,2026-03-15T07:48:07.693000000,False,None,False,True,6060.553,15.3,56.5,1024.4,False,21.8,63,2.3,Chinese Grand Prix
98.358,27,HARD,2,25.779,29.938,42.641,7000000.0,100000.0,10000000000.0,18,11.0,12,True,6228.715,LAW,30,None,None,6156.136,6186.074,6228.715,281.0,267.0,274.0,314.0,True,Racing Bulls,6130.357,2026-03-15T07:49:46.138000000,False,None,False,True,6180.548,15.4,56.0,1024.4,False,21.8,70,2.2,Chinese Grand Prix
98.389,28,HARD,2,25.79,29.893,42.706,7000000.0,1000.0,10000000000.0,19,11.0,21,False,6327.104,LAW,30,None,None,6254.505,6284.398,6327.104,278.0,262.0,270.0,315.0,True,Racing Bulls,6228.715,2026-03-15T07:51:24.496000000,False,None,False,True,6240.572,15.4,56.0,1024.4,False,21.7,67,2.0,Chinese Grand Prix
98.308,29,HARD,2,25.917,29.943,42.448,7000000.0,0.0,10000100011.0,20,10.0,1,True,6425.412,LAW,30,None,None,6353.021,6382.964,6425.412,276.0,265.0,277.0,319.0,True,Racing Bulls,6327.104,2026-03-15T07:53:02.885000000,False,None,False,True,6360.641,15.4,55.6,1024.4,False,21.6,77,3.0,Chinese Grand Prix
97.894,30,HARD,2,25.74,29.884,42.27,7000000.0,0.0,10000110000.0,21,10.0,1,True,6523.306,LAW,30,None,None,6451.152,6481.036,6523.306,280.0,263.0,275.0,319.0,True,Racing Bulls,6425.412,2026-03-15T07:54:41.193000000,False,None,False,True,6480.569,15.4,55.8,1024.4,False,21.2,77,2.6,Chinese Grand Prix
98.084,31,HARD,2,25.748,29.851,42.485,7000100.0,1000.0,0.0,22,10.0,1,False,6621.39,LAW,30,None,None,6549.054,6578.905,6621.39,278.0,262.0,273.0,318.0,True,Racing Bulls,6523.306,2026-03-15T07:56:19.087000000,False,None,False,True,6540.585,15.4,55.8,1024.4,False,21.2,77,2.6,Chinese Grand Prix
97.959,32,HARD,2,25.802,29.723,42.434,7010100.0,1010.0,10.0,23,9.0,1,False,6719.349,LAW,30,None,None,6647.192,6676.915,6719.349,278.0,264.0,276.0,318.0,True,Racing Bulls,6621.39,2026-03-15T07:57:57.171000000,False,None,False,True,6660.608,15.2,56.6,1024.5,False,21.1,84,1.6,Chinese Grand Prix
97.898,33,HARD,2,25.657,29.768,42.473,7010000.0,1.0,10000.0,24,9.0,12,False,6817.247,LAW,30,None,None,6745.006,6774.774,6817.247,281.0,264.0,276.0,319.0,True,Racing Bulls,6719.349,2026-03-15T07:59:35.130000000,False,None,False,True,6720.626,15.3,56.8,1024.5,False,21.1,84,2.2,Chinese Grand Prix
98.224,34,HARD,2,25.826,29.894,42.504,7000000.0,0.0,10000.0,25,9.0,1,False,6915.471,LAW,30,None,None,6843.073,6872.967,6915.471,285.0,265.0,274.0,319.0,True,Racing Bulls,6817.247,2026-03-15T08:01:13.028000000,False,None,False,True,6840.653,15.3,56.2,1024.5,False,20.8,86,1.7,Chinese Grand Prix
98.009,35,HARD,2,25.786,30.09,42.133,7000000.0,10000.0,100000000.0,26,8.0,1,False,7013.48,LAW,30,None,None,6941.257,6971.347,7013.48,281.0,269.0,272.0,330.0,True,Racing Bulls,6915.471,2026-03-15T08:02:51.252000000,False,None,False,True,6960.665,15.3,56.1,1024.5,False,21.0,108,1.6,Chinese Grand Prix
97.981,36,HARD,2,25.804,29.62,42.557,7000010.0,1110.0,0.0,27,8.0,1,False,7111.461,LAW,30,None,None,7039.284,7068.904,7111.461,277.0,262.0,270.0,309.0,True,Racing Bulls,7013.48,2026-03-15T08:04:29.261000000,False,None,False,True,7020.691,15.3,55.9,1024.4,False,21.0,98,1.6,Chinese Grand Prix
97.972,37,HARD,2,26.089,29.555,42.328,7000100.0,11010.0,10110.0,28,8.0,1,False,7209.433,LAW,30,None,None,7137.55,7167.105,7209.433,278.0,264.0,275.0,312.0,True,Racing Bulls,7111.461,2026-03-15T08:06:07.242000000,False,None,False,True,7140.713,15.3,55.4,1024.5,False,20.3,121,2.4,Chinese Grand Prix
97.568,38,HARD,2,25.79,29.497,42.281,7000000.0,100100.0,10000010010.0,29,8.0,1,True,7307.001,LAW,30,None,None,7235.223,7264.72,7307.001,273.0,264.0,275.0,310.0,True,Racing Bulls,7209.433,2026-03-15T08:07:45.214000000,False,None,False,True,7200.701,15.3,55.4,1024.5,False,20.3,121,2.4,Chinese Grand Prix
97.763,39,HARD,2,25.824,29.535,42.404,7001000.0,10.0,0.0,30,8.0,1,False,7404.764,LAW,30,None,None,7332.825,7362.36,7404.764,274.0,262.0,273.0,310.0,True,Racing Bulls,7307.001,2026-03-15T08:09:22.782000000,False,None,False,True,7320.732,15.1,56.6,1024.4,False,20.9,83,3.1,Chinese Grand Prix
97.81,40,HARD,2,26.032,29.449,42.329,7000000.0,1100.0,0.0,31,8.0,1,False,7502.574,LAW,30,None,None,7430.796,7460.245,7502.574,275.0,262.0,273.0,311.0,True,Racing Bulls,7404.764,2026-03-15T08:11:00.545000000,False,None,False,True,7440.702,15.2,56.3,1024.4,False,20.3,88,3.1,Chinese Grand Prix
97.616,41,HARD,2,25.711,29.404,42.501,7000000.0,101100.0,10000.0,32,8.0,1,False,7600.19,LAW,30,None,None,7528.285,7557.689,7600.19,279.0,264.0,274.0,305.0,True,Racing Bulls,7502.574,2026-03-15T08:12:38.355000000,False,None,False,True,7500.718,15.2,55.9,1024.3,False,20.5,92,2.6,Chinese Grand Prix
97.556,42,HARD,2,25.758,29.421,42.377,7000100.0,10001.0,10000010030.0,33,8.0,1,True,7697.746,LAW,30,None,None,7625.948,7655.369,7697.746,278.0,267.0,275.0,305.0,True,Racing Bulls,7600.19,2026-03-15T08:14:15.971000000,False,None,False,True,7620.711,15.1,56.5,1024.3,False,20.5,88,2.7,Chinese Grand Prix
97.561,43,HARD,2,25.734,29.425,42.402,7000010.0,100000.0,100000000.0,34,8.0,1,False,7795.307,LAW,30,None,None,7723.48,7752.905,7795.307,280.0,264.0,276.0,305.0,True,Racing Bulls,7697.746,2026-03-15T08:15:53.527000000,False,None,False,True,7740.749,15.1,56.3,1024.2,False,20.3,91,3.3,Chinese Grand Prix
97.354,44,HARD,2,25.636,29.449,42.269,7000100.0,0.0,0.0,35,8.0,1,True,7892.661,LAW,30,None,None,7820.943,7850.392,7892.661,278.0,265.0,275.0,308.0,True,Racing Bulls,7795.307,2026-03-15T08:17:31.088000000,False,None,False,True,7800.765,15.1,56.6,1024.3,False,20.4,61,2.7,Chinese Grand Prix
97.547,45,HARD,2,25.595,29.5,42.452,7000000.0,10000.0,10011.0,36,7.0,1,False,7990.208,LAW,30,None,None,7918.256,7947.756,7990.208,279.0,264.0,276.0,305.0,True,Racing Bulls,7892.661,2026-03-15T08:19:08.442000000,False,None,False,True,7920.767,15.1,56.9,1024.3,False,20.4,77,3.3,Chinese Grand Prix
97.369,46,HARD,2,25.556,29.476,42.337,7001000.0,100000.0,10000000000.0,37,7.0,1,False,8087.577,LAW,30,None,None,8015.764,8045.24,8087.577,280.0,262.0,276.0,307.0,True,Racing Bulls,7990.208,2026-03-15T08:20:45.989000000,False,None,False,True,7980.783,15.1,56.5,1024.4,False,20.5,81,3.9,Chinese Grand Prix
97.298,47,HARD,2,25.579,29.339,42.38,7010000.0,100.0,0.0,38,7.0,1,True,8184.875,LAW,30,None,None,8113.156,8142.495,8184.875,279.0,267.0,274.0,309.0,True,Racing Bulls,8087.577,2026-03-15T08:22:23.358000000,False,None,False,True,8100.772,15.1,56.9,1024.4,False,20.2,77,3.3,Chinese Grand Prix
97.443,48,HARD,2,25.642,29.43,42.371,7000000.0,1.0,0.0,39,7.0,1,False,8282.318,LAW,30,None,None,8210.517,8239.947,8282.318,283.0,268.0,275.0,308.0,True,Racing Bulls,8184.875,2026-03-15T08:24:00.656000000,False,None,False,True,8220.803,15.0,57.4,1024.4,False,20.1,91,2.4,Chinese Grand Prix
97.457,49,HARD,2,25.599,29.495,42.363,7000000.0,0.0,1.0,40,7.0,1,False,8379.775,LAW,30,None,None,8307.917,8337.412,8379.775,279.0,260.0,277.0,307.0,True,Racing Bulls,8282.318,2026-03-15T08:25:38.099000000,False,None,False,True,8280.808,15.0,57.4,1024.4,False,20.2,93,2.0,Chinese Grand Prix
97.201,50,HARD,2,25.469,29.437,42.295,7011000.0,0.0,110.0,41,7.0,1,True,8476.976,LAW,30,None,None,8405.244,8434.681,8476.976,281.0,266.0,276.0,309.0,True,Racing Bulls,8379.775,2026-03-15T08:27:15.556000000,False,None,False,True,8400.828,15.0,57.3,1024.5,False,20.2,77,2.9,Chinese Grand Prix
97.393,51,HARD,2,25.586,29.535,42.272,7000000.0,10000.0,100000000.0,42,7.0,1,False,8574.369,LAW,30,None,None,8502.562,8532.097,8574.369,281.0,265.0,275.0,310.0,True,Racing Bulls,8476.976,2026-03-15T08:28:52.757000000,False,None,False,True,8460.818,15.0,57.4,1024.6,False,20.1,84,3.1,Chinese Grand Prix
97.324,52,HARD,2,25.544,29.481,42.299,7010000.0,0.0,100010000.0,43,7.0,1,False,8671.693,LAW,30,None,None,8599.913,8629.394,8671.693,282.0,265.0,275.0,307.0,True,Racing Bulls,8574.369,2026-03-15T08:30:30.150000000,False,None,False,True,8580.801,14.9,57.3,1024.6,False,20.0,95,4.1,Chinese Grand Prix
97.35,53,HARD,2,25.602,29.408,42.34,7000000.0,0.0,11.0,44,7.0,12,False,8769.043,LAW,30,None,None,8697.295,8726.703,8769.043,283.0,264.0,277.0,309.0,True,Racing Bulls,8671.693,2026-03-15T08:32:07.474000000,False,None,False,True,8700.85,15.0,57.4,1024.7,False,19.9,93,2.5,Chinese Grand Prix
97.202,54,HARD,2,25.555,29.431,42.216,7010000.0,100000.0,1.0,45,7.0,1,False,8866.245,LAW,30,None,None,8794.598,8824.029,8866.245,282.0,265.0,277.0,310.0,True,Racing Bulls,8769.043,2026-03-15T08:33:44.824000000,False,None,False,True,8760.855,15.0,57.4,1024.5,False,20.0,84,2.4,Chinese Grand Prix
97.166,55,HARD,2,25.444,29.481,42.241,7011001.0,0.0,10000010000.0,46,7.0,1,True,8963.411,LAW,30,None,None,8891.689,8921.17,8963.411,281.0,264.0,276.0,310.0,True,Racing Bulls,8866.245,2026-03-15T08:35:22.026000000,False,None,False,True,8880.869,15.0,57.5,1024.6,False,20.1,86,2.8,Chinese Grand Prix
97.096,56,HARD,2,25.458,29.543,42.095,7000000.0,10000.0,10100000130.0,47,7.0,1,True,9060.507,LAW,30,None,None,8988.869,9018.412,9060.507,282.0,264.0,280.0,310.0,True,Racing Bulls,8963.411,2026-03-15T08:36:59.192000000,False,None,False,True,9000.856,14.9,57.5,1024.5,False,19.7,112,2.3,Chinese Grand Prix
101.064,1,MEDIUM,1,,30.192,42.302,7111111.0,111111.0,11111111111.0,1,3.0,12,False,3485.376,LEC,16,None,None,None,3443.184,3485.53,292.0,256.0,271.0,320.0,True,Ferrari,3384.05,2026-03-15T07:03:59.831000000,False,None,False,False,3420.295,15.6,55.2,1024.4,False,23.3,72,2.8,Chinese Grand Prix
98.558,2,MEDIUM,1,25.954,29.998,42.606,1111100.0,113001.0,110010100.0,2,3.0,1,True,3583.934,LEC,16,None,None,3511.412,3541.41,3584.016,276.0,267.0,266.0,314.0,True,Ferrari,3485.376,2026-03-15T07:05:41.157000000,False,None,False,True,3540.312,15.6,55.3,1024.5,False,22.5,102,4.5,Chinese Grand Prix
99.148,3,MEDIUM,1,26.669,29.902,42.577,100.0,100.0,11111.0,3,4.0,1,False,3683.082,LEC,16,None,None,3610.685,3640.587,3683.164,265.0,255.0,272.0,324.0,True,Ferrari,3583.934,2026-03-15T07:07:19.715000000,False,None,False,True,3600.332,15.5,55.8,1024.4,False,23.0,107,1.8,Chinese Grand Prix
97.835,4,MEDIUM,1,25.914,29.661,42.26,7010100.0,100110.0,10000111111.0,4,4.0,1,True,3780.917,LEC,16,None,None,3709.078,3738.739,3780.999,272.0,256.0,274.0,314.0,True,Ferrari,3683.082,2026-03-15T07:08:58.863000000,False,None,False,True,3720.342,15.5,55.4,1024.5,False,23.0,105,2.5,Chinese Grand Prix
97.863,5,MEDIUM,1,25.914,29.632,42.317,1111000.0,100.0,101000.0,5,4.0,1,False,3878.78,LEC,16,None,None,None,3836.545,3878.862,265.0,255.0,268.0,320.0,True,Ferrari,3780.917,2026-03-15T07:10:36.698000000,False,None,False,True,3840.33,15.5,55.3,1024.5,False,23.1,92,3.7,Chinese Grand Prix
98.136,6,MEDIUM,1,26.144,29.86,42.132,1000.0,100000.0,10000100000.0,6,4.0,1,False,3976.916,LEC,16,None,None,3905.006,3934.866,3976.998,266.0,254.0,271.0,312.0,True,Ferrari,3878.78,2026-03-15T07:12:14.561000000,False,None,False,True,3900.33,15.6,55.6,1024.5,False,22.9,107,2.2,Chinese Grand Prix
97.994,7,MEDIUM,1,25.894,29.733,42.367,7000100.0,100000.0,1100.0,7,4.0,1,False,4074.91,LEC,16,None,None,4002.892,4032.625,4074.992,267.0,255.0,270.0,311.0,True,Ferrari,3976.916,2026-03-15T07:13:52.697000000,False,None,False,True,4020.34,15.6,55.8,1024.5,False,22.4,111,2.4,Chinese Grand Prix
97.794,8,MEDIUM,1,25.841,29.734,42.219,7000100.0,100100.0,0.0,8,4.0,1,True,4172.704,LEC,16,None,None,4100.833,4130.567,4172.786,272.0,251.0,264.0,314.0,True,Ferrari,4074.91,2026-03-15T07:15:30.691000000,False,None,False,True,4080.343,15.6,55.9,1024.3,False,22.8,88,2.1,Chinese Grand Prix
98.13,9,MEDIUM,1,26.108,29.872,42.15,7000000.0,111000.0,110.0,9,4.0,1,False,4270.834,LEC,16,None,None,4198.894,4228.766,4270.916,276.0,252.0,273.0,314.0,True,Ferrari,4172.704,2026-03-15T07:17:08.485000000,False,None,False,True,4200.397,15.6,56.0,1024.5,False,22.6,110,2.6,Chinese Grand Prix
112.397,10,MEDIUM,1,26.115,30.067,56.215,7000000.0,0.0,555.0,10,4.0,124,False,4383.231,LEC,16,None,4381.547,4297.031,4327.098,4383.313,267.0,251.0,None,238.0,True,Ferrari,4270.834,2026-03-15T07:18:46.615000000,False,None,False,False,4320.396,15.5,56.2,1024.6,False,22.4,92,1.5,Chinese Grand Prix
161.733,11,HARD,2,57.124,41.154,63.455,5500000.0,0.0,0.0,1,7.0,4,False,4545.025,LEC,16,4407.065,None,4440.63,4481.652,4545.18,252.0,220.0,217.0,235.0,True,Ferrari,4383.231,2026-03-15T07:20:39.012000000,False,None,False,False,4440.382,15.5,55.5,1024.6,False,22.8,77,0.8,Chinese Grand Prix
150.182,12,HARD,2,42.91,44.533,62.739,0.0,0.0,0.0,2,7.0,4,False,4695.13,LEC,16,None,None,4587.965,4632.499,4695.316,137.0,180.0,193.0,154.0,True,Ferrari,4545.025,2026-03-15T07:23:20.806000000,False,None,False,False,4560.395,15.5,55.3,1024.7,False,22.7,0,0.0,Chinese Grand Prix
146.486,13,HARD,2,37.128,45.067,64.291,7000000.0,0.0,0.0,3,7.0,41,False,4841.616,LEC,16,None,None,4732.34,4777.407,4841.698,223.0,167.0,271.0,174.0,True,Ferrari,4695.13,2026-03-15T07:25:50.911000000,False,None,False,False,4740.397,15.5,55.1,1024.6,False,22.0,131,1.7,Chinese Grand Prix
99.851,14,HARD,2,26.409,30.888,42.554,1100000.0,10000.0,11010001.0,4,6.0,1,False,4941.467,LEC,16,None,None,4868.107,4898.995,4941.549,283.0,261.0,277.0,336.0,True,Ferrari,4841.616,2026-03-15T07:28:17.397000000,False,None,False,True,4860.43,15.4,56.3,1024.7,False,22.4,112,1.1,Chinese Grand Prix
97.205,15,HARD,2,25.671,29.86,41.674,11000.0,10000.0,1110000010.0,5,4.0,1,True,5038.672,LEC,16,None,None,4967.22,4997.08,5038.754,267.0,257.0,274.0,329.0,True,Ferrari,4941.467,2026-03-15T07:29:57.248000000,False,None,False,True,4980.417,15.4,56.2,1024.7,False,21.6,116,2.8,Chinese Grand Prix
97.306,16,HARD,2,25.684,29.518,42.104,7001010.0,100010.0,100000.0,6,3.0,1,False,5135.978,LEC,16,None,None,5064.438,5093.956,5136.06,263.0,253.0,269.0,310.0,True,Ferrari,5038.672,2026-03-15T07:31:34.453000000,False,None,False,True,5100.455,15.2,56.6,1024.7,False,21.9,114,3.2,Chinese Grand Prix
96.877,17,HARD,2,25.833,29.22,41.824,7011100.0,100100.0,10000301000.0,7,3.0,1,True,5232.855,LEC,16,None,None,5161.893,5191.113,5232.937,262.0,251.0,273.0,306.0,True,Ferrari,5135.978,2026-03-15T07:33:11.759000000,False,None,False,True,5160.435,15.2,56.7,1024.7,False,21.9,126,1.0,Chinese Grand Prix
96.599,18,HARD,2,25.407,29.314,41.878,7011100.0,0.0,1000.0,8,3.0,12,True,5329.454,LEC,16,None,None,5258.344,5287.658,5329.536,264.0,253.0,269.0,307.0,True,Ferrari,5232.855,2026-03-15T07:34:48.636000000,False,None,False,True,5280.444,15.3,56.2,1024.6,False,21.6,101,1.6,Chinese Grand Prix
96.861,19,HARD,2,25.435,29.322,42.104,7003100.0,100000.0,110.0,9,3.0,1,False,5426.315,LEC,16,None,None,5354.971,5384.293,5426.397,269.0,252.0,271.0,307.0,True,Ferrari,5329.454,2026-03-15T07:36:25.235000000,False,None,False,True,5340.458,15.3,56.4,1024.6,False,21.6,98,2.0,Chinese Grand Prix
96.833,20,HARD,2,25.608,29.339,41.886,7000000.0,0.0,100001110.0,10,3.0,1,False,5523.148,LEC,16,None,None,5452.005,5481.344,5523.23,264.0,253.0,273.0,308.0,True,Ferrari,5426.315,2026-03-15T07:38:02.096000000,False,None,False,True,5460.458,15.3,56.8,1024.5,False,21.5,108,1.7,Chinese Grand Prix
96.705,21,HARD,2,25.423,29.23,42.052,7000000.0,310000.0,10100000000.0,11,3.0,1,False,5619.853,LEC,16,None,None,5548.653,5577.883,5619.935,267.0,253.0,269.0,308.0,True,Ferrari,5523.148,2026-03-15T07:39:38.929000000,False,None,False,True,5580.486,15.3,56.9,1024.5,False,21.8,92,2.8,Chinese Grand Prix
96.643,22,HARD,2,25.59,29.215,41.838,7000000.0,0.0,10000000000.0,12,3.0,1,False,5716.496,LEC,16,None,None,5645.525,5674.74,5716.578,271.0,255.0,274.0,311.0,True,Ferrari,5619.853,2026-03-15T07:41:15.634000000,False,None,False,True,5640.491,15.3,57.0,1024.3,False,21.7,110,2.4,Chinese Grand Prix
96.813,23,HARD,2,25.616,29.24,41.957,7010000.0,0.0,100000000.0,13,3.0,1,False,5813.309,LEC,16,None,None,5742.194,5771.434,5813.391,267.0,260.0,275.0,321.0,True,Ferrari,5716.496,2026-03-15T07:42:52.277000000,False,None,False,True,5760.489,15.3,56.2,1024.3,False,21.6,89,1.5,Chinese Grand Prix
97.277,24,HARD,2,25.656,29.4,42.221,7000000.0,1000.0,0.0,14,2.0,1,False,5910.586,LEC,16,None,None,5839.047,5868.447,5910.668,269.0,254.0,266.0,331.0,True,Ferrari,5813.309,2026-03-15T07:44:29.090000000,False,None,False,True,5880.499,15.4,56.2,1024.3,False,21.8,94,2.8,Chinese Grand Prix
97.681,25,HARD,2,26.054,29.422,42.205,7000000.0,1000.0,10000000000.0,15,2.0,1,False,6008.267,LEC,16,None,None,5936.722,5966.144,6008.349,262.0,249.0,269.0,299.0,True,Ferrari,5910.586,2026-03-15T07:46:06.367000000,False,None,False,True,5940.541,15.3,56.3,1024.3,False,21.7,93,2.2,Chinese Grand Prix
97.574,26,HARD,2,25.771,29.158,42.645,7000000.0,10000.0,10000000000.0,16,3.0,1,False,6105.841,LEC,16,None,None,6034.12,6063.278,6105.923,261.0,252.0,275.0,303.0,True,Ferrari,6008.267,2026-03-15T07:47:44.048000000,False,None,False,True,6060.553,15.3,56.5,1024.4,False,21.8,63,2.3,Chinese Grand Prix
97.872,27,HARD,2,25.711,30.036,42.125,7000000.0,10000.0,0.0,17,2.0,1,False,6203.713,LEC,16,None,None,6131.634,6161.67,6203.795,265.0,246.0,270.0,303.0,True,Ferrari,6105.841,2026-03-15T07:49:21.622000000,False,None,False,True,6180.548,15.4,56.0,1024.4,False,21.8,70,2.2,Chinese Grand Prix
97.076,28,HARD,2,25.691,29.208,42.177,7000000.0,100.0,110.0,18,2.0,12,False,6300.789,LEC,16,None,None,6229.486,6258.694,6300.871,262.0,252.0,274.0,302.0,True,Ferrari,6203.713,2026-03-15T07:50:59.494000000,False,None,False,True,6240.572,15.4,56.0,1024.4,False,21.7,67,2.0,Chinese Grand Prix
97.107,29,HARD,2,25.517,29.109,42.481,7000000.0,110.0,10000000010.0,19,3.0,1,False,6397.896,LEC,16,None,None,6326.388,6355.497,6397.978,261.0,252.0,275.0,300.0,True,Ferrari,6300.789,2026-03-15T07:52:36.570000000,False,None,False,True,6360.641,15.4,55.6,1024.4,False,21.6,77,3.0,Chinese Grand Prix
96.797,30,HARD,2,25.699,29.408,41.69,7000000.0,1000.0,100000000.0,20,3.0,1,False,6494.693,LEC,16,None,None,6423.677,6453.085,6494.775,270.0,257.0,274.0,317.0,True,Ferrari,6397.896,2026-03-15T07:54:13.677000000,False,None,False,True,6480.569,15.4,55.8,1024.4,False,21.2,77,2.6,Chinese Grand Prix
96.409,31,HARD,2,25.405,29.148,41.856,7013000.0,1000.0,0.0,21,3.0,1,True,6591.102,LEC,16,None,None,6520.18,6549.328,6591.184,270.0,260.0,258.0,319.0,True,Ferrari,6494.693,2026-03-15T07:55:50.474000000,False,None,False,True,6540.585,15.4,55.8,1024.4,False,21.2,77,2.6,Chinese Grand Prix
96.624,32,HARD,2,25.841,29.185,41.598,7000000.0,0.0,11.0,22,3.0,1,False,6687.726,LEC,16,None,None,6617.025,6646.21,6687.808,268.0,255.0,276.0,318.0,True,Ferrari,6591.102,2026-03-15T07:57:26.883000000,False,None,False,True,6660.608,15.2,56.6,1024.5,False,21.1,84,1.6,Chinese Grand Prix
96.55,33,HARD,2,25.393,29.223,41.934,7030000.0,0.0,10000000000.0,23,3.0,12,False,6784.276,LEC,16,None,None,6713.201,6742.424,6784.358,266.0,254.0,271.0,307.0,True,Ferrari,6687.726,2026-03-15T07:59:03.507000000,False,None,False,True,6720.626,15.3,56.8,1024.5,False,21.1,84,2.2,Chinese Grand Prix
96.729,34,HARD,2,25.656,29.08,41.993,7000000.0,10300.0,0.0,24,3.0,1,False,6881.005,LEC,16,None,None,6810.014,6839.094,6881.087,264.0,253.0,272.0,305.0,True,Ferrari,6784.276,2026-03-15T08:00:40.057000000,False,None,False,True,6840.653,15.3,56.2,1024.5,False,20.8,86,1.7,Chinese Grand Prix
98.511,35,HARD,2,25.494,29.203,43.814,7000000.0,0.0,0.0,25,4.0,1,False,6979.516,LEC,16,None,None,6906.581,6935.784,6979.598,268.0,253.0,275.0,303.0,True,Ferrari,6881.005,2026-03-15T08:02:16.786000000,False,None,False,True,6960.665,15.3,56.1,1024.5,False,21.0,108,1.6,Chinese Grand Prix
97.247,36,HARD,2,25.858,29.426,41.963,7000000.0,0.0,100000000.0,26,4.0,1,False,7076.763,LEC,16,None,None,7005.456,7034.882,7076.845,266.0,257.0,256.0,327.0,True,Ferrari,6979.516,2026-03-15T08:03:55.297000000,False,None,False,True,7020.691,15.3,55.9,1024.4,False,21.0,98,1.6,Chinese Grand Prix
96.767,37,HARD,2,25.901,29.213,41.653,7000000.0,0.0,1000000011.0,27,4.0,1,False,7173.53,LEC,16,None,None,7102.746,7131.959,7173.612,273.0,260.0,278.0,310.0,True,Ferrari,7076.763,2026-03-15T08:05:32.544000000,False,None,False,True,7140.713,15.3,55.4,1024.5,False,20.3,121,2.4,Chinese Grand Prix
96.759,38,HARD,2,25.516,29.349,41.894,7000000.0,11000.0,100000000.0,28,4.0,1,False,7270.289,LEC,16,None,None,7199.128,7228.477,7270.371,273.0,256.0,276.0,316.0,True,Ferrari,7173.53,2026-03-15T08:07:09.311000000,False,None,False,True,7200.701,15.3,55.4,1024.5,False,20.3,121,2.4,Chinese Grand Prix
96.993,39,HARD,2,25.561,29.25,42.182,7000000.0,11001.0,100000000.0,29,3.0,1,False,7367.282,LEC,16,None,None,7295.932,7325.182,7367.364,278.0,265.0,270.0,329.0,True,Ferrari,7270.289,2026-03-15T08:08:46.070000000,False,None,False,True,7320.732,15.1,56.6,1024.4,False,20.9,83,3.1,Chinese Grand Prix
98.256,40,HARD,2,26.043,29.941,42.272,7000000.0,10000.0,0.0,30,4.0,1,False,7465.538,LEC,16,None,None,7393.407,7423.348,7465.62,274.0,253.0,278.0,308.0,True,Ferrari,7367.282,2026-03-15T08:10:23.063000000,False,None,False,True,7440.702,15.2,56.3,1024.4,False,20.3,88,3.1,Chinese Grand Prix
96.84,41,HARD,2,25.517,29.252,42.071,7000000.0,3000.0,0.0,31,4.0,1,False,7562.378,LEC,16,None,None,7491.137,7520.389,7562.46,273.0,260.0,273.0,311.0,True,Ferrari,7465.538,2026-03-15T08:12:01.319000000,False,None,False,True,7500.718,15.2,55.9,1024.3,False,20.5,92,2.6,Chinese Grand Prix
96.795,42,HARD,2,25.544,29.158,42.093,7000000.0,0.0,10.0,32,4.0,1,False,7659.173,LEC,16,None,None,7588.004,7617.162,7659.255,273.0,257.0,277.0,304.0,True,Ferrari,7562.378,2026-03-15T08:13:38.159000000,False,None,False,True,7620.711,15.1,56.5,1024.3,False,20.5,88,2.7,Chinese Grand Prix
96.584,43,HARD,2,25.335,29.135,42.114,7000000.0,0.0,0.0,33,4.0,1,False,7755.757,LEC,16,None,None,7684.59,7713.725,7755.839,268.0,257.0,274.0,303.0,True,Ferrari,7659.173,2026-03-15T08:15:14.954000000,False,None,False,True,7740.749,15.1,56.3,1024.2,False,20.3,91,3.3,Chinese Grand Prix
96.649,44,HARD,2,25.554,29.115,41.98,7000000.0,0.0,0.0,34,4.0,1,False,7852.406,LEC,16,None,None,7781.393,7810.508,7852.488,267.0,255.0,275.0,305.0,True,Ferrari,7755.757,2026-03-15T08:16:51.538000000,False,None,False,True,7800.765,15.1,56.6,1024.3,False,20.4,61,2.7,Chinese Grand Prix
97.224,45,HARD,2,25.414,29.223,42.587,7010000.0,1.0,0.0,35,4.0,1,False,7949.63,LEC,16,None,None,7877.902,7907.125,7949.712,268.0,268.0,276.0,304.0,True,Ferrari,7852.406,2026-03-15T08:18:28.187000000,False,None,False,True,7920.767,15.1,56.9,1024.3,False,20.4,77,3.3,Chinese Grand Prix
96.271,46,HARD,2,25.203,29.112,41.956,7000000.0,10.0,100000110.0,36,4.0,1,True,8045.901,LEC,16,None,None,7974.915,8004.027,8045.983,271.0,255.0,275.0,304.0,True,Ferrari,7949.63,2026-03-15T08:20:05.411000000,False,None,False,True,7980.783,15.1,56.5,1024.4,False,20.5,81,3.9,Chinese Grand Prix
96.204,47,HARD,2,25.441,29.151,41.612,7000000.0,0.0,100000110.0,37,4.0,1,True,8142.105,LEC,16,None,None,8071.424,8100.575,8142.187,270.0,263.0,277.0,316.0,True,Ferrari,8045.901,2026-03-15T08:21:41.682000000,False,None,False,True,8100.772,15.1,56.9,1024.4,False,20.2,77,3.3,Chinese Grand Prix
96.228,48,HARD,2,25.151,29.049,42.028,7000000.0,0.0,1010.0,38,4.0,1,False,8238.333,LEC,16,None,None,8167.338,8196.387,8238.415,274.0,256.0,274.0,302.0,True,Ferrari,8142.105,2026-03-15T08:23:17.886000000,False,None,False,True,8220.803,15.0,57.4,1024.4,False,20.1,91,2.4,Chinese Grand Prix
96.331,49,HARD,2,25.332,28.967,42.032,7000000.0,300.0,10.0,39,4.0,1,False,8334.664,LEC,16,None,None,8263.747,8292.714,8334.746,271.0,257.0,276.0,302.0,True,Ferrari,8238.333,2026-03-15T08:24:54.114000000,False,None,False,True,8280.808,15.0,57.4,1024.4,False,20.2,93,2.0,Chinese Grand Prix
96.387,50,HARD,2,25.34,29.021,42.026,7000000.0,0.0,331.0,40,4.0,1,False,8431.051,LEC,16,None,None,8360.086,8389.107,8431.133,271.0,256.0,278.0,303.0,True,Ferrari,8334.664,2026-03-15T08:26:30.445000000,False,None,False,True,8400.828,15.0,57.3,1024.5,False,20.2,77,2.9,Chinese Grand Prix
96.744,51,HARD,2,25.22,28.931,42.593,7000000.0,0.0,0.0,41,4.0,1,False,8527.795,LEC,16,None,None,8456.353,8485.284,8527.877,271.0,257.0,274.0,303.0,True,Ferrari,8431.051,2026-03-15T08:28:06.832000000,False,None,False,True,8460.818,15.0,57.4,1024.6,False,20.1,84,3.1,Chinese Grand Prix
96.324,52,HARD,2,25.373,28.989,41.962,7000000.0,11.0,10000000001.0,42,4.0,1,False,8624.119,LEC,16,None,None,8553.25,8582.239,8624.201,269.0,262.0,278.0,303.0,True,Ferrari,8527.795,2026-03-15T08:29:43.576000000,False,None,False,True,8580.801,14.9,57.3,1024.6,False,20.0,95,4.1,Chinese Grand Prix
96.32,53,HARD,2,25.134,29.028,42.158,7000000.0,0.0,100000000.0,43,4.0,12,False,8720.439,LEC,16,None,None,8649.335,8678.363,8720.521,271.0,255.0,276.0,302.0,True,Ferrari,8624.119,2026-03-15T08:31:19.900000000,False,None,False,True,8700.85,15.0,57.4,1024.7,False,19.9,93,2.5,Chinese Grand Prix
96.213,54,HARD,2,25.197,28.969,42.047,7003000.0,0.0,1001.0,44,4.0,1,False,8816.652,LEC,16,None,None,8745.718,8774.687,8816.734,271.0,257.0,279.0,304.0,True,Ferrari,8720.439,2026-03-15T08:32:56.220000000,False,None,False,True,8760.855,15.0,57.4,1024.5,False,20.0,84,2.4,Chinese Grand Prix
96.134,55,HARD,2,25.047,29.019,42.068,7000000.0,10.0,1000.0,45,4.0,1,True,8912.786,LEC,16,None,None,8841.781,8870.8,8912.868,273.0,258.0,276.0,303.0,True,Ferrari,8816.652,2026-03-15T08:34:32.433000000,False,None,False,True,8880.869,15.0,57.5,1024.6,False,20.1,86,2.8,Chinese Grand Prix
96.011,56,HARD,2,25.129,28.862,42.02,7000000.0,0.0,0.0,46,4.0,1,True,9008.797,LEC,16,None,None,8937.997,8966.859,9008.879,273.0,260.0,277.0,303.0,True,Ferrari,8912.786,2026-03-15T08:36:08.567000000,False,None,False,True,9000.856,14.9,57.5,1024.5,False,19.7,112,2.3,Chinese Grand Prix
106.513,1,HARD,1,,31.383,44.478,7111111.0,111111.0,11111111111.0,1,8.0,12,False,3490.825,LIN,41,None,None,None,3446.546,3491.005,289.0,268.0,271.0,336.0,True,Racing Bulls,3384.05,2026-03-15T07:03:59.831000000,False,None,False,False,3420.295,15.6,55.2,1024.4,False,23.3,72,2.8,Chinese Grand Prix
101.049,2,HARD,1,26.553,31.14,43.356,1110100.0,100110.0,1110111111.0,2,9.0,1,True,3591.874,LIN,41,None,None,3517.448,3548.588,3591.944,275.0,264.0,273.0,323.0,True,Racing Bulls,3490.825,2026-03-15T07:05:46.606000000,False,None,False,True,3540.312,15.6,55.3,1024.5,False,22.5,102,4.5,Chinese Grand Prix
99.308,3,HARD,1,26.135,30.408,42.765,11100.0,101110.0,10000111111.0,3,9.0,1,True,3691.182,LIN,41,None,None,3618.079,3648.487,3691.252,274.0,259.0,275.0,317.0,True,Racing Bulls,3591.874,2026-03-15T07:07:27.655000000,False,None,False,True,3600.332,15.5,55.8,1024.4,False,23.0,107,1.8,Chinese Grand Prix
99.298,4,HARD,1,25.808,30.252,43.238,7111100.0,101010.0,11110.0,4,9.0,1,True,3790.48,LIN,41,None,None,3717.06,3747.312,3790.55,272.0,258.0,274.0,320.0,True,Racing Bulls,3691.182,2026-03-15T07:09:06.963000000,False,None,False,True,3720.342,15.5,55.4,1024.5,False,23.0,105,2.5,Chinese Grand Prix
99.395,5,HARD,1,26.065,30.405,42.925,7000000.0,11000.0,10000011110.0,5,9.0,1,False,3889.875,LIN,41,None,None,3816.615,3847.02,3889.945,272.0,256.0,273.0,316.0,True,Racing Bulls,3790.48,2026-03-15T07:10:46.261000000,False,None,False,True,3840.33,15.5,55.3,1024.5,False,23.1,92,3.7,Chinese Grand Prix
99.363,6,HARD,1,26.056,30.378,42.929,7000000.0,0.0,100000.0,6,9.0,1,False,3989.238,LIN,41,None,None,3916.001,3946.379,3989.308,271.0,260.0,274.0,320.0,True,Racing Bulls,3889.875,2026-03-15T07:12:25.656000000,False,None,False,True,3900.33,15.6,55.6,1024.5,False,22.9,107,2.2,Chinese Grand Prix
99.198,7,HARD,1,25.898,30.408,42.892,1100000.0,0.0,100000000.0,7,9.0,1,True,4088.436,LIN,41,None,None,4015.206,4045.614,4088.506,270.0,257.0,274.0,320.0,True,Racing Bulls,3989.238,2026-03-15T07:14:05.019000000,False,None,False,True,4020.34,15.6,55.8,1024.5,False,22.4,111,2.4,Chinese Grand Prix
99.45,8,HARD,1,26.064,30.44,42.946,0.0,1.0,11000000.0,8,9.0,1,False,4187.886,LIN,41,None,None,4114.57,4145.01,4187.956,276.0,265.0,271.0,336.0,True,Racing Bulls,4088.436,2026-03-15T07:15:44.217000000,False,None,False,True,4080.343,15.6,55.9,1024.3,False,22.8,88,2.1,Chinese Grand Prix
99.859,9,HARD,1,26.316,30.745,42.798,7000000.0,0.0,0.0,9,8.0,1,False,4287.745,LIN,41,None,None,4214.272,4245.017,4287.815,274.0,262.0,270.0,328.0,True,Racing Bulls,4187.886,2026-03-15T07:17:23.667000000,False,None,False,True,4200.397,15.6,56.0,1024.5,False,22.6,110,2.6,Chinese Grand Prix
113.138,10,HARD,1,26.148,30.22,56.77,7000100.0,100100.0,10000000000.0,10,8.0,124,False,4400.883,LIN,41,None,None,4313.963,4344.183,4400.953,268.0,256.0,218.0,260.0,True,Racing Bulls,4287.745,2026-03-15T07:19:03.526000000,False,None,False,False,4320.396,15.5,56.2,1024.6,False,22.4,92,1.5,Chinese Grand Prix
143.056,11,HARD,1,37.892,41.196,63.968,7000000.0,0.0,0.0,11,6.0,4,False,4543.939,LIN,41,None,None,4438.845,4480.041,4544.009,225.0,173.0,177.0,222.0,True,Racing Bulls,4400.883,2026-03-15T07:20:56.664000000,False,None,False,False,4440.382,15.5,55.5,1024.6,False,22.8,77,0.8,Chinese Grand Prix
149.824,12,HARD,1,42.835,43.447,63.542,7000000.0,0.0,0.0,12,6.0,4,False,4693.763,LIN,41,None,None,4586.844,4630.291,4693.833,153.0,178.0,173.0,182.0,True,Racing Bulls,4543.939,2026-03-15T07:23:19.720000000,False,None,False,False,4560.395,15.5,55.3,1024.7,False,22.7,0,0.0,Chinese Grand Prix
147.571,13,HARD,1,36.919,44.554,66.098,7000000.0,0.0,0.0,13,6.0,41,False,4841.334,LIN,41,None,None,4730.752,4775.306,4841.404,193.0,173.0,269.0,169.0,True,Racing Bulls,4693.763,2026-03-15T07:25:49.544000000,False,None,False,False,4740.397,15.5,55.1,1024.6,False,22.0,131,1.7,Chinese Grand Prix
100.873,14,HARD,1,26.298,30.968,43.607,1100010.0,10000.0,0.0,14,7.0,1,False,4942.207,LIN,41,None,None,4867.702,4898.67,4942.277,286.0,262.0,270.0,339.0,True,Racing Bulls,4841.334,2026-03-15T07:28:17.115000000,False,None,False,True,4860.43,15.4,56.3,1024.7,False,22.4,112,1.1,Chinese Grand Prix
99.084,15,HARD,1,26.252,30.235,42.597,0.0,11.0,111.0,15,7.0,1,True,5041.291,LIN,41,None,None,4968.529,4998.764,5041.361,275.0,262.0,276.0,334.0,True,Racing Bulls,4942.207,2026-03-15T07:29:57.988000000,False,None,False,True,4980.417,15.4,56.2,1024.7,False,21.6,116,2.8,Chinese Grand Prix
99.328,16,HARD,1,25.876,30.217,43.235,7001000.0,1010.0,0.0,16,8.0,1,False,5140.619,LIN,41,None,None,5067.237,5097.454,5140.689,272.0,261.0,275.0,319.0,True,Racing Bulls,5041.291,2026-03-15T07:31:37.072000000,False,None,False,True,5100.455,15.2,56.6,1024.7,False,21.9,114,3.2,Chinese Grand Prix
99.287,17,HARD,1,26.008,30.24,43.039,7000000.0,11.0,10001.0,17,9.0,12,False,5239.906,LIN,41,None,None,5166.697,5196.937,5239.976,277.0,261.0,275.0,322.0,True,Racing Bulls,5140.619,2026-03-15T07:33:16.400000000,False,None,False,True,5160.435,15.2,56.7,1024.7,False,21.9,126,1.0,Chinese Grand Prix
99.47,18,HARD,1,26.547,30.293,42.63,7000000.0,1.0,10000.0,18,10.0,21,False,5339.376,LIN,41,None,None,5266.523,5296.816,5339.446,276.0,263.0,274.0,322.0,True,Racing Bulls,5239.906,2026-03-15T07:34:55.687000000,False,None,False,True,5280.444,15.3,56.2,1024.6,False,21.6,101,1.6,Chinese Grand Prix
99.363,19,HARD,1,26.075,30.303,42.985,7000000.0,0.0,10100000000.0,19,11.0,1,False,5438.739,LIN,41,None,None,5365.521,5395.824,5438.809,271.0,258.0,275.0,319.0,True,Racing Bulls,5339.376,2026-03-15T07:36:35.157000000,False,None,False,True,5340.458,15.3,56.4,1024.6,False,21.6,98,2.0,Chinese Grand Prix
99.466,20,HARD,1,26.213,30.418,42.835,7000000.0,1.0,10001.0,20,11.0,1,False,5538.205,LIN,41,None,None,5465.022,5495.44,5538.275,276.0,266.0,276.0,320.0,True,Racing Bulls,5438.739,2026-03-15T07:38:14.520000000,False,None,False,True,5460.458,15.3,56.8,1024.5,False,21.5,108,1.7,Chinese Grand Prix
99.78,21,HARD,1,25.823,30.148,43.809,7001000.0,1000.0,0.0,21,12.0,1,False,5637.985,LIN,41,None,None,5564.098,5594.246,5638.055,276.0,263.0,274.0,315.0,True,Racing Bulls,5538.205,2026-03-15T07:39:53.986000000,True,TRACK LIMITS AT TURN 14 LAP 21 ,False,True,5580.486,15.3,56.9,1024.5,False,21.8,92,2.8,Chinese Grand Prix
99.306,22,HARD,1,26.144,30.331,42.831,7000000.0,0.0,10000.0,22,12.0,1,False,5737.291,LIN,41,None,None,5664.199,5694.53,5737.361,278.0,266.0,275.0,323.0,True,Racing Bulls,5637.985,2026-03-15T07:41:33.766000000,False,None,False,True,5640.491,15.3,57.0,1024.3,False,21.7,110,2.4,Chinese Grand Prix
98.456,23,HARD,1,25.919,30.047,42.49,7000000.0,100010.0,10001.0,23,12.0,1,True,5835.747,LIN,41,None,None,5763.28,5793.327,5835.817,279.0,266.0,276.0,333.0,True,Racing Bulls,5737.291,2026-03-15T07:43:13.072000000,False,None,False,True,5760.489,15.3,56.2,1024.3,False,21.6,89,1.5,Chinese Grand Prix
98.975,24,HARD,1,25.96,30.206,42.809,7000000.0,0.0,1.0,24,12.0,1,False,5934.722,LIN,41,None,None,5861.777,5891.983,5934.792,275.0,264.0,276.0,319.0,True,Racing Bulls,5835.747,2026-03-15T07:44:51.528000000,False,None,False,True,5880.499,15.4,56.2,1024.3,False,21.8,94,2.8,Chinese Grand Prix
99.529,25,HARD,1,26.052,30.166,43.311,7000000.0,0.0,0.0,25,13.0,1,False,6034.251,LIN,41,None,None,5960.844,5991.01,6034.321,273.0,262.0,275.0,322.0,True,Racing Bulls,5934.722,2026-03-15T07:46:30.503000000,False,None,False,True,5940.541,15.3,56.3,1024.3,False,21.7,93,2.2,Chinese Grand Prix
99.139,26,HARD,1,26.176,30.255,42.708,7000000.0,0.0,10001.0,26,13.0,1,False,6133.39,LIN,41,None,None,6060.497,6090.752,6133.46,276.0,267.0,277.0,318.0,True,Racing Bulls,6034.251,2026-03-15T07:48:10.032000000,False,None,False,True,6060.553,15.3,56.5,1024.4,False,21.8,63,2.3,Chinese Grand Prix
110.154,27,HARD,1,25.868,30.209,54.077,7010000.0,0.0,0.0,27,14.0,12,False,6243.544,LIN,41,None,None,6159.328,6189.537,6243.614,276.0,267.0,256.0,313.0,True,Racing Bulls,6133.39,2026-03-15T07:49:49.171000000,True,TRACK LIMITS AT TURN 14 LAP 27 ,False,True,6180.548,15.4,56.0,1024.4,False,21.8,70,2.2,Chinese Grand Prix
99.843,28,HARD,1,26.661,30.116,43.066,7000000.0,10.0,10.0,28,14.0,1,False,6343.387,LIN,41,None,None,6270.275,6300.391,6343.457,269.0,261.0,275.0,308.0,True,Racing Bulls,6243.544,2026-03-15T07:51:39.325000000,False,None,False,True,6240.572,15.4,56.0,1024.4,False,21.7,67,2.0,Chinese Grand Prix
98.66,29,HARD,1,25.851,30.018,42.791,7010010.0,1000.0,100000110.0,29,14.0,1,False,6442.047,LIN,41,None,None,6369.308,6399.326,6442.117,270.0,261.0,275.0,309.0,True,Racing Bulls,6343.387,2026-03-15T07:53:19.168000000,False,None,False,True,6360.641,15.4,55.6,1024.4,False,21.6,77,3.0,Chinese Grand Prix
98.503,30,HARD,1,25.844,29.915,42.744,7000000.0,101100.0,1110.0,30,13.0,1,False,6540.55,LIN,41,None,None,6467.961,6497.876,6540.62,270.0,260.0,275.0,308.0,True,Racing Bulls,6442.047,2026-03-15T07:54:57.828000000,False,None,False,True,6480.569,15.4,55.8,1024.4,False,21.2,77,2.6,Chinese Grand Prix
98.543,31,HARD,1,25.856,29.932,42.755,7000010.0,0.0,0.0,31,13.0,1,False,6639.093,LIN,41,None,None,6566.476,6596.408,6639.163,272.0,261.0,276.0,309.0,True,Racing Bulls,6540.55,2026-03-15T07:56:36.331000000,False,None,False,True,6540.585,15.4,55.8,1024.4,False,21.2,77,2.6,Chinese Grand Prix
98.387,32,HARD,1,25.793,29.936,42.658,7001010.0,100.0,10000001011.0,32,13.0,1,True,6737.48,LIN,41,None,None,6664.956,6694.892,6737.55,272.0,260.0,276.0,310.0,True,Racing Bulls,6639.093,2026-03-15T07:58:14.874000000,False,None,False,True,6660.608,15.2,56.6,1024.5,False,21.1,84,1.6,Chinese Grand Prix
98.223,33,HARD,1,25.742,29.869,42.612,7000010.0,11.0,10000010000.0,33,12.0,12,True,6835.703,LIN,41,None,None,6763.292,6793.161,6835.773,271.0,262.0,276.0,309.0,True,Racing Bulls,6737.48,2026-03-15T07:59:53.261000000,False,None,False,True,6720.626,15.3,56.8,1024.5,False,21.1,84,2.2,Chinese Grand Prix
98.471,34,HARD,1,25.882,29.88,42.709,7010000.0,1100.0,100000001.0,34,12.0,1,False,6934.174,LIN,41,None,None,6861.655,6891.535,6934.244,273.0,261.0,277.0,308.0,True,Racing Bulls,6835.703,2026-03-15T08:01:31.484000000,False,None,False,True,6840.653,15.3,56.2,1024.5,False,20.8,86,1.7,Chinese Grand Prix
98.321,35,HARD,1,25.815,29.825,42.681,7000000.0,100000.0,100.0,35,12.0,1,False,7032.495,LIN,41,None,None,6960.059,6989.884,7032.565,274.0,262.0,276.0,309.0,True,Racing Bulls,6934.174,2026-03-15T08:03:09.955000000,False,None,False,True,6960.665,15.3,56.1,1024.5,False,21.0,108,1.6,Chinese Grand Prix
98.052,36,HARD,1,25.75,29.838,42.464,7000010.0,11.0,10100011101.0,36,11.0,1,True,7130.547,LIN,41,None,None,7058.315,7088.153,7130.617,274.0,262.0,277.0,310.0,True,Racing Bulls,7032.495,2026-03-15T08:04:48.276000000,False,None,False,True,7020.691,15.3,55.9,1024.4,False,21.0,98,1.6,Chinese Grand Prix
98.067,37,HARD,1,25.72,29.682,42.665,7010000.0,1010.0,100000111.0,37,11.0,1,False,7228.614,LIN,41,None,None,7156.337,7186.019,7228.684,272.0,265.0,278.0,308.0,True,Racing Bulls,7130.547,2026-03-15T08:06:26.328000000,False,None,False,True,7140.713,15.3,55.4,1024.5,False,20.3,121,2.4,Chinese Grand Prix
97.97,38,HARD,1,25.71,29.706,42.554,7010000.0,1000.0,10000000011.0,38,11.0,1,True,7326.584,LIN,41,None,None,7254.394,7284.1,7326.654,272.0,263.0,278.0,308.0,True,Racing Bulls,7228.614,2026-03-15T08:08:04.395000000,False,None,False,True,7200.701,15.3,55.4,1024.5,False,20.3,121,2.4,Chinese Grand Prix
98.031,39,HARD,1,25.708,29.736,42.587,7010000.0,100000.0,0.0,39,11.0,1,False,7424.615,LIN,41,None,None,7352.362,7382.098,7424.685,272.0,262.0,276.0,310.0,True,Racing Bulls,7326.584,2026-03-15T08:09:42.365000000,False,None,False,True,7320.732,15.1,56.6,1024.4,False,20.9,83,3.1,Chinese Grand Prix
98.037,40,HARD,1,25.666,29.573,42.798,7000000.0,101100.0,11.0,40,11.0,1,False,7522.652,LIN,41,None,None,7450.351,7479.924,7522.722,272.0,263.0,277.0,308.0,True,Racing Bulls,7424.615,2026-03-15T08:11:20.396000000,False,None,False,True,7440.702,15.2,56.3,1024.4,False,20.3,88,3.1,Chinese Grand Prix
100.061,41,HARD,1,25.665,29.663,44.733,7000000.0,100000.0,0.0,41,12.0,1,False,7622.713,LIN,41,None,None,7548.387,7578.05,7622.783,274.0,262.0,276.0,311.0,True,Racing Bulls,7522.652,2026-03-15T08:12:58.433000000,False,None,False,True,7500.718,15.2,55.9,1024.3,False,20.5,92,2.6,Chinese Grand Prix
103.637,42,HARD,1,25.822,29.857,47.958,7000000.0,0.0,100011555.0,42,12.0,1,False,7726.35,LIN,41,None,7724.608,7648.605,7678.462,7726.42,278.0,266.0,None,312.0,True,Racing Bulls,7622.713,2026-03-15T08:14:38.494000000,False,None,False,False,7620.711,15.1,56.5,1024.3,False,20.5,88,2.7,Chinese Grand Prix
117.028,43,MEDIUM,2,45.629,29.611,41.788,5500000.0,11.0,1300100133.0,1,14.0,1,False,7843.378,LIN,41,7747.882,None,7772.049,7801.66,7843.448,277.0,271.0,280.0,331.0,True,Racing Bulls,7726.35,2026-03-15T08:16:22.131000000,False,None,False,False,7740.749,15.1,56.3,1024.2,False,20.3,91,3.3,Chinese Grand Prix
96.338,44,MEDIUM,2,25.297,29.065,41.976,10110.0,100113.0,11000100130.0,2,14.0,1,True,7939.716,LIN,41,None,None,7868.745,7897.81,7939.786,272.0,263.0,278.0,306.0,True,Racing Bulls,7843.378,2026-03-15T08:18:19.159000000,False,None,False,True,7800.765,15.1,56.6,1024.3,False,20.4,61,2.7,Chinese Grand Prix
96.104,45,MEDIUM,2,25.082,29.099,41.923,7031110.0,100000.0,10000000130.0,3,14.0,1,True,8035.82,LIN,41,None,None,7964.868,7993.967,8035.89,273.0,264.0,279.0,307.0,True,Racing Bulls,7939.716,2026-03-15T08:19:55.497000000,False,None,False,True,7920.767,15.1,56.9,1024.3,False,20.4,77,3.3,Chinese Grand Prix
96.099,46,MEDIUM,2,25.11,29.057,41.932,7001000.0,100000.0,100000.0,4,12.0,1,True,8131.919,LIN,41,None,None,8061.0,8090.057,8131.989,273.0,264.0,278.0,311.0,True,Racing Bulls,8035.82,2026-03-15T08:21:31.601000000,False,None,False,True,7980.783,15.1,56.5,1024.4,False,20.5,81,3.9,Chinese Grand Prix
96.147,47,MEDIUM,2,25.21,29.12,41.817,7000000.0,1.0,100100.0,5,12.0,1,False,8228.066,LIN,41,None,None,8157.199,8186.319,8228.136,275.0,265.0,278.0,308.0,True,Racing Bulls,8131.919,2026-03-15T08:23:07.700000000,False,None,False,True,8100.772,15.1,56.9,1024.4,False,20.2,77,3.3,Chinese Grand Prix
96.224,48,MEDIUM,2,25.113,29.245,41.866,7000000.0,100.0,133.0,6,12.0,1,False,8324.29,LIN,41,None,None,8253.249,8282.494,8324.36,274.0,264.0,280.0,306.0,True,Racing Bulls,8228.066,2026-03-15T08:24:43.847000000,False,None,False,True,8220.803,15.0,57.4,1024.4,False,20.1,91,2.4,Chinese Grand Prix
96.203,49,MEDIUM,2,25.181,29.149,41.873,7000000.0,0.0,30.0,7,12.0,1,False,8420.493,LIN,41,None,None,8349.541,8378.69,8420.563,273.0,264.0,279.0,310.0,True,Racing Bulls,8324.29,2026-03-15T08:26:20.071000000,False,None,False,True,8280.808,15.0,57.4,1024.4,False,20.2,93,2.0,Chinese Grand Prix
96.382,50,MEDIUM,2,25.16,29.197,42.025,7000000.0,0.0,0.0,8,12.0,1,False,8516.875,LIN,41,None,None,8445.723,8474.92,8516.945,276.0,264.0,280.0,309.0,True,Racing Bulls,8420.493,2026-03-15T08:27:56.274000000,False,None,False,True,8400.828,15.0,57.3,1024.5,False,20.2,77,2.9,Chinese Grand Prix
96.782,51,MEDIUM,2,25.207,29.435,42.14,7000000.0,0.0,0.0,9,12.0,1,False,8613.657,LIN,41,None,None,8542.152,8571.587,8613.727,276.0,263.0,279.0,311.0,True,Racing Bulls,8516.875,2026-03-15T08:29:32.656000000,False,None,False,True,8460.818,15.0,57.4,1024.6,False,20.1,84,3.1,Chinese Grand Prix
96.945,52,MEDIUM,2,25.403,29.424,42.118,7000000.0,0.0,3.0,10,12.0,12,False,8710.602,LIN,41,None,None,8639.13,8668.554,8710.672,276.0,266.0,280.0,311.0,True,Racing Bulls,8613.657,2026-03-15T08:31:09.438000000,False,None,False,True,8580.801,14.9,57.3,1024.6,False,20.0,95,4.1,Chinese Grand Prix
97.164,53,MEDIUM,2,25.472,29.536,42.156,7000000.0,0.0,3.0,11,12.0,1,False,8807.766,LIN,41,None,None,8736.144,8765.68,8807.836,275.0,266.0,281.0,315.0,True,Racing Bulls,8710.602,2026-03-15T08:32:46.383000000,False,None,False,True,8700.85,15.0,57.4,1024.7,False,19.9,93,2.5,Chinese Grand Prix
97.477,54,MEDIUM,2,25.465,29.701,42.311,7000000.0,0.0,0.0,12,12.0,1,False,8905.243,LIN,41,None,None,8833.301,8863.002,8905.313,277.0,265.0,279.0,314.0,True,Racing Bulls,8807.766,2026-03-15T08:34:23.547000000,False,None,False,True,8760.855,15.0,57.4,1024.5,False,20.0,84,2.4,Chinese Grand Prix
97.504,55,MEDIUM,2,25.575,29.659,42.27,7000000.0,11000.0,0.0,13,12.0,1,False,9002.747,LIN,41,None,None,8930.888,8960.547,9002.817,280.0,266.0,281.0,318.0,True,Racing Bulls,8905.243,2026-03-15T08:36:01.024000000,False,None,False,True,8880.869,15.0,57.5,1024.6,False,20.1,86,2.8,Chinese Grand Prix
106.693,1,HARD,1,,32.187,43.509,7111111.0,111111.0,11111111111.0,1,9.0,12,False,3491.005,OCO,31,None,None,None,3447.641,3491.189,269.0,266.0,273.0,333.0,True,Haas F1 Team,3384.05,2026-03-15T07:03:59.831000000,False,None,False,False,3420.295,15.6,55.2,1024.4,False,23.3,72,2.8,Chinese Grand Prix
99.736,2,HARD,1,26.498,30.518,42.72,1110111.0,111111.0,11100011110.0,2,8.0,1,True,3590.741,OCO,31,None,None,3517.574,3548.092,3590.812,283.0,259.0,268.0,317.0,True,Haas F1 Team,3491.005,2026-03-15T07:05:46.786000000,False,None,False,True,3540.312,15.6,55.3,1024.5,False,22.5,102,4.5,Chinese Grand Prix
99.082,3,HARD,1,26.297,30.078,42.707,11100.0,110111.0,10000101110.0,3,8.0,1,True,3689.823,OCO,31,None,None,3617.109,3647.187,3689.894,266.0,259.0,268.0,321.0,True,Haas F1 Team,3590.741,2026-03-15T07:07:26.522000000,False,None,False,True,3600.332,15.5,55.8,1024.4,False,23.0,107,1.8,Chinese Grand Prix
99.102,4,HARD,1,26.051,30.22,42.831,7011010.0,110011.0,0.0,4,8.0,1,False,3788.925,OCO,31,None,None,3715.945,3746.165,3788.996,270.0,261.0,268.0,325.0,True,Haas F1 Team,3689.823,2026-03-15T07:09:05.604000000,False,None,False,True,3720.342,15.5,55.4,1024.5,False,23.0,105,2.5,Chinese Grand Prix
98.846,5,HARD,1,26.059,30.26,42.527,7000010.0,10.0,101010111.0,5,7.0,1,True,3887.771,OCO,31,None,None,3815.055,3845.315,3887.842,269.0,258.0,265.0,324.0,True,Haas F1 Team,3788.925,2026-03-15T07:10:44.706000000,False,None,False,True,3840.33,15.5,55.3,1024.5,False,23.1,92,3.7,Chinese Grand Prix
98.758,6,HARD,1,26.082,29.95,42.726,7011100.0,101001.0,10000101110.0,6,7.0,1,True,3986.529,OCO,31,None,None,3913.924,3943.874,3986.6,263.0,257.0,267.0,305.0,True,Haas F1 Team,3887.771,2026-03-15T07:12:23.552000000,False,None,False,True,3900.33,15.6,55.6,1024.5,False,22.9,107,2.2,Chinese Grand Prix
99.086,7,HARD,1,26.271,29.883,42.932,7010000.0,101000.0,100000.0,7,7.0,1,False,4085.615,OCO,31,None,None,4012.871,4042.754,4085.686,262.0,255.0,267.0,305.0,True,Haas F1 Team,3986.529,2026-03-15T07:14:02.310000000,False,None,False,True,4020.34,15.6,55.8,1024.5,False,22.4,111,2.4,Chinese Grand Prix
99.015,8,HARD,1,26.219,30.012,42.784,7000000.0,100100.0,0.0,8,7.0,1,False,4184.63,OCO,31,None,None,4111.905,4141.917,4184.701,262.0,251.0,265.0,307.0,True,Haas F1 Team,4085.615,2026-03-15T07:15:41.396000000,False,None,False,True,4080.343,15.6,55.9,1024.3,False,22.8,88,2.1,Chinese Grand Prix
99.018,9,HARD,1,26.316,30.007,42.695,7000000.0,100000.0,10000000000.0,9,7.0,1,False,4283.648,OCO,31,None,None,4211.017,4241.024,4283.719,261.0,253.0,270.0,307.0,True,Haas F1 Team,4184.63,2026-03-15T07:17:20.411000000,False,None,False,True,4200.397,15.6,56.0,1024.5,False,22.6,110,2.6,Chinese Grand Prix
112.375,10,HARD,1,26.103,30.048,56.224,7000000.0,100.0,0.0,10,7.0,124,False,4396.023,OCO,31,None,None,4309.822,4339.87,4396.094,261.0,251.0,263.0,263.0,True,Haas F1 Team,4283.648,2026-03-15T07:18:59.429000000,False,None,False,False,4320.396,15.5,56.2,1024.6,False,22.4,92,1.5,Chinese Grand Prix
144.244,11,HARD,1,36.643,43.729,63.872,7000000.0,0.0,0.0,11,3.0,4,False,4540.267,OCO,31,None,None,4432.737,4476.466,4540.338,125.0,139.0,186.0,167.0,True,Haas F1 Team,4396.023,2026-03-15T07:20:51.804000000,False,None,False,False,4440.382,15.5,55.5,1024.6,False,22.8,77,0.8,Chinese Grand Prix
149.854,12,HARD,1,43.603,43.126,63.125,7000000.0,0.0,0.0,12,3.0,4,False,4690.121,OCO,31,None,None,4583.941,4627.067,4690.192,162.0,176.0,198.0,161.0,True,Haas F1 Team,4540.267,2026-03-15T07:23:16.048000000,False,None,False,False,4560.395,15.5,55.3,1024.7,False,22.7,0,0.0,Chinese Grand Prix
149.97,13,HARD,1,37.424,44.506,68.04,7000000.0,0.0,0.0,13,3.0,41,False,4840.091,OCO,31,None,None,4727.616,4772.122,4840.162,190.0,98.0,270.0,172.0,True,Haas F1 Team,4690.121,2026-03-15T07:25:45.902000000,False,None,False,False,4740.397,15.5,55.1,1024.6,False,22.0,131,1.7,Chinese Grand Prix
100.325,14,HARD,1,26.252,30.75,43.323,1000000.0,10000.0,0.0,14,4.0,1,False,4940.416,OCO,31,None,None,4866.414,4897.164,4940.487,279.0,258.0,270.0,326.0,True,Haas F1 Team,4840.091,2026-03-15T07:28:15.872000000,False,None,False,True,4860.43,15.4,56.3,1024.7,False,22.4,112,1.1,Chinese Grand Prix
99.043,15,HARD,1,25.887,30.079,43.077,10.0,1.0,0.0,15,5.0,1,False,5039.459,OCO,31,None,None,4966.374,4996.453,5039.53,269.0,260.0,267.0,316.0,True,Haas F1 Team,4940.416,2026-03-15T07:29:56.197000000,False,None,False,True,4980.417,15.4,56.2,1024.7,False,21.6,116,2.8,Chinese Grand Prix
99.417,16,HARD,1,26.089,30.601,42.727,7000000.0,1.0,1.0,16,6.0,1,False,5138.876,OCO,31,None,None,5065.619,5096.22,5138.947,264.0,262.0,272.0,322.0,True,Haas F1 Team,5039.459,2026-03-15T07:31:35.240000000,False,None,False,True,5100.455,15.2,56.6,1024.7,False,21.9,114,3.2,Chinese Grand Prix
98.357,17,HARD,1,25.939,29.989,42.429,7001000.0,1000.0,100000000.0,17,6.0,1,True,5237.233,OCO,31,None,None,5164.886,5194.875,5237.304,270.0,256.0,270.0,322.0,True,Haas F1 Team,5138.876,2026-03-15T07:33:14.657000000,False,None,False,True,5160.435,15.2,56.7,1024.7,False,21.9,126,1.0,Chinese Grand Prix
98.671,18,HARD,1,25.991,29.847,42.833,7000010.0,0.0,1000000000.0,18,6.0,12,False,5335.904,OCO,31,None,None,5263.295,5293.142,5335.975,267.0,262.0,267.0,319.0,True,Haas F1 Team,5237.233,2026-03-15T07:34:53.014000000,False,None,False,True,5280.444,15.3,56.2,1024.6,False,21.6,101,1.6,Chinese Grand Prix
99.911,19,HARD,1,26.071,30.6,43.24,7000030.0,10000.0,0.0,19,7.0,1,False,5435.815,OCO,31,None,None,5362.046,5392.646,5435.886,276.0,254.0,264.0,317.0,True,Haas F1 Team,5335.904,2026-03-15T07:36:31.685000000,False,None,False,True,5340.458,15.3,56.4,1024.6,False,21.6,98,2.0,Chinese Grand Prix
98.991,20,HARD,1,26.589,29.733,42.669,7000000.0,1011.0,0.0,20,7.0,1,False,5534.806,OCO,31,None,None,5462.475,5492.208,5534.877,265.0,262.0,270.0,316.0,True,Haas F1 Team,5435.815,2026-03-15T07:38:11.596000000,False,None,False,True,5460.458,15.3,56.8,1024.5,False,21.5,108,1.7,Chinese Grand Prix
99.822,21,HARD,1,26.304,30.509,43.009,7000000.0,0.0,10000000.0,21,8.0,1,False,5634.628,OCO,31,None,None,5561.181,5591.69,5634.699,271.0,263.0,259.0,323.0,True,Haas F1 Team,5534.806,2026-03-15T07:39:50.587000000,False,None,False,True,5580.486,15.3,56.9,1024.5,False,21.8,92,2.8,Chinese Grand Prix
98.7,22,HARD,1,26.286,29.867,42.547,7000000.0,1000.0,1.0,22,8.0,1,False,5733.328,OCO,31,None,None,5660.985,5690.852,5733.399,265.0,256.0,273.0,321.0,True,Haas F1 Team,5634.628,2026-03-15T07:41:30.409000000,False,None,False,True,5640.491,15.3,57.0,1024.3,False,21.7,110,2.4,Chinese Grand Prix
98.334,23,HARD,1,25.954,29.953,42.427,7000000.0,0.0,10.0,23,8.0,1,True,5831.662,OCO,31,None,None,5759.353,5789.306,5831.733,270.0,264.0,270.0,323.0,True,Haas F1 Team,5733.328,2026-03-15T07:43:09.109000000,False,None,False,True,5760.489,15.3,56.2,1024.3,False,21.6,89,1.5,Chinese Grand Prix
98.85,24,HARD,1,26.031,29.845,42.974,7001000.0,1.0,0.0,24,8.0,1,False,5930.512,OCO,31,None,None,5857.764,5887.609,5930.583,269.0,263.0,251.0,328.0,True,Haas F1 Team,5831.662,2026-03-15T07:44:47.443000000,False,None,False,True,5880.499,15.4,56.2,1024.3,False,21.8,94,2.8,Chinese Grand Prix
98.331,25,HARD,1,26.234,29.77,42.327,7000000.0,0.0,100001010.0,25,8.0,1,True,6028.843,OCO,31,None,None,5956.817,5986.587,6028.914,263.0,259.0,271.0,314.0,True,Haas F1 Team,5930.512,2026-03-15T07:46:26.293000000,False,None,False,True,5940.541,15.3,56.3,1024.3,False,21.7,93,2.2,Chinese Grand Prix
97.825,26,HARD,1,25.759,29.811,42.255,7001000.0,1000.0,0.0,26,8.0,1,True,6126.668,OCO,31,None,None,6054.673,6084.484,6126.739,271.0,262.0,271.0,320.0,True,Haas F1 Team,6028.843,2026-03-15T07:48:04.624000000,False,None,False,True,6060.553,15.3,56.5,1024.4,False,21.8,63,2.3,Chinese Grand Prix
98.121,27,HARD,1,25.904,29.737,42.48,7000000.0,1000.0,1.0,27,8.0,12,False,6224.789,OCO,31,None,None,6152.643,6182.38,6224.86,270.0,263.0,272.0,323.0,True,Haas F1 Team,6126.668,2026-03-15T07:49:42.449000000,False,None,False,True,6180.548,15.4,56.0,1024.4,False,21.8,70,2.2,Chinese Grand Prix
98.669,28,HARD,1,25.951,29.811,42.907,7000000.0,1000.0,10001000.0,28,7.0,21,False,6323.458,OCO,31,None,None,6250.811,6280.622,6323.529,269.0,262.0,241.0,323.0,True,Haas F1 Team,6224.789,2026-03-15T07:51:20.570000000,False,None,False,True,6240.572,15.4,56.0,1024.4,False,21.7,67,2.0,Chinese Grand Prix
104.567,29,HARD,1,27.058,29.916,47.593,7000000.0,0.0,1555.0,29,12.0,1,False,6428.025,OCO,31,None,6426.33,6350.587,6380.503,6428.096,270.0,264.0,None,320.0,True,Haas F1 Team,6323.458,2026-03-15T07:52:59.239000000,False,None,False,False,6360.641,15.4,55.6,1024.4,False,21.6,77,3.0,Chinese Grand Prix
118.996,30,MEDIUM,2,47.689,29.562,41.745,5500101.0,1.0,13100100111.0,1,15.0,1,False,6547.021,OCO,31,6452.275,None,6475.785,6505.347,6547.092,276.0,268.0,276.0,313.0,True,Haas F1 Team,6428.025,2026-03-15T07:54:43.806000000,False,None,False,False,6480.569,15.4,55.8,1024.4,False,21.2,77,2.6,Chinese Grand Prix
96.926,31,MEDIUM,2,25.094,29.333,42.499,11030.0,11110.0,10.0,2,14.0,1,True,6643.947,OCO,31,None,None,6572.186,6601.519,6644.018,275.0,249.0,259.0,297.0,True,Haas F1 Team,6547.021,2026-03-15T07:56:42.802000000,False,None,False,True,6540.585,15.4,55.8,1024.4,False,21.2,77,2.6,Chinese Grand Prix
97.104,32,MEDIUM,2,25.872,29.248,41.984,7000100.0,100000.0,10000100000.0,3,14.0,1,False,6741.051,OCO,31,None,None,6669.89,6699.138,6741.122,263.0,257.0,274.0,303.0,True,Haas F1 Team,6643.947,2026-03-15T07:58:19.728000000,False,None,False,True,6660.608,15.2,56.6,1024.5,False,21.1,84,1.6,Chinese Grand Prix
108.417,33,MEDIUM,2,34.889,30.987,42.541,7000000.0,0.0,0.0,4,16.0,12,False,6849.468,OCO,31,None,None,6776.011,6806.998,6849.539,251.0,257.0,272.0,311.0,True,Haas F1 Team,6741.051,2026-03-15T07:59:56.832000000,False,None,False,True,6720.626,15.3,56.8,1024.5,False,21.1,84,2.2,Chinese Grand Prix
98.474,34,MEDIUM,2,25.942,30.017,42.515,7000000.0,0.0,0.0,5,15.0,1,False,6947.942,OCO,31,None,None,6875.481,6905.498,6948.013,266.0,263.0,272.0,325.0,True,Haas F1 Team,6849.468,2026-03-15T08:01:45.249000000,False,None,False,True,6840.653,15.3,56.2,1024.5,False,20.8,86,1.7,Chinese Grand Prix
98.037,35,MEDIUM,2,25.818,29.735,42.484,7000000.0,0.0,0.0,6,15.0,1,False,7045.979,OCO,31,None,None,6973.831,7003.566,7046.05,264.0,260.0,275.0,317.0,True,Haas F1 Team,6947.942,2026-03-15T08:03:23.723000000,False,None,False,True,6960.665,15.3,56.1,1024.5,False,21.0,108,1.6,Chinese Grand Prix
98.817,36,MEDIUM,2,25.999,29.994,42.824,7000000.0,0.0,0.0,7,13.0,1,False,7144.796,OCO,31,None,None,7072.049,7102.043,7144.867,282.0,258.0,265.0,300.0,True,Haas F1 Team,7045.979,2026-03-15T08:05:01.760000000,False,None,False,True,7020.691,15.3,55.9,1024.4,False,21.0,98,1.6,Chinese Grand Prix
97.83,37,MEDIUM,2,25.984,29.561,42.285,7000000.0,0.0,0.0,8,13.0,1,False,7242.626,OCO,31,None,None,7170.851,7200.412,7242.697,265.0,258.0,275.0,305.0,True,Haas F1 Team,7144.796,2026-03-15T08:06:40.577000000,False,None,False,True,7140.713,15.3,55.4,1024.5,False,20.3,121,2.4,Chinese Grand Prix
97.694,38,MEDIUM,2,25.625,29.522,42.547,7000000.0,0.0,0.0,9,13.0,1,False,7340.32,OCO,31,None,None,7268.322,7297.844,7340.391,265.0,255.0,271.0,299.0,True,Haas F1 Team,7242.626,2026-03-15T08:08:18.407000000,False,None,False,True,7200.701,15.3,55.4,1024.5,False,20.3,121,2.4,Chinese Grand Prix
98.017,39,MEDIUM,2,25.887,29.533,42.597,7000000.0,0.0,0.0,10,13.0,1,False,7438.337,OCO,31,None,None,7366.278,7395.811,7438.408,264.0,259.0,271.0,300.0,True,Haas F1 Team,7340.32,2026-03-15T08:09:56.101000000,False,None,False,True,7320.732,15.1,56.6,1024.4,False,20.9,83,3.1,Chinese Grand Prix
98.068,40,MEDIUM,2,25.942,29.628,42.498,7000000.0,0.0,0.0,11,13.0,1,False,7536.405,OCO,31,None,None,7464.35,7493.978,7536.476,266.0,260.0,274.0,302.0,True,Haas F1 Team,7438.337,2026-03-15T08:11:34.118000000,False,None,False,True,7440.702,15.2,56.3,1024.4,False,20.3,88,3.1,Chinese Grand Prix
97.901,41,MEDIUM,2,25.756,29.555,42.59,7010000.0,0.0,0.0,12,13.0,1,False,7634.306,OCO,31,None,None,7562.232,7591.787,7634.377,263.0,259.0,271.0,297.0,True,Haas F1 Team,7536.405,2026-03-15T08:13:12.186000000,False,None,False,True,7500.718,15.2,55.9,1024.3,False,20.5,92,2.6,Chinese Grand Prix
98.014,42,MEDIUM,2,25.948,29.502,42.564,7010000.0,0.0,0.0,13,13.0,1,False,7732.32,OCO,31,None,None,7660.325,7689.827,7732.391,266.0,260.0,274.0,301.0,True,Haas F1 Team,7634.306,2026-03-15T08:14:50.087000000,False,None,False,True,7620.711,15.1,56.5,1024.3,False,20.5,88,2.7,Chinese Grand Prix
99.758,43,MEDIUM,2,26.982,30.053,42.723,7000000.0,0.0,0.0,14,13.0,1,False,7832.078,OCO,31,None,None,7759.373,7789.426,7832.149,276.0,260.0,264.0,306.0,True,Haas F1 Team,7732.32,2026-03-15T08:16:28.101000000,False,None,False,True,7740.749,15.1,56.3,1024.2,False,20.3,91,3.3,Chinese Grand Prix
97.846,44,MEDIUM,2,25.92,29.585,42.341,7000000.0,0.0,1.0,15,13.0,1,False,7929.924,OCO,31,None,None,7858.069,7887.654,7929.995,273.0,262.0,277.0,306.0,True,Haas F1 Team,7832.078,2026-03-15T08:18:07.859000000,False,None,False,True,7800.765,15.1,56.6,1024.3,False,20.4,61,2.7,Chinese Grand Prix
99.146,45,MEDIUM,2,25.615,29.622,43.909,7000000.0,0.0,0.0,16,12.0,1,False,8029.07,OCO,31,None,None,7955.61,7985.232,8029.141,267.0,261.0,274.0,313.0,True,Haas F1 Team,7929.924,2026-03-15T08:19:45.705000000,False,None,False,True,7920.767,15.1,56.9,1024.3,False,20.4,77,3.3,Chinese Grand Prix
103.55,46,MEDIUM,2,25.845,29.62,48.085,7000000.0,0.0,1555.0,17,13.0,1,False,8132.62,OCO,31,None,8130.912,8054.986,8084.606,8132.691,268.0,262.0,None,302.0,True,Haas F1 Team,8029.07,2026-03-15T08:21:24.851000000,False,None,False,False,7980.783,15.1,56.5,1024.4,False,20.5,81,3.9,Chinese Grand Prix
140.887,47,SOFT,3,69.802,29.133,41.952,5500000.0,11.0,30100000000.0,1,15.0,1,False,8273.507,OCO,31,8178.022,None,8202.493,8231.626,8273.578,275.0,283.0,274.0,303.0,True,Haas F1 Team,8132.62,2026-03-15T08:23:08.401000000,False,None,False,False,8100.772,15.1,56.9,1024.4,False,20.2,77,3.3,Chinese Grand Prix
96.461,48,SOFT,3,25.461,28.951,42.049,300.0,110.0,100000000.0,2,15.0,1,True,8369.968,OCO,31,None,None,8299.039,8327.99,8370.039,257.0,247.0,276.0,294.0,True,Haas F1 Team,8273.507,2026-03-15T08:25:29.288000000,False,None,False,True,8220.803,15.0,57.4,1024.4,False,20.1,91,2.4,Chinese Grand Prix
96.746,49,SOFT,3,25.414,29.104,42.228,7000000.0,10.0,10.0,3,15.0,1,False,8466.714,OCO,31,None,None,8395.453,8424.557,8466.785,250.0,245.0,276.0,295.0,True,Haas F1 Team,8369.968,2026-03-15T08:27:05.749000000,False,None,False,True,8280.808,15.0,57.4,1024.4,False,20.2,93,2.0,Chinese Grand Prix
96.427,50,SOFT,3,25.302,29.174,41.951,7000000.0,100000.0,100000011.0,4,15.0,1,True,8563.141,OCO,31,None,None,8492.087,8521.261,8563.212,256.0,249.0,278.0,294.0,True,Haas F1 Team,8466.714,2026-03-15T08:28:42.495000000,False,None,False,True,8400.828,15.0,57.3,1024.5,False,20.2,77,2.9,Chinese Grand Prix
96.476,51,SOFT,3,25.394,29.09,41.992,7000000.0,0.0,0.0,5,15.0,1,False,8659.617,OCO,31,None,None,8588.606,8617.696,8659.688,265.0,256.0,274.0,306.0,True,Haas F1 Team,8563.141,2026-03-15T08:30:18.922000000,False,None,False,True,8460.818,15.0,57.4,1024.6,False,20.1,84,3.1,Chinese Grand Prix
97.671,52,SOFT,3,25.484,29.51,42.677,7000000.0,0.0,0.0,6,14.0,12,False,8757.288,OCO,31,None,None,8685.172,8714.682,8757.359,271.0,262.0,273.0,305.0,True,Haas F1 Team,8659.617,2026-03-15T08:31:55.398000000,False,None,False,True,8580.801,14.9,57.3,1024.6,False,20.0,95,4.1,Chinese Grand Prix
96.642,53,SOFT,3,25.511,29.054,42.077,7000000.0,0.0,0.0,7,14.0,1,False,8853.93,OCO,31,None,None,8782.87,8811.924,8854.001,271.0,261.0,274.0,302.0,True,Haas F1 Team,8757.288,2026-03-15T08:33:33.069000000,False,None,False,True,8700.85,15.0,57.4,1024.7,False,19.9,93,2.5,Chinese Grand Prix
95.964,54,SOFT,3,25.355,28.897,41.712,7010000.0,100000.0,100111.0,8,14.0,1,True,8949.894,OCO,31,None,None,8879.356,8908.253,8949.965,266.0,260.0,278.0,302.0,True,Haas F1 Team,8853.93,2026-03-15T08:35:09.711000000,False,None,False,True,8760.855,15.0,57.4,1024.5,False,20.0,84,2.4,Chinese Grand Prix
96.281,55,SOFT,3,25.237,29.083,41.961,7000000.0,0.0,0.0,9,14.0,1,False,9046.175,OCO,31,None,None,8975.202,9004.285,9046.246,271.0,259.0,274.0,302.0,True,Haas F1 Team,8949.894,2026-03-15T08:36:45.675000000,False,None,False,True,8880.869,15.0,57.5,1024.6,False,20.1,86,2.8,Chinese Grand Prix
115.089,1,MEDIUM,1,,30.88,43.334,7111111.0,111111.0,11111131111.0,1,17.0,12,False,3499.401,PER,11,None,None,None,3456.166,3499.544,261.0,244.0,268.0,323.0,True,Cadillac,3384.05,2026-03-15T07:03:59.831000000,False,None,False,False,3420.295,15.6,55.2,1024.4,False,23.3,72,2.8,Chinese Grand Prix
101.066,2,MEDIUM,1,26.586,30.736,43.744,1111111.0,111100.0,11100000011.0,2,17.0,1,True,3600.467,PER,11,None,None,3526.03,3556.766,3600.51,262.0,248.0,268.0,309.0,True,Cadillac,3499.401,2026-03-15T07:05:55.182000000,False,None,False,True,3540.312,15.6,55.3,1024.5,False,22.5,102,4.5,Chinese Grand Prix
101.224,3,MEDIUM,1,26.559,31.121,43.544,7111011.0,1000.0,10100100111.0,3,17.0,1,False,3701.691,PER,11,None,None,3627.069,3658.19,3701.734,263.0,247.0,268.0,306.0,True,Cadillac,3600.467,2026-03-15T07:07:36.248000000,False,None,False,True,3600.332,15.5,55.8,1024.4,False,23.0,107,1.8,Chinese Grand Prix
100.934,4,MEDIUM,1,26.488,30.989,43.457,10101.0,100000.0,10010000001.0,4,17.0,1,True,3802.625,PER,11,None,None,3728.222,3759.211,3802.668,272.0,253.0,269.0,313.0,True,Cadillac,3701.691,2026-03-15T07:09:17.472000000,False,None,False,True,3720.342,15.5,55.4,1024.5,False,23.0,105,2.5,Chinese Grand Prix
100.978,5,MEDIUM,1,26.428,30.987,43.563,1101000.0,0.0,100111.0,5,17.0,1,False,3903.603,PER,11,None,None,3829.096,3860.083,3903.646,271.0,251.0,270.0,312.0,True,Cadillac,3802.625,2026-03-15T07:10:58.406000000,False,None,False,True,3840.33,15.5,55.3,1024.5,False,23.1,92,3.7,Chinese Grand Prix
100.557,6,MEDIUM,1,26.336,30.959,43.262,11000.0,0.0,10000000111.0,6,17.0,1,True,4004.16,PER,11,None,None,3929.982,3960.941,4004.203,271.0,253.0,271.0,308.0,True,Cadillac,3903.603,2026-03-15T07:12:39.384000000,False,None,False,True,3900.33,15.6,55.6,1024.5,False,22.9,107,2.2,Chinese Grand Prix
100.918,7,MEDIUM,1,26.521,30.988,43.409,7110000.0,100000.0,110000000.0,7,17.0,1,False,4105.078,PER,11,None,None,4030.724,4061.712,4105.121,268.0,251.0,269.0,311.0,True,Cadillac,4004.16,2026-03-15T07:14:19.941000000,False,None,False,True,4020.34,15.6,55.8,1024.5,False,22.4,111,2.4,Chinese Grand Prix
101.103,8,MEDIUM,1,26.456,31.044,43.603,7010001.0,0.0,1.0,8,17.0,1,False,4206.181,PER,11,None,None,4131.577,4162.621,4206.224,273.0,253.0,271.0,309.0,True,Cadillac,4105.078,2026-03-15T07:16:00.859000000,False,None,False,True,4080.343,15.6,55.9,1024.3,False,22.8,88,2.1,Chinese Grand Prix
101.781,9,MEDIUM,1,26.681,31.251,43.849,7000000.0,0.0,0.0,9,17.0,1,False,4307.962,PER,11,None,None,4232.905,4264.156,4308.005,268.0,252.0,270.0,307.0,True,Cadillac,4206.181,2026-03-15T07:17:41.962000000,False,None,False,True,4200.397,15.6,56.0,1024.5,False,22.6,110,2.6,Chinese Grand Prix
121.617,10,MEDIUM,1,26.909,39.427,55.281,7000000.0,0.0,0.0,10,13.0,124,False,4429.579,PER,11,None,None,4334.914,4374.341,4429.622,271.0,145.0,201.0,276.0,True,Cadillac,4307.962,2026-03-15T07:19:23.743000000,False,None,False,False,4320.396,15.5,56.2,1024.6,False,22.4,92,1.5,Chinese Grand Prix
138.719,11,MEDIUM,1,34.918,41.413,62.388,7000000.0,0.0,1555.0,11,12.0,4,False,4568.298,PER,11,None,4566.575,4464.54,4505.953,4568.341,237.0,169.0,None,243.0,True,Cadillac,4429.579,2026-03-15T07:21:25.360000000,False,None,False,False,4440.382,15.5,55.5,1024.6,False,22.8,77,0.8,Chinese Grand Prix
137.935,12,HARD,2,57.392,32.169,48.374,5500000.0,0.0,0.0,1,16.0,4,False,4706.233,PER,11,4592.816,None,4625.733,4657.902,4706.276,225.0,265.0,226.0,272.0,True,Cadillac,4568.298,2026-03-15T07:23:44.079000000,False,None,False,False,4560.395,15.5,55.3,1024.7,False,22.7,0,0.0,Chinese Grand Prix
139.666,13,HARD,2,35.216,45.492,58.958,0.0,0.0,0.0,2,16.0,41,False,4845.899,PER,11,None,None,4741.492,4786.984,4845.942,242.0,137.0,268.0,182.0,True,Cadillac,4706.233,2026-03-15T07:26:02.014000000,False,None,False,False,4740.397,15.5,55.1,1024.6,False,22.0,131,1.7,Chinese Grand Prix
101.759,14,HARD,2,26.987,31.116,43.656,1100001.0,1.0,1111000001.0,3,17.0,1,False,4947.658,PER,11,None,None,4872.929,4904.045,4947.701,279.0,269.0,273.0,335.0,True,Cadillac,4845.899,2026-03-15T07:28:21.680000000,False,None,False,True,4860.43,15.4,56.3,1024.7,False,22.4,112,1.1,Chinese Grand Prix
100.004,15,HARD,2,26.319,30.887,42.798,7000010.0,1.0,1011000000.0,4,16.0,1,True,5047.662,PER,11,None,None,4974.02,5004.907,5047.705,275.0,268.0,272.0,330.0,True,Cadillac,4947.658,2026-03-15T07:30:03.439000000,False,None,False,True,4980.417,15.4,56.2,1024.7,False,21.6,116,2.8,Chinese Grand Prix
99.621,16,HARD,2,26.132,30.683,42.806,100011.0,100000.0,10100000001.0,5,16.0,1,True,5147.283,PER,11,None,None,5073.837,5104.52,5147.326,280.0,259.0,273.0,323.0,True,Cadillac,5047.662,2026-03-15T07:31:43.443000000,False,None,False,True,5100.455,15.2,56.6,1024.7,False,21.9,114,3.2,Chinese Grand Prix
102.203,17,HARD,2,26.208,30.702,45.293,7001000.0,0.0,1.0,6,17.0,12,False,5249.486,PER,11,None,None,5173.534,5204.236,5249.529,279.0,257.0,273.0,298.0,True,Cadillac,5147.283,2026-03-15T07:33:23.064000000,False,None,False,True,5160.435,15.2,56.7,1024.7,False,21.9,126,1.0,Chinese Grand Prix
99.321,18,HARD,2,25.941,30.765,42.615,7301000.0,0.0,1000100000.0,7,16.0,21,True,5348.807,PER,11,None,None,5275.47,5306.235,5348.85,276.0,262.0,270.0,321.0,True,Cadillac,5249.486,2026-03-15T07:35:05.267000000,False,None,False,True,5280.444,15.3,56.2,1024.6,False,21.6,101,1.6,Chinese Grand Prix
99.731,19,HARD,2,26.312,30.675,42.744,7000000.0,100000.0,10000100010.0,8,16.0,1,False,5448.538,PER,11,None,None,5375.162,5405.837,5448.581,275.0,256.0,270.0,318.0,True,Cadillac,5348.807,2026-03-15T07:36:44.588000000,False,None,False,True,5340.458,15.3,56.4,1024.6,False,21.6,98,2.0,Chinese Grand Prix
100.134,20,HARD,2,26.383,30.892,42.859,7000000.0,0.0,100001.0,9,16.0,1,False,5548.672,PER,11,None,None,5474.964,5505.856,5548.715,269.0,244.0,272.0,316.0,True,Cadillac,5448.538,2026-03-15T07:38:24.319000000,False,None,False,True,5460.458,15.3,56.8,1024.5,False,21.5,108,1.7,Chinese Grand Prix
99.682,21,HARD,2,26.359,30.577,42.746,7000000.0,100.0,100000000.0,10,16.0,1,False,5648.354,PER,11,None,None,5575.074,5605.651,5648.397,272.0,254.0,272.0,313.0,True,Cadillac,5548.672,2026-03-15T07:40:04.453000000,False,None,False,True,5580.486,15.3,56.9,1024.5,False,21.8,92,2.8,Chinese Grand Prix
99.622,22,HARD,2,26.152,30.638,42.832,7001000.0,100000.0,11.0,11,16.0,1,False,5747.976,PER,11,None,None,5674.549,5705.187,5748.019,271.0,252.0,274.0,316.0,True,Cadillac,5648.354,2026-03-15T07:41:44.135000000,False,None,False,True,5640.491,15.3,57.0,1024.3,False,21.7,110,2.4,Chinese Grand Prix
99.75,23,HARD,2,26.358,30.59,42.802,7010000.0,0.0,1100000000.0,12,16.0,1,False,5847.726,PER,11,None,None,5774.377,5804.967,5847.769,272.0,255.0,272.0,316.0,True,Cadillac,5747.976,2026-03-15T07:43:23.757000000,False,None,False,True,5760.489,15.3,56.2,1024.3,False,21.6,89,1.5,Chinese Grand Prix
99.736,24,HARD,2,26.357,30.633,42.746,7000000.0,0.0,130000.0,13,16.0,1,False,5947.462,PER,11,None,None,5874.126,5904.759,5947.505,276.0,258.0,248.0,314.0,True,Cadillac,5847.726,2026-03-15T07:45:03.507000000,False,None,False,True,5880.499,15.4,56.2,1024.3,False,21.8,94,2.8,Chinese Grand Prix
100.542,25,HARD,2,26.847,30.729,42.966,7000000.0,0.0,0.0,14,16.0,1,False,6048.004,PER,11,None,None,5974.352,6005.081,6048.047,275.0,255.0,272.0,315.0,True,Cadillac,5947.462,2026-03-15T07:46:43.243000000,False,None,False,True,5940.541,15.3,56.3,1024.3,False,21.7,93,2.2,Chinese Grand Prix
100.01,26,HARD,2,26.277,30.698,43.035,7000000.0,0.0,0.0,15,16.0,1,False,6148.014,PER,11,None,None,6074.324,6105.022,6148.057,273.0,254.0,262.0,313.0,True,Cadillac,6048.004,2026-03-15T07:48:23.785000000,False,None,False,True,6060.553,15.3,56.5,1024.4,False,21.8,63,2.3,Chinese Grand Prix
100.307,27,HARD,2,26.514,30.639,43.154,7000000.0,0.0,100000000.0,16,16.0,12,False,6248.321,PER,11,None,None,6174.571,6205.21,6248.364,275.0,257.0,273.0,312.0,True,Cadillac,6148.014,2026-03-15T07:50:03.795000000,False,None,False,True,6180.548,15.4,56.0,1024.4,False,21.8,70,2.2,Chinese Grand Prix
99.583,28,HARD,2,26.26,30.643,42.68,7000000.0,0.0,10000100001.0,17,16.0,1,False,6347.904,PER,11,None,None,6274.624,6305.267,6347.947,273.0,259.0,274.0,314.0,True,Cadillac,6248.321,2026-03-15T07:51:44.102000000,False,None,False,True,6240.572,15.4,56.0,1024.4,False,21.7,67,2.0,Chinese Grand Prix
100.437,29,HARD,2,26.772,30.723,42.942,7010000.0,0.0,0.0,18,16.0,1,False,6448.341,PER,11,None,None,6374.719,6405.442,6448.384,274.0,254.0,272.0,313.0,True,Cadillac,6347.904,2026-03-15T07:53:23.685000000,False,None,False,True,6360.641,15.4,55.6,1024.4,False,21.6,77,3.0,Chinese Grand Prix
100.016,30,HARD,2,26.215,30.594,43.207,7000100.0,0.0,11.0,19,16.0,1,False,6548.357,PER,11,None,None,6474.599,6505.193,6548.4,272.0,257.0,275.0,319.0,True,Cadillac,6448.341,2026-03-15T07:55:04.122000000,False,None,False,True,6480.569,15.4,55.8,1024.4,False,21.2,77,2.6,Chinese Grand Prix
99.977,31,HARD,2,26.262,30.789,42.926,7000000.0,0.0,0.0,20,16.0,1,False,6648.334,PER,11,None,None,6574.662,6605.451,6648.377,274.0,254.0,273.0,312.0,True,Cadillac,6548.357,2026-03-15T07:56:44.138000000,False,None,False,True,6540.585,15.4,55.8,1024.4,False,21.2,77,2.6,Chinese Grand Prix
99.799,32,HARD,2,26.198,30.662,42.939,7000000.0,0.0,10000000000.0,21,16.0,1,False,6748.133,PER,11,None,None,6674.575,6705.237,6748.176,273.0,256.0,273.0,308.0,True,Cadillac,6648.334,2026-03-15T07:58:24.115000000,False,None,False,True,6660.608,15.2,56.6,1024.5,False,21.1,84,1.6,Chinese Grand Prix
100.106,33,HARD,2,26.641,30.644,42.821,7000000.0,0.0,10.0,22,15.0,12,False,6848.239,PER,11,None,None,6774.817,6805.461,6848.282,270.0,254.0,274.0,313.0,True,Cadillac,6748.133,2026-03-15T08:00:03.914000000,False,None,False,True,6720.626,15.3,56.8,1024.5,False,21.1,84,2.2,Chinese Grand Prix
100.185,34,HARD,2,26.291,30.552,43.342,7000000.0,0.0,0.0,23,16.0,1,False,6948.424,PER,11,None,None,6874.573,6905.125,6948.467,275.0,254.0,272.0,314.0,True,Cadillac,6848.239,2026-03-15T08:01:44.020000000,False,None,False,True,6840.653,15.3,56.2,1024.5,False,20.8,86,1.7,Chinese Grand Prix
99.48,35,HARD,2,26.407,30.29,42.783,7001000.0,11100.0,0.0,24,16.0,1,False,7047.904,PER,11,None,None,6974.874,7005.164,7047.947,270.0,258.0,271.0,315.0,True,Cadillac,6948.424,2026-03-15T08:03:24.205000000,False,None,False,True,6960.665,15.3,56.1,1024.5,False,21.0,108,1.6,Chinese Grand Prix
99.551,36,HARD,2,26.468,30.285,42.798,7000000.0,0.0,10000000011.0,25,15.0,1,False,7147.455,PER,11,None,None,7074.415,7104.7,7147.498,270.0,256.0,275.0,311.0,True,Cadillac,7047.904,2026-03-15T08:05:03.685000000,False,None,False,True,7020.691,15.3,55.9,1024.4,False,21.0,98,1.6,Chinese Grand Prix
99.606,37,HARD,2,26.342,30.306,42.958,7000000.0,1000.0,11.0,26,15.0,1,False,7247.061,PER,11,None,None,7173.84,7204.146,7247.104,274.0,260.0,275.0,308.0,True,Cadillac,7147.455,2026-03-15T08:06:43.236000000,False,None,False,True,7140.713,15.3,55.4,1024.5,False,20.3,121,2.4,Chinese Grand Prix
100.111,38,HARD,2,26.365,30.884,42.862,7000000.0,0.0,11.0,27,16.0,1,False,7347.172,PER,11,None,None,7273.469,7304.353,7347.215,273.0,257.0,276.0,310.0,True,Cadillac,7247.061,2026-03-15T08:08:22.842000000,False,None,False,True,7200.701,15.3,55.4,1024.5,False,20.3,121,2.4,Chinese Grand Prix
99.616,39,HARD,2,26.153,30.091,43.372,7000000.0,1000.0,0.0,28,16.0,1,False,7446.788,PER,11,None,None,7373.368,7403.459,7446.831,275.0,260.0,275.0,312.0,True,Cadillac,7347.172,2026-03-15T08:10:02.953000000,False,None,False,True,7320.732,15.1,56.6,1024.4,False,20.9,83,3.1,Chinese Grand Prix
99.591,40,HARD,2,26.116,30.593,42.882,7000001.0,10000.0,0.0,29,16.0,1,False,7546.379,PER,11,None,None,7472.947,7503.54,7546.422,282.0,261.0,276.0,324.0,True,Cadillac,7446.788,2026-03-15T08:11:42.569000000,False,None,False,True,7440.702,15.2,56.3,1024.4,False,20.3,88,3.1,Chinese Grand Prix
100.557,41,HARD,2,26.3,31.333,42.924,7000000.0,0.0,0.0,30,16.0,1,False,7646.936,PER,11,None,None,7572.722,7604.055,7646.979,279.0,258.0,276.0,320.0,True,Cadillac,7546.379,2026-03-15T08:13:22.160000000,False,None,False,True,7500.718,15.2,55.9,1024.3,False,20.5,92,2.6,Chinese Grand Prix
99.127,42,HARD,2,26.152,30.113,42.862,7000000.0,1100.0,100000000.0,31,16.0,1,True,7746.063,PER,11,None,None,7673.131,7703.244,7746.106,278.0,260.0,273.0,309.0,True,Cadillac,7646.936,2026-03-15T08:15:02.717000000,False,None,False,True,7620.711,15.1,56.5,1024.3,False,20.5,88,2.7,Chinese Grand Prix
101.151,43,HARD,2,26.347,30.691,44.113,7000001.0,100.0,0.0,32,16.0,1,False,7847.214,PER,11,None,None,7772.453,7803.144,7847.257,303.0,252.0,241.0,301.0,True,Cadillac,7746.063,2026-03-15T08:16:41.844000000,False,None,False,True,7740.749,15.1,56.3,1024.2,False,20.3,91,3.3,Chinese Grand Prix
103.964,44,HARD,2,27.444,31.827,44.693,7000000.0,0.0,0.0,33,16.0,1,False,7951.178,PER,11,None,None,7874.701,7906.528,7951.221,273.0,259.0,227.0,319.0,True,Cadillac,7847.214,2026-03-15T08:18:22.995000000,False,None,False,True,7800.765,15.1,56.6,1024.3,False,20.4,61,2.7,Chinese Grand Prix
108.834,45,HARD,2,27.735,32.714,48.385,7000000.0,0.0,0.0,34,16.0,1,False,8060.012,PER,11,None,None,7978.956,8011.67,8060.055,259.0,235.0,222.0,283.0,True,Cadillac,7951.178,2026-03-15T08:20:06.959000000,False,None,False,True,7920.767,15.1,56.9,1024.3,False,20.4,77,3.3,Chinese Grand Prix
100.983,46,HARD,2,27.8,30.164,43.019,7000000.0,10.0,0.0,35,15.0,1,False,8160.995,PER,11,None,None,8087.855,8118.019,8161.038,273.0,258.0,268.0,303.0,True,Cadillac,8060.012,2026-03-15T08:21:55.793000000,False,None,False,True,7980.783,15.1,56.5,1024.4,False,20.5,81,3.9,Chinese Grand Prix
99.88,47,HARD,2,26.586,30.248,43.046,7000000.0,100.0,0.0,36,14.0,1,False,8260.875,PER,11,None,None,8187.624,8217.872,8260.918,263.0,250.0,274.0,302.0,True,Cadillac,8160.995,2026-03-15T08:23:36.776000000,False,None,False,True,8100.772,15.1,56.9,1024.4,False,20.2,77,3.3,Chinese Grand Prix
100.227,48,HARD,2,26.179,30.484,43.564,7000000.0,0.0,100000011.0,37,14.0,1,False,8361.102,PER,11,None,None,8287.097,8317.581,8361.145,271.0,225.0,278.0,313.0,True,Cadillac,8260.875,2026-03-15T08:25:16.656000000,False,None,False,True,8220.803,15.0,57.4,1024.4,False,20.1,91,2.4,Chinese Grand Prix
99.462,49,HARD,2,25.877,29.944,43.641,7000000.0,101000.0,0.0,38,14.0,1,False,8460.564,PER,11,None,None,8387.022,8416.966,8460.607,283.0,259.0,275.0,292.0,True,Cadillac,8361.102,2026-03-15T08:26:56.883000000,False,None,False,True,8280.808,15.0,57.4,1024.4,False,20.2,93,2.0,Chinese Grand Prix
98.523,50,HARD,2,26.09,30.068,42.365,7000000.0,1.0,0.0,39,14.0,1,True,8559.087,PER,11,None,None,8486.697,8516.765,8559.13,281.0,262.0,272.0,317.0,True,Cadillac,8460.564,2026-03-15T08:28:36.345000000,False,None,False,True,8400.828,15.0,57.3,1024.5,False,20.2,77,2.9,Chinese Grand Prix
99.014,51,HARD,2,26.099,30.095,42.82,7000000.0,0.0,100000000.0,40,14.0,1,False,8658.101,PER,11,None,None,8585.229,8615.324,8658.144,276.0,259.0,272.0,306.0,True,Cadillac,8559.087,2026-03-15T08:30:14.868000000,False,None,False,True,8460.818,15.0,57.4,1024.6,False,20.1,84,3.1,Chinese Grand Prix
99.526,52,HARD,2,26.156,30.006,43.364,7000000.0,0.0,10100000000.0,41,15.0,12,False,8757.627,PER,11,None,None,8684.3,8714.306,8757.67,276.0,258.0,274.0,307.0,True,Cadillac,8658.101,2026-03-15T08:31:53.882000000,False,None,False,True,8580.801,14.9,57.3,1024.6,False,20.0,95,4.1,Chinese Grand Prix
98.959,53,HARD,2,26.227,30.218,42.514,7000000.0,0.0,0.0,42,15.0,1,False,8856.586,PER,11,None,None,8783.897,8814.115,8856.629,283.0,265.0,271.0,314.0,True,Cadillac,8757.627,2026-03-15T08:33:33.408000000,False,None,False,True,8700.85,15.0,57.4,1024.7,False,19.9,93,2.5,Chinese Grand Prix
99.076,54,HARD,2,26.347,29.989,42.74,7000000.0,1000.0,0.0,43,15.0,1,False,8955.662,PER,11,None,None,8882.976,8912.965,8955.705,278.0,258.0,274.0,308.0,True,Cadillac,8856.586,2026-03-15T08:35:12.367000000,False,None,False,True,8760.855,15.0,57.4,1024.5,False,20.0,84,2.4,Chinese Grand Prix
98.898,55,HARD,2,26.235,29.94,42.723,7000000.0,1000.0,100000110.0,44,15.0,1,False,9054.56,PER,11,None,None,8981.94,9011.88,9054.603,275.0,257.0,276.0,307.0,True,Cadillac,8955.662,2026-03-15T08:36:51.443000000,False,None,False,True,8880.869,15.0,57.5,1024.6,False,20.1,86,2.8,Chinese Grand Prix
101.815,1,MEDIUM,1,,30.136,42.534,111111.0,111111.0,11111111131.0,1,4.0,12,False,3486.127,RUS,63,None,None,None,3443.761,3486.322,294.0,267.0,267.0,320.0,True,Mercedes,3384.05,2026-03-15T07:03:59.831000000,False,None,False,False,3420.295,15.6,55.2,1024.4,False,23.3,72,2.8,Chinese Grand Prix
98.075,2,MEDIUM,1,26.022,29.719,42.334,1111110.0,131110.0,1010011003.0,2,4.0,1,True,3584.202,RUS,63,None,None,3512.18,3541.899,3584.233,276.0,264.0,276.0,318.0,True,Mercedes,3486.127,2026-03-15T07:05:41.908000000,False,None,False,True,3540.312,15.6,55.3,1024.5,False,22.5,102,4.5,Chinese Grand Prix
98.125,3,MEDIUM,1,25.645,29.98,42.5,3110010.0,1100.0,10100001333.0,3,3.0,1,False,3682.327,RUS,63,None,None,3609.878,3639.858,3682.358,275.0,261.0,277.0,310.0,True,Mercedes,3584.202,2026-03-15T07:07:19.983000000,False,None,False,True,3600.332,15.5,55.8,1024.4,False,23.0,107,1.8,Chinese Grand Prix
97.093,4,MEDIUM,1,25.403,29.242,42.448,13000.0,103110.0,10000010000.0,4,2.0,1,True,3779.42,RUS,63,None,None,3707.761,3737.003,3779.451,272.0,262.0,275.0,311.0,True,Mercedes,3682.327,2026-03-15T07:08:58.108000000,False,None,False,True,3720.342,15.5,55.4,1024.5,False,23.0,105,2.5,Chinese Grand Prix
97.462,5,MEDIUM,1,25.552,29.402,42.508,7000010.0,100.0,11000.0,5,2.0,1,False,3876.882,RUS,63,None,None,3805.003,3834.405,3876.913,268.0,259.0,258.0,311.0,True,Mercedes,3779.42,2026-03-15T07:10:35.201000000,False,None,False,True,3840.33,15.5,55.3,1024.5,False,23.1,92,3.7,Chinese Grand Prix
97.375,6,MEDIUM,1,25.979,29.391,42.005,7000100.0,100000.0,111101000.0,6,2.0,1,False,3974.257,RUS,63,None,None,3902.892,3932.283,3974.288,273.0,261.0,269.0,318.0,True,Mercedes,3876.882,2026-03-15T07:12:12.663000000,False,None,False,True,3900.33,15.6,55.6,1024.5,False,22.9,107,2.2,Chinese Grand Prix
97.383,7,MEDIUM,1,25.975,29.362,42.046,7000000.0,100010.0,1330.0,7,2.0,1,False,4071.64,RUS,63,None,None,4000.263,4029.625,4071.671,271.0,258.0,271.0,313.0,True,Mercedes,3974.257,2026-03-15T07:13:50.038000000,False,None,False,True,4020.34,15.6,55.8,1024.5,False,22.4,111,2.4,Chinese Grand Prix
97.266,8,MEDIUM,1,25.949,29.355,41.962,7000000.0,0.0,10100000.0,8,2.0,1,False,4168.906,RUS,63,None,None,4097.62,4126.975,4168.937,271.0,257.0,269.0,316.0,True,Mercedes,4071.64,2026-03-15T07:15:27.421000000,False,None,False,True,4080.343,15.6,55.9,1024.3,False,22.8,88,2.1,Chinese Grand Prix
97.261,9,MEDIUM,1,25.861,29.513,41.887,7000100.0,0.0,11000000.0,9,2.0,1,False,4266.167,RUS,63,None,None,4194.798,4224.311,4266.198,272.0,258.0,264.0,331.0,True,Mercedes,4168.906,2026-03-15T07:17:04.687000000,False,None,False,True,4200.397,15.6,56.0,1024.5,False,22.6,110,2.6,Chinese Grand Prix
112.779,10,MEDIUM,1,25.923,29.617,57.239,7000000.0,0.0,100000555.0,10,2.0,124,False,4378.946,RUS,63,None,4377.297,4292.121,4321.738,4378.977,271.0,256.0,None,317.0,True,Mercedes,4266.167,2026-03-15T07:18:41.948000000,False,None,False,False,4320.396,15.5,56.2,1024.6,False,22.4,92,1.5,Chinese Grand Prix
162.723,11,HARD,2,55.148,43.483,64.092,5500000.0,0.0,0.0,1,4.0,4,False,4541.722,RUS,63,4400.674,None,4434.302,4477.768,4541.915,135.0,197.0,224.0,232.0,True,Mercedes,4378.946,2026-03-15T07:20:34.727000000,False,None,False,False,4440.382,15.5,55.5,1024.6,False,22.8,77,0.8,Chinese Grand Prix
149.667,12,HARD,2,43.86,42.726,63.081,0.0,0.0,0.0,2,4.0,4,False,4691.389,RUS,63,None,None,4585.613,4628.339,4691.42,118.0,206.0,220.0,216.0,True,Mercedes,4541.722,2026-03-15T07:23:17.503000000,False,None,False,False,4560.395,15.5,55.3,1024.7,False,22.7,0,0.0,Chinese Grand Prix
149.28,13,HARD,2,37.664,43.955,67.661,7000000.0,0.0,0.0,3,4.0,41,False,4840.669,RUS,63,None,None,4729.084,4773.039,4840.7,146.0,130.0,268.0,164.0,True,Mercedes,4691.389,2026-03-15T07:25:47.170000000,False,None,False,False,4740.397,15.5,55.1,1024.6,False,22.0,131,1.7,Chinese Grand Prix
100.588,14,HARD,2,26.305,31.086,43.197,7000001.0,0.0,310000000.0,4,5.0,1,False,4941.257,RUS,63,None,None,4867.005,4898.091,4941.288,304.0,260.0,253.0,321.0,True,Mercedes,4840.669,2026-03-15T07:28:16.450000000,False,None,False,True,4860.43,15.4,56.3,1024.7,False,22.4,112,1.1,Chinese Grand Prix
98.91,15,HARD,2,25.968,30.345,42.597,7000001.0,0.0,1000000.0,5,6.0,1,False,5040.167,RUS,63,None,None,4967.256,4997.601,5040.198,305.0,260.0,272.0,335.0,True,Mercedes,4941.257,2026-03-15T07:29:57.038000000,False,None,False,True,4980.417,15.4,56.2,1024.7,False,21.6,116,2.8,Chinese Grand Prix
97.532,16,HARD,2,25.573,29.819,42.14,7000031.0,0.0,10000000.0,6,4.0,1,False,5137.699,RUS,63,None,None,5065.771,5095.59,5137.73,305.0,260.0,262.0,328.0,True,Mercedes,5040.167,2026-03-15T07:31:35.948000000,False,None,False,True,5100.455,15.2,56.6,1024.7,False,21.9,114,3.2,Chinese Grand Prix
96.42,17,HARD,2,25.657,29.134,41.629,7011000.0,113.0,10100100000.0,7,4.0,1,True,5234.119,RUS,63,None,None,5163.387,5192.521,5234.15,278.0,263.0,273.0,320.0,True,Mercedes,5137.699,2026-03-15T07:33:13.480000000,False,None,False,True,5160.435,15.2,56.7,1024.7,False,21.9,126,1.0,Chinese Grand Prix
96.313,18,HARD,2,25.492,29.18,41.641,7000030.0,100100.0,10030.0,8,4.0,12,True,5330.432,RUS,63,None,None,5259.642,5288.822,5330.463,274.0,261.0,273.0,322.0,True,Mercedes,5234.119,2026-03-15T07:34:49.900000000,False,None,False,True,5280.444,15.3,56.2,1024.6,False,21.6,101,1.6,Chinese Grand Prix
96.668,19,HARD,2,25.565,29.149,41.954,7000300.0,3.0,10001.0,9,4.0,1,False,5427.1,RUS,63,None,None,5356.028,5385.177,5427.131,278.0,268.0,278.0,315.0,True,Mercedes,5330.432,2026-03-15T07:36:26.213000000,False,None,False,True,5340.458,15.3,56.4,1024.6,False,21.6,98,2.0,Chinese Grand Prix
96.617,20,HARD,2,25.365,29.318,41.934,7000000.0,0.0,33.0,10,4.0,1,False,5523.717,RUS,63,None,None,5452.496,5481.814,5523.748,282.0,269.0,280.0,323.0,True,Mercedes,5427.1,2026-03-15T07:38:02.881000000,False,None,False,True,5460.458,15.3,56.8,1024.5,False,21.5,108,1.7,Chinese Grand Prix
96.663,21,HARD,2,25.152,29.631,41.88,7000000.0,0.0,11000000.0,11,4.0,1,False,5620.38,RUS,63,None,None,5548.9,5578.531,5620.411,307.0,262.0,267.0,333.0,True,Mercedes,5523.717,2026-03-15T07:39:39.498000000,False,None,False,True,5580.486,15.3,56.9,1024.5,False,21.8,92,2.8,Chinese Grand Prix
96.894,22,HARD,2,25.733,29.398,41.763,7000000.0,0.0,0.0,12,4.0,1,False,5717.274,RUS,63,None,None,5646.144,5675.542,5717.305,278.0,264.0,271.0,332.0,True,Mercedes,5620.38,2026-03-15T07:41:16.161000000,False,None,False,True,5640.491,15.3,57.0,1024.3,False,21.7,110,2.4,Chinese Grand Prix
96.561,23,HARD,2,25.608,29.286,41.667,7000000.0,0.0,111000000.0,13,4.0,1,False,5813.835,RUS,63,None,None,5742.913,5772.199,5813.866,280.0,268.0,274.0,333.0,True,Mercedes,5717.274,2026-03-15T07:42:53.055000000,False,None,False,True,5760.489,15.3,56.2,1024.3,False,21.6,89,1.5,Chinese Grand Prix
97.445,24,HARD,2,25.578,29.504,42.363,7000000.0,0.0,111000000.0,14,4.0,1,False,5911.28,RUS,63,None,None,5839.444,5868.948,5911.311,282.0,264.0,272.0,345.0,True,Mercedes,5813.835,2026-03-15T07:44:29.616000000,False,None,False,True,5880.499,15.4,56.2,1024.3,False,21.8,94,2.8,Chinese Grand Prix
98.063,25,HARD,2,25.825,30.062,42.176,7000000.0,0.0,10000.0,15,4.0,1,False,6009.343,RUS,63,None,None,5937.136,5967.198,6009.374,278.0,262.0,279.0,316.0,True,Mercedes,5911.28,2026-03-15T07:46:07.061000000,False,None,False,True,5940.541,15.3,56.3,1024.3,False,21.7,93,2.2,Chinese Grand Prix
97.187,26,HARD,2,25.598,29.588,42.001,3100000.0,0.0,0.0,16,4.0,1,False,6106.53,RUS,63,None,None,6034.972,6064.56,6106.561,283.0,265.0,276.0,323.0,True,Mercedes,6009.343,2026-03-15T07:47:45.124000000,False,None,False,True,6060.553,15.3,56.5,1024.4,False,21.8,63,2.3,Chinese Grand Prix
97.771,27,HARD,2,25.857,29.554,42.36,0.0,3.0,0.0,17,3.0,1,False,6204.301,RUS,63,None,None,6132.418,6161.972,6204.332,284.0,283.0,269.0,327.0,True,Mercedes,6106.53,2026-03-15T07:49:22.311000000,False,None,False,True,6180.548,15.4,56.0,1024.4,False,21.8,70,2.2,Chinese Grand Prix
96.971,28,HARD,2,25.686,29.334,41.951,7000000.0,0.0,0.0,18,3.0,12,False,6301.272,RUS,63,None,None,6230.018,6259.352,6301.303,279.0,264.0,274.0,329.0,True,Mercedes,6204.301,2026-03-15T07:51:00.082000000,False,None,False,True,6240.572,15.4,56.0,1024.4,False,21.7,67,2.0,Chinese Grand Prix
96.158,29,HARD,2,25.614,29.227,41.317,7000000.0,0.0,300101000.0,19,2.0,1,True,6397.43,RUS,63,None,None,6326.917,6356.144,6397.461,276.0,262.0,272.0,326.0,True,Mercedes,6301.272,2026-03-15T07:52:37.053000000,False,None,False,True,6360.641,15.4,55.6,1024.4,False,21.6,77,3.0,Chinese Grand Prix
96.438,30,HARD,2,25.67,29.158,41.61,7011000.0,100.0,100030.0,20,2.0,1,False,6493.868,RUS,63,None,None,6423.131,6452.289,6493.899,271.0,258.0,274.0,309.0,True,Mercedes,6397.43,2026-03-15T07:54:13.211000000,False,None,False,True,6480.569,15.4,55.8,1024.4,False,21.2,77,2.6,Chinese Grand Prix
96.207,31,HARD,2,25.564,29.099,41.544,7000000.0,100000.0,30000000030.0,21,2.0,1,False,6590.075,RUS,63,None,None,6519.463,6548.562,6590.106,270.0,258.0,273.0,311.0,True,Mercedes,6493.868,2026-03-15T07:55:49.649000000,False,None,False,True,6540.585,15.4,55.8,1024.4,False,21.2,77,2.6,Chinese Grand Prix
95.977,32,HARD,2,25.491,29.035,41.451,7010000.0,300000.0,10033.0,22,2.0,1,True,6686.052,RUS,63,None,None,6615.597,6644.632,6686.083,272.0,258.0,275.0,314.0,True,Mercedes,6590.075,2026-03-15T07:57:25.856000000,False,None,False,True,6660.608,15.2,56.6,1024.5,False,21.1,84,1.6,Chinese Grand Prix
96.107,33,HARD,2,25.48,29.175,41.452,7010000.0,0.0,0.0,23,2.0,12,False,6782.159,RUS,63,None,None,6711.563,6740.738,6782.19,271.0,258.0,273.0,313.0,True,Mercedes,6686.052,2026-03-15T07:59:01.833000000,False,None,False,True,6720.626,15.3,56.8,1024.5,False,21.1,84,2.2,Chinese Grand Prix
95.852,34,HARD,2,25.489,28.955,41.408,7010000.0,100.0,11300.0,24,2.0,1,True,6878.011,RUS,63,None,None,6807.679,6836.634,6878.042,273.0,259.0,274.0,313.0,True,Mercedes,6782.159,2026-03-15T08:00:37.940000000,False,None,False,True,6840.653,15.3,56.2,1024.5,False,20.8,86,1.7,Chinese Grand Prix
96.162,35,HARD,2,25.461,29.197,41.504,7000000.0,0.0,1000.0,25,2.0,1,False,6974.173,RUS,63,None,None,6903.503,6932.7,6974.204,273.0,258.0,273.0,309.0,True,Mercedes,6878.011,2026-03-15T08:02:13.792000000,False,None,False,True,6960.665,15.3,56.1,1024.5,False,21.0,108,1.6,Chinese Grand Prix
95.914,36,HARD,2,25.435,28.945,41.534,7010000.0,100100.0,100000000.0,26,2.0,1,False,7070.087,RUS,63,None,None,6999.639,7028.584,7070.118,273.0,261.0,274.0,311.0,True,Mercedes,6974.173,2026-03-15T08:03:49.954000000,False,None,False,True,7020.691,15.3,55.9,1024.4,False,21.0,98,1.6,Chinese Grand Prix
95.531,37,HARD,2,25.377,28.827,41.327,7010000.0,110.0,100000030.0,27,2.0,1,True,7165.618,RUS,63,None,None,7095.495,7124.322,7165.649,273.0,261.0,275.0,313.0,True,Mercedes,7070.087,2026-03-15T08:05:25.868000000,False,None,False,True,7140.713,15.3,55.4,1024.5,False,20.3,121,2.4,Chinese Grand Prix
95.529,38,HARD,2,25.305,28.918,41.306,7010100.0,100.0,10100010030.0,28,2.0,1,True,7261.147,RUS,63,None,None,7190.954,7219.872,7261.178,273.0,260.0,276.0,312.0,True,Mercedes,7165.618,2026-03-15T08:07:01.399000000,False,None,False,True,7200.701,15.3,55.4,1024.5,False,20.3,121,2.4,Chinese Grand Prix
95.497,39,HARD,2,25.323,28.804,41.37,7000000.0,100.0,30.0,29,2.0,1,True,7356.644,RUS,63,None,None,7286.501,7315.305,7356.675,274.0,261.0,275.0,313.0,True,Mercedes,7261.147,2026-03-15T08:08:36.928000000,False,None,False,True,7320.732,15.1,56.6,1024.4,False,20.9,83,3.1,Chinese Grand Prix
95.636,40,HARD,2,25.393,28.845,41.398,7000100.0,300000.0,1000000000.0,30,2.0,1,False,7452.28,RUS,63,None,None,7382.068,7410.913,7452.311,273.0,261.0,274.0,313.0,True,Mercedes,7356.644,2026-03-15T08:10:12.425000000,False,None,False,True,7440.702,15.2,56.3,1024.4,False,20.3,88,3.1,Chinese Grand Prix
95.641,41,HARD,2,25.306,28.877,41.458,7000000.0,100.0,0.0,31,2.0,1,False,7547.921,RUS,63,None,None,7477.617,7506.494,7547.952,277.0,261.0,278.0,321.0,True,Mercedes,7452.28,2026-03-15T08:11:48.061000000,False,None,False,True,7500.718,15.2,55.9,1024.3,False,20.5,92,2.6,Chinese Grand Prix
96.661,42,HARD,2,25.516,29.312,41.833,7000000.0,0.0,0.0,32,2.0,1,False,7644.582,RUS,63,None,None,7573.468,7602.78,7644.613,281.0,263.0,274.0,314.0,True,Mercedes,7547.921,2026-03-15T08:13:23.702000000,False,None,False,True,7620.711,15.1,56.5,1024.3,False,20.5,88,2.7,Chinese Grand Prix
95.644,43,HARD,2,25.363,28.902,41.379,7000000.0,100.0,300000000.0,33,2.0,1,False,7740.226,RUS,63,None,None,7669.976,7698.878,7740.257,277.0,260.0,275.0,308.0,True,Mercedes,7644.582,2026-03-15T08:15:00.363000000,False,None,False,True,7740.749,15.1,56.3,1024.2,False,20.3,91,3.3,Chinese Grand Prix
95.542,44,HARD,2,25.356,28.807,41.379,7000000.0,0.0,100000.0,34,2.0,1,False,7835.768,RUS,63,None,None,7765.613,7794.42,7835.799,276.0,261.0,278.0,313.0,True,Mercedes,7740.226,2026-03-15T08:16:36.007000000,False,None,False,True,7800.765,15.1,56.6,1024.3,False,20.4,61,2.7,Chinese Grand Prix
95.677,45,HARD,2,25.224,29.021,41.432,7010000.0,0.0,0.0,35,2.0,1,False,7931.445,RUS,63,None,None,7861.023,7890.044,7931.476,276.0,262.0,277.0,325.0,True,Mercedes,7835.768,2026-03-15T08:18:11.549000000,False,None,False,True,7920.767,15.1,56.9,1024.3,False,20.4,77,3.3,Chinese Grand Prix
96.407,46,HARD,2,25.299,29.171,41.937,7000000.0,11000.0,0.0,36,2.0,1,False,8027.852,RUS,63,None,None,7956.775,7985.946,8027.883,278.0,264.0,273.0,310.0,True,Mercedes,7931.445,2026-03-15T08:19:47.226000000,False,None,False,True,7980.783,15.1,56.5,1024.4,False,20.5,81,3.9,Chinese Grand Prix
95.668,47,HARD,2,25.292,28.779,41.597,7000000.0,0.0,100000000.0,37,2.0,1,False,8123.52,RUS,63,None,None,8053.175,8081.954,8123.551,275.0,260.0,275.0,313.0,True,Mercedes,8027.852,2026-03-15T08:21:23.633000000,False,None,False,True,8100.772,15.1,56.9,1024.4,False,20.2,77,3.3,Chinese Grand Prix
96.095,48,HARD,2,25.377,28.846,41.872,7000000.0,11000.0,0.0,38,2.0,1,False,8219.615,RUS,63,None,None,8148.928,8177.774,8219.646,275.0,263.0,275.0,315.0,True,Mercedes,8123.52,2026-03-15T08:22:59.301000000,False,None,False,True,8220.803,15.0,57.4,1024.4,False,20.1,91,2.4,Chinese Grand Prix
95.87,49,HARD,2,25.325,28.697,41.848,7000000.0,100100.0,10.0,39,2.0,1,False,8315.485,RUS,63,None,None,8244.971,8273.668,8315.516,275.0,258.0,275.0,308.0,True,Mercedes,8219.615,2026-03-15T08:24:35.396000000,False,None,False,True,8280.808,15.0,57.4,1024.4,False,20.2,93,2.0,Chinese Grand Prix
95.681,50,HARD,2,25.319,28.738,41.624,7001000.0,100.0,10030.0,40,2.0,1,False,8411.166,RUS,63,None,None,8340.835,8369.573,8411.197,275.0,259.0,276.0,309.0,True,Mercedes,8315.485,2026-03-15T08:26:11.266000000,False,None,False,True,8400.828,15.0,57.3,1024.5,False,20.2,77,2.9,Chinese Grand Prix
95.531,51,HARD,2,25.125,28.642,41.764,7000100.0,10100.0,100000000.0,41,2.0,1,False,8506.697,RUS,63,None,None,8436.322,8464.964,8506.728,276.0,259.0,275.0,309.0,True,Mercedes,8411.166,2026-03-15T08:27:46.947000000,False,None,False,True,8460.818,15.0,57.4,1024.6,False,20.1,84,3.1,Chinese Grand Prix
95.547,52,HARD,2,25.306,28.715,41.526,7000000.0,0.0,0.0,42,2.0,1,False,8602.244,RUS,63,None,None,8532.034,8560.749,8602.275,276.0,260.0,275.0,312.0,True,Mercedes,8506.697,2026-03-15T08:29:22.478000000,False,None,False,True,8580.801,14.9,57.3,1024.6,False,20.0,95,4.1,Chinese Grand Prix
95.691,53,HARD,2,25.316,28.765,41.61,7000000.0,0.0,100000000.0,43,2.0,12,False,8697.935,RUS,63,None,None,8627.591,8656.356,8697.966,275.0,261.0,277.0,315.0,True,Mercedes,8602.244,2026-03-15T08:30:58.025000000,False,None,False,True,8700.85,15.0,57.4,1024.7,False,19.9,93,2.5,Chinese Grand Prix
96.457,54,HARD,2,25.418,29.072,41.967,7000000.0,0.0,0.0,44,2.0,1,False,8794.392,RUS,63,None,None,8723.384,8752.456,8794.423,277.0,263.0,277.0,323.0,True,Mercedes,8697.935,2026-03-15T08:32:33.716000000,False,None,False,True,8760.855,15.0,57.4,1024.5,False,20.0,84,2.4,Chinese Grand Prix
95.695,55,HARD,2,25.261,28.708,41.726,7000000.0,0.0,0.0,45,2.0,1,False,8890.087,RUS,63,None,None,8819.684,8848.392,8890.118,274.0,260.0,275.0,309.0,True,Mercedes,8794.392,2026-03-15T08:34:10.173000000,False,None,False,True,8880.869,15.0,57.5,1024.6,False,20.1,86,2.8,Chinese Grand Prix
95.4,56,HARD,2,25.226,28.71,41.464,7000000.0,11000.0,100010000.0,46,2.0,1,True,8985.487,RUS,63,None,None,8915.344,8944.054,8985.518,274.0,259.0,258.0,323.0,True,Mercedes,8890.087,2026-03-15T08:35:45.868000000,False,None,False,True,9000.856,14.9,57.5,1024.5,False,19.7,112,2.3,Chinese Grand Prix
107.507,1,MEDIUM,1,,32.338,43.861,7111111.0,111111.0,11133111110.0,1,11.0,12,False,3491.819,SAI,55,None,None,None,3448.158,3491.842,275.0,266.0,269.0,345.0,True,Williams,3384.05,2026-03-15T07:03:59.831000000,False,None,False,False,3420.295,15.6,55.2,1024.4,False,23.3,72,2.8,Chinese Grand Prix
100.743,2,MEDIUM,1,26.296,30.998,43.449,1111111.0,101110.0,11003011100.0,2,11.0,1,True,3592.562,SAI,55,None,None,3518.138,3549.136,3592.585,281.0,261.0,241.0,349.0,True,Williams,3491.819,2026-03-15T07:05:47.600000000,False,None,False,True,3540.312,15.6,55.3,1024.5,False,22.5,102,4.5,Chinese Grand Prix
99.987,3,MEDIUM,1,27.077,30.389,42.521,110.0,101110.0,10000111110.0,3,11.0,1,True,3692.549,SAI,55,None,None,3619.662,3650.051,3692.572,275.0,259.0,266.0,330.0,True,Williams,3592.562,2026-03-15T07:07:28.343000000,False,None,False,True,3600.332,15.5,55.8,1024.4,False,23.0,107,1.8,Chinese Grand Prix
98.988,4,MEDIUM,1,26.39,30.159,42.439,7010110.0,101111.0,10000111011.0,4,11.0,1,True,3791.537,SAI,55,None,None,3718.962,3749.121,3791.56,275.0,266.0,270.0,333.0,True,Williams,3692.549,2026-03-15T07:09:08.330000000,False,None,False,True,3720.342,15.5,55.4,1024.5,False,23.0,105,2.5,Chinese Grand Prix
99.754,5,MEDIUM,1,26.454,30.503,42.797,7000000.0,0.0,10.0,5,11.0,1,False,3891.291,SAI,55,None,None,3818.014,3848.517,3891.314,277.0,267.0,256.0,345.0,True,Williams,3791.537,2026-03-15T07:10:47.318000000,False,None,False,True,3840.33,15.5,55.3,1024.5,False,23.1,92,3.7,Chinese Grand Prix
100.138,6,MEDIUM,1,26.732,30.691,42.715,7000000.0,1000.0,100010000.0,6,12.0,1,False,3991.429,SAI,55,None,None,3918.046,3948.737,3991.452,282.0,261.0,268.0,329.0,True,Williams,3891.291,2026-03-15T07:12:27.072000000,False,None,False,True,3900.33,15.6,55.6,1024.5,False,22.9,107,2.2,Chinese Grand Prix
100.631,7,MEDIUM,1,26.571,30.596,43.464,7010000.0,1000.0,10000.0,7,13.0,1,False,4092.06,SAI,55,None,None,4018.023,4048.619,4092.083,275.0,256.0,267.0,331.0,True,Williams,3991.429,2026-03-15T07:14:07.210000000,False,None,False,True,4020.34,15.6,55.8,1024.5,False,22.4,111,2.4,Chinese Grand Prix
99.913,8,MEDIUM,1,26.363,30.686,42.864,7001001.0,1.0,1000.0,8,13.0,1,False,4191.973,SAI,55,None,None,4118.446,4149.132,4191.996,282.0,269.0,263.0,330.0,True,Williams,4092.06,2026-03-15T07:15:47.841000000,False,None,False,True,4080.343,15.6,55.9,1024.3,False,22.8,88,2.1,Chinese Grand Prix
105.134,9,MEDIUM,1,26.683,30.683,47.768,7000000.0,1000.0,13555.0,9,13.0,1,False,4297.107,SAI,55,None,4295.381,4218.679,4249.362,4297.13,274.0,257.0,None,323.0,True,Williams,4191.973,2026-03-15T07:17:27.754000000,False,None,False,False,4200.397,15.6,56.0,1024.5,False,22.6,110,2.6,Chinese Grand Prix
143.187,10,HARD,2,45.858,40.3,57.029,5500000.0,0.0,0.0,1,16.0,124,False,4440.294,SAI,55,4318.475,None,4342.988,4383.288,4440.317,276.0,243.0,167.0,214.0,True,Williams,4297.107,2026-03-15T07:19:12.888000000,False,None,False,False,4320.396,15.5,56.2,1024.6,False,22.4,92,1.5,Chinese Grand Prix
135.222,11,HARD,2,35.932,41.674,57.616,0.0,0.0,0.0,2,15.0,4,False,4575.516,SAI,55,None,None,4476.249,4517.923,4575.539,255.0,205.0,200.0,271.0,True,Williams,4440.294,2026-03-15T07:21:36.075000000,False,None,False,False,4440.382,15.5,55.5,1024.6,False,22.8,77,0.8,Chinese Grand Prix
127.751,12,HARD,2,34.991,36.307,56.453,7000000.0,1.0,0.0,3,14.0,4,False,4703.267,SAI,55,None,None,4610.53,4646.837,4703.29,257.0,266.0,162.0,90.0,True,Williams,4575.516,2026-03-15T07:23:51.297000000,False,None,False,False,4560.395,15.5,55.3,1024.7,False,22.7,0,0.0,Chinese Grand Prix
141.35,13,HARD,2,35.621,45.494,60.235,7000000.0,0.0,0.0,4,14.0,41,False,4844.617,SAI,55,None,None,4738.911,4784.405,4844.64,248.0,212.0,271.0,179.0,True,Williams,4703.267,2026-03-15T07:25:59.048000000,False,None,False,False,4740.397,15.5,55.1,1024.6,False,22.0,131,1.7,Chinese Grand Prix
100.484,14,HARD,2,26.556,30.777,43.151,1100001.0,0.0,0.0,5,13.0,1,False,4945.101,SAI,55,None,None,4871.196,4901.973,4945.124,282.0,274.0,268.0,346.0,True,Williams,4844.617,2026-03-15T07:28:20.398000000,False,None,False,True,4860.43,15.4,56.3,1024.7,False,22.4,112,1.1,Chinese Grand Prix
99.125,15,HARD,2,26.249,30.247,42.629,1.0,10011.0,1011000001.0,6,13.0,1,False,5044.226,SAI,55,None,None,4971.373,5001.62,5044.249,288.0,271.0,271.0,348.0,True,Williams,4945.101,2026-03-15T07:30:00.882000000,False,None,False,True,4980.417,15.4,56.2,1024.7,False,21.6,116,2.8,Chinese Grand Prix
99.428,16,HARD,2,26.37,30.308,42.75,7000000.0,0.0,1100000000.0,7,13.0,1,False,5143.654,SAI,55,None,None,5070.619,5100.927,5143.677,280.0,271.0,264.0,349.0,True,Williams,5044.226,2026-03-15T07:31:40.007000000,False,None,False,True,5100.455,15.2,56.6,1024.7,False,21.9,114,3.2,Chinese Grand Prix
99.029,17,HARD,2,26.094,30.295,42.64,7001000.0,0.0,0.0,8,13.0,12,False,5242.683,SAI,55,None,None,5169.771,5200.066,5242.706,284.0,270.0,270.0,335.0,True,Williams,5143.654,2026-03-15T07:33:19.435000000,False,None,False,True,5160.435,15.2,56.7,1024.7,False,21.9,126,1.0,Chinese Grand Prix
98.657,18,HARD,2,26.177,30.232,42.248,7010010.0,100000.0,1000100010.0,9,13.0,21,True,5341.34,SAI,55,None,None,5268.883,5299.115,5341.363,283.0,266.0,270.0,339.0,True,Williams,5242.683,2026-03-15T07:34:58.464000000,False,None,False,True,5280.444,15.3,56.2,1024.6,False,21.6,101,1.6,Chinese Grand Prix
99.119,19,HARD,2,26.228,30.251,42.64,7000100.0,1.0,0.0,10,13.0,1,False,5440.459,SAI,55,None,None,5367.591,5397.842,5440.482,283.0,272.0,269.0,339.0,True,Williams,5341.34,2026-03-15T07:36:37.121000000,False,None,False,True,5340.458,15.3,56.4,1024.6,False,21.6,98,2.0,Chinese Grand Prix
99.397,20,HARD,2,26.289,30.454,42.654,7000000.0,0.0,1.0,11,13.0,1,False,5539.856,SAI,55,None,None,5466.771,5497.225,5539.879,280.0,264.0,272.0,339.0,True,Williams,5440.459,2026-03-15T07:38:16.240000000,False,None,False,True,5460.458,15.3,56.8,1024.5,False,21.5,108,1.7,Chinese Grand Prix
99.144,21,HARD,2,26.375,30.111,42.658,7000010.0,101000.0,10.0,12,13.0,1,False,5639.0,SAI,55,None,None,5566.254,5596.365,5639.023,277.0,263.0,266.0,337.0,True,Williams,5539.856,2026-03-15T07:39:55.637000000,False,None,False,True,5580.486,15.3,56.9,1024.5,False,21.8,92,2.8,Chinese Grand Prix
100.245,22,HARD,2,26.872,30.584,42.789,7000000.0,0.0,100000.0,13,14.0,1,False,5739.245,SAI,55,None,None,5665.895,5696.479,5739.268,279.0,264.0,263.0,327.0,True,Williams,5639.0,2026-03-15T07:41:34.781000000,False,None,False,True,5640.491,15.3,57.0,1024.3,False,21.7,110,2.4,Chinese Grand Prix
99.101,23,HARD,2,26.286,30.238,42.577,7010000.0,100000.0,10000100000.0,14,14.0,1,False,5838.346,SAI,55,None,None,5765.554,5795.792,5838.369,278.0,268.0,269.0,323.0,True,Williams,5739.245,2026-03-15T07:43:15.026000000,False,None,False,True,5760.489,15.3,56.2,1024.3,False,21.6,89,1.5,Chinese Grand Prix
98.964,24,HARD,2,26.131,30.304,42.529,7010100.0,100000.0,10000000000.0,15,14.0,1,False,5937.31,SAI,55,None,None,5864.5,5894.804,5937.333,274.0,258.0,271.0,320.0,True,Williams,5838.346,2026-03-15T07:44:54.127000000,False,None,False,True,5880.499,15.4,56.2,1024.3,False,21.8,94,2.8,Chinese Grand Prix
98.754,25,HARD,2,26.161,30.131,42.462,7010000.0,101000.0,100010.0,16,14.0,1,False,6036.064,SAI,55,None,None,5963.494,5993.625,6036.087,276.0,265.0,271.0,327.0,True,Williams,5937.31,2026-03-15T07:46:33.091000000,False,None,False,True,5940.541,15.3,56.3,1024.3,False,21.7,93,2.2,Chinese Grand Prix
98.708,26,HARD,2,26.239,30.084,42.385,7010000.0,100000.0,100010.0,17,14.0,1,False,6134.772,SAI,55,None,None,6062.326,6092.41,6134.795,273.0,265.0,271.0,328.0,True,Williams,6036.064,2026-03-15T07:48:11.845000000,False,None,False,True,6060.553,15.3,56.5,1024.4,False,21.8,63,2.3,Chinese Grand Prix
99.708,27,HARD,2,26.155,30.228,43.325,7000000.0,0.0,0.0,18,13.0,12,False,6234.48,SAI,55,None,None,6160.95,6191.178,6234.503,275.0,264.0,263.0,327.0,True,Williams,6134.772,2026-03-15T07:49:50.553000000,False,None,False,True,6180.548,15.4,56.0,1024.4,False,21.8,70,2.2,Chinese Grand Prix
98.672,28,HARD,2,26.279,30.012,42.381,7000000.0,100100.0,10100000110.0,19,13.0,1,False,6333.152,SAI,55,None,None,6260.782,6290.794,6333.175,273.0,262.0,271.0,316.0,True,Williams,6234.48,2026-03-15T07:51:30.261000000,False,None,False,True,6240.572,15.4,56.0,1024.4,False,21.7,67,2.0,Chinese Grand Prix
98.814,29,HARD,2,26.226,29.98,42.608,7000000.0,1000.0,0.0,20,13.0,1,False,6431.966,SAI,55,None,None,6359.401,6389.381,6431.989,272.0,262.0,271.0,317.0,True,Williams,6333.152,2026-03-15T07:53:08.933000000,False,None,False,True,6360.641,15.4,55.6,1024.4,False,21.6,77,3.0,Chinese Grand Prix
98.509,30,HARD,2,26.109,29.995,42.405,7000100.0,101000.0,110.0,21,12.0,1,True,6530.475,SAI,55,None,None,6458.098,6488.093,6530.498,275.0,261.0,270.0,320.0,True,Williams,6431.966,2026-03-15T07:54:47.747000000,False,None,False,True,6480.569,15.4,55.8,1024.4,False,21.2,77,2.6,Chinese Grand Prix
98.46,31,HARD,2,26.119,30.017,42.324,7000000.0,1000.0,110.0,22,12.0,1,True,6628.935,SAI,55,None,None,6556.617,6586.634,6628.958,274.0,261.0,270.0,319.0,True,Williams,6530.475,2026-03-15T07:56:26.256000000,False,None,False,True,6540.585,15.4,55.8,1024.4,False,21.2,77,2.6,Chinese Grand Prix
98.339,32,HARD,2,26.097,29.955,42.287,7000000.0,100.0,100000.0,23,12.0,1,True,6727.274,SAI,55,None,None,6655.055,6685.01,6727.297,275.0,262.0,270.0,318.0,True,Williams,6628.935,2026-03-15T07:58:04.716000000,False,None,False,True,6660.608,15.2,56.6,1024.5,False,21.1,84,1.6,Chinese Grand Prix
98.462,33,HARD,2,26.147,29.889,42.426,7000000.0,101000.0,10000000000.0,24,11.0,12,False,6825.736,SAI,55,None,None,6753.444,6783.333,6825.759,275.0,264.0,270.0,318.0,True,Williams,6727.274,2026-03-15T07:59:43.055000000,False,None,False,True,6720.626,15.3,56.8,1024.5,False,21.1,84,2.2,Chinese Grand Prix
98.763,34,HARD,2,26.33,29.946,42.487,7000000.0,100000.0,10.0,25,11.0,1,False,6924.499,SAI,55,None,None,6852.089,6882.035,6924.522,277.0,261.0,270.0,318.0,True,Williams,6825.736,2026-03-15T08:01:21.517000000,False,None,False,True,6840.653,15.3,56.2,1024.5,False,20.8,86,1.7,Chinese Grand Prix
98.672,35,HARD,2,26.173,29.987,42.512,7000000.0,0.0,0.0,26,11.0,1,False,7023.171,SAI,55,None,None,6950.695,6980.682,7023.194,279.0,262.0,270.0,315.0,True,Williams,6924.499,2026-03-15T08:03:00.280000000,False,None,False,True,6960.665,15.3,56.1,1024.5,False,21.0,108,1.6,Chinese Grand Prix
98.744,36,HARD,2,26.216,30.071,42.457,7000000.0,100.0,10.0,27,10.0,1,False,7121.915,SAI,55,None,None,7049.41,7079.481,7121.938,276.0,263.0,270.0,313.0,True,Williams,7023.171,2026-03-15T08:04:38.952000000,False,None,False,True,7020.691,15.3,55.9,1024.4,False,21.0,98,1.6,Chinese Grand Prix
98.48,37,HARD,2,26.157,29.955,42.368,7000000.0,0.0,100000000.0,28,10.0,1,False,7220.395,SAI,55,None,None,7148.095,7178.05,7220.418,277.0,264.0,270.0,313.0,True,Williams,7121.915,2026-03-15T08:06:17.696000000,False,None,False,True,7140.713,15.3,55.4,1024.5,False,20.3,121,2.4,Chinese Grand Prix
98.495,38,HARD,2,26.147,29.847,42.501,7000000.0,1000.0,10000000000.0,29,10.0,1,False,7318.89,SAI,55,None,None,7246.565,7276.412,7318.913,276.0,266.0,271.0,314.0,True,Williams,7220.395,2026-03-15T08:07:56.176000000,False,None,False,True,7200.701,15.3,55.4,1024.5,False,20.3,121,2.4,Chinese Grand Prix
98.585,39,HARD,2,26.207,29.939,42.439,7000000.0,0.0,0.0,30,10.0,1,False,7417.475,SAI,55,None,None,7345.12,7375.059,7417.498,277.0,264.0,271.0,315.0,True,Williams,7318.89,2026-03-15T08:09:34.671000000,False,None,False,True,7320.732,15.1,56.6,1024.4,False,20.9,83,3.1,Chinese Grand Prix
98.358,40,HARD,2,26.101,29.881,42.376,7000000.0,100.0,10001.0,31,10.0,1,False,7515.833,SAI,55,None,None,7443.599,7473.48,7515.856,278.0,264.0,272.0,314.0,True,Williams,7417.475,2026-03-15T08:11:13.256000000,False,None,False,True,7440.702,15.2,56.3,1024.4,False,20.3,88,3.1,Chinese Grand Prix
98.421,41,HARD,2,26.08,29.834,42.507,7000000.0,1100.0,0.0,32,10.0,1,False,7614.254,SAI,55,None,None,7541.936,7571.77,7614.277,278.0,261.0,270.0,312.0,True,Williams,7515.833,2026-03-15T08:12:51.614000000,False,None,False,True,7500.718,15.2,55.9,1024.3,False,20.5,92,2.6,Chinese Grand Prix
98.272,42,HARD,2,26.148,29.772,42.352,7000000.0,100.0,1.0,33,10.0,1,True,7712.526,SAI,55,None,None,7640.425,7670.197,7712.549,278.0,264.0,272.0,311.0,True,Williams,7614.254,2026-03-15T08:14:30.035000000,False,None,False,True,7620.711,15.1,56.5,1024.3,False,20.5,88,2.7,Chinese Grand Prix
98.283,43,HARD,2,26.032,29.702,42.549,7000000.0,1001.0,11.0,34,10.0,1,False,7810.809,SAI,55,None,None,7738.581,7768.283,7810.832,277.0,265.0,272.0,312.0,True,Williams,7712.526,2026-03-15T08:16:08.307000000,False,None,False,True,7740.749,15.1,56.3,1024.2,False,20.3,91,3.3,Chinese Grand Prix
98.268,44,HARD,2,26.0,29.706,42.562,7010010.0,100.0,1.0,35,10.0,1,True,7909.077,SAI,55,None,None,7836.832,7866.538,7909.1,276.0,264.0,273.0,314.0,True,Williams,7810.809,2026-03-15T08:17:46.590000000,False,None,False,True,7800.765,15.1,56.6,1024.3,False,20.4,61,2.7,Chinese Grand Prix
98.104,45,HARD,2,25.973,29.728,42.403,7000000.0,1000.0,100000000.0,36,9.0,1,True,8007.181,SAI,55,None,None,7935.073,7964.801,8007.204,277.0,262.0,272.0,313.0,True,Williams,7909.077,2026-03-15T08:19:24.858000000,False,None,False,True,7920.767,15.1,56.9,1024.3,False,20.4,77,3.3,Chinese Grand Prix
98.034,46,HARD,2,26.024,29.595,42.415,7000000.0,11100.0,0.0,37,9.0,1,True,8105.215,SAI,55,None,None,8033.228,8062.823,8105.238,278.0,265.0,271.0,314.0,True,Williams,8007.181,2026-03-15T08:21:02.962000000,False,None,False,True,7980.783,15.1,56.5,1024.4,False,20.5,81,3.9,Chinese Grand Prix
98.329,47,HARD,2,26.108,29.663,42.558,7010000.0,0.0,10.0,38,9.0,1,False,8203.544,SAI,55,None,None,8131.346,8161.009,8203.567,276.0,267.0,272.0,316.0,True,Williams,8105.215,2026-03-15T08:22:40.996000000,False,None,False,True,8100.772,15.1,56.9,1024.4,False,20.2,77,3.3,Chinese Grand Prix
98.022,48,HARD,2,26.001,29.645,42.376,7000000.0,0.0,100000001.0,39,9.0,1,True,8301.566,SAI,55,None,None,8229.568,8259.213,8301.589,278.0,262.0,273.0,314.0,True,Williams,8203.544,2026-03-15T08:24:19.325000000,False,None,False,True,8220.803,15.0,57.4,1024.4,False,20.1,91,2.4,Chinese Grand Prix
98.022,49,HARD,2,25.964,29.624,42.434,7010000.0,0.0,10.0,40,9.0,1,False,8399.588,SAI,55,None,None,8327.553,8357.177,8399.611,279.0,263.0,272.0,315.0,True,Williams,8301.566,2026-03-15T08:25:57.347000000,False,None,False,True,8280.808,15.0,57.4,1024.4,False,20.2,93,2.0,Chinese Grand Prix
99.03,50,HARD,2,25.984,30.254,42.792,7000000.0,100.0,1.0,41,9.0,1,False,8498.618,SAI,55,None,None,8425.595,8455.849,8498.641,278.0,199.0,275.0,338.0,True,Williams,8399.588,2026-03-15T08:27:35.369000000,False,None,False,True,8400.828,15.0,57.3,1024.5,False,20.2,77,2.9,Chinese Grand Prix
97.981,51,HARD,2,25.961,29.737,42.283,7000001.0,1.0,100000000.0,42,9.0,1,True,8596.599,SAI,55,None,None,8524.602,8554.339,8596.622,282.0,269.0,270.0,321.0,True,Williams,8498.618,2026-03-15T08:29:14.399000000,False,None,False,True,8460.818,15.0,57.4,1024.6,False,20.1,84,3.1,Chinese Grand Prix
98.424,52,HARD,2,26.1,29.779,42.545,7000000.0,0.0,0.0,43,9.0,12,False,8695.023,SAI,55,None,None,8622.722,8652.501,8695.046,277.0,265.0,273.0,314.0,True,Williams,8596.599,2026-03-15T08:30:52.380000000,False,None,False,True,8580.801,14.9,57.3,1024.6,False,20.0,95,4.1,Chinese Grand Prix
100.087,53,HARD,2,26.026,29.873,44.188,7000000.0,0.0,100000000.0,44,9.0,1,False,8795.11,SAI,55,None,None,8721.072,8750.945,8795.133,280.0,262.0,275.0,316.0,True,Williams,8695.023,2026-03-15T08:32:30.804000000,False,None,False,True,8700.85,15.0,57.4,1024.7,False,19.9,93,2.5,Chinese Grand Prix
98.254,54,HARD,2,25.887,29.86,42.507,7000000.0,0.0,100000000.0,45,9.0,1,False,8893.364,SAI,55,None,None,8821.02,8850.88,8893.387,283.0,263.0,269.0,319.0,True,Williams,8795.11,2026-03-15T08:34:10.891000000,False,None,False,True,8760.855,15.0,57.4,1024.5,False,20.0,84,2.4,Chinese Grand Prix
98.228,55,HARD,2,26.016,29.678,42.534,7000000.0,11110.0,0.0,46,9.0,1,False,8991.592,SAI,55,None,None,8919.403,8949.081,8991.615,278.0,262.0,272.0,326.0,True,Williams,8893.364,2026-03-15T08:35:49.145000000,False,None,False,True,8880.869,15.0,57.5,1024.6,False,20.1,86,2.8,Chinese Grand Prix
109.471,1,HARD,1,,31.291,44.166,7111111.0,111111.0,11111111111.0,1,16.0,12,False,3493.783,STR,18,None,None,None,3449.731,3493.921,270.0,269.0,266.0,321.0,True,Aston Martin,3384.05,2026-03-15T07:03:59.831000000,False,None,False,False,3420.295,15.6,55.2,1024.4,False,23.3,72,2.8,Chinese Grand Prix
101.83,2,HARD,1,26.76,31.498,43.572,1111100.0,101110.0,10100111111.0,2,16.0,1,True,3595.613,STR,18,None,None,3520.651,3552.149,3595.721,278.0,250.0,267.0,312.0,True,Aston Martin,3493.783,2026-03-15T07:05:49.564000000,False,None,False,True,3540.312,15.6,55.3,1024.5,False,22.5,102,4.5,Chinese Grand Prix
101.798,3,HARD,1,26.812,31.468,43.518,7001100.0,100010.0,111110.0,3,16.0,1,True,3697.411,STR,18,None,None,3622.533,3654.001,3697.519,261.0,250.0,265.0,308.0,True,Aston Martin,3595.613,2026-03-15T07:07:31.394000000,False,None,False,True,3600.332,15.5,55.8,1024.4,False,23.0,107,1.8,Chinese Grand Prix
101.854,4,HARD,1,26.814,31.671,43.369,1110.0,110.0,10100011100.0,4,16.0,1,False,3799.265,STR,18,None,None,3724.333,3756.004,3799.373,255.0,246.0,266.0,303.0,True,Aston Martin,3697.411,2026-03-15T07:09:13.192000000,False,None,False,True,3720.342,15.5,55.4,1024.5,False,23.0,105,2.5,Chinese Grand Prix
100.992,5,HARD,1,26.536,31.071,43.385,1001110.0,100100.0,101010.0,5,16.0,1,True,3900.257,STR,18,None,None,3825.909,3856.98,3900.365,255.0,248.0,265.0,305.0,True,Aston Martin,3799.265,2026-03-15T07:10:55.046000000,False,None,False,True,3840.33,15.5,55.3,1024.5,False,23.1,92,3.7,Chinese Grand Prix
100.971,6,HARD,1,26.716,30.917,43.338,100.0,100100.0,1110.0,6,16.0,1,True,4001.228,STR,18,None,None,3927.081,3957.998,4001.336,255.0,248.0,266.0,302.0,True,Aston Martin,3900.257,2026-03-15T07:12:36.038000000,False,None,False,True,3900.33,15.6,55.6,1024.5,False,22.9,107,2.2,Chinese Grand Prix
100.956,7,HARD,1,26.685,30.942,43.329,7010110.0,0.0,11000.0,7,16.0,1,True,4102.184,STR,18,None,None,4028.021,4058.963,4102.292,255.0,247.0,264.0,307.0,True,Aston Martin,4001.228,2026-03-15T07:14:17.009000000,False,None,False,True,4020.34,15.6,55.8,1024.5,False,22.4,111,2.4,Chinese Grand Prix
101.174,8,HARD,1,26.692,31.176,43.306,7000000.0,0.0,10.0,8,16.0,1,False,4203.358,STR,18,None,None,4128.984,4160.16,4203.466,256.0,246.0,266.0,304.0,True,Aston Martin,4102.184,2026-03-15T07:15:57.965000000,False,None,False,True,4080.343,15.6,55.9,1024.3,False,22.8,88,2.1,Chinese Grand Prix
100.883,9,HARD,1,26.575,30.832,43.476,7000010.0,0.0,10000000.0,9,16.0,1,True,4304.241,STR,18,None,None,4230.041,4260.873,4304.349,258.0,253.0,263.0,320.0,True,Aston Martin,4203.358,2026-03-15T07:17:39.139000000,False,None,False,True,4200.397,15.6,56.0,1024.5,False,22.6,110,2.6,Chinese Grand Prix
,10,HARD,1,,,,7777777.0,,,10,,124,None,4454.241,STR,18,None,None,None,None,None,None,None,None,None,True,Aston Martin,4304.241,2026-03-15T07:19:20.022000000,False,None,True,False,4320.396,15.5,56.2,1024.6,False,22.4,92,1.5,Chinese Grand Prix
,11,HARD,1,,,,,,,11,,4,None,4454.433,STR,18,None,None,None,None,None,None,None,None,None,True,Aston Martin,4454.241,None,None,None,True,False,4440.382,15.5,55.5,1024.6,False,22.8,77,0.8,Chinese Grand Prix
107.91,1,SOFT,1,,31.169,43.911,7111111.0,111111.0,11111111111.0,4,13.0,12,False,3492.231,VER,3,None,None,None,3448.516,3492.412,291.0,267.0,271.0,341.0,False,Red Bull Racing,3384.05,2026-03-15T07:03:59.831000000,False,None,False,False,3420.295,15.6,55.2,1024.4,False,23.3,72,2.8,Chinese Grand Prix
100.295,2,SOFT,1,26.205,31.087,43.003,1311113.0,1110.0,11100111111.0,5,10.0,1,True,3592.526,VER,3,None,None,3518.493,3549.58,3592.583,281.0,255.0,271.0,322.0,False,Red Bull Racing,3492.231,2026-03-15T07:05:48.012000000,False,None,False,True,3540.312,15.6,55.3,1024.5,False,22.5,102,4.5,Chinese Grand Prix
99.08,3,SOFT,1,25.992,30.619,42.469,11110.0,100111.0,11000111111.0,6,10.0,1,True,3691.606,VER,3,None,None,3618.575,3649.194,3691.663,264.0,259.0,277.0,321.0,False,Red Bull Racing,3592.526,2026-03-15T07:07:28.307000000,False,None,False,True,3600.332,15.5,55.8,1024.4,False,23.0,107,1.8,Chinese Grand Prix
99.12,4,SOFT,1,26.144,30.322,42.654,7000100.0,100011.0,100001.0,7,10.0,1,False,3790.726,VER,3,None,None,3717.807,3748.129,3790.783,270.0,262.0,277.0,325.0,False,Red Bull Racing,3691.606,2026-03-15T07:09:07.387000000,False,None,False,True,3720.342,15.5,55.4,1024.5,False,23.0,105,2.5,Chinese Grand Prix
99.582,5,SOFT,1,26.651,30.4,42.531,3330000.0,1100.0,11000.0,8,10.0,1,False,3890.308,VER,3,None,None,3817.434,3847.834,3890.365,269.0,260.0,275.0,324.0,False,Red Bull Racing,3790.726,2026-03-15T07:10:46.507000000,True,TRACK LIMITS AT TURN 2 LAP 5 ,False,True,3840.33,15.5,55.3,1024.5,False,23.1,92,3.7,Chinese Grand Prix
99.206,6,SOFT,1,26.14,30.474,42.592,100.0,1.0,10000.0,9,10.0,1,False,3989.514,VER,3,None,None,3916.505,3946.979,3989.571,272.0,267.0,277.0,328.0,False,Red Bull Racing,3890.308,2026-03-15T07:12:26.089000000,False,None,False,True,3900.33,15.6,55.6,1024.5,False,22.9,107,2.2,Chinese Grand Prix
99.574,7,SOFT,1,26.111,30.64,42.823,7000010.0,0.0,0.0,10,10.0,1,False,4089.088,VER,3,None,None,4015.682,4046.322,4089.145,273.0,259.0,275.0,325.0,False,Red Bull Racing,3989.514,2026-03-15T07:14:05.295000000,False,None,False,True,4020.34,15.6,55.8,1024.5,False,22.4,111,2.4,Chinese Grand Prix
99.465,8,SOFT,1,26.042,30.748,42.675,7000000.0,0.0,10000000.0,11,10.0,1,False,4188.553,VER,3,None,None,4115.187,4145.935,4188.61,272.0,265.0,274.0,322.0,False,Red Bull Racing,4089.088,2026-03-15T07:15:44.869000000,False,None,False,True,4080.343,15.6,55.9,1024.3,False,22.8,88,2.1,Chinese Grand Prix
105.525,9,SOFT,1,26.282,30.798,48.445,7000000.0,0.0,1555.0,12,12.0,1,False,4294.078,VER,3,None,4292.287,4214.892,4245.69,4294.135,272.0,263.0,None,323.0,False,Red Bull Racing,4188.553,2026-03-15T07:17:24.334000000,False,None,False,False,4200.397,15.6,56.0,1024.5,False,22.6,110,2.6,Chinese Grand Prix
143.152,10,HARD,2,46.287,39.105,57.76,5500010.0,0.0,0.0,1,15.0,124,False,4437.23,VER,3,4316.003,None,4340.422,4379.527,4437.287,266.0,154.0,217.0,223.0,True,Red Bull Racing,4294.078,2026-03-15T07:19:09.859000000,False,None,False,False,4320.396,15.5,56.2,1024.6,False,22.4,92,1.5,Chinese Grand Prix
135.068,11,HARD,2,35.451,40.422,59.195,0.0,0.0,0.0,2,14.0,4,False,4572.298,VER,3,None,None,4472.738,4513.16,4572.355,226.0,225.0,219.0,253.0,True,Red Bull Racing,4437.23,2026-03-15T07:21:33.011000000,False,None,False,False,4440.382,15.5,55.5,1024.6,False,22.8,77,0.8,Chinese Grand Prix
129.669,12,HARD,2,32.207,34.84,62.622,7000000.0,0.0,0.0,3,13.0,4,False,4701.967,VER,3,None,None,4604.562,4639.402,4702.024,235.0,214.0,120.0,106.0,True,Red Bull Racing,4572.298,2026-03-15T07:23:48.079000000,False,None,False,False,4560.395,15.5,55.3,1024.7,False,22.7,0,0.0,Chinese Grand Prix
142.347,13,HARD,2,35.686,45.94,60.721,7000000.0,0.0,0.0,4,13.0,41,False,4844.314,VER,3,None,None,4737.71,4783.65,4844.371,225.0,204.0,270.0,205.0,True,Red Bull Racing,4701.967,2026-03-15T07:25:57.748000000,False,None,False,False,4740.397,15.5,55.1,1024.6,False,22.0,131,1.7,Chinese Grand Prix
99.573,14,HARD,2,26.178,30.957,42.438,7300003.0,1000.0,100010010.0,5,11.0,1,False,4943.887,VER,3,None,None,4870.549,4901.506,4943.944,309.0,261.0,274.0,325.0,True,Red Bull Racing,4844.314,2026-03-15T07:28:20.095000000,False,None,False,True,4860.43,15.4,56.3,1024.7,False,22.4,112,1.1,Chinese Grand Prix
99.068,15,HARD,2,25.966,30.709,42.393,7000010.0,1.0,10000110000.0,6,11.0,1,True,5042.955,VER,3,None,None,4969.91,5000.619,5043.012,300.0,264.0,276.0,322.0,True,Red Bull Racing,4943.887,2026-03-15T07:29:59.668000000,False,None,False,True,4980.417,15.4,56.2,1024.7,False,21.6,116,2.8,Chinese Grand Prix
98.953,16,HARD,2,26.214,30.102,42.637,7000000.0,101101.0,3.0,7,11.0,1,True,5141.908,VER,3,None,None,5069.226,5099.328,5141.965,274.0,269.0,280.0,320.0,True,Red Bull Racing,5042.955,2026-03-15T07:31:38.736000000,False,None,False,True,5100.455,15.2,56.6,1024.7,False,21.9,114,3.2,Chinese Grand Prix
98.267,17,HARD,2,25.735,30.129,42.403,7000000.0,101000.0,10000000.0,8,10.0,12,True,5240.175,VER,3,None,None,5167.7,5197.829,5240.232,274.0,263.0,279.0,328.0,True,Red Bull Racing,5141.908,2026-03-15T07:33:17.689000000,False,None,False,True,5160.435,15.2,56.7,1024.7,False,21.9,126,1.0,Chinese Grand Prix
97.35,18,HARD,2,25.558,29.953,41.839,3000100.0,1.0,10000100010.0,9,9.0,21,True,5337.525,VER,3,None,None,5265.79,5295.743,5337.582,276.0,265.0,276.0,323.0,True,Red Bull Racing,5240.175,2026-03-15T07:34:55.956000000,False,None,False,True,5280.444,15.3,56.2,1024.6,False,21.6,101,1.6,Chinese Grand Prix
99.035,19,HARD,2,25.661,30.788,42.586,10.0,0.0,111000000.0,10,9.0,1,False,5436.56,VER,3,None,None,5363.243,5394.031,5436.617,302.0,269.0,262.0,340.0,True,Red Bull Racing,5337.525,2026-03-15T07:36:33.306000000,False,None,False,True,5340.458,15.3,56.4,1024.6,False,21.6,98,2.0,Chinese Grand Prix
98.531,20,HARD,2,26.528,29.882,42.121,7001000.0,101000.0,10000000001.0,11,8.0,1,False,5535.091,VER,3,None,None,5463.145,5493.027,5535.148,274.0,266.0,279.0,327.0,True,Red Bull Racing,5436.56,2026-03-15T07:38:12.341000000,False,None,False,True,5460.458,15.3,56.8,1024.5,False,21.5,108,1.7,Chinese Grand Prix
98.768,21,HARD,2,25.933,30.162,42.673,7000000.0,0.0,100000000.0,12,7.0,1,False,5633.859,VER,3,None,None,5561.081,5591.243,5633.916,306.0,264.0,269.0,323.0,True,Red Bull Racing,5535.091,2026-03-15T07:39:50.872000000,False,None,False,True,5580.486,15.3,56.9,1024.5,False,21.8,92,2.8,Chinese Grand Prix
98.147,22,HARD,2,25.68,29.815,42.652,7000003.0,110001.0,10100.0,13,6.0,1,False,5732.006,VER,3,None,None,5659.596,5689.411,5732.063,309.0,255.0,255.0,304.0,True,Red Bull Racing,5633.859,2026-03-15T07:41:29.640000000,False,None,False,True,5640.491,15.3,57.0,1024.3,False,21.7,110,2.4,Chinese Grand Prix
98.039,23,HARD,2,26.181,29.738,42.12,7000000.0,100110.0,1000000110.0,14,6.0,1,False,5830.045,VER,3,None,None,5758.244,5787.982,5830.102,269.0,258.0,275.0,313.0,True,Red Bull Racing,5732.006,2026-03-15T07:43:07.787000000,False,None,False,True,5760.489,15.3,56.2,1024.3,False,21.6,89,1.5,Chinese Grand Prix
97.88,24,HARD,2,25.854,29.807,42.219,7000100.0,100.0,10000000000.0,15,6.0,1,False,5927.925,VER,3,None,None,5855.956,5885.763,5927.982,267.0,258.0,270.0,311.0,True,Red Bull Racing,5830.045,2026-03-15T07:44:45.826000000,False,None,False,True,5880.499,15.4,56.2,1024.3,False,21.8,94,2.8,Chinese Grand Prix
97.869,25,HARD,2,25.976,29.754,42.139,7000000.0,0.0,100000.0,16,6.0,1,False,6025.794,VER,3,None,None,5953.958,5983.712,6025.851,269.0,262.0,276.0,312.0,True,Red Bull Racing,5927.925,2026-03-15T07:46:23.706000000,False,None,False,True,5940.541,15.3,56.3,1024.3,False,21.7,93,2.2,Chinese Grand Prix
97.38,26,HARD,2,25.716,29.645,42.019,7000000.0,100.0,100000.0,17,6.0,1,False,6123.174,VER,3,None,None,6051.567,6081.212,6123.231,269.0,265.0,275.0,312.0,True,Red Bull Racing,6025.794,2026-03-15T07:48:01.575000000,False,None,False,True,6060.553,15.3,56.5,1024.4,False,21.8,63,2.3,Chinese Grand Prix
97.645,27,HARD,2,25.876,29.73,42.039,7000100.0,0.0,0.0,18,6.0,1,False,6220.819,VER,3,None,None,6149.107,6178.837,6220.876,270.0,262.0,277.0,309.0,True,Red Bull Racing,6123.174,2026-03-15T07:49:38.955000000,False,None,False,True,6180.548,15.4,56.0,1024.4,False,21.8,70,2.2,Chinese Grand Prix
97.368,28,HARD,2,25.679,29.705,41.984,7000000.0,100.0,100.0,19,6.0,12,False,6318.187,VER,3,None,None,6246.555,6276.26,6318.244,268.0,259.0,276.0,313.0,True,Red Bull Racing,6220.819,2026-03-15T07:51:16.600000000,False,None,False,True,6240.572,15.4,56.0,1024.4,False,21.7,67,2.0,Chinese Grand Prix
97.672,29,HARD,2,25.829,29.805,42.038,7000000.0,0.0,100000010.0,20,6.0,1,False,6415.859,VER,3,None,None,6344.073,6373.878,6415.916,268.0,261.0,277.0,313.0,True,Red Bull Racing,6318.187,2026-03-15T07:52:53.968000000,False,None,False,True,6360.641,15.4,55.6,1024.4,False,21.6,77,3.0,Chinese Grand Prix
97.587,30,HARD,2,25.687,29.767,42.133,7000100.0,0.0,0.0,21,6.0,1,False,6513.446,VER,3,None,None,6441.603,6471.37,6513.503,270.0,260.0,275.0,312.0,True,Red Bull Racing,6415.859,2026-03-15T07:54:31.640000000,False,None,False,True,6480.569,15.4,55.8,1024.4,False,21.2,77,2.6,Chinese Grand Prix
97.518,31,HARD,2,25.758,29.78,41.98,7000000.0,100000.0,0.0,22,6.0,1,False,6610.964,VER,3,None,None,6539.261,6569.041,6611.021,270.0,260.0,275.0,313.0,True,Red Bull Racing,6513.446,2026-03-15T07:56:09.227000000,False,None,False,True,6540.585,15.4,55.8,1024.4,False,21.2,77,2.6,Chinese Grand Prix
97.76,32,HARD,2,25.833,29.936,41.991,7000000.0,0.0,100000010.0,23,6.0,1,False,6708.724,VER,3,None,None,6636.854,6666.79,6708.781,269.0,260.0,278.0,312.0,True,Red Bull Racing,6610.964,2026-03-15T07:57:46.745000000,False,None,False,True,6660.608,15.2,56.6,1024.5,False,21.1,84,1.6,Chinese Grand Prix
97.381,33,HARD,2,25.69,29.705,41.986,7000000.0,1000.0,10000000000.0,24,6.0,12,False,6806.105,VER,3,None,None,6734.471,6764.176,6806.162,269.0,263.0,274.0,312.0,True,Red Bull Racing,6708.724,2026-03-15T07:59:24.505000000,False,None,False,True,6720.626,15.3,56.8,1024.5,False,21.1,84,2.2,Chinese Grand Prix
97.41,34,HARD,2,25.748,29.64,42.022,7000000.0,1000.0,0.0,25,6.0,1,False,6903.515,VER,3,None,None,6831.91,6861.55,6903.572,269.0,261.0,274.0,313.0,True,Red Bull Racing,6806.105,2026-03-15T08:01:01.886000000,False,None,False,True,6840.653,15.3,56.2,1024.5,False,20.8,86,1.7,Chinese Grand Prix
97.49,35,HARD,2,25.741,29.682,42.067,7000000.0,1000.0,100000000.0,26,6.0,1,False,7001.005,VER,3,None,None,6929.313,6958.995,7001.062,269.0,262.0,277.0,310.0,True,Red Bull Racing,6903.515,2026-03-15T08:02:39.296000000,False,None,False,True,6960.665,15.3,56.1,1024.5,False,21.0,108,1.6,Chinese Grand Prix
97.229,36,HARD,2,25.652,29.627,41.95,7000000.0,100.0,100000000.0,27,6.0,1,True,7098.234,VER,3,None,None,7026.714,7056.341,7098.291,271.0,262.0,277.0,314.0,True,Red Bull Racing,7001.005,2026-03-15T08:04:16.786000000,False,None,False,True,7020.691,15.3,55.9,1024.4,False,21.0,98,1.6,Chinese Grand Prix
97.15,37,HARD,2,25.592,29.668,41.89,7000100.0,0.0,10000000000.0,28,6.0,1,True,7195.384,VER,3,None,None,7123.883,7153.551,7195.441,273.0,262.0,276.0,315.0,True,Red Bull Racing,7098.234,2026-03-15T08:05:54.015000000,False,None,False,True,7140.713,15.3,55.4,1024.5,False,20.3,121,2.4,Chinese Grand Prix
97.063,38,HARD,2,25.681,29.517,41.865,7000000.0,1000.0,1.0,29,6.0,1,True,7292.447,VER,3,None,None,7221.122,7250.639,7292.504,270.0,262.0,279.0,313.0,True,Red Bull Racing,7195.384,2026-03-15T08:07:31.165000000,False,None,False,True,7200.701,15.3,55.4,1024.5,False,20.3,121,2.4,Chinese Grand Prix
97.046,39,HARD,2,25.612,29.585,41.849,7000000.0,1000.0,11100000000.0,30,6.0,1,True,7389.493,VER,3,None,None,7318.116,7347.701,7389.55,270.0,262.0,276.0,312.0,True,Red Bull Racing,7292.447,2026-03-15T08:09:08.228000000,False,None,False,True,7320.732,15.1,56.6,1024.4,False,20.9,83,3.1,Chinese Grand Prix
97.255,40,HARD,2,25.589,29.596,42.07,7001000.0,1000.0,0.0,31,6.0,1,False,7486.748,VER,3,None,None,7415.139,7444.735,7486.805,273.0,263.0,276.0,313.0,True,Red Bull Racing,7389.493,2026-03-15T08:10:45.274000000,False,None,False,True,7440.702,15.2,56.3,1024.4,False,20.3,88,3.1,Chinese Grand Prix
97.405,41,HARD,2,25.665,29.626,42.114,7000000.0,0.0,0.0,32,6.0,1,False,7584.153,VER,3,None,None,7512.47,7542.096,7584.21,275.0,262.0,278.0,315.0,True,Red Bull Racing,7486.748,2026-03-15T08:12:22.529000000,False,None,False,True,7500.718,15.2,55.9,1024.3,False,20.5,92,2.6,Chinese Grand Prix
97.383,42,HARD,2,25.581,29.634,42.168,7000100.0,1000.0,0.0,33,6.0,1,False,7681.536,VER,3,None,None,7609.791,7639.425,7681.593,272.0,263.0,278.0,310.0,True,Red Bull Racing,7584.153,2026-03-15T08:13:59.934000000,False,None,False,True,7620.711,15.1,56.5,1024.3,False,20.5,88,2.7,Chinese Grand Prix
97.123,43,HARD,2,25.642,29.518,41.963,7000000.0,100.0,100000003.0,34,6.0,1,False,7778.659,VER,3,None,None,7707.235,7736.753,7778.716,273.0,265.0,279.0,312.0,True,Red Bull Racing,7681.536,2026-03-15T08:15:37.317000000,False,None,False,True,7740.749,15.1,56.3,1024.2,False,20.3,91,3.3,Chinese Grand Prix
97.092,44,HARD,2,25.525,29.52,42.047,7000000.0,101001.0,0.0,35,6.0,1,False,7875.751,VER,3,None,None,7804.241,7833.761,7875.808,276.0,267.0,279.0,314.0,True,Red Bull Racing,7778.659,2026-03-15T08:17:14.440000000,False,None,False,True,7800.765,15.1,56.6,1024.3,False,20.4,61,2.7,Chinese Grand Prix
154.867,45,HARD,2,25.784,54.024,75.059,7000000.0,0.0,555.0,36,13.0,1,False,8030.686,VER,3,None,8028.93,7901.715,7955.737,8030.743,277.0,129.0,None,143.0,True,Red Bull Racing,7875.751,2026-03-15T08:18:51.532000000,False,None,False,False,7920.767,15.1,56.9,1024.3,False,20.4,77,3.3,Chinese Grand Prix
105.225,1,MEDIUM,1,,44.394,18.51,11111111.0,11111111111.0,1111111.0,1,17.0,1,False,3930.189,ALB,23,None,None,None,3911.857,3930.398,233.0,333.0,266.0,287.0,True,Williams,3824.711,2026-03-29T05:14:02.079000000,False,None,False,False,3826.937,18.8,55.5,1011.7,False,36.7,124,2.1,Japanese Grand Prix
97.418,2,MEDIUM,1,36.274,42.995,18.149,111111111.0,11110011110.0,1111111.0,2,17.0,1,True,4027.607,ALB,23,None,None,3966.496,4009.491,4027.64,259.0,326.0,276.0,291.0,True,Williams,3930.189,2026-03-29T05:15:47.557000000,False,None,False,True,3946.939,18.9,54.3,1011.7,False,36.7,143,1.5,Japanese Grand Prix
97.464,3,MEDIUM,1,35.871,43.24,18.353,711111000.0,10011.0,1100000.0,3,17.0,1,False,4125.071,ALB,23,None,None,4063.511,4106.751,4125.104,259.0,335.0,262.0,304.0,True,Williams,4027.607,2026-03-29T05:17:24.975000000,False,None,False,True,4066.945,18.9,54.5,1011.7,False,36.0,112,2.1,Japanese Grand Prix
98.076,4,MEDIUM,1,36.825,43.011,18.24,1001.0,11100001100.0,111.0,4,18.0,1,False,4223.147,ALB,23,None,None,4161.929,4204.94,4223.18,260.0,325.0,280.0,292.0,True,Williams,4125.071,2026-03-29T05:19:02.439000000,False,None,False,True,4126.951,19.0,54.0,1011.8,False,36.5,104,0.4,Japanese Grand Prix
96.796,5,MEDIUM,1,35.721,42.832,18.243,110000011.0,11101000000.0,100000.0,5,18.0,1,True,4319.943,ALB,23,None,None,4258.901,4301.733,4319.976,263.0,327.0,278.0,296.0,True,Williams,4223.147,2026-03-29T05:20:40.515000000,False,None,False,True,4246.946,19.1,53.2,1011.8,False,36.4,128,2.3,Japanese Grand Prix
97.307,6,MEDIUM,1,35.804,43.07,18.433,1000001.0,10000000000.0,11.0,6,18.0,1,False,4417.25,ALB,23,None,None,4355.78,4398.85,4417.283,265.0,328.0,280.0,295.0,True,Williams,4319.943,2026-03-29T05:22:17.311000000,False,None,False,True,4306.945,19.2,52.0,1011.8,False,36.0,95,1.4,Japanese Grand Prix
97.545,7,MEDIUM,1,36.081,43.171,18.293,700000000.0,0.0,0.0,7,18.0,1,False,4514.795,ALB,23,None,None,4453.364,4496.535,4514.828,263.0,330.0,278.0,296.0,True,Williams,4417.25,2026-03-29T05:23:54.618000000,False,None,False,True,4426.948,19.1,51.3,1011.8,False,35.7,130,1.3,Japanese Grand Prix
97.437,8,MEDIUM,1,35.891,43.078,18.468,700000001.0,10101010000.0,0.0,8,18.0,1,False,4612.232,ALB,23,None,None,4550.719,4593.797,4612.265,270.0,328.0,278.0,292.0,True,Williams,4514.795,2026-03-29T05:25:32.163000000,False,None,False,True,4546.949,19.0,51.7,1011.8,False,35.3,144,2.7,Japanese Grand Prix
97.212,9,MEDIUM,1,35.852,43.091,18.269,700000000.0,11000001000.0,100000.0,9,18.0,1,False,4709.444,ALB,23,None,None,4648.117,4691.208,4709.477,262.0,320.0,278.0,287.0,True,Williams,4612.232,2026-03-29T05:27:09.600000000,False,None,False,True,4606.955,19.1,51.2,1011.7,False,34.6,120,2.3,Japanese Grand Prix
97.235,10,MEDIUM,1,35.788,43.127,18.32,700000000.0,1000.0,10.0,10,18.0,1,False,4806.679,ALB,23,None,None,4745.265,4788.392,4806.712,259.0,318.0,278.0,287.0,True,Williams,4709.444,2026-03-29T05:28:46.812000000,False,None,False,True,4726.95,19.0,51.2,1011.8,False,34.6,126,2.0,Japanese Grand Prix
97.028,11,MEDIUM,1,35.97,42.814,18.244,701000000.0,11000000000.0,10010.0,11,18.0,1,False,4903.707,ALB,23,None,None,4842.682,4885.496,4903.74,263.0,315.0,278.0,285.0,True,Williams,4806.679,2026-03-29T05:30:24.047000000,False,None,False,True,4786.951,19.1,50.7,1011.7,False,34.0,142,1.5,Japanese Grand Prix
97.058,12,MEDIUM,1,35.943,42.878,18.237,701000000.0,100.0,111.0,12,18.0,1,False,5000.765,ALB,23,None,None,4939.683,4982.561,5000.798,258.0,315.0,280.0,285.0,True,Williams,4903.707,2026-03-29T05:32:01.075000000,False,None,False,True,4906.957,19.1,50.5,1011.9,False,33.7,82,1.3,Japanese Grand Prix
96.733,13,MEDIUM,1,35.851,42.676,18.206,700000000.0,10000001100.0,0.0,13,18.0,1,True,5097.498,ALB,23,None,None,5036.649,5079.325,5097.531,266.0,318.0,279.0,287.0,True,Williams,5000.765,2026-03-29T05:33:38.133000000,False,None,False,True,5026.956,19.0,50.6,1011.8,False,33.8,151,2.0,Japanese Grand Prix
97.146,14,MEDIUM,1,35.921,42.896,18.329,700001000.0,0.0,10.0,14,18.0,1,False,5194.644,ALB,23,None,None,5133.452,5176.348,5194.677,264.0,313.0,279.0,284.0,True,Williams,5097.498,2026-03-29T05:35:14.866000000,False,None,False,True,5086.955,19.0,50.6,1011.8,False,33.6,56,1.2,Japanese Grand Prix
96.948,15,MEDIUM,1,35.916,42.768,18.264,700000000.0,0.0,1.0,15,18.0,1,False,5291.592,ALB,23,None,None,5230.593,5273.361,5291.625,268.0,314.0,279.0,286.0,True,Williams,5194.644,2026-03-29T05:36:52.012000000,False,None,False,True,5206.955,18.8,51.4,1011.6,False,33.2,98,1.2,Japanese Grand Prix
96.879,16,MEDIUM,1,35.857,42.795,18.227,700000000.0,1100001000.0,1.0,16,18.0,1,False,5388.471,ALB,23,None,None,5327.482,5370.277,5388.504,266.0,313.0,280.0,285.0,True,Williams,5291.592,2026-03-29T05:38:28.960000000,False,None,False,True,5266.957,18.8,50.8,1011.8,False,33.4,44,0.7,Japanese Grand Prix
96.78,17,MEDIUM,1,35.894,42.691,18.195,700000000.0,1000000.0,111.0,17,17.0,1,False,5485.251,ALB,23,None,None,5424.398,5467.089,5485.284,262.0,315.0,280.0,284.0,True,Williams,5388.471,2026-03-29T05:40:05.839000000,False,None,False,True,5386.956,18.9,47.8,1011.8,False,32.9,133,2.6,Japanese Grand Prix
96.992,18,MEDIUM,1,35.912,42.701,18.379,700000000.0,10000000100.0,0.0,18,16.0,1,False,5582.243,ALB,23,None,None,5521.196,5563.897,5582.276,266.0,312.0,278.0,283.0,True,Williams,5485.251,2026-03-29T05:41:42.619000000,False,None,False,True,5506.96,18.8,48.7,1011.7,False,32.8,100,1.3,Japanese Grand Prix
96.592,19,MEDIUM,1,35.81,42.515,18.267,700000001.0,10000000100.0,0.0,19,15.0,1,True,5678.835,ALB,23,None,None,5618.086,5660.601,5678.868,272.0,316.0,280.0,284.0,True,Williams,5582.243,2026-03-29T05:43:19.611000000,False,None,False,True,5566.954,18.8,48.5,1011.7,False,32.2,24,1.7,Japanese Grand Prix
96.812,20,MEDIUM,1,35.793,42.772,18.247,700001000.0,1000.0,11.0,20,13.0,1,False,5775.647,ALB,23,None,None,5714.661,5757.433,5775.68,261.0,314.0,280.0,283.0,True,Williams,5678.835,2026-03-29T05:44:56.203000000,False,None,False,True,5686.962,18.7,49.2,1011.7,False,32.7,131,2.2,Japanese Grand Prix
96.417,21,MEDIUM,1,35.615,42.544,18.258,700000000.0,1000001000.0,111.0,21,13.0,12,True,5872.064,ALB,23,None,None,5811.295,5853.839,5872.097,270.0,312.0,281.0,282.0,True,Williams,5775.647,2026-03-29T05:46:33.015000000,False,None,False,True,5806.966,18.6,49.9,1011.7,False,32.6,116,0.9,Japanese Grand Prix
131.647,22,MEDIUM,1,46.562,57.576,27.509,700000000.0,0.0,555.0,22,13.0,24,False,6003.711,ALB,23,None,6002.425,5918.659,5976.235,6003.744,213.0,293.0,None,185.0,True,Williams,5872.064,2026-03-29T05:48:09.432000000,False,None,False,False,5866.963,18.6,50.4,1011.6,False,32.9,163,0.7,Japanese Grand Prix
145.208,23,HARD,2,59.217,63.827,22.164,550000001.0,0.0,0.0,1,17.0,4,False,6148.919,ALB,23,6027.02,None,6062.961,6126.788,6148.952,277.0,301.0,268.0,275.0,True,Williams,6003.711,2026-03-29T05:50:21.079000000,False,None,False,False,5986.965,18.5,51.5,1011.7,False,32.7,107,0.4,Japanese Grand Prix
120.292,24,HARD,2,37.861,58.086,24.345,1.0,0.0,0.0,2,17.0,4,False,6269.211,ALB,23,None,None,6186.813,6244.899,6269.244,278.0,278.0,250.0,268.0,True,Williams,6148.919,2026-03-29T05:52:46.287000000,False,None,False,False,6166.968,18.5,51.1,1011.7,False,32.9,121,1.3,Japanese Grand Prix
148.665,25,HARD,2,46.827,76.012,25.826,700000000.0,0.0,0.0,3,17.0,4,False,6417.876,ALB,23,None,None,6316.071,6392.083,6417.909,132.0,270.0,184.0,256.0,True,Williams,6269.211,2026-03-29T05:54:46.579000000,False,None,False,False,6286.968,18.5,51.8,1011.7,False,32.8,120,1.5,Japanese Grand Prix
147.78,26,HARD,2,52.919,64.95,29.911,700000000.0,0.0,0.0,4,17.0,4,False,6565.656,ALB,23,None,None,6470.828,6535.778,6565.689,138.0,152.0,121.0,249.0,True,Williams,6417.876,2026-03-29T05:57:15.244000000,False,None,False,False,6406.972,18.5,50.7,1011.7,False,32.3,106,2.0,Japanese Grand Prix
132.369,27,HARD,2,46.393,60.197,25.779,700000000.0,0.0,0.0,5,17.0,41,False,6698.025,ALB,23,None,None,6612.082,6672.279,6698.058,170.0,171.0,280.0,143.0,True,Williams,6565.656,2026-03-29T05:59:43.024000000,False,None,False,False,6586.973,18.3,50.5,1011.7,False,32.2,136,2.5,Japanese Grand Prix
96.86,28,HARD,2,35.823,42.815,18.222,110000001.0,1000010.0,0.0,6,17.0,1,False,6794.885,ALB,23,None,None,6733.881,6776.696,6794.918,278.0,321.0,279.0,292.0,True,Williams,6698.025,2026-03-29T06:01:55.393000000,False,None,False,True,6706.975,18.3,47.7,1011.7,False,32.3,122,2.3,Japanese Grand Prix
96.092,29,HARD,2,35.552,42.35,18.19,11.0,1010010.0,1011.0,7,17.0,1,True,6890.977,ALB,23,None,None,6830.47,6872.82,6891.01,281.0,330.0,285.0,298.0,True,Williams,6794.885,2026-03-29T06:03:32.253000000,False,None,False,True,6826.974,18.4,48.2,1011.7,False,32.4,132,2.6,Japanese Grand Prix
96.762,30,HARD,2,36.217,42.383,18.162,100000000.0,10.0,0.0,8,17.0,1,False,6987.739,ALB,23,None,None,6927.227,6969.61,6987.772,277.0,326.0,284.0,291.0,True,Williams,6890.977,2026-03-29T06:05:08.345000000,False,None,False,True,6886.976,18.4,47.6,1011.7,False,32.1,135,0.8,Japanese Grand Prix
95.72,31,HARD,2,35.422,42.137,18.161,1000.0,1100000000.0,0.0,9,17.0,1,True,7083.459,ALB,23,None,None,7023.194,7065.331,7083.492,278.0,329.0,284.0,293.0,True,Williams,6987.739,2026-03-29T06:06:45.107000000,False,None,False,True,7006.979,18.4,49.7,1011.7,False,32.0,129,1.9,Japanese Grand Prix
95.909,32,HARD,2,35.605,42.195,18.109,700000000.0,10000100.0,0.0,10,17.0,1,False,7179.368,ALB,23,None,None,7119.097,7161.292,7179.401,270.0,325.0,284.0,293.0,True,Williams,7083.459,2026-03-29T06:08:20.827000000,False,None,False,True,7126.981,18.5,50.7,1011.6,False,32.0,133,2.0,Japanese Grand Prix
95.767,33,HARD,2,35.463,42.33,17.974,700000000.0,0.0,110000.0,11,17.0,1,False,7275.135,ALB,23,None,None,7214.864,7257.194,7275.168,269.0,323.0,277.0,292.0,True,Williams,7179.368,2026-03-29T06:09:56.736000000,False,None,False,True,7186.981,18.5,50.0,1011.7,False,31.5,140,1.1,Japanese Grand Prix
95.598,34,HARD,2,35.411,42.141,18.046,700110010.0,1000000100.0,1100.0,12,17.0,1,True,7370.733,ALB,23,None,None,7310.579,7352.72,7370.766,276.0,317.0,282.0,288.0,True,Williams,7275.135,2026-03-29T06:11:32.503000000,False,None,False,True,7306.992,18.5,51.0,1011.6,False,31.4,113,1.2,Japanese Grand Prix
95.207,35,HARD,2,34.992,42.196,18.019,700111110.0,1000.0,110.0,13,17.0,1,True,7465.94,ALB,23,None,None,7405.758,7447.954,7465.973,273.0,316.0,283.0,287.0,True,Williams,7370.733,2026-03-29T06:13:08.101000000,False,None,False,True,7366.98,18.3,51.1,1011.6,False,31.4,154,2.4,Japanese Grand Prix
95.138,36,HARD,2,35.008,42.054,18.076,700001000.0,1100000000.0,10.0,14,17.0,1,True,7561.078,ALB,23,None,None,7500.981,7543.035,7561.111,277.0,319.0,283.0,286.0,True,Williams,7465.94,2026-03-29T06:14:43.308000000,False,None,False,True,7486.983,18.1,52.4,1011.7,False,31.1,170,0.8,Japanese Grand Prix
95.464,37,HARD,2,35.158,42.131,18.175,701000010.0,1000000000.0,0.0,15,17.0,1,False,7656.542,ALB,23,None,None,7596.269,7638.4,7656.575,273.0,319.0,282.0,288.0,True,Williams,7561.078,2026-03-29T06:16:18.446000000,False,None,False,True,7546.988,18.0,53.7,1011.6,False,31.0,138,1.5,Japanese Grand Prix
95.086,38,HARD,2,34.896,42.013,18.177,700100000.0,1100000000.0,0.0,16,17.0,1,True,7751.628,ALB,23,None,None,7691.471,7733.484,7751.661,277.0,315.0,282.0,286.0,True,Williams,7656.542,2026-03-29T06:17:53.910000000,False,None,False,True,7666.984,17.9,55.6,1011.6,False,30.7,88,0.8,Japanese Grand Prix
95.036,39,HARD,2,34.822,42.103,18.111,701010000.0,1000.0,0.0,17,17.0,1,True,7846.664,ALB,23,None,None,7786.483,7828.586,7846.697,278.0,315.0,282.0,286.0,True,Williams,7751.628,2026-03-29T06:19:28.996000000,False,None,False,True,7726.986,17.9,55.8,1011.7,False,31.1,119,1.8,Japanese Grand Prix
94.969,40,HARD,2,34.929,41.929,18.111,700000000.0,0.0,0.0,18,17.0,1,True,7941.633,ALB,23,None,None,7881.626,7923.555,7941.666,279.0,316.0,282.0,285.0,True,Williams,7846.664,2026-03-29T06:21:04.032000000,False,None,False,True,7846.99,17.8,55.5,1011.6,False,31.0,167,1.0,Japanese Grand Prix
94.973,41,HARD,2,34.936,41.845,18.192,700000100.0,10100001000.0,100000.0,19,17.0,1,False,8036.606,ALB,23,None,None,7976.602,8018.447,8036.639,280.0,318.0,281.0,287.0,True,Williams,7941.633,2026-03-29T06:22:39.001000000,False,None,False,True,7966.994,17.8,55.7,1011.6,False,30.7,140,0.6,Japanese Grand Prix
95.7,42,HARD,2,35.227,42.229,18.244,700000000.0,10000000000.0,0.0,20,17.0,1,False,8132.306,ALB,23,None,None,8071.866,8114.095,8132.339,278.0,312.0,282.0,283.0,True,Williams,8036.606,2026-03-29T06:24:13.974000000,False,None,False,True,8026.998,18.1,55.4,1011.6,False,30.6,153,2.5,Japanese Grand Prix
95.195,43,HARD,2,35.07,41.994,18.131,700000000.0,0.0,10000.0,21,17.0,1,False,8227.501,ALB,23,None,None,8167.409,8209.403,8227.534,280.0,315.0,282.0,283.0,True,Williams,8132.306,2026-03-29T06:25:49.674000000,False,None,False,True,8146.993,17.9,57.1,1011.7,False,30.4,140,0.9,Japanese Grand Prix
95.263,44,HARD,2,34.97,42.028,18.265,700001000.0,1000000000.0,0.0,22,17.0,1,False,8322.764,ALB,23,None,None,8262.504,8304.532,8322.797,280.0,312.0,281.0,281.0,True,Williams,8227.501,2026-03-29T06:27:24.869000000,False,None,False,True,8207.003,17.9,57.3,1011.7,False,30.5,9,0.5,Japanese Grand Prix
97.604,45,HARD,2,35.167,41.922,20.515,700000000.0,100000000.0,10555.0,23,17.0,1,False,8420.368,ALB,23,None,8419.074,8357.964,8399.886,8420.401,280.0,313.0,None,282.0,True,Williams,8322.764,2026-03-29T06:29:00.132000000,False,None,False,False,8326.995,18.0,56.5,1011.7,False,30.9,129,1.1,Japanese Grand Prix
116.651,46,SOFT,3,54.718,41.642,20.291,550000110.0,1001000100.0,10555.0,1,18.0,1,False,8537.019,ALB,23,8442.087,8535.709,8475.119,8516.761,8537.052,278.0,312.0,None,280.0,True,Williams,8420.368,2026-03-29T06:30:37.736000000,False,None,False,False,8386.994,18.0,56.6,1011.7,False,29.6,83,2.0,Japanese Grand Prix
117.5,47,SOFT,4,55.384,41.689,20.427,750111100.0,3001000.0,555.0,2,19.0,1,False,8654.519,ALB,23,8559.712,8653.359,8592.436,8634.125,8654.552,262.0,313.0,None,280.0,False,Williams,8537.019,2026-03-29T06:32:34.387000000,False,None,False,False,8507.001,17.9,57.4,1011.8,False,30.8,91,0.8,Japanese Grand Prix
119.619,48,SOFT,5,57.76,41.527,20.332,750000000.0,1010001100.0,555.0,3,20.0,1,False,8774.138,ALB,23,8679.312,8772.839,8712.312,8753.839,8774.171,267.0,311.0,None,278.0,False,Williams,8654.519,2026-03-29T06:34:31.887000000,False,None,False,False,8627.007,17.9,57.3,1011.8,False,30.2,81,1.3,Japanese Grand Prix
127.219,49,SOFT,6,64.956,41.86,20.403,750000000.0,300000000.0,555.0,4,20.0,1,False,8901.357,ALB,23,8805.557,8900.148,8839.127,8880.987,8901.39,268.0,310.0,None,277.0,False,Williams,8774.138,2026-03-29T06:36:31.506000000,False,None,False,False,8687.017,17.9,57.8,1011.7,False,30.9,110,0.9,Japanese Grand Prix
118.65,50,MEDIUM,7,57.605,41.428,19.617,750100000.0,110100.0,3110.0,1,20.0,1,False,9020.007,ALB,23,8924.321,None,8958.995,9000.423,9020.04,280.0,327.0,283.0,286.0,True,Williams,8901.357,2026-03-29T06:38:38.725000000,False,None,False,False,8807.046,18.0,57.9,1011.7,False,30.6,128,1.5,Japanese Grand Prix
93.427,51,MEDIUM,7,34.368,41.228,17.831,110110.0,1000001100.0,110.0,2,20.0,1,True,9113.434,ALB,23,None,None,9054.408,9095.636,9113.467,262.0,319.0,283.0,283.0,True,Williams,9020.007,2026-03-29T06:40:37.375000000,False,None,False,True,8867.045,17.8,59.2,1011.8,False,30.2,113,1.9,Japanese Grand Prix
107.044,1,MEDIUM,1,,45.219,18.453,11111111.0,11111111111.0,1111111.0,1,20.0,1,False,3932.008,ALO,14,None,None,None,3913.738,3932.234,238.0,318.0,272.0,282.0,True,Aston Martin,3824.711,2026-03-29T05:14:02.079000000,False,None,False,False,3826.937,18.8,55.5,1011.7,False,36.7,124,2.1,Japanese Grand Prix
98.589,2,MEDIUM,1,36.281,43.758,18.55,111111111.0,11111111110.0,1110000.0,2,20.0,1,True,4030.597,ALO,14,None,None,3968.35,4012.108,4030.658,245.0,316.0,266.0,279.0,True,Aston Martin,3932.008,2026-03-29T05:15:49.376000000,False,None,False,True,3946.939,18.9,54.3,1011.7,False,36.7,143,1.5,Japanese Grand Prix
98.501,3,MEDIUM,1,36.233,43.723,18.545,1111111.0,10111001000.0,10110.0,3,20.0,1,True,4129.098,ALO,14,None,None,4066.891,4110.614,4129.159,248.0,312.0,268.0,277.0,True,Aston Martin,4030.597,2026-03-29T05:17:27.965000000,False,None,False,True,4066.945,18.9,54.5,1011.7,False,36.0,112,2.1,Japanese Grand Prix
98.517,4,MEDIUM,1,36.319,43.615,18.583,700101001.0,11100001100.0,100.0,4,20.0,1,False,4227.615,ALO,14,None,None,4165.478,4209.093,4227.676,249.0,312.0,268.0,275.0,True,Aston Martin,4129.098,2026-03-29T05:19:06.466000000,False,None,False,True,4126.951,19.0,54.0,1011.8,False,36.5,104,0.4,Japanese Grand Prix
98.528,5,MEDIUM,1,36.303,43.517,18.708,700010011.0,11010001000.0,0.0,5,20.0,1,False,4326.143,ALO,14,None,None,4263.979,4307.496,4326.204,249.0,309.0,268.0,274.0,True,Aston Martin,4227.615,2026-03-29T05:20:44.983000000,False,None,False,True,4246.946,19.1,53.2,1011.8,False,36.4,128,2.3,Japanese Grand Prix
98.652,6,MEDIUM,1,36.383,43.539,18.73,700000011.0,11010000000.0,0.0,6,20.0,1,False,4424.795,ALO,14,None,None,4362.587,4406.126,4424.856,249.0,306.0,268.0,271.0,True,Aston Martin,4326.143,2026-03-29T05:22:23.511000000,False,None,False,True,4306.945,19.2,52.0,1011.8,False,36.0,95,1.4,Japanese Grand Prix
98.592,7,MEDIUM,1,36.369,43.554,18.669,700100001.0,10000001100.0,10000.0,7,20.0,1,False,4523.387,ALO,14,None,None,4461.225,4504.779,4523.448,250.0,308.0,267.0,270.0,True,Aston Martin,4424.795,2026-03-29T05:24:02.163000000,False,None,False,True,4426.948,19.1,51.3,1011.8,False,35.7,130,1.3,Japanese Grand Prix
98.889,8,MEDIUM,1,37.0,43.352,18.537,700000000.0,11000010.0,1111.0,8,21.0,1,False,4622.276,ALO,14,None,None,4560.448,4603.8,4622.337,249.0,313.0,272.0,277.0,True,Aston Martin,4523.387,2026-03-29T05:25:40.755000000,False,None,False,True,4546.949,19.0,51.7,1011.8,False,35.3,144,2.7,Japanese Grand Prix
98.296,9,MEDIUM,1,36.35,43.434,18.512,701010101.0,0.0,10.0,9,21.0,1,True,4720.572,ALO,14,None,None,4658.687,4702.121,4720.633,249.0,315.0,271.0,277.0,True,Aston Martin,4622.276,2026-03-29T05:27:19.644000000,False,None,False,True,4606.955,19.1,51.2,1011.7,False,34.6,120,2.3,Japanese Grand Prix
98.487,10,MEDIUM,1,36.303,43.608,18.576,701010001.0,0.0,0.0,10,21.0,1,False,4819.059,ALO,14,None,None,4756.936,4800.544,4819.12,251.0,314.0,271.0,276.0,True,Aston Martin,4720.572,2026-03-29T05:28:57.940000000,False,None,False,True,4726.95,19.0,51.2,1011.8,False,34.6,126,2.0,Japanese Grand Prix
97.866,11,MEDIUM,1,36.198,43.351,18.317,700010001.0,1.0,1000101.0,11,21.0,1,True,4916.925,ALO,14,None,None,4855.318,4898.669,4916.986,250.0,326.0,272.0,281.0,True,Aston Martin,4819.059,2026-03-29T05:30:36.427000000,False,None,False,True,4786.951,19.1,50.7,1011.7,False,34.0,142,1.5,Japanese Grand Prix
98.235,12,MEDIUM,1,36.473,43.371,18.391,700000000.0,10001000001.0,1001101.0,12,21.0,1,False,5015.16,ALO,14,None,None,4953.459,4996.83,5015.221,250.0,327.0,275.0,283.0,True,Aston Martin,4916.925,2026-03-29T05:32:14.293000000,False,None,False,True,4906.957,19.1,50.5,1011.9,False,33.7,82,1.3,Japanese Grand Prix
98.591,13,MEDIUM,1,36.445,43.582,18.564,700000001.0,1110000.0,1.0,13,21.0,1,False,5113.751,ALO,14,None,None,5051.666,5095.248,5113.812,254.0,316.0,271.0,278.0,True,Aston Martin,5015.16,2026-03-29T05:33:52.528000000,False,None,False,True,5026.956,19.0,50.6,1011.8,False,33.8,151,2.0,Japanese Grand Prix
98.222,14,MEDIUM,1,36.458,43.249,18.515,700000001.0,110000.0,0.0,14,21.0,1,False,5211.973,ALO,14,None,None,5150.27,5193.519,5212.034,256.0,326.0,265.0,282.0,True,Aston Martin,5113.751,2026-03-29T05:35:31.119000000,False,None,False,True,5086.955,19.0,50.6,1011.8,False,33.6,56,1.2,Japanese Grand Prix
98.641,15,MEDIUM,1,36.621,43.24,18.78,700000000.0,10100000001.0,1000000.0,15,21.0,1,False,5310.614,ALO,14,None,None,5248.655,5291.895,5310.675,255.0,328.0,267.0,283.0,True,Aston Martin,5211.973,2026-03-29T05:37:09.341000000,False,None,False,True,5206.955,18.8,51.4,1011.6,False,33.2,98,1.2,Japanese Grand Prix
98.731,16,MEDIUM,1,36.699,43.456,18.576,700000001.0,100000.0,0.0,16,21.0,1,False,5409.345,ALO,14,None,None,5347.374,5390.83,5409.406,257.0,315.0,271.0,277.0,True,Aston Martin,5310.614,2026-03-29T05:38:47.982000000,False,None,False,True,5266.957,18.8,50.8,1011.8,False,33.4,44,0.7,Japanese Grand Prix
98.303,17,MEDIUM,1,36.461,43.351,18.491,700000000.0,1110000.0,1101.0,17,21.0,1,False,5507.648,ALO,14,None,None,5445.867,5489.218,5507.709,255.0,318.0,276.0,279.0,True,Aston Martin,5409.345,2026-03-29T05:40:26.713000000,False,None,False,True,5386.956,18.9,47.8,1011.8,False,32.9,133,2.6,Japanese Grand Prix
98.504,18,MEDIUM,1,36.377,43.338,18.789,700000000.0,1000001.0,0.0,18,21.0,1,False,5606.152,ALO,14,None,None,5544.086,5587.424,5606.213,255.0,329.0,265.0,282.0,True,Aston Martin,5507.648,2026-03-29T05:42:05.016000000,False,None,False,True,5506.96,18.8,48.7,1011.7,False,32.8,100,1.3,Japanese Grand Prix
98.602,19,MEDIUM,1,36.674,43.29,18.638,700000000.0,100100010.0,0.0,19,21.0,1,False,5704.754,ALO,14,None,None,5642.887,5686.177,5704.815,255.0,322.0,267.0,279.0,True,Aston Martin,5606.152,2026-03-29T05:43:43.520000000,False,None,False,True,5566.954,18.8,48.5,1011.7,False,32.2,24,1.7,Japanese Grand Prix
98.18,20,MEDIUM,1,36.376,43.166,18.638,700000001.0,10100000010.0,1000.0,20,21.0,1,False,5802.934,ALO,14,None,None,5741.191,5784.357,5802.995,263.0,323.0,259.0,282.0,True,Aston Martin,5704.754,2026-03-29T05:45:22.122000000,False,None,False,True,5686.962,18.7,49.2,1011.7,False,32.7,131,2.2,Japanese Grand Prix
119.021,21,MEDIUM,1,36.528,50.917,31.576,700010000.0,0.0,555.0,21,20.0,124,False,5921.955,ALO,14,None,5920.39,5839.523,5890.44,5922.016,263.0,264.0,None,182.0,True,Aston Martin,5802.934,2026-03-29T05:47:00.302000000,False,None,False,False,5806.966,18.6,49.9,1011.7,False,32.6,116,0.9,Japanese Grand Prix
144.568,22,HARD,2,61.987,60.954,21.627,550000000.0,0.0,0.0,1,20.0,4,False,6066.523,ALO,14,5946.862,None,5984.003,6044.957,6066.584,247.0,262.0,259.0,237.0,True,Aston Martin,5921.955,2026-03-29T05:48:59.323000000,False,None,False,False,5866.963,18.6,50.4,1011.6,False,32.9,163,0.7,Japanese Grand Prix
113.088,23,HARD,2,39.519,51.323,22.246,0.0,0.0,555.0,2,20.0,4,False,6179.611,ALO,14,None,6178.231,6106.103,6157.426,6179.672,251.0,293.0,None,260.0,True,Aston Martin,6066.523,2026-03-29T05:51:23.891000000,False,None,False,False,5986.965,18.5,51.5,1011.7,False,32.7,107,0.4,Japanese Grand Prix
125.307,24,MEDIUM,3,58.126,47.873,19.308,550000000.0,0.0,0.0,1,20.0,4,False,6304.918,ALO,14,6202.289,None,6237.798,6285.671,6304.979,251.0,295.0,265.0,261.0,True,Aston Martin,6179.611,2026-03-29T05:53:16.979000000,False,None,False,False,6166.968,18.5,51.1,1011.7,False,32.9,121,1.3,Japanese Grand Prix
118.917,25,MEDIUM,3,40.594,54.319,24.004,0.0,0.0,0.0,2,20.0,4,False,6423.835,ALO,14,None,None,6345.573,6399.892,6423.896,252.0,268.0,226.0,208.0,True,Aston Martin,6304.918,2026-03-29T05:55:22.286000000,False,None,False,False,6286.968,18.5,51.8,1011.7,False,32.8,120,1.5,Japanese Grand Prix
146.015,26,MEDIUM,3,49.813,65.194,31.008,700000000.0,0.0,0.0,3,20.0,4,False,6569.85,ALO,14,None,None,6473.709,6538.903,6569.911,161.0,168.0,106.0,211.0,True,Aston Martin,6423.835,2026-03-29T05:57:21.203000000,False,None,False,False,6406.972,18.5,50.7,1011.7,False,32.3,106,2.0,Japanese Grand Prix
129.786,27,MEDIUM,3,45.686,59.978,24.122,700000000.0,0.0,0.0,4,20.0,41,False,6699.636,ALO,14,None,None,6615.597,6675.575,6699.697,173.0,138.0,271.0,196.0,True,Aston Martin,6569.85,2026-03-29T05:59:47.218000000,False,None,False,False,6586.973,18.3,50.5,1011.7,False,32.2,136,2.5,Japanese Grand Prix
97.909,28,MEDIUM,3,35.995,43.629,18.285,700000000.0,10.0,110000.0,5,20.0,1,False,6797.545,ALO,14,None,None,6735.692,6779.321,6797.606,247.0,317.0,268.0,280.0,True,Aston Martin,6699.636,2026-03-29T06:01:57.004000000,False,None,False,True,6706.975,18.3,47.7,1011.7,False,32.3,122,2.3,Japanese Grand Prix
97.079,29,MEDIUM,3,35.666,43.089,18.324,701110110.0,100000110.0,100100.0,6,20.0,1,True,6894.624,ALO,14,None,None,6833.272,6876.361,6894.685,258.0,313.0,269.0,279.0,True,Aston Martin,6797.545,2026-03-29T06:03:34.913000000,False,None,False,True,6826.974,18.4,48.2,1011.7,False,32.4,132,2.6,Japanese Grand Prix
97.411,30,MEDIUM,3,35.685,43.153,18.573,701000000.0,100000010.0,0.0,7,19.0,1,False,6992.035,ALO,14,None,None,6930.37,6973.523,6992.096,258.0,314.0,266.0,278.0,True,Aston Martin,6894.624,2026-03-29T06:05:11.992000000,False,None,False,True,6886.976,18.4,47.6,1011.7,False,32.1,135,0.8,Japanese Grand Prix
97.864,31,MEDIUM,3,36.137,43.271,18.456,700000000.0,0.0,0.0,8,19.0,1,False,7089.899,ALO,14,None,None,7028.233,7071.504,7089.96,257.0,320.0,269.0,277.0,True,Aston Martin,6992.035,2026-03-29T06:06:49.403000000,False,None,False,True,7006.979,18.4,49.7,1011.7,False,32.0,129,1.9,Japanese Grand Prix
98.062,32,MEDIUM,3,35.972,43.382,18.708,700000010.0,1000000000.0,0.0,9,19.0,1,False,7187.961,ALO,14,None,None,7125.932,7169.314,7188.022,250.0,306.0,270.0,270.0,True,Aston Martin,7089.899,2026-03-29T06:08:27.267000000,False,None,False,True,7126.981,18.5,50.7,1011.6,False,32.0,133,2.0,Japanese Grand Prix
97.702,33,MEDIUM,3,35.856,43.216,18.63,700000110.0,1000.0,0.0,10,19.0,1,False,7285.663,ALO,14,None,None,7223.878,7267.094,7285.724,254.0,309.0,269.0,270.0,True,Aston Martin,7187.961,2026-03-29T06:10:05.329000000,False,None,False,True,7186.981,18.5,50.0,1011.7,False,31.5,140,1.1,Japanese Grand Prix
97.651,34,MEDIUM,3,35.963,43.051,18.637,700010100.0,1000001100.0,0.0,11,19.0,1,False,7383.314,ALO,14,None,None,7321.687,7364.738,7383.375,252.0,307.0,270.0,269.0,True,Aston Martin,7285.663,2026-03-29T06:11:43.031000000,False,None,False,True,7306.992,18.5,51.0,1011.6,False,31.4,113,1.2,Japanese Grand Prix
97.754,35,MEDIUM,3,35.872,43.159,18.723,700110100.0,0.0,0.0,12,19.0,1,False,7481.068,ALO,14,None,None,7419.247,7462.406,7481.129,253.0,306.0,270.0,269.0,True,Aston Martin,7383.314,2026-03-29T06:13:20.682000000,False,None,False,True,7366.98,18.3,51.1,1011.6,False,31.4,154,2.4,Japanese Grand Prix
97.786,36,MEDIUM,3,35.929,43.075,18.782,700011000.0,10000100.0,0.0,13,19.0,1,False,7578.854,ALO,14,None,None,7517.058,7560.133,7578.915,252.0,306.0,270.0,268.0,True,Aston Martin,7481.068,2026-03-29T06:14:58.436000000,False,None,False,True,7486.983,18.1,52.4,1011.7,False,31.1,170,0.8,Japanese Grand Prix
97.458,37,MEDIUM,3,35.826,42.895,18.737,700011000.0,1000001100.0,10.0,14,19.0,1,False,7676.312,ALO,14,None,None,7614.741,7657.636,7676.373,251.0,307.0,270.0,269.0,True,Aston Martin,7578.854,2026-03-29T06:16:36.222000000,False,None,False,True,7546.988,18.0,53.7,1011.6,False,31.0,138,1.5,Japanese Grand Prix
97.241,38,MEDIUM,3,35.756,42.817,18.668,700000010.0,0.0,10.0,15,19.0,1,False,7773.553,ALO,14,None,None,7712.129,7754.946,7773.614,252.0,306.0,271.0,269.0,True,Aston Martin,7676.312,2026-03-29T06:18:13.680000000,False,None,False,True,7666.984,17.9,55.6,1011.6,False,30.7,88,0.8,Japanese Grand Prix
97.124,39,MEDIUM,3,35.648,42.93,18.546,700100100.0,1100.0,10.0,16,19.0,1,False,7870.677,ALO,14,None,None,7809.262,7852.192,7870.738,253.0,306.0,271.0,268.0,True,Aston Martin,7773.553,2026-03-29T06:19:50.921000000,False,None,False,True,7726.986,17.9,55.8,1011.7,False,31.1,119,1.8,Japanese Grand Prix
97.098,40,MEDIUM,3,35.682,42.719,18.697,700110000.0,1010000000.0,110.0,17,19.0,1,False,7967.775,ALO,14,None,None,7906.42,7949.139,7967.836,250.0,307.0,271.0,268.0,True,Aston Martin,7870.677,2026-03-29T06:21:28.045000000,False,None,False,True,7846.99,17.8,55.5,1011.6,False,31.0,167,1.0,Japanese Grand Prix
96.828,41,MEDIUM,3,35.569,42.661,18.598,700011010.0,1100.0,0.0,18,19.0,1,True,8064.603,ALO,14,None,None,8003.405,8046.066,8064.664,253.0,307.0,271.0,268.0,True,Aston Martin,7967.775,2026-03-29T06:23:05.143000000,False,None,False,True,7966.994,17.8,55.7,1011.6,False,30.7,140,0.6,Japanese Grand Prix
96.957,42,MEDIUM,3,35.672,42.689,18.596,700000000.0,1100.0,10000.0,19,19.0,1,False,8161.56,ALO,14,None,None,8100.336,8143.025,8161.621,252.0,304.0,271.0,266.0,True,Aston Martin,8064.603,2026-03-29T06:24:41.971000000,False,None,False,True,8026.998,18.1,55.4,1011.6,False,30.6,153,2.5,Japanese Grand Prix
97.337,43,MEDIUM,3,35.8,42.923,18.614,700000000.0,0.0,10000.0,20,19.0,1,False,8258.897,ALO,14,None,None,8197.421,8240.344,8258.958,251.0,303.0,271.0,266.0,True,Aston Martin,8161.56,2026-03-29T06:26:18.928000000,False,None,False,True,8146.993,17.9,57.1,1011.7,False,30.4,140,0.9,Japanese Grand Prix
96.771,44,MEDIUM,3,35.597,42.575,18.599,700000000.0,1000000000.0,0.0,21,19.0,1,True,8355.668,ALO,14,None,None,8294.555,8337.13,8355.729,254.0,306.0,275.0,268.0,True,Aston Martin,8258.897,2026-03-29T06:27:56.265000000,False,None,False,True,8207.003,17.9,57.3,1011.7,False,30.5,9,0.5,Japanese Grand Prix
96.677,45,MEDIUM,3,35.249,42.815,18.613,700110000.0,0.0,0.0,22,19.0,1,True,8452.345,ALO,14,None,None,8390.978,8433.793,8452.406,254.0,305.0,271.0,267.0,True,Aston Martin,8355.668,2026-03-29T06:29:33.036000000,False,None,False,True,8326.995,18.0,56.5,1011.7,False,30.9,129,1.1,Japanese Grand Prix
97.589,46,MEDIUM,3,35.643,42.881,19.065,700000000.0,0.0,0.0,23,19.0,1,False,8549.934,ALO,14,None,None,8488.049,8530.93,8549.995,252.0,308.0,271.0,269.0,True,Aston Martin,8452.345,2026-03-29T06:31:09.713000000,False,None,False,True,8386.994,18.0,56.6,1011.7,False,29.6,83,2.0,Japanese Grand Prix
96.221,47,MEDIUM,3,35.495,42.453,18.273,700000000.0,0.0,110.0,24,18.0,1,True,8646.155,ALO,14,None,None,8585.49,8627.943,8646.216,255.0,324.0,272.0,276.0,True,Aston Martin,8549.934,2026-03-29T06:32:47.302000000,False,None,False,True,8507.001,17.9,57.4,1011.8,False,30.8,91,0.8,Japanese Grand Prix
96.837,48,MEDIUM,3,35.508,42.716,18.613,700000000.0,10000000000.0,0.0,25,18.0,1,False,8742.992,ALO,14,None,None,8681.724,8724.44,8743.053,252.0,307.0,271.0,267.0,True,Aston Martin,8646.155,2026-03-29T06:34:23.523000000,False,None,False,True,8627.007,17.9,57.3,1011.8,False,30.2,81,1.3,Japanese Grand Prix
97.112,49,MEDIUM,3,35.718,42.818,18.576,700000000.0,0.0,77000.0,26,18.0,1,False,8840.104,ALO,14,None,None,8778.771,8821.589,8840.165,252.0,307.0,269.0,269.0,True,Aston Martin,8742.992,2026-03-29T06:36:00.360000000,True,TRACK LIMITS AT TURN 17 LAP 49 ,False,True,8687.017,17.9,57.8,1011.7,False,30.9,110,0.9,Japanese Grand Prix
99.107,50,MEDIUM,3,35.71,43.766,19.631,700000000.0,1000000.0,0.0,27,18.0,1,False,8939.211,ALO,14,None,None,8875.875,8919.641,8939.272,252.0,313.0,275.0,271.0,True,Aston Martin,8840.104,2026-03-29T06:37:37.472000000,False,None,False,True,8807.046,18.0,57.9,1011.7,False,30.6,128,1.5,Japanese Grand Prix
96.751,51,MEDIUM,3,35.575,42.743,18.433,700000000.0,0.0,110.0,28,18.0,1,False,9035.962,ALO,14,None,None,8974.847,9017.59,9036.023,252.0,313.0,273.0,272.0,True,Aston Martin,8939.211,2026-03-29T06:39:16.579000000,False,None,False,True,8867.045,17.8,59.2,1011.8,False,30.2,113,1.9,Japanese Grand Prix
98.953,52,MEDIUM,3,35.522,45.098,18.333,700001000.0,0.0,0.0,29,18.0,1,False,9134.915,ALO,14,None,None,9071.545,9116.643,9134.976,253.0,324.0,273.0,280.0,True,Aston Martin,9035.962,2026-03-29T06:40:53.330000000,False,None,False,True,8987.049,17.6,59.8,1011.8,False,30.0,107,1.5,Japanese Grand Prix
98.784,1,MEDIUM,1,,42.42,17.942,11111111.0,11111111111.0,1111111.0,1,6.0,1,False,3923.748,ANT,12,None,None,None,3905.97,3923.925,285.0,332.0,278.0,293.0,True,Mercedes,3824.711,2026-03-29T05:14:02.079000000,False,None,False,False,3826.937,18.8,55.5,1011.7,False,36.7,124,2.1,Japanese Grand Prix
94.475,2,MEDIUM,1,34.437,42.202,17.836,111111110.0,11011001011.0,13100.0,2,5.0,1,True,4018.223,ANT,12,None,None,3958.22,4000.422,4018.258,261.0,333.0,279.0,291.0,True,Mercedes,3923.748,2026-03-29T05:15:41.116000000,False,None,False,True,3946.939,18.9,54.3,1011.7,False,36.7,143,1.5,Japanese Grand Prix
95.536,3,MEDIUM,1,35.282,42.109,18.145,10000000.0,110000111.0,11.0,3,5.0,1,False,4113.759,ANT,12,None,None,4053.54,4095.649,4113.794,262.0,335.0,280.0,294.0,True,Mercedes,4018.223,2026-03-29T05:17:15.591000000,False,None,False,True,4066.945,18.9,54.5,1011.7,False,36.0,112,2.1,Japanese Grand Prix
95.523,4,MEDIUM,1,34.978,42.457,18.088,710010000.0,1001000.0,0.0,4,5.0,1,False,4209.282,ANT,12,None,None,4148.772,4191.229,4209.317,269.0,329.0,280.0,289.0,True,Mercedes,4113.759,2026-03-29T05:18:51.127000000,False,None,False,True,4126.951,19.0,54.0,1011.8,False,36.5,104,0.4,Japanese Grand Prix
95.24,5,MEDIUM,1,34.818,42.395,18.027,100001000.0,10100000000.0,111.0,5,5.0,1,False,4304.522,ANT,12,None,None,4244.135,4286.53,4304.557,271.0,326.0,281.0,290.0,True,Mercedes,4209.282,2026-03-29T05:20:26.650000000,False,None,False,True,4246.946,19.1,53.2,1011.8,False,36.4,128,2.3,Japanese Grand Prix
94.962,6,MEDIUM,1,34.771,42.134,18.057,10001000.0,10000000000.0,1.0,6,5.0,1,False,4399.484,ANT,12,None,None,4339.328,4381.462,4399.519,268.0,329.0,282.0,293.0,True,Mercedes,4304.522,2026-03-29T05:22:01.890000000,False,None,False,True,4306.945,19.2,52.0,1011.8,False,36.0,95,1.4,Japanese Grand Prix
95.076,7,MEDIUM,1,34.821,42.201,18.054,110000010.0,101000000.0,0.0,7,5.0,1,False,4494.56,ANT,12,None,None,4434.34,4476.541,4494.595,263.0,331.0,281.0,292.0,True,Mercedes,4399.484,2026-03-29T05:23:36.852000000,False,None,False,True,4426.948,19.1,51.3,1011.8,False,35.7,130,1.3,Japanese Grand Prix
95.203,8,MEDIUM,1,34.865,42.112,18.226,0.0,1010000000.0,1.0,8,5.0,1,False,4589.763,ANT,12,None,None,4529.46,4571.572,4589.798,263.0,333.0,282.0,294.0,True,Mercedes,4494.56,2026-03-29T05:25:11.928000000,False,None,False,True,4546.949,19.0,51.7,1011.8,False,35.3,144,2.7,Japanese Grand Prix
95.534,9,MEDIUM,1,35.232,42.073,18.229,700000000.0,1.0,1000011.0,9,5.0,1,False,4685.297,ANT,12,None,None,4625.03,4667.103,4685.332,262.0,336.0,283.0,296.0,True,Mercedes,4589.763,2026-03-29T05:26:47.131000000,False,None,False,True,4606.955,19.1,51.2,1011.7,False,34.6,120,2.3,Japanese Grand Prix
95.41,10,MEDIUM,1,35.153,42.226,18.031,110000000.0,10000000000.0,0.0,10,5.0,1,False,4780.707,ANT,12,None,None,4720.485,4762.711,4780.742,272.0,330.0,282.0,292.0,True,Mercedes,4685.297,2026-03-29T05:28:22.665000000,False,None,False,True,4726.95,19.0,51.2,1011.8,False,34.6,126,2.0,Japanese Grand Prix
95.115,11,MEDIUM,1,35.153,42.079,17.883,0.0,11.0,110010.0,11,4.0,1,False,4875.822,ANT,12,None,None,None,4857.974,4875.857,266.0,336.0,280.0,297.0,True,Mercedes,4780.707,2026-03-29T05:29:58.075000000,False,None,False,True,4786.951,19.1,50.7,1011.7,False,34.0,142,1.5,Japanese Grand Prix
95.027,12,MEDIUM,1,35.013,42.01,18.004,700000000.0,11010001100.0,11000.0,12,4.0,1,False,4970.849,ANT,12,None,None,4910.87,4952.88,4970.884,261.0,321.0,280.0,285.0,True,Mercedes,4875.822,2026-03-29T05:31:33.190000000,False,None,False,True,4906.957,19.1,50.5,1011.9,False,33.7,82,1.3,Japanese Grand Prix
94.944,13,MEDIUM,1,34.77,42.068,18.106,701010000.0,1000000000.0,1000.0,13,4.0,1,False,5065.793,ANT,12,None,None,5005.654,5047.722,5065.828,273.0,324.0,281.0,288.0,True,Mercedes,4970.849,2026-03-29T05:33:08.217000000,False,None,False,True,5026.956,19.0,50.6,1011.8,False,33.8,151,2.0,Japanese Grand Prix
95.261,14,MEDIUM,1,34.902,42.315,18.044,700000000.0,0.0,1100.0,14,4.0,1,False,5161.054,ANT,12,None,None,5100.73,5143.045,5161.089,274.0,324.0,279.0,289.0,True,Mercedes,5065.793,2026-03-29T05:34:43.161000000,False,None,False,True,5086.955,19.0,50.6,1011.8,False,33.6,56,1.2,Japanese Grand Prix
95.377,15,MEDIUM,1,34.944,42.109,18.324,700000000.0,1000000.0,100000.0,15,3.0,1,False,5256.431,ANT,12,None,None,5196.033,5238.142,5256.466,269.0,330.0,267.0,289.0,True,Mercedes,5161.054,2026-03-29T05:36:18.422000000,False,None,False,True,5206.955,18.8,51.4,1011.6,False,33.2,98,1.2,Japanese Grand Prix
96.164,16,MEDIUM,1,36.072,42.106,17.986,700000000.0,1000000000.0,10000.0,16,4.0,1,False,5352.595,ANT,12,None,None,5292.538,5334.644,5352.63,256.0,320.0,281.0,284.0,True,Mercedes,5256.431,2026-03-29T05:37:53.799000000,False,None,False,True,5266.957,18.8,50.8,1011.8,False,33.4,44,0.7,Japanese Grand Prix
94.686,17,MEDIUM,1,34.843,41.875,17.968,700010000.0,100000000.0,100.0,17,3.0,1,False,5447.281,ANT,12,None,None,5387.473,5429.348,5447.316,270.0,329.0,280.0,291.0,True,Mercedes,5352.595,2026-03-29T05:39:29.963000000,False,None,False,True,5386.956,18.9,47.8,1011.8,False,32.9,133,2.6,Japanese Grand Prix
94.095,18,MEDIUM,1,34.399,41.758,17.938,701111100.0,1000000100.0,10130.0,18,3.0,1,True,5541.376,ANT,12,None,None,5481.715,5523.473,5541.411,259.0,325.0,280.0,283.0,True,Mercedes,5447.281,2026-03-29T05:41:04.649000000,False,None,False,True,5506.96,18.8,48.7,1011.7,False,32.8,100,1.3,Japanese Grand Prix
94.343,19,MEDIUM,1,34.476,41.879,17.988,700101000.0,10101001000.0,10000.0,19,2.0,1,False,5635.719,ANT,12,None,None,5575.887,5617.766,5635.754,258.0,318.0,278.0,281.0,True,Mercedes,5541.376,2026-03-29T05:42:38.744000000,False,None,False,True,5566.954,18.8,48.5,1011.7,False,32.2,24,1.7,Japanese Grand Prix
94.241,20,MEDIUM,1,34.504,41.791,17.946,701110000.0,10100001000.0,0.0,20,2.0,1,False,5729.96,ANT,12,None,None,5670.258,5712.049,5729.995,261.0,321.0,279.0,283.0,True,Mercedes,5635.719,2026-03-29T05:44:13.087000000,False,None,False,True,5686.962,18.7,49.2,1011.7,False,32.7,131,2.2,Japanese Grand Prix
93.948,21,MEDIUM,1,34.329,41.686,17.933,703000000.0,10001000.0,30100.0,21,1.0,1,True,5823.908,ANT,12,None,None,5764.324,5806.01,5823.943,261.0,318.0,280.0,282.0,True,Mercedes,5729.96,2026-03-29T05:45:47.328000000,False,None,False,True,5806.966,18.6,49.9,1011.7,False,32.6,116,0.9,Japanese Grand Prix
113.376,22,MEDIUM,1,34.353,53.479,25.544,700010000.0,10000000000.0,555.0,22,1.0,124,False,5937.284,ANT,12,None,5935.866,5858.296,5911.775,5937.319,261.0,205.0,None,204.0,True,Mercedes,5823.908,2026-03-29T05:47:21.276000000,False,None,False,False,5866.963,18.6,50.4,1011.6,False,32.9,163,0.7,Japanese Grand Prix
159.827,23,HARD,2,63.96,66.163,29.704,550000000.0,0.0,0.0,1,1.0,4,False,6097.205,ANT,12,5959.138,None,6001.373,6067.654,6097.301,263.0,151.0,222.0,166.0,True,Mercedes,5937.284,2026-03-29T05:49:14.652000000,False,None,False,False,5986.965,18.5,51.5,1011.7,False,32.7,107,0.4,Japanese Grand Prix
150.266,24,HARD,2,52.194,71.277,26.795,0.0,0.0,0.0,2,1.0,4,False,6247.409,ANT,12,None,None,6149.373,6220.649,6247.498,172.0,210.0,206.0,184.0,True,Mercedes,6097.205,2026-03-29T05:51:54.573000000,False,None,False,False,6166.968,18.5,51.1,1011.7,False,32.9,121,1.3,Japanese Grand Prix
150.634,25,HARD,2,51.53,72.146,26.958,700000000.0,0.0,0.0,3,1.0,4,False,6398.05,ANT,12,None,None,6299.018,6371.186,6398.142,215.0,206.0,218.0,170.0,True,Mercedes,6247.409,2026-03-29T05:54:24.777000000,False,None,False,False,6286.968,18.5,51.8,1011.7,False,32.8,120,1.5,Japanese Grand Prix
146.03,26,HARD,2,55.289,63.602,27.139,700000000.0,0.0,0.0,4,1.0,4,False,6544.08,ANT,12,None,None,6453.374,6516.976,6544.115,193.0,245.0,231.0,175.0,True,Mercedes,6398.05,2026-03-29T05:56:55.418000000,False,None,False,False,6406.972,18.5,50.7,1011.7,False,32.3,106,2.0,Japanese Grand Prix
146.237,27,HARD,2,49.968,67.88,28.389,700000000.0,0.0,100.0,5,1.0,41,False,6690.317,ANT,12,None,None,6594.083,6661.963,6690.352,202.0,117.0,278.0,118.0,True,Mercedes,6544.08,2026-03-29T05:59:21.448000000,False,None,False,False,6586.973,18.3,50.5,1011.7,False,32.2,136,2.5,Japanese Grand Prix
93.649,28,HARD,2,33.933,41.745,17.971,700010310.0,1010000100.0,31330.0,6,1.0,1,True,6783.966,ANT,12,None,None,6724.285,6766.03,6784.001,264.0,310.0,281.0,274.0,True,Mercedes,6690.317,2026-03-29T06:01:47.685000000,False,None,False,True,6706.975,18.3,47.7,1011.7,False,32.3,122,2.3,Japanese Grand Prix
93.367,29,HARD,2,33.975,41.396,17.996,700331000.0,3000000100.0,30.0,7,1.0,1,True,6877.333,ANT,12,None,None,6817.976,6859.372,6877.368,260.0,316.0,280.0,277.0,True,Mercedes,6783.966,2026-03-29T06:03:21.334000000,False,None,False,True,6826.974,18.4,48.2,1011.7,False,32.4,132,2.6,Japanese Grand Prix
92.859,30,HARD,2,33.749,41.267,17.843,700303010.0,13000001300.0,30030.0,8,1.0,1,True,6970.192,ANT,12,None,None,6911.117,6952.384,6970.227,258.0,313.0,281.0,277.0,True,Mercedes,6877.333,2026-03-29T06:04:54.701000000,False,None,False,True,6886.976,18.4,47.6,1011.7,False,32.1,135,0.8,Japanese Grand Prix
93.258,31,HARD,2,33.989,41.365,17.904,700000310.0,33001000000.0,0.0,9,1.0,1,False,7063.45,ANT,12,None,None,7004.216,7045.581,7063.485,260.0,315.0,281.0,278.0,True,Mercedes,6970.192,2026-03-29T06:06:27.560000000,False,None,False,True,7006.979,18.4,49.7,1011.7,False,32.0,129,1.9,Japanese Grand Prix
92.868,32,HARD,2,33.795,41.232,17.841,700000000.0,33000000000.0,1301.0,10,1.0,1,False,7156.318,ANT,12,None,None,7097.28,7138.512,7156.353,260.0,315.0,282.0,278.0,True,Mercedes,7063.45,2026-03-29T06:08:00.818000000,False,None,False,True,7126.981,18.5,50.7,1011.6,False,32.0,133,2.0,Japanese Grand Prix
92.999,33,HARD,2,33.848,41.293,17.858,700003030.0,0.0,30.0,11,1.0,1,False,7249.317,ANT,12,None,None,7190.201,7231.494,7249.352,260.0,315.0,282.0,278.0,True,Mercedes,7156.318,2026-03-29T06:09:33.686000000,False,None,False,True,7186.981,18.5,50.0,1011.7,False,31.5,140,1.1,Japanese Grand Prix
92.909,34,HARD,2,33.69,41.436,17.783,700030030.0,1001000.0,0.0,12,1.0,1,False,7342.226,ANT,12,None,None,7283.042,7324.478,7342.261,260.0,318.0,281.0,279.0,True,Mercedes,7249.317,2026-03-29T06:11:06.685000000,False,None,False,True,7306.992,18.5,51.0,1011.6,False,31.4,113,1.2,Japanese Grand Prix
92.912,35,HARD,2,33.821,41.282,17.809,700000000.0,30000000000.0,0.0,13,1.0,1,False,7435.138,ANT,12,None,None,7376.082,7417.364,7435.173,260.0,316.0,282.0,278.0,True,Mercedes,7342.226,2026-03-29T06:12:39.594000000,False,None,False,True,7366.98,18.3,51.1,1011.6,False,31.4,154,2.4,Japanese Grand Prix
92.933,36,HARD,2,33.733,41.316,17.884,700003030.0,0.0,0.0,14,1.0,1,False,7528.071,ANT,12,None,None,7468.906,7510.222,7528.106,261.0,317.0,281.0,279.0,True,Mercedes,7435.138,2026-03-29T06:14:12.506000000,False,None,False,True,7486.983,18.1,52.4,1011.7,False,31.1,170,0.8,Japanese Grand Prix
92.984,37,HARD,2,33.857,41.266,17.861,700000000.0,1000.0,0.0,15,1.0,1,False,7621.055,ANT,12,None,None,7561.963,7603.229,7621.09,260.0,316.0,281.0,277.0,True,Mercedes,7528.071,2026-03-29T06:15:45.439000000,False,None,False,True,7546.988,18.0,53.7,1011.6,False,31.0,138,1.5,Japanese Grand Prix
92.955,38,HARD,2,33.944,41.18,17.831,700000000.0,1010.0,0.0,16,1.0,1,False,7714.01,ANT,12,None,None,7655.034,7696.214,7714.045,259.0,316.0,281.0,279.0,True,Mercedes,7621.055,2026-03-29T06:17:18.423000000,False,None,False,True,7666.984,17.9,55.6,1011.6,False,30.7,88,0.8,Japanese Grand Prix
92.731,39,HARD,2,33.705,41.24,17.786,700000000.0,30000000000.0,31.0,17,1.0,1,True,7806.741,ANT,12,None,None,7747.75,7788.99,7806.776,261.0,319.0,282.0,279.0,True,Mercedes,7714.01,2026-03-29T06:18:51.378000000,False,None,False,True,7726.986,17.9,55.8,1011.7,False,31.1,119,1.8,Japanese Grand Prix
92.993,40,HARD,2,33.921,41.229,17.843,700003000.0,1000000.0,30000.0,18,1.0,1,False,7899.734,ANT,12,None,None,7840.697,7881.926,7899.769,260.0,319.0,281.0,280.0,True,Mercedes,7806.741,2026-03-29T06:20:24.109000000,False,None,False,True,7846.99,17.8,55.5,1011.6,False,31.0,167,1.0,Japanese Grand Prix
92.736,41,HARD,2,33.844,41.11,17.782,700000000.0,100000000.0,30000.0,19,1.0,1,False,7992.47,ANT,12,None,None,7933.613,7974.723,7992.505,260.0,320.0,281.0,281.0,True,Mercedes,7899.734,2026-03-29T06:21:57.102000000,False,None,False,True,7966.994,17.8,55.7,1011.6,False,30.7,140,0.6,Japanese Grand Prix
92.826,42,HARD,2,33.844,41.192,17.79,700000000.0,0.0,31.0,20,1.0,1,False,8085.296,ANT,12,None,None,None,8067.541,8085.331,261.0,320.0,282.0,280.0,True,Mercedes,7992.47,2026-03-29T06:23:29.838000000,False,None,False,True,8026.998,18.1,55.4,1011.6,False,30.6,153,2.5,Japanese Grand Prix
92.538,43,HARD,2,33.739,41.104,17.695,700000000.0,30101000000.0,130001.0,21,1.0,1,True,8177.834,ANT,12,None,None,8119.07,8160.174,8177.869,261.0,322.0,282.0,281.0,True,Mercedes,8085.296,2026-03-29T06:25:02.664000000,False,None,False,True,8146.993,17.9,57.1,1011.7,False,30.4,140,0.9,Japanese Grand Prix
92.57,44,HARD,2,33.662,41.192,17.716,700000000.0,10.0,1.0,22,1.0,1,False,8270.404,ANT,12,None,None,8211.531,8252.723,8270.439,260.0,321.0,282.0,282.0,True,Mercedes,8177.834,2026-03-29T06:26:35.202000000,False,None,False,True,8207.003,17.9,57.3,1011.7,False,30.5,9,0.5,Japanese Grand Prix
92.819,45,HARD,2,33.897,41.132,17.79,700000000.0,100000010.0,100000.0,23,1.0,1,False,8363.223,ANT,12,None,None,8304.336,8345.468,8363.258,262.0,326.0,283.0,286.0,True,Mercedes,8270.404,2026-03-29T06:28:07.772000000,False,None,False,True,8326.995,18.0,56.5,1011.7,False,30.9,129,1.1,Japanese Grand Prix
92.722,46,HARD,2,33.822,41.13,17.77,700000000.0,0.0,1.0,24,1.0,1,False,8455.945,ANT,12,None,None,8397.08,8438.21,8455.98,261.0,322.0,283.0,281.0,True,Mercedes,8363.223,2026-03-29T06:29:40.591000000,False,None,False,True,8386.994,18.0,56.6,1011.7,False,29.6,83,2.0,Japanese Grand Prix
93.211,47,HARD,2,33.929,41.504,17.778,700030000.0,1000000.0,0.0,25,1.0,1,False,8549.156,ANT,12,None,None,8489.909,8531.413,8549.191,263.0,325.0,280.0,281.0,True,Mercedes,8455.945,2026-03-29T06:31:13.313000000,False,None,False,True,8507.001,17.9,57.4,1011.8,False,30.8,91,0.8,Japanese Grand Prix
93.589,48,HARD,2,34.228,41.473,17.888,700000000.0,0.0,10001.0,26,1.0,1,False,8642.745,ANT,12,None,None,8583.419,8624.892,8642.78,257.0,311.0,283.0,276.0,True,Mercedes,8549.156,2026-03-29T06:32:46.524000000,False,None,False,True,8627.007,17.9,57.3,1011.8,False,30.2,81,1.3,Japanese Grand Prix
92.432,49,HARD,2,33.72,40.986,17.726,700030000.0,13101001000.0,10000.0,27,1.0,1,True,8735.177,ANT,12,None,None,8676.5,8717.486,8735.212,264.0,320.0,283.0,280.0,True,Mercedes,8642.745,2026-03-29T06:34:20.113000000,False,None,False,True,8687.017,17.9,57.8,1011.7,False,30.9,110,0.9,Japanese Grand Prix
93.352,50,HARD,2,34.012,41.43,17.91,700000000.0,0.0,0.0,28,1.0,1,False,8828.529,ANT,12,None,None,8769.224,8810.654,8828.564,262.0,319.0,282.0,280.0,True,Mercedes,8735.177,2026-03-29T06:35:52.545000000,False,None,False,True,8807.046,18.0,57.9,1011.7,False,30.6,128,1.5,Japanese Grand Prix
92.889,51,HARD,2,33.833,41.302,17.754,700000000.0,1000000.0,0.0,29,1.0,1,False,8921.418,ANT,12,None,None,8862.397,8903.699,8921.453,262.0,320.0,283.0,280.0,True,Mercedes,8828.529,2026-03-29T06:37:25.897000000,False,None,False,True,8867.045,17.8,59.2,1011.8,False,30.2,113,1.9,Japanese Grand Prix
92.925,52,HARD,2,33.927,41.281,17.717,700000000.0,1000010.0,1.0,30,1.0,1,False,9014.343,ANT,12,None,None,8955.38,8996.661,9014.378,261.0,321.0,283.0,281.0,True,Mercedes,8921.418,2026-03-29T06:38:58.786000000,False,None,False,True,8987.049,17.6,59.8,1011.8,False,30.0,107,1.5,Japanese Grand Prix
94.063,53,HARD,2,33.907,41.548,18.608,700000000.0,0.0,0.0,31,1.0,1,False,9108.406,ANT,12,None,None,9048.285,9089.833,9108.441,260.0,322.0,176.0,283.0,True,Mercedes,9014.343,2026-03-29T06:40:31.711000000,False,None,False,True,9047.054,17.4,61.3,1011.8,False,29.9,122,1.8,Japanese Grand Prix
104.406,1,MEDIUM,1,,44.063,18.181,11111111.0,11111111111.0,1111111.0,1,16.0,1,False,3929.37,BEA,87,None,None,None,3911.381,3929.608,257.0,332.0,278.0,285.0,True,Haas F1 Team,3824.711,2026-03-29T05:14:02.079000000,False,None,False,False,3826.937,18.8,55.5,1011.7,False,36.7,124,2.1,Japanese Grand Prix
96.402,2,MEDIUM,1,35.357,42.813,18.232,131111110.0,11110011111.0,110100.0,2,15.0,1,True,4025.772,BEA,87,None,None,3964.744,4007.557,4025.789,253.0,341.0,278.0,296.0,True,Haas F1 Team,3929.37,2026-03-29T05:15:46.738000000,False,None,False,True,3946.939,18.9,54.3,1011.7,False,36.7,143,1.5,Japanese Grand Prix
97.62,3,MEDIUM,1,35.971,43.452,18.197,10001.0,10001000.0,10111.0,3,14.0,1,False,4123.392,BEA,87,None,None,4061.76,4105.212,4123.409,284.0,320.0,273.0,284.0,True,Haas F1 Team,4025.772,2026-03-29T05:17:23.140000000,False,None,False,True,4066.945,18.9,54.5,1011.7,False,36.0,112,2.1,Japanese Grand Prix
96.663,4,MEDIUM,1,35.617,42.79,18.256,701110000.0,11010001000.0,0.0,4,14.0,1,False,4220.055,BEA,87,None,None,4159.026,4201.816,4220.072,255.0,321.0,276.0,285.0,True,Haas F1 Team,4123.392,2026-03-29T05:19:00.760000000,False,None,False,True,4126.951,19.0,54.0,1011.8,False,36.5,104,0.4,Japanese Grand Prix
96.847,5,MEDIUM,1,35.611,42.83,18.406,700010010.0,11000001000.0,0.0,5,14.0,1,False,4316.902,BEA,87,None,None,4255.683,4298.513,4316.919,252.0,316.0,274.0,283.0,True,Haas F1 Team,4220.055,2026-03-29T05:20:37.423000000,False,None,False,True,4246.946,19.1,53.2,1011.8,False,36.4,128,2.3,Japanese Grand Prix
96.914,6,MEDIUM,1,35.624,42.887,18.403,701011010.0,10000000000.0,10.0,6,14.0,1,False,4413.816,BEA,87,None,None,4352.543,4395.43,4413.833,254.0,317.0,276.0,283.0,True,Haas F1 Team,4316.902,2026-03-29T05:22:14.270000000,False,None,False,True,4306.945,19.2,52.0,1011.8,False,36.0,95,1.4,Japanese Grand Prix
97.42,7,MEDIUM,1,36.232,42.92,18.268,700000000.0,0.0,100000.0,7,15.0,1,False,4511.236,BEA,87,None,None,4450.065,4492.985,4511.253,253.0,320.0,275.0,286.0,True,Haas F1 Team,4413.816,2026-03-29T05:23:51.184000000,False,None,False,True,4426.948,19.1,51.3,1011.8,False,35.7,130,1.3,Japanese Grand Prix
96.291,8,MEDIUM,1,35.633,42.568,18.09,701000000.0,10000010000.0,0.0,8,15.0,1,True,4607.527,BEA,87,None,None,4546.886,4589.454,4607.544,259.0,338.0,277.0,296.0,True,Haas F1 Team,4511.236,2026-03-29T05:25:28.604000000,False,None,False,True,4546.949,19.0,51.7,1011.8,False,35.3,144,2.7,Japanese Grand Prix
96.294,9,MEDIUM,1,35.6,42.612,18.082,700000000.0,1000000000.0,100011.0,9,15.0,1,False,4703.821,BEA,87,None,None,4643.144,4685.756,4703.838,256.0,334.0,278.0,294.0,True,Haas F1 Team,4607.527,2026-03-29T05:27:04.895000000,False,None,False,True,4606.955,19.1,51.2,1011.7,False,34.6,120,2.3,Japanese Grand Prix
96.764,10,MEDIUM,1,35.806,42.842,18.116,700000000.0,0.0,10.0,10,15.0,1,False,4800.585,BEA,87,None,None,4739.644,4782.486,4800.602,256.0,333.0,277.0,291.0,True,Haas F1 Team,4703.821,2026-03-29T05:28:41.189000000,False,None,False,True,4726.95,19.0,51.2,1011.8,False,34.6,126,2.0,Japanese Grand Prix
97.79,11,MEDIUM,1,35.755,43.708,18.327,700000000.0,0.0,0.0,11,15.0,1,False,4898.375,BEA,87,None,None,4836.357,4880.065,4898.392,254.0,316.0,274.0,281.0,True,Haas F1 Team,4800.585,2026-03-29T05:30:17.953000000,True,TRACK LIMITS AT TURN 13 LAP 11 ,False,True,4786.951,19.1,50.7,1011.7,False,34.0,142,1.5,Japanese Grand Prix
97.128,12,MEDIUM,1,35.897,42.843,18.388,700000000.0,11100000000.0,0.0,12,15.0,1,False,4995.503,BEA,87,None,None,4934.289,4977.132,4995.52,255.0,316.0,275.0,282.0,True,Haas F1 Team,4898.375,2026-03-29T05:31:55.743000000,False,None,False,True,4906.957,19.1,50.5,1011.9,False,33.7,82,1.3,Japanese Grand Prix
96.764,13,MEDIUM,1,35.712,42.709,18.343,701000000.0,1000.0,0.0,13,15.0,1,False,5092.267,BEA,87,None,None,5031.232,5073.941,5092.284,253.0,319.0,276.0,284.0,True,Haas F1 Team,4995.503,2026-03-29T05:33:32.871000000,False,None,False,True,5026.956,19.0,50.6,1011.8,False,33.8,151,2.0,Japanese Grand Prix
96.645,14,MEDIUM,1,35.672,42.701,18.272,700000000.0,10000000000.0,10000.0,14,15.0,1,False,5188.912,BEA,87,None,None,5127.956,5170.657,5188.929,258.0,320.0,276.0,284.0,True,Haas F1 Team,5092.267,2026-03-29T05:35:09.635000000,False,None,False,True,5086.955,19.0,50.6,1011.8,False,33.6,56,1.2,Japanese Grand Prix
96.624,15,MEDIUM,1,35.622,42.581,18.421,700100000.0,11000000000.0,11.0,15,15.0,1,False,5285.536,BEA,87,None,None,5224.551,5267.132,5285.553,258.0,322.0,279.0,285.0,True,Haas F1 Team,5188.912,2026-03-29T05:36:46.280000000,False,None,False,True,5206.955,18.8,51.4,1011.6,False,33.2,98,1.2,Japanese Grand Prix
98.787,16,MEDIUM,1,35.528,42.582,20.677,701000000.0,110000.0,555.0,16,16.0,1,False,5384.323,BEA,87,None,5383.059,5321.081,5363.663,5384.34,258.0,325.0,None,288.0,True,Haas F1 Team,5285.536,2026-03-29T05:38:22.904000000,False,None,False,False,5266.957,18.8,50.8,1011.8,False,33.4,44,0.7,Japanese Grand Prix
117.448,17,HARD,2,57.139,41.84,18.469,550111110.0,11010101100.0,11111.0,1,19.0,1,False,5501.771,BEA,87,5408.107,None,5441.479,5483.319,5501.788,263.0,323.0,279.0,266.0,True,Haas F1 Team,5384.323,2026-03-29T05:40:01.691000000,False,None,False,False,5386.956,18.9,47.8,1011.8,False,32.9,133,2.6,Japanese Grand Prix
96.054,18,HARD,2,35.006,42.424,18.624,110010.0,10.0,1.0,2,19.0,1,True,5597.825,BEA,87,None,None,5536.794,5579.218,5597.842,256.0,324.0,279.0,288.0,True,Haas F1 Team,5501.771,2026-03-29T05:41:59.139000000,False,None,False,True,5506.96,18.8,48.7,1011.7,False,32.8,100,1.3,Japanese Grand Prix
95.905,19,HARD,2,35.345,42.252,18.308,100000000.0,103000000.0,0.0,3,18.0,1,True,5693.73,BEA,87,None,None,5633.187,5675.439,5693.747,257.0,337.0,278.0,294.0,True,Haas F1 Team,5597.825,2026-03-29T05:43:35.193000000,False,None,False,True,5566.954,18.8,48.5,1011.7,False,32.2,24,1.7,Japanese Grand Prix
95.604,20,HARD,2,35.253,42.31,18.041,0.0,10.0,100001.0,4,18.0,1,True,5789.334,BEA,87,None,None,5729.0,5771.31,5789.351,262.0,335.0,279.0,294.0,True,Haas F1 Team,5693.73,2026-03-29T05:45:11.098000000,False,None,False,True,5686.962,18.7,49.2,1011.7,False,32.7,131,2.2,Japanese Grand Prix
,21,HARD,2,,,,701000000.0,0.0,,5,,124,None,5939.334,BEA,87,None,None,None,None,None,None,None,None,None,True,Haas F1 Team,5789.334,2026-03-29T05:46:46.702000000,False,None,True,False,5806.966,18.6,49.9,1011.7,False,32.6,116,0.9,Japanese Grand Prix
,22,HARD,2,,,,,,,6,,4,None,5939.546,BEA,87,None,None,None,None,None,None,None,None,None,True,Haas F1 Team,5939.334,None,None,None,True,False,5866.963,18.6,50.4,1011.6,False,32.9,163,0.7,Japanese Grand Prix
102.93,1,MEDIUM,1,,43.476,18.277,11111111.0,11111111111.0,1111111.0,1,13.0,1,False,3927.894,BOR,5,None,None,None,3909.799,3928.164,264.0,333.0,278.0,295.0,True,Audi,3824.711,2026-03-29T05:14:02.079000000,False,None,False,False,3826.937,18.8,55.5,1011.7,False,36.7,124,2.1,Japanese Grand Prix
97.158,2,MEDIUM,1,35.531,42.947,18.68,111111110.0,11111311100.0,11000.0,2,13.0,1,True,4025.052,BOR,5,None,None,3963.45,4006.397,4025.077,262.0,302.0,262.0,280.0,True,Audi,3927.894,2026-03-29T05:15:45.262000000,False,None,False,True,3946.939,18.9,54.3,1011.7,False,36.7,143,1.5,Japanese Grand Prix
98.924,3,MEDIUM,1,36.703,43.978,18.243,100000.0,1000.0,110000.0,3,15.0,1,False,4123.976,BOR,5,None,None,4061.78,4105.758,4124.001,262.0,319.0,275.0,291.0,True,Audi,4025.052,2026-03-29T05:17:22.420000000,False,None,False,True,4066.945,18.9,54.5,1011.7,False,36.0,112,2.1,Japanese Grand Prix
97.014,4,MEDIUM,1,35.653,43.147,18.214,701110010.0,10100001000.0,10000.0,4,15.0,1,True,4220.99,BOR,5,None,None,4159.654,4202.801,4221.015,262.0,316.0,276.0,286.0,True,Audi,4123.976,2026-03-29T05:19:01.344000000,False,None,False,True,4126.951,19.0,54.0,1011.8,False,36.5,104,0.4,Japanese Grand Prix
96.613,5,MEDIUM,1,35.349,42.992,18.272,701111100.0,10000001000.0,0.0,5,15.0,1,True,4317.603,BOR,5,None,None,4256.364,4299.356,4317.628,263.0,320.0,277.0,288.0,True,Audi,4220.99,2026-03-29T05:20:38.358000000,False,None,False,True,4246.946,19.1,53.2,1011.8,False,36.4,128,2.3,Japanese Grand Prix
96.651,6,MEDIUM,1,35.528,42.906,18.217,700000001.0,10000001000.0,0.0,6,15.0,1,False,4414.254,BOR,5,None,None,4353.156,4396.062,4414.279,265.0,322.0,278.0,288.0,True,Audi,4317.603,2026-03-29T05:22:14.971000000,False,None,False,True,4306.945,19.2,52.0,1011.8,False,36.0,95,1.4,Japanese Grand Prix
96.146,7,MEDIUM,1,35.083,42.828,18.235,111000010.0,1000001000.0,0.0,7,14.0,1,True,4510.4,BOR,5,None,None,4449.362,4492.19,4510.425,263.0,316.0,274.0,286.0,True,Audi,4414.254,2026-03-29T05:23:51.622000000,False,None,False,True,4426.948,19.1,51.3,1011.8,False,35.7,130,1.3,Japanese Grand Prix
96.613,8,MEDIUM,1,35.591,42.793,18.229,1010.0,10100001000.0,0.0,8,14.0,1,False,4607.013,BOR,5,None,None,4546.016,4588.809,4607.038,258.0,319.0,275.0,282.0,True,Audi,4510.4,2026-03-29T05:25:27.768000000,False,None,False,True,4546.949,19.0,51.7,1011.8,False,35.3,144,2.7,Japanese Grand Prix
96.233,9,MEDIUM,1,35.389,42.735,18.109,700001110.0,10000001000.0,10000.0,9,14.0,1,False,4703.246,BOR,5,None,None,4642.427,4685.162,4703.271,258.0,323.0,276.0,284.0,True,Audi,4607.013,2026-03-29T05:27:04.381000000,False,None,False,True,4606.955,19.1,51.2,1011.7,False,34.6,120,2.3,Japanese Grand Prix
96.263,10,MEDIUM,1,35.551,42.682,18.03,700000000.0,1000001000.0,1100000.0,10,14.0,1,False,4799.509,BOR,5,None,None,4738.822,4781.504,4799.534,260.0,330.0,276.0,292.0,True,Audi,4703.246,2026-03-29T05:28:40.614000000,False,None,False,True,4726.95,19.0,51.2,1011.8,False,34.6,126,2.0,Japanese Grand Prix
96.814,11,MEDIUM,1,35.865,42.752,18.197,700000001.0,0.0,0.0,11,14.0,1,False,4896.323,BOR,5,None,None,4835.399,4878.151,4896.348,265.0,317.0,277.0,284.0,True,Audi,4799.509,2026-03-29T05:30:16.877000000,False,None,False,True,4786.951,19.1,50.7,1011.7,False,34.0,142,1.5,Japanese Grand Prix
96.742,12,MEDIUM,1,35.609,42.938,18.195,700000001.0,0.0,1101.0,12,14.0,1,False,4993.065,BOR,5,None,None,4931.957,4974.895,4993.09,266.0,320.0,279.0,287.0,True,Audi,4896.323,2026-03-29T05:31:53.691000000,False,None,False,True,4906.957,19.1,50.5,1011.9,False,33.7,82,1.3,Japanese Grand Prix
97.393,13,MEDIUM,1,36.159,42.993,18.241,700000000.0,10.0,0.0,13,14.0,1,False,5090.458,BOR,5,None,None,5029.249,5072.242,5090.483,263.0,322.0,278.0,288.0,True,Audi,4993.065,2026-03-29T05:33:30.433000000,False,None,False,True,5026.956,19.0,50.6,1011.8,False,33.8,151,2.0,Japanese Grand Prix
96.882,14,MEDIUM,1,35.793,42.953,18.136,700000001.0,0.0,0.0,14,14.0,1,False,5187.34,BOR,5,None,None,5126.276,5169.229,5187.365,267.0,326.0,278.0,289.0,True,Audi,5090.458,2026-03-29T05:35:07.826000000,False,None,False,True,5086.955,19.0,50.6,1011.8,False,33.6,56,1.2,Japanese Grand Prix
96.508,15,MEDIUM,1,35.516,42.895,18.097,700000000.0,0.0,111.0,15,14.0,1,False,5283.848,BOR,5,None,None,5222.881,5265.776,5283.873,265.0,326.0,280.0,290.0,True,Audi,5187.34,2026-03-29T05:36:44.708000000,False,None,False,True,5206.955,18.8,51.4,1011.6,False,33.2,98,1.2,Japanese Grand Prix
97.257,16,MEDIUM,1,35.988,42.981,18.288,110000000.0,0.0,0.0,16,14.0,1,False,5381.105,BOR,5,None,None,5319.861,5362.842,5381.13,263.0,318.0,277.0,286.0,True,Audi,5283.848,2026-03-29T05:38:21.216000000,False,None,False,True,5266.957,18.8,50.8,1011.8,False,33.4,44,0.7,Japanese Grand Prix
96.844,17,MEDIUM,1,35.66,42.788,18.396,0.0,0.0,0.0,17,13.0,1,False,5477.949,BOR,5,None,None,5416.79,5459.578,5477.974,265.0,321.0,261.0,284.0,True,Audi,5381.105,2026-03-29T05:39:58.473000000,False,None,False,True,5386.956,18.9,47.8,1011.8,False,32.9,133,2.6,Japanese Grand Prix
96.582,18,MEDIUM,1,35.496,42.77,18.316,701000000.0,10100000000.0,100.0,18,13.0,1,False,5574.531,BOR,5,None,None,5513.47,5556.24,5574.556,265.0,316.0,276.0,284.0,True,Audi,5477.949,2026-03-29T05:41:35.317000000,False,None,False,True,5506.96,18.8,48.7,1011.7,False,32.8,100,1.3,Japanese Grand Prix
96.561,19,MEDIUM,1,35.668,42.654,18.239,700000000.0,1100000000.0,100.0,19,12.0,1,False,5671.092,BOR,5,None,None,5610.224,5652.878,5671.117,259.0,318.0,277.0,281.0,True,Audi,5574.531,2026-03-29T05:43:11.899000000,False,None,False,True,5566.954,18.8,48.5,1011.7,False,32.2,24,1.7,Japanese Grand Prix
96.022,20,MEDIUM,1,35.447,42.435,18.14,700001000.0,11010000000.0,1100.0,20,10.0,1,True,5767.114,BOR,5,None,None,5706.564,5748.999,5767.139,258.0,321.0,278.0,283.0,True,Audi,5671.092,2026-03-29T05:44:48.460000000,False,None,False,True,5686.962,18.7,49.2,1011.7,False,32.7,131,2.2,Japanese Grand Prix
95.825,21,MEDIUM,1,35.313,42.618,17.894,700000000.0,10000000.0,101110.0,21,10.0,12,True,5862.939,BOR,5,None,None,5802.452,5845.07,5862.964,258.0,327.0,277.0,290.0,True,Audi,5767.114,2026-03-29T05:46:24.482000000,False,None,False,True,5806.966,18.6,49.9,1011.7,False,32.6,116,0.9,Japanese Grand Prix
126.395,22,MEDIUM,1,42.345,57.023,27.027,700000000.0,0.0,555.0,22,11.0,24,False,5989.334,BOR,5,None,5987.95,5905.309,5962.332,5989.359,226.0,233.0,None,205.0,True,Audi,5862.939,2026-03-29T05:48:00.307000000,False,None,False,False,5866.963,18.6,50.4,1011.6,False,32.9,163,0.7,Japanese Grand Prix
145.57,23,HARD,2,62.972,59.222,23.376,550000000.0,0.0,0.0,1,11.0,4,False,6134.904,BOR,5,6012.533,None,6052.331,6111.553,6134.929,198.0,251.0,249.0,246.0,True,Audi,5989.334,2026-03-29T05:50:06.702000000,False,None,False,False,5986.965,18.5,51.5,1011.7,False,32.7,107,0.4,Japanese Grand Prix
124.495,24,HARD,2,38.667,61.172,24.656,1.0,0.0,0.0,2,10.0,4,False,6259.399,BOR,5,None,None,6173.596,6234.768,6259.424,272.0,269.0,226.0,240.0,True,Audi,6134.904,2026-03-29T05:52:32.272000000,False,None,False,False,6166.968,18.5,51.1,1011.7,False,32.9,121,1.3,Japanese Grand Prix
150.754,25,HARD,2,49.93,72.806,28.018,700000000.0,0.0,0.0,3,10.0,4,False,6410.195,BOR,5,None,None,6309.415,6382.216,6410.302,135.0,277.0,214.0,135.0,True,Audi,6259.399,2026-03-29T05:54:36.767000000,False,None,False,False,6286.968,18.5,51.8,1011.7,False,32.8,120,1.5,Japanese Grand Prix
147.016,26,HARD,2,53.562,64.953,28.501,700000000.0,0.0,0.0,4,10.0,4,False,6557.211,BOR,5,None,None,6463.782,6528.735,6557.236,121.0,248.0,183.0,214.0,True,Audi,6410.195,2026-03-29T05:57:07.563000000,False,None,False,False,6406.972,18.5,50.7,1011.7,False,32.3,106,2.0,Japanese Grand Prix
137.481,27,HARD,2,47.242,62.918,27.321,700000000.0,0.0,110.0,5,10.0,41,False,6694.692,BOR,5,None,None,6604.478,6667.396,6694.717,235.0,133.0,280.0,138.0,True,Audi,6557.211,2026-03-29T05:59:34.579000000,False,None,False,False,6586.973,18.3,50.5,1011.7,False,32.2,136,2.5,Japanese Grand Prix
96.907,28,HARD,2,35.763,43.013,18.131,700000000.0,1000011.0,100101.0,6,10.0,1,False,6791.599,BOR,5,None,None,6730.48,6773.493,6791.624,266.0,338.0,280.0,291.0,True,Audi,6694.692,2026-03-29T06:01:52.060000000,False,None,False,True,6706.975,18.3,47.7,1011.7,False,32.3,122,2.3,Japanese Grand Prix
96.612,29,HARD,2,35.706,42.636,18.27,700000010.0,30100.0,1110.0,7,11.0,1,False,6888.211,BOR,5,None,None,6827.33,6869.966,6888.236,262.0,310.0,274.0,284.0,True,Audi,6791.599,2026-03-29T06:03:28.967000000,False,None,False,True,6826.974,18.4,48.2,1011.7,False,32.4,132,2.6,Japanese Grand Prix
95.524,30,HARD,2,35.069,42.254,18.201,700111110.0,1010000100.0,1110.0,8,11.0,1,True,6983.735,BOR,5,None,None,6923.305,6965.559,6983.76,255.0,313.0,278.0,283.0,True,Audi,6888.211,2026-03-29T06:05:05.579000000,False,None,False,True,6886.976,18.4,47.6,1011.7,False,32.1,135,0.8,Japanese Grand Prix
95.18,31,HARD,2,34.796,42.219,18.165,700010000.0,10001100.0,10.0,9,11.0,1,True,7078.915,BOR,5,None,None,7018.556,7060.775,7078.94,258.0,312.0,278.0,282.0,True,Audi,6983.735,2026-03-29T06:06:41.103000000,False,None,False,True,7006.979,18.4,49.7,1011.7,False,32.0,129,1.9,Japanese Grand Prix
94.993,32,HARD,2,34.786,42.144,18.063,700011010.0,11000000100.0,10011.0,10,11.0,1,True,7173.908,BOR,5,None,None,7113.726,7155.87,7173.933,259.0,314.0,280.0,283.0,True,Audi,7078.915,2026-03-29T06:08:16.283000000,False,None,False,True,7126.981,18.5,50.7,1011.6,False,32.0,133,2.0,Japanese Grand Prix
94.891,33,HARD,2,34.497,42.127,18.267,700000100.0,1000.0,1.0,11,11.0,1,True,7268.799,BOR,5,None,None,7208.43,7250.557,7268.824,262.0,315.0,280.0,285.0,True,Audi,7173.908,2026-03-29T06:09:51.276000000,False,None,False,True,7186.981,18.5,50.0,1011.7,False,31.5,140,1.1,Japanese Grand Prix
95.093,34,HARD,2,34.588,42.316,18.189,700000000.0,100000000.0,0.0,12,11.0,1,False,7363.892,BOR,5,None,None,7303.412,7345.728,7363.917,258.0,314.0,280.0,283.0,True,Audi,7268.799,2026-03-29T06:11:26.167000000,False,None,False,True,7306.992,18.5,51.0,1011.6,False,31.4,113,1.2,Japanese Grand Prix
95.767,35,HARD,2,34.651,42.588,18.528,700001000.0,0.0,0.0,13,11.0,1,False,7459.659,BOR,5,None,None,7398.568,7441.156,7459.684,258.0,311.0,279.0,281.0,True,Audi,7363.892,2026-03-29T06:13:01.260000000,False,None,False,True,7366.98,18.3,51.1,1011.6,False,31.4,154,2.4,Japanese Grand Prix
95.476,36,HARD,2,35.323,42.145,18.008,700000000.0,0.0,1.0,14,12.0,1,False,7555.135,BOR,5,None,None,7495.007,7537.152,7555.16,257.0,316.0,280.0,285.0,True,Audi,7459.659,2026-03-29T06:14:37.027000000,False,None,False,True,7486.983,18.1,52.4,1011.7,False,31.1,170,0.8,Japanese Grand Prix
95.043,37,HARD,2,34.831,42.126,18.086,700000000.0,1000.0,1.0,15,12.0,1,False,7650.178,BOR,5,None,None,7589.991,7632.117,7650.203,258.0,317.0,281.0,284.0,True,Audi,7555.135,2026-03-29T06:16:12.503000000,False,None,False,True,7546.988,18.0,53.7,1011.6,False,31.0,138,1.5,Japanese Grand Prix
95.887,38,HARD,2,34.612,42.044,19.231,700000000.0,100001000.0,0.0,16,13.0,1,False,7746.065,BOR,5,None,None,7684.815,7726.859,7746.09,259.0,315.0,281.0,285.0,True,Audi,7650.178,2026-03-29T06:17:47.546000000,False,None,False,True,7666.984,17.9,55.6,1011.6,False,30.7,88,0.8,Japanese Grand Prix
94.641,39,HARD,2,34.554,42.02,18.067,100000000.0,10100000000.0,1.0,17,13.0,1,True,7840.706,BOR,5,None,None,7780.644,7822.664,7840.731,263.0,317.0,282.0,287.0,True,Audi,7746.065,2026-03-29T06:19:23.433000000,False,None,False,True,7726.986,17.9,55.8,1011.7,False,31.1,119,1.8,Japanese Grand Prix
94.164,40,HARD,2,34.6,41.773,17.791,1011000.0,11100001000.0,1000000.0,18,13.0,1,True,7934.87,BOR,5,None,None,7875.331,7917.104,7934.895,265.0,329.0,282.0,297.0,True,Audi,7840.706,2026-03-29T06:20:58.074000000,False,None,False,True,7846.99,17.8,55.5,1011.6,False,31.0,167,1.0,Japanese Grand Prix
94.664,41,HARD,2,34.653,41.96,18.051,700011000.0,10000000000.0,0.0,19,13.0,1,False,8029.534,BOR,5,None,None,7969.548,8011.508,8029.559,265.0,322.0,280.0,288.0,True,Audi,7934.87,2026-03-29T06:22:32.238000000,False,None,False,True,7966.994,17.8,55.7,1011.6,False,30.7,140,0.6,Japanese Grand Prix
95.021,42,HARD,2,34.79,42.048,18.183,700010000.0,1000000000.0,0.0,20,13.0,1,False,8124.555,BOR,5,None,None,8064.349,8106.397,8124.58,261.0,323.0,280.0,286.0,True,Audi,8029.534,2026-03-29T06:24:06.902000000,False,None,False,True,8026.998,18.1,55.4,1011.6,False,30.6,153,2.5,Japanese Grand Prix
95.143,43,HARD,2,34.812,42.163,18.168,700000000.0,0.0,0.0,21,13.0,1,False,8219.698,BOR,5,None,None,8159.392,8201.555,8219.723,261.0,326.0,280.0,287.0,True,Audi,8124.555,2026-03-29T06:25:41.923000000,False,None,False,True,8146.993,17.9,57.1,1011.7,False,30.4,140,0.9,Japanese Grand Prix
95.013,44,HARD,2,34.795,42.162,18.056,700000000.0,0.0,0.0,22,13.0,1,False,8314.711,BOR,5,None,None,8254.518,8296.68,8314.736,262.0,325.0,280.0,287.0,True,Audi,8219.698,2026-03-29T06:27:17.066000000,False,None,False,True,8207.003,17.9,57.3,1011.7,False,30.5,9,0.5,Japanese Grand Prix
94.894,45,HARD,2,34.843,41.943,18.108,700000000.0,1000000.0,0.0,23,13.0,1,False,8409.605,BOR,5,None,None,8349.579,8391.522,8409.63,262.0,324.0,280.0,285.0,True,Audi,8314.711,2026-03-29T06:28:52.079000000,False,None,False,True,8326.995,18.0,56.5,1011.7,False,30.9,129,1.1,Japanese Grand Prix
94.786,46,HARD,2,34.809,42.066,17.911,700000000.0,0.0,11.0,24,13.0,1,False,8504.391,BOR,5,None,None,8444.439,8486.505,8504.416,263.0,328.0,282.0,288.0,True,Audi,8409.605,2026-03-29T06:30:26.973000000,False,None,False,True,8386.994,18.0,56.6,1011.7,False,29.6,83,2.0,Japanese Grand Prix
94.722,47,HARD,2,34.86,41.865,17.997,700000000.0,0.0,0.0,25,13.0,1,False,8599.113,BOR,5,None,None,8539.276,8581.141,8599.138,261.0,327.0,282.0,288.0,True,Audi,8504.391,2026-03-29T06:32:01.759000000,False,None,False,True,8507.001,17.9,57.4,1011.8,False,30.8,91,0.8,Japanese Grand Prix
94.278,48,HARD,2,34.765,41.735,17.778,700000000.0,1000000000.0,1100000.0,26,13.0,1,False,8693.391,BOR,5,None,None,8633.903,8675.638,8693.416,259.0,331.0,280.0,303.0,True,Audi,8599.113,2026-03-29T06:33:36.481000000,False,None,False,True,8627.007,17.9,57.3,1011.8,False,30.2,81,1.3,Japanese Grand Prix
95.055,49,HARD,2,35.011,41.994,18.05,700000000.0,0.0,0.0,27,13.0,1,False,8788.446,BOR,5,None,None,8728.427,8770.421,8788.471,266.0,323.0,282.0,288.0,True,Audi,8693.391,2026-03-29T06:35:10.759000000,False,None,False,True,8687.017,17.9,57.8,1011.7,False,30.9,110,0.9,Japanese Grand Prix
94.586,50,HARD,2,34.842,41.851,17.893,700000000.0,1.0,1.0,28,13.0,1,False,8883.032,BOR,5,None,None,8823.313,8865.164,8883.057,267.0,336.0,283.0,294.0,True,Audi,8788.446,2026-03-29T06:36:45.814000000,False,None,False,True,8807.046,18.0,57.9,1011.7,False,30.6,128,1.5,Japanese Grand Prix
94.33,51,HARD,2,34.733,41.724,17.873,700000000.0,10000000000.0,0.0,29,13.0,1,False,8977.362,BOR,5,None,None,8917.79,8959.514,8977.387,265.0,335.0,282.0,294.0,True,Audi,8883.032,2026-03-29T06:38:20.400000000,False,None,False,True,8867.045,17.8,59.2,1011.8,False,30.2,113,1.9,Japanese Grand Prix
95.002,52,HARD,2,34.806,42.147,18.049,700000000.0,0.0,0.0,30,13.0,1,False,9072.364,BOR,5,None,None,9012.193,9054.34,9072.389,265.0,324.0,278.0,287.0,True,Audi,8977.362,2026-03-29T06:39:54.730000000,False,None,False,True,8987.049,17.6,59.8,1011.8,False,30.0,107,1.5,Japanese Grand Prix
95.123,53,HARD,2,34.853,42.06,18.21,701000000.0,0.0,0.0,31,13.0,1,False,9167.487,BOR,5,None,None,9107.242,9149.302,9167.512,261.0,327.0,278.0,288.0,True,Audi,9072.364,2026-03-29T06:41:29.732000000,False,None,False,True,9047.054,17.4,61.3,1011.8,False,29.9,122,1.8,Japanese Grand Prix
107.837,1,HARD,1,,45.366,18.503,11111111.0,11111111111.0,1111111.0,1,21.0,1,False,3932.801,BOT,77,None,None,None,3914.504,3932.801,238.0,330.0,275.0,278.0,True,Cadillac,3824.711,2026-03-29T05:14:02.079000000,False,None,False,False,3826.937,18.8,55.5,1011.7,False,36.7,124,2.1,Japanese Grand Prix
99.358,2,HARD,1,36.952,43.767,18.639,111111111.0,11110001111.0,10000.0,2,22.0,1,True,4032.159,BOT,77,None,None,3969.753,4013.52,4032.159,252.0,329.0,266.0,283.0,True,Cadillac,3932.801,2026-03-29T05:15:50.169000000,False,None,False,True,3946.939,18.9,54.3,1011.7,False,36.7,143,1.5,Japanese Grand Prix
98.311,3,HARD,1,36.764,43.112,18.435,1111010.0,11111011101.0,1100000.0,3,22.0,1,True,4130.47,BOT,77,None,None,4068.923,4112.035,4130.47,252.0,335.0,272.0,291.0,True,Cadillac,4032.159,2026-03-29T05:17:29.527000000,False,None,False,True,4066.945,18.9,54.5,1011.7,False,36.0,112,2.1,Japanese Grand Prix
98.484,4,HARD,1,36.706,43.152,18.626,700001011.0,11000010001.0,0.0,4,22.0,1,False,4228.954,BOT,77,None,None,4167.176,4210.328,4228.954,252.0,336.0,272.0,289.0,True,Cadillac,4130.47,2026-03-29T05:19:07.838000000,False,None,False,True,4126.951,19.0,54.0,1011.8,False,36.5,104,0.4,Japanese Grand Prix
98.495,5,HARD,1,36.69,43.311,18.494,700000001.0,1000.0,100001.0,5,22.0,1,False,4327.449,BOT,77,None,None,4265.644,4308.955,4327.449,254.0,332.0,275.0,293.0,True,Cadillac,4228.954,2026-03-29T05:20:46.322000000,False,None,False,True,4246.946,19.1,53.2,1011.8,False,36.4,128,2.3,Japanese Grand Prix
98.627,6,HARD,1,36.574,43.362,18.691,701000000.0,10000000000.0,1.0,6,22.0,1,False,4426.076,BOT,77,None,None,4364.023,4407.385,4426.076,254.0,331.0,276.0,295.0,True,Cadillac,4327.449,2026-03-29T05:22:24.817000000,False,None,False,True,4306.945,19.2,52.0,1011.8,False,36.0,95,1.4,Japanese Grand Prix
98.485,7,HARD,1,36.609,43.339,18.537,110001000.0,0.0,1.0,7,22.0,1,False,4524.561,BOT,77,None,None,4462.685,4506.024,4524.561,254.0,330.0,276.0,298.0,True,Cadillac,4426.076,2026-03-29T05:24:03.444000000,False,None,False,True,4426.948,19.1,51.3,1011.8,False,35.7,130,1.3,Japanese Grand Prix
98.658,8,HARD,1,36.752,43.395,18.511,0.0,10100000000.0,110000.0,8,22.0,1,False,4623.219,BOT,77,None,None,4561.313,4604.708,4623.219,254.0,326.0,275.0,285.0,True,Cadillac,4524.561,2026-03-29T05:25:41.929000000,False,None,False,True,4546.949,19.0,51.7,1011.8,False,35.3,144,2.7,Japanese Grand Prix
98.823,9,HARD,1,36.687,43.525,18.611,701010000.0,100000000.0,100000.0,9,22.0,1,False,4722.042,BOT,77,None,None,4659.906,4703.431,4722.042,253.0,327.0,271.0,294.0,True,Cadillac,4623.219,2026-03-29T05:27:20.587000000,False,None,False,True,4606.955,19.1,51.2,1011.7,False,34.6,120,2.3,Japanese Grand Prix
98.835,10,HARD,1,36.567,43.759,18.509,701010001.0,1000.0,10000.0,10,22.0,1,False,4820.877,BOT,77,None,None,4758.609,4802.368,4820.877,254.0,315.0,272.0,288.0,True,Cadillac,4722.042,2026-03-29T05:28:59.410000000,False,None,False,True,4726.95,19.0,51.2,1011.8,False,34.6,126,2.0,Japanese Grand Prix
98.869,11,HARD,1,36.731,43.629,18.509,701000000.0,100001000.0,0.0,11,22.0,1,False,4919.746,BOT,77,None,None,4857.608,4901.237,4919.746,253.0,314.0,273.0,291.0,True,Cadillac,4820.877,2026-03-29T05:30:38.245000000,False,None,False,True,4786.951,19.1,50.7,1011.7,False,34.0,142,1.5,Japanese Grand Prix
99.272,12,HARD,1,36.77,43.785,18.717,700000000.0,1000.0,0.0,12,22.0,1,False,5019.018,BOT,77,None,None,4956.516,5000.301,5019.018,253.0,312.0,272.0,280.0,True,Cadillac,4919.746,2026-03-29T05:32:17.114000000,False,None,False,True,4906.957,19.1,50.5,1011.9,False,33.7,82,1.3,Japanese Grand Prix
98.714,13,HARD,1,36.684,43.54,18.49,700010001.0,100010000.0,0.0,13,22.0,1,False,5117.732,BOT,77,None,None,5055.702,5099.242,5117.732,255.0,322.0,272.0,292.0,True,Cadillac,5019.018,2026-03-29T05:33:56.386000000,False,None,False,True,5026.956,19.0,50.6,1011.8,False,33.8,151,2.0,Japanese Grand Prix
99.447,14,HARD,1,36.923,43.71,18.814,700000000.0,1000.0,0.0,14,22.0,1,False,5217.179,BOT,77,None,None,5154.655,5198.365,5217.179,250.0,311.0,272.0,278.0,True,Cadillac,5117.732,2026-03-29T05:35:35.100000000,False,None,False,True,5086.955,19.0,50.6,1011.8,False,33.6,56,1.2,Japanese Grand Prix
98.951,15,HARD,1,36.748,43.568,18.635,700011000.0,1100000000.0,0.0,15,22.0,1,False,5316.13,BOT,77,None,None,5253.927,5297.495,5316.13,254.0,317.0,275.0,282.0,True,Cadillac,5217.179,2026-03-29T05:37:14.547000000,False,None,False,True,5206.955,18.8,51.4,1011.6,False,33.2,98,1.2,Japanese Grand Prix
98.42,16,HARD,1,36.547,43.269,18.604,700000001.0,11000000000.0,0.0,16,22.0,1,False,5414.55,BOT,77,None,None,5352.677,5395.946,5414.55,256.0,318.0,275.0,281.0,True,Cadillac,5316.13,2026-03-29T05:38:53.498000000,False,None,False,True,5266.957,18.8,50.8,1011.8,False,33.4,44,0.7,Japanese Grand Prix
99.127,17,HARD,1,36.694,43.541,18.892,700000000.0,0.0,0.0,17,22.0,1,False,5513.677,BOT,77,None,None,5451.244,5494.785,5513.677,254.0,313.0,224.0,280.0,True,Cadillac,5414.55,2026-03-29T05:40:31.918000000,False,None,False,True,5386.956,18.9,47.8,1011.8,False,32.9,133,2.6,Japanese Grand Prix
102.013,18,HARD,1,39.204,44.025,18.784,700000001.0,0.0,0.0,18,22.0,1,False,5615.69,BOT,77,None,None,5552.881,5596.906,5615.69,260.0,312.0,274.0,276.0,True,Cadillac,5513.677,2026-03-29T05:42:11.045000000,False,None,False,True,5506.96,18.8,48.7,1011.7,False,32.8,100,1.3,Japanese Grand Prix
101.943,19,HARD,1,36.686,43.598,21.659,700000000.0,0.0,555.0,19,22.0,1,False,5717.633,BOT,77,None,5716.312,5652.376,5695.974,5717.633,254.0,315.0,None,278.0,True,Cadillac,5615.69,2026-03-29T05:43:53.058000000,False,None,False,False,5566.954,18.8,48.5,1011.7,False,32.2,24,1.7,Japanese Grand Prix
120.289,20,MEDIUM,2,59.093,42.812,18.384,550010111.0,1101001100.0,10111.0,1,22.0,1,False,5837.922,BOT,77,5741.437,None,5776.726,5819.538,5837.922,262.0,318.0,277.0,280.0,True,Cadillac,5717.633,2026-03-29T05:45:35.001000000,False,None,False,False,5686.962,18.7,49.2,1011.7,False,32.7,131,2.2,Japanese Grand Prix
119.977,21,MEDIUM,2,35.738,62.073,22.166,1111110.0,0.0,0.0,2,21.0,124,False,5957.899,BOT,77,None,None,5873.66,5935.733,5957.899,254.0,269.0,182.0,262.0,True,Cadillac,5837.922,2026-03-29T05:47:35.290000000,False,None,False,False,5806.966,18.6,49.9,1011.7,False,32.6,116,0.9,Japanese Grand Prix
140.358,22,MEDIUM,2,45.306,65.533,29.519,700000000.0,0.0,0.0,3,21.0,4,False,6098.257,BOT,77,None,None,6003.205,6068.738,6098.257,261.0,155.0,207.0,161.0,True,Cadillac,5957.899,2026-03-29T05:49:35.267000000,False,None,False,False,5866.963,18.6,50.4,1011.6,False,32.9,163,0.7,Japanese Grand Prix
149.827,23,MEDIUM,2,51.875,71.195,26.757,700000000.0,0.0,0.0,4,21.0,4,False,6248.084,BOT,77,None,None,6150.132,6221.327,6248.084,157.0,205.0,209.0,160.0,True,Cadillac,6098.257,2026-03-29T05:51:55.625000000,False,None,False,False,5986.965,18.5,51.5,1011.7,False,32.7,107,0.4,Japanese Grand Prix
150.916,24,MEDIUM,2,51.808,71.819,27.289,700000000.0,0.0,0.0,5,21.0,4,False,6399.043,BOT,77,None,None,6299.95,6371.754,6399.095,201.0,202.0,190.0,166.0,True,Cadillac,6248.084,2026-03-29T05:54:25.452000000,False,None,False,False,6166.968,18.5,51.1,1011.7,False,32.9,121,1.3,Japanese Grand Prix
116.396,25,MEDIUM,2,52.035,45.873,18.488,700000000.0,0.0,0.0,6,21.0,4,False,6515.439,BOT,77,None,None,6451.078,6496.951,6515.439,241.0,319.0,274.0,284.0,True,Cadillac,6399.043,2026-03-29T05:56:56.411000000,False,None,False,False,6286.968,18.5,51.8,1011.7,False,32.8,120,1.5,Japanese Grand Prix
99.379,26,MEDIUM,2,36.37,44.253,18.756,700000000.0,0.0,100.0,7,21.0,4,False,6614.818,BOT,77,None,None,6551.809,6596.062,6614.818,253.0,308.0,274.0,273.0,True,Cadillac,6515.439,2026-03-29T05:58:52.807000000,False,None,False,False,6406.972,18.5,50.7,1011.7,False,32.3,106,2.0,Japanese Grand Prix
98.153,27,MEDIUM,2,36.337,43.07,18.746,700000000.0,10000.0,0.0,8,21.0,41,True,6712.971,BOT,77,None,None,6651.155,6694.225,6712.971,255.0,320.0,277.0,279.0,True,Cadillac,6614.818,2026-03-29T06:00:32.186000000,False,None,False,False,6586.973,18.3,50.5,1011.7,False,32.2,136,2.5,Japanese Grand Prix
97.163,28,MEDIUM,2,35.705,43.043,18.415,701000010.0,1001000.0,10.0,9,21.0,1,True,6810.134,BOT,77,None,None,6748.676,6791.719,6810.134,257.0,312.0,275.0,279.0,True,Cadillac,6712.971,2026-03-29T06:02:10.339000000,False,None,False,True,6706.975,18.3,47.7,1011.7,False,32.3,122,2.3,Japanese Grand Prix
97.203,29,MEDIUM,2,35.9,42.797,18.506,700011000.0,10000001100.0,0.0,10,21.0,1,False,6907.337,BOT,77,None,None,6846.034,6888.831,6907.337,258.0,315.0,276.0,280.0,True,Cadillac,6810.134,2026-03-29T06:03:47.502000000,False,None,False,True,6826.974,18.4,48.2,1011.7,False,32.4,132,2.6,Japanese Grand Prix
97.369,30,MEDIUM,2,35.942,42.901,18.526,700000000.0,10000000000.0,10.0,11,21.0,1,False,7004.706,BOT,77,None,None,6943.279,6986.18,7004.706,259.0,314.0,277.0,278.0,True,Cadillac,6907.337,2026-03-29T06:05:24.705000000,False,None,False,True,6886.976,18.4,47.6,1011.7,False,32.1,135,0.8,Japanese Grand Prix
97.112,31,MEDIUM,2,35.799,42.826,18.487,701001000.0,10000000000.0,1.0,12,20.0,1,True,7101.818,BOT,77,None,None,7040.505,7083.331,7101.818,260.0,312.0,277.0,277.0,True,Cadillac,7004.706,2026-03-29T06:07:02.074000000,False,None,False,True,7006.979,18.4,49.7,1011.7,False,32.0,129,1.9,Japanese Grand Prix
97.142,32,MEDIUM,2,35.752,42.895,18.495,700001000.0,10000000100.0,0.0,13,20.0,1,False,7198.96,BOT,77,None,None,7137.57,7180.465,7198.96,261.0,315.0,277.0,280.0,True,Cadillac,7101.818,2026-03-29T06:08:39.186000000,False,None,False,True,7126.981,18.5,50.7,1011.6,False,32.0,133,2.0,Japanese Grand Prix
97.072,33,MEDIUM,2,35.784,42.86,18.428,701000010.0,100.0,0.0,14,20.0,1,True,7296.032,BOT,77,None,None,7234.744,7277.604,7296.032,257.0,314.0,277.0,280.0,True,Cadillac,7198.96,2026-03-29T06:10:16.328000000,False,None,False,True,7186.981,18.5,50.0,1011.7,False,31.5,140,1.1,Japanese Grand Prix
97.059,34,MEDIUM,2,35.681,42.895,18.483,700010010.0,0.0,0.0,15,20.0,1,True,7393.091,BOT,77,None,None,7331.713,7374.608,7393.091,258.0,315.0,277.0,280.0,True,Cadillac,7296.032,2026-03-29T06:11:53.400000000,False,None,False,True,7306.992,18.5,51.0,1011.6,False,31.4,113,1.2,Japanese Grand Prix
97.169,35,MEDIUM,2,35.654,42.961,18.554,700001000.0,1000.0,0.0,16,20.0,1,False,7490.26,BOT,77,None,None,7428.745,7471.706,7490.26,259.0,312.0,275.0,278.0,True,Cadillac,7393.091,2026-03-29T06:13:30.459000000,False,None,False,True,7366.98,18.3,51.1,1011.6,False,31.4,154,2.4,Japanese Grand Prix
97.19,36,MEDIUM,2,35.803,42.745,18.642,701001000.0,0.0,111.0,17,20.0,1,False,7587.45,BOT,77,None,None,7526.063,7568.808,7587.45,262.0,316.0,277.0,279.0,True,Cadillac,7490.26,2026-03-29T06:15:07.628000000,False,None,False,True,7486.983,18.1,52.4,1011.7,False,31.1,170,0.8,Japanese Grand Prix
96.878,37,MEDIUM,2,35.672,42.675,18.531,700000100.0,0.0,0.0,18,20.0,1,True,7684.328,BOT,77,None,None,7623.122,7665.797,7684.328,258.0,318.0,277.0,285.0,True,Cadillac,7587.45,2026-03-29T06:16:44.818000000,False,None,False,True,7546.988,18.0,53.7,1011.6,False,31.0,138,1.5,Japanese Grand Prix
96.853,38,MEDIUM,2,35.693,42.674,18.486,701000010.0,1000000000.0,111.0,19,20.0,1,True,7781.181,BOT,77,None,None,7720.021,7762.695,7781.181,260.0,314.0,278.0,280.0,True,Cadillac,7684.328,2026-03-29T06:18:21.696000000,False,None,False,True,7666.984,17.9,55.6,1011.6,False,30.7,88,0.8,Japanese Grand Prix
96.92,39,MEDIUM,2,35.851,42.572,18.497,700000000.0,10.0,0.0,20,20.0,1,False,7878.101,BOT,77,None,None,7817.032,7859.604,7878.101,257.0,318.0,278.0,281.0,True,Cadillac,7781.181,2026-03-29T06:19:58.549000000,False,None,False,True,7726.986,17.9,55.8,1011.7,False,31.1,119,1.8,Japanese Grand Prix
96.919,40,MEDIUM,2,35.678,42.711,18.53,700000000.0,10000000100.0,10.0,21,20.0,1,False,7975.02,BOT,77,None,None,7913.779,7956.49,7975.02,259.0,314.0,277.0,279.0,True,Cadillac,7878.101,2026-03-29T06:21:35.469000000,False,None,False,True,7846.99,17.8,55.5,1011.6,False,31.0,167,1.0,Japanese Grand Prix
96.737,41,MEDIUM,2,35.814,42.579,18.344,700000000.0,10000000000.0,101.0,22,20.0,1,True,8071.757,BOT,77,None,None,8010.834,8053.413,8071.757,258.0,318.0,280.0,281.0,True,Cadillac,7975.02,2026-03-29T06:23:12.388000000,False,None,False,True,7966.994,17.8,55.7,1011.6,False,30.7,140,0.6,Japanese Grand Prix
96.631,42,MEDIUM,2,35.666,42.539,18.426,101000000.0,1000001000.0,0.0,23,20.0,1,True,8168.388,BOT,77,None,None,8107.423,8149.962,8168.388,258.0,315.0,279.0,280.0,True,Cadillac,8071.757,2026-03-29T06:24:49.125000000,False,None,False,True,8026.998,18.1,55.4,1011.6,False,30.6,153,2.5,Japanese Grand Prix
96.859,43,MEDIUM,2,35.88,42.572,18.407,0.0,1000.0,0.0,24,20.0,1,False,8265.247,BOT,77,None,None,8204.268,8246.84,8265.247,259.0,316.0,279.0,280.0,True,Cadillac,8168.388,2026-03-29T06:26:25.756000000,False,None,False,True,8146.993,17.9,57.1,1011.7,False,30.4,140,0.9,Japanese Grand Prix
96.847,44,MEDIUM,2,35.795,42.481,18.571,701000000.0,0.0,0.0,25,20.0,1,False,8362.094,BOT,77,None,None,8301.042,8343.523,8362.094,258.0,318.0,279.0,281.0,True,Cadillac,8265.247,2026-03-29T06:28:02.615000000,False,None,False,True,8207.003,17.9,57.3,1011.7,False,30.5,9,0.5,Japanese Grand Prix
98.889,45,MEDIUM,2,37.539,42.782,18.568,700000000.0,0.0,0.0,26,20.0,1,False,8460.983,BOT,77,None,None,8399.633,8442.415,8460.983,256.0,315.0,276.0,281.0,True,Cadillac,8362.094,2026-03-29T06:29:39.462000000,False,None,False,True,8326.995,18.0,56.5,1011.7,False,30.9,129,1.1,Japanese Grand Prix
96.821,46,MEDIUM,2,35.779,42.592,18.45,700000000.0,0.0,0.0,27,20.0,1,False,8557.804,BOT,77,None,None,8496.762,8539.354,8557.804,259.0,320.0,278.0,283.0,True,Cadillac,8460.983,2026-03-29T06:31:18.351000000,False,None,False,True,8386.994,18.0,56.6,1011.7,False,29.6,83,2.0,Japanese Grand Prix
106.651,47,MEDIUM,2,36.817,47.843,21.991,100000000.0,100000000.0,0.0,28,20.0,1,False,8664.455,BOT,77,None,None,8594.621,8642.464,8664.455,259.0,321.0,275.0,285.0,True,Cadillac,8557.804,2026-03-29T06:32:55.172000000,False,None,False,True,8507.001,17.9,57.4,1011.8,False,30.8,91,0.8,Japanese Grand Prix
97.066,48,MEDIUM,2,36.063,42.548,18.455,710000000.0,100110000.0,10.0,29,19.0,1,False,8761.521,BOT,77,None,None,8700.518,8743.066,8761.521,258.0,323.0,280.0,285.0,True,Cadillac,8664.455,2026-03-29T06:34:41.823000000,False,None,False,True,8627.007,17.9,57.3,1011.8,False,30.2,81,1.3,Japanese Grand Prix
99.218,49,MEDIUM,2,35.553,44.272,19.393,1000010.0,1000000.0,0.0,30,19.0,1,False,8860.739,BOT,77,None,None,8797.074,8841.346,8860.739,261.0,270.0,277.0,263.0,True,Cadillac,8761.521,2026-03-29T06:36:18.889000000,False,None,False,True,8687.017,17.9,57.8,1011.7,False,30.9,110,0.9,Japanese Grand Prix
96.806,50,MEDIUM,2,35.977,42.654,18.175,700000000.0,110000.0,100000.0,31,19.0,1,False,8957.545,BOT,77,None,None,8896.716,8939.37,8957.545,260.0,326.0,265.0,297.0,True,Cadillac,8860.739,2026-03-29T06:37:58.107000000,False,None,False,True,8807.046,18.0,57.9,1011.7,False,30.6,128,1.5,Japanese Grand Prix
97.217,51,MEDIUM,2,36.231,42.639,18.347,700000000.0,10.0,101.0,32,19.0,1,False,9054.762,BOT,77,None,None,8993.776,9036.415,9054.762,261.0,320.0,281.0,284.0,True,Cadillac,8957.545,2026-03-29T06:39:34.913000000,False,None,False,True,8867.045,17.8,59.2,1011.8,False,30.2,113,1.9,Japanese Grand Prix
96.269,52,MEDIUM,2,35.731,42.27,18.268,700000000.0,10010000010.0,10000.0,33,19.0,1,True,9151.031,BOT,77,None,None,9090.493,9132.763,9151.031,259.0,323.0,270.0,285.0,True,Cadillac,9054.762,2026-03-29T06:41:12.130000000,False,None,False,True,8987.049,17.6,59.8,1011.8,False,30.0,107,1.5,Japanese Grand Prix
103.16,1,MEDIUM,1,,43.59,18.238,11111111.0,11111111133.0,3111113.0,1,14.0,1,False,3928.124,COL,43,None,None,None,3910.052,3928.256,257.0,340.0,284.0,298.0,True,Alpine,3824.711,2026-03-29T05:14:02.079000000,False,None,False,False,3826.937,18.8,55.5,1011.7,False,36.7,124,2.1,Japanese Grand Prix
97.218,2,MEDIUM,1,35.765,43.056,18.397,311111111.0,11110001100.0,101000.0,2,14.0,1,True,4025.342,COL,43,None,None,3963.937,4006.993,4025.39,264.0,331.0,277.0,301.0,True,Alpine,3928.124,2026-03-29T05:15:45.492000000,False,None,False,True,3946.939,18.9,54.3,1011.7,False,36.7,143,1.5,Japanese Grand Prix
97.204,3,MEDIUM,1,35.945,42.899,18.36,1111000.0,11010001100.0,110000.0,3,13.0,1,True,4122.546,COL,43,None,None,4061.335,4104.234,4122.594,264.0,328.0,278.0,291.0,True,Alpine,4025.342,2026-03-29T05:17:22.710000000,False,None,False,True,4066.945,18.9,54.5,1011.7,False,36.0,112,2.1,Japanese Grand Prix
96.549,4,MEDIUM,1,35.661,42.701,18.187,701011000.0,11110001000.0,10000.0,4,13.0,1,True,4219.095,COL,43,None,None,4158.255,4200.956,4219.143,258.0,326.0,280.0,289.0,True,Alpine,4122.546,2026-03-29T05:18:59.914000000,False,None,False,True,4126.951,19.0,54.0,1011.8,False,36.5,104,0.4,Japanese Grand Prix
96.568,5,MEDIUM,1,35.489,42.743,18.336,700111000.0,1010000100.0,0.0,5,13.0,1,False,4315.663,COL,43,None,None,4254.632,4297.375,4315.711,258.0,321.0,279.0,288.0,True,Alpine,4219.095,2026-03-29T05:20:36.463000000,False,None,False,True,4246.946,19.1,53.2,1011.8,False,36.4,128,2.3,Japanese Grand Prix
96.907,6,MEDIUM,1,35.756,42.815,18.336,701000010.0,10001000.0,0.0,6,13.0,1,False,4412.57,COL,43,None,None,4351.467,4394.282,4412.618,259.0,324.0,281.0,290.0,True,Alpine,4315.663,2026-03-29T05:22:13.031000000,False,None,False,True,4306.945,19.2,52.0,1011.8,False,36.0,95,1.4,Japanese Grand Prix
96.509,7,MEDIUM,1,35.528,42.864,18.117,700001000.0,1100.0,110000.0,7,13.0,1,True,4509.079,COL,43,None,None,4448.146,4491.01,4509.127,263.0,325.0,278.0,290.0,True,Alpine,4412.57,2026-03-29T05:23:49.938000000,False,None,False,True,4426.948,19.1,51.3,1011.8,False,35.7,130,1.3,Japanese Grand Prix
96.428,8,MEDIUM,1,35.493,42.809,18.126,700000001.0,10100001000.0,0.0,8,13.0,1,True,4605.507,COL,43,None,None,4544.62,4587.429,4605.555,272.0,332.0,280.0,291.0,True,Alpine,4509.079,2026-03-29T05:25:26.447000000,False,None,False,True,4546.949,19.0,51.7,1011.8,False,35.3,144,2.7,Japanese Grand Prix
96.572,9,MEDIUM,1,35.535,42.813,18.224,700000000.0,0.0,0.0,9,13.0,1,False,4702.079,COL,43,None,None,4641.09,4683.903,4702.127,265.0,324.0,278.0,288.0,True,Alpine,4605.507,2026-03-29T05:27:02.875000000,False,None,False,True,4606.955,19.1,51.2,1011.7,False,34.6,120,2.3,Japanese Grand Prix
96.649,10,MEDIUM,1,35.872,42.534,18.243,700000000.0,11000000000.0,0.0,10,13.0,1,False,4798.728,COL,43,None,None,4737.999,4780.533,4798.776,268.0,324.0,280.0,288.0,True,Alpine,4702.079,2026-03-29T05:28:39.447000000,False,None,False,True,4726.95,19.0,51.2,1011.8,False,34.6,126,2.0,Japanese Grand Prix
96.675,11,MEDIUM,1,35.814,42.63,18.231,700000000.0,10000000.0,0.0,11,13.0,1,False,4895.403,COL,43,None,None,4834.59,4877.22,4895.451,264.0,324.0,279.0,288.0,True,Alpine,4798.728,2026-03-29T05:30:16.096000000,False,None,False,True,4786.951,19.1,50.7,1011.7,False,34.0,142,1.5,Japanese Grand Prix
96.922,12,MEDIUM,1,35.755,42.746,18.421,700000000.0,1000000.0,0.0,12,13.0,1,False,4992.325,COL,43,None,None,4931.206,4973.952,4992.373,263.0,330.0,281.0,291.0,True,Alpine,4895.403,2026-03-29T05:31:52.771000000,False,None,False,True,4906.957,19.1,50.5,1011.9,False,33.7,82,1.3,Japanese Grand Prix
97.357,13,MEDIUM,1,36.529,42.606,18.222,700000000.0,10000000.0,0.0,13,13.0,1,False,5089.682,COL,43,None,None,5028.902,5071.508,5089.73,262.0,329.0,280.0,291.0,True,Alpine,4992.325,2026-03-29T05:33:29.693000000,False,None,False,True,5026.956,19.0,50.6,1011.8,False,33.8,151,2.0,Japanese Grand Prix
96.909,14,MEDIUM,1,35.944,42.694,18.271,700000000.0,0.0,0.0,14,13.0,1,False,5186.591,COL,43,None,None,5125.674,5168.368,5186.639,266.0,328.0,277.0,290.0,True,Alpine,5089.682,2026-03-29T05:35:07.050000000,False,None,False,True,5086.955,19.0,50.6,1011.8,False,33.6,56,1.2,Japanese Grand Prix
96.841,15,MEDIUM,1,35.751,42.909,18.181,700010000.0,1000000000.0,0.0,15,13.0,1,False,5283.432,COL,43,None,None,5222.39,5265.299,5283.48,262.0,322.0,281.0,288.0,True,Alpine,5186.591,2026-03-29T05:36:43.959000000,False,None,False,True,5206.955,18.8,51.4,1011.6,False,33.2,98,1.2,Japanese Grand Prix
96.702,16,MEDIUM,1,35.913,42.66,18.129,700000000.0,1010000000.0,0.0,16,13.0,1,False,5380.134,COL,43,None,None,5319.393,5362.053,5380.182,263.0,333.0,280.0,292.0,True,Alpine,5283.432,2026-03-29T05:38:20.800000000,False,None,False,True,5266.957,18.8,50.8,1011.8,False,33.4,44,0.7,Japanese Grand Prix
99.258,17,MEDIUM,1,35.857,42.713,20.688,700000000.0,0.0,555.0,17,14.0,1,False,5479.392,COL,43,None,5478.164,5416.039,5458.752,5479.44,263.0,333.0,None,291.0,True,Alpine,5380.134,2026-03-29T05:39:57.502000000,False,None,False,False,5386.956,18.9,47.8,1011.8,False,32.9,133,2.6,Japanese Grand Prix
116.885,18,HARD,2,55.731,42.861,18.293,550001111.0,1100.0,11100.0,1,17.0,1,False,5596.277,COL,43,5501.672,None,5535.171,5578.032,5596.325,273.0,308.0,275.0,273.0,True,Alpine,5479.392,2026-03-29T05:41:36.760000000,False,None,False,False,5506.96,18.8,48.7,1011.7,False,32.8,100,1.3,Japanese Grand Prix
96.885,19,HARD,2,36.229,42.489,18.167,0.0,1000000.0,1330.0,2,17.0,1,False,5693.162,COL,43,None,None,5632.554,5675.043,5693.21,258.0,316.0,283.0,283.0,True,Alpine,5596.277,2026-03-29T05:43:33.645000000,False,None,False,True,5566.954,18.8,48.5,1011.7,False,32.2,24,1.7,Japanese Grand Prix
95.624,20,HARD,2,35.278,42.354,17.992,700100010.0,10000000.0,0.0,3,17.0,1,True,5788.786,COL,43,None,None,5728.488,5770.842,5788.834,261.0,326.0,283.0,288.0,True,Alpine,5693.162,2026-03-29T05:45:10.530000000,False,None,False,True,5686.962,18.7,49.2,1011.7,False,32.7,131,2.2,Japanese Grand Prix
103.165,21,HARD,2,35.03,43.969,24.166,700011000.0,10010000000.0,0.0,4,17.0,124,False,5891.951,COL,43,None,None,5823.864,5867.833,5891.999,260.0,325.0,152.0,285.0,True,Alpine,5788.786,2026-03-29T05:46:46.154000000,True,TRACK LIMITS AT TURN 13 LAP 21 ,False,False,5806.966,18.6,49.9,1011.7,False,32.6,116,0.9,Japanese Grand Prix
126.567,22,HARD,2,45.289,56.565,24.713,700000000.0,0.0,0.0,5,17.0,4,False,6018.518,COL,43,None,None,5937.288,5993.853,6018.566,202.0,255.0,252.0,220.0,True,Alpine,5891.951,2026-03-29T05:48:29.319000000,False,None,False,False,5866.963,18.6,50.4,1011.6,False,32.9,163,0.7,Japanese Grand Prix
124.352,23,HARD,2,42.385,62.123,19.844,700000000.0,0.0,0.0,6,16.0,4,False,6142.87,COL,43,None,None,6060.951,6123.074,6142.918,258.0,246.0,230.0,286.0,True,Alpine,6018.518,2026-03-29T05:50:35.886000000,False,None,False,False,5986.965,18.5,51.5,1011.7,False,32.7,107,0.4,Japanese Grand Prix
123.556,24,HARD,2,38.766,60.008,24.782,700000000.0,0.0,0.0,7,16.0,4,False,6266.426,COL,43,None,None,6181.684,6241.692,6266.474,270.0,292.0,231.0,241.0,True,Alpine,6142.87,2026-03-29T05:52:40.238000000,False,None,False,False,6166.968,18.5,51.1,1011.7,False,32.9,121,1.3,Japanese Grand Prix
150.19,25,HARD,2,47.963,75.812,26.415,700000000.0,0.0,0.0,8,16.0,4,False,6416.603,COL,43,None,None,6314.424,6390.337,6416.726,182.0,225.0,155.0,252.0,True,Alpine,6266.426,2026-03-29T05:54:43.794000000,False,None,False,False,6286.968,18.5,51.8,1011.7,False,32.8,120,1.5,Japanese Grand Prix
147.587,26,HARD,2,52.654,65.258,29.675,700000000.0,0.0,0.0,9,16.0,4,False,6564.19,COL,43,None,None,6469.305,6534.563,6564.238,157.0,173.0,141.0,259.0,True,Alpine,6416.603,2026-03-29T05:57:13.971000000,False,None,False,False,6406.972,18.5,50.7,1011.7,False,32.3,106,2.0,Japanese Grand Prix
133.37,27,HARD,2,46.779,60.139,26.452,700000000.0,0.0,0.0,10,16.0,41,False,6697.56,COL,43,None,None,6611.017,6671.156,6697.608,183.0,180.0,279.0,153.0,True,Alpine,6564.19,2026-03-29T05:59:41.558000000,False,None,False,False,6586.973,18.3,50.5,1011.7,False,32.2,136,2.5,Japanese Grand Prix
96.673,28,HARD,2,35.926,42.587,18.16,710000000.0,1000000.0,0.0,11,16.0,1,False,6794.233,COL,43,None,None,6733.534,6776.121,6794.281,271.0,329.0,284.0,295.0,True,Alpine,6697.56,2026-03-29T06:01:54.928000000,False,None,False,True,6706.975,18.3,47.7,1011.7,False,32.3,122,2.3,Japanese Grand Prix
96.172,29,HARD,2,35.587,42.386,18.199,700000000.0,33.0,1000011.0,12,16.0,1,False,6890.405,COL,43,None,None,6829.868,6872.254,6890.453,265.0,340.0,287.0,303.0,True,Alpine,6794.233,2026-03-29T06:03:31.601000000,False,None,False,True,6826.974,18.4,48.2,1011.7,False,32.4,132,2.6,Japanese Grand Prix
96.475,30,HARD,2,36.17,42.26,18.045,110000000.0,30.0,0.0,13,16.0,1,False,6986.88,COL,43,None,None,6926.623,6968.883,6986.928,263.0,334.0,286.0,296.0,True,Alpine,6890.405,2026-03-29T06:05:07.773000000,False,None,False,True,6886.976,18.4,47.6,1011.7,False,32.1,135,0.8,Japanese Grand Prix
95.922,31,HARD,2,35.415,42.206,18.301,0.0,0.0,0.0,14,16.0,1,False,7082.802,COL,43,None,None,7022.343,7064.549,7082.85,264.0,339.0,285.0,298.0,True,Alpine,6986.88,2026-03-29T06:06:44.248000000,False,None,False,True,7006.979,18.4,49.7,1011.7,False,32.0,129,1.9,Japanese Grand Prix
95.555,32,HARD,2,35.28,42.079,18.196,700000000.0,0.0,3.0,15,16.0,1,True,7178.357,COL,43,None,None,7118.13,7160.209,7178.405,264.0,338.0,287.0,298.0,True,Alpine,7082.802,2026-03-29T06:08:20.170000000,False,None,False,True,7126.981,18.5,50.7,1011.6,False,32.0,133,2.0,Japanese Grand Prix
95.672,33,HARD,2,35.322,42.392,17.958,100000000.0,100000000.0,100000.0,16,16.0,1,False,7274.029,COL,43,None,None,7213.727,7256.119,7274.077,268.0,333.0,283.0,292.0,True,Alpine,7178.357,2026-03-29T06:09:55.725000000,False,None,False,True,7186.981,18.5,50.0,1011.7,False,31.5,140,1.1,Japanese Grand Prix
94.76,34,HARD,2,34.992,41.887,17.881,1000000.0,1000.0,100000.0,17,16.0,1,True,7368.789,COL,43,None,None,7309.069,7350.956,7368.837,263.0,332.0,284.0,294.0,True,Alpine,7274.029,2026-03-29T06:11:31.397000000,False,None,False,True,7306.992,18.5,51.0,1011.6,False,31.4,113,1.2,Japanese Grand Prix
95.158,35,HARD,2,34.962,42.209,17.987,700110000.0,100000000.0,0.0,18,16.0,1,False,7463.947,COL,43,None,None,7403.799,7446.008,7463.995,266.0,332.0,284.0,294.0,True,Alpine,7368.789,2026-03-29T06:13:06.157000000,False,None,False,True,7366.98,18.3,51.1,1011.6,False,31.4,154,2.4,Japanese Grand Prix
95.128,36,HARD,2,35.074,42.22,17.834,701000000.0,11100000003.0,3100000.0,19,16.0,1,False,7559.075,COL,43,None,None,7499.069,7541.289,7559.123,267.0,344.0,284.0,300.0,True,Alpine,7463.947,2026-03-29T06:14:41.315000000,False,None,False,True,7486.983,18.1,52.4,1011.7,False,31.1,170,0.8,Japanese Grand Prix
94.952,37,HARD,2,35.119,41.867,17.966,700100000.0,100000000.0,0.0,20,16.0,1,False,7654.027,COL,43,None,None,7594.242,7636.109,7654.075,263.0,340.0,282.0,296.0,True,Alpine,7559.075,2026-03-29T06:16:16.443000000,False,None,False,True,7546.988,18.0,53.7,1011.6,False,31.0,138,1.5,Japanese Grand Prix
95.25,38,HARD,2,35.214,42.071,17.965,700000000.0,0.0,100000.0,21,16.0,1,False,7749.277,COL,43,None,None,7689.289,7731.36,7749.325,266.0,339.0,281.0,297.0,True,Alpine,7654.027,2026-03-29T06:17:51.395000000,False,None,False,True,7666.984,17.9,55.6,1011.6,False,30.7,88,0.8,Japanese Grand Prix
95.133,39,HARD,2,35.077,42.124,17.932,700111000.0,0.0,0.0,22,16.0,1,False,7844.41,COL,43,None,None,7784.402,7826.526,7844.458,259.0,330.0,282.0,294.0,True,Alpine,7749.277,2026-03-29T06:19:26.645000000,False,None,False,True,7726.986,17.9,55.8,1011.7,False,31.1,119,1.8,Japanese Grand Prix
95.333,40,HARD,2,35.091,42.109,18.133,700000000.0,0.0,0.0,23,16.0,1,False,7939.743,COL,43,None,None,7879.549,7921.658,7939.791,262.0,321.0,284.0,286.0,True,Alpine,7844.41,2026-03-29T06:21:01.778000000,False,None,False,True,7846.99,17.8,55.5,1011.6,False,31.0,167,1.0,Japanese Grand Prix
94.512,41,HARD,2,34.744,41.851,17.917,701001000.0,11000001000.0,0.0,24,16.0,1,True,8034.255,COL,43,None,None,7974.535,8016.386,8034.303,263.0,323.0,283.0,288.0,True,Alpine,7939.743,2026-03-29T06:22:37.111000000,False,None,False,True,7966.994,17.8,55.7,1011.6,False,30.7,140,0.6,Japanese Grand Prix
95.365,42,HARD,2,34.899,42.485,17.981,701000000.0,0.0,0.0,25,16.0,1,False,8129.62,COL,43,None,None,8069.202,8111.687,8129.668,264.0,330.0,283.0,293.0,True,Alpine,8034.255,2026-03-29T06:24:11.623000000,False,None,False,True,8026.998,18.1,55.4,1011.6,False,30.6,153,2.5,Japanese Grand Prix
94.746,43,HARD,2,34.735,41.938,18.073,700000000.0,0.0,0.0,26,16.0,1,False,8224.366,COL,43,None,None,8164.403,8206.341,8224.414,262.0,323.0,282.0,288.0,True,Alpine,8129.62,2026-03-29T06:25:46.988000000,False,None,False,True,8146.993,17.9,57.1,1011.7,False,30.4,140,0.9,Japanese Grand Prix
95.055,44,HARD,2,34.975,41.93,18.15,700000000.0,0.0,0.0,27,16.0,1,False,8319.421,COL,43,None,None,8259.389,8301.319,8319.469,260.0,324.0,282.0,289.0,True,Alpine,8224.366,2026-03-29T06:27:21.734000000,False,None,False,True,8207.003,17.9,57.3,1011.7,False,30.5,9,0.5,Japanese Grand Prix
95.358,45,HARD,2,35.19,41.998,18.17,700100000.0,0.0,0.0,28,16.0,1,False,8414.779,COL,43,None,None,8354.659,8396.657,8414.827,263.0,322.0,284.0,287.0,True,Alpine,8319.421,2026-03-29T06:28:56.789000000,False,None,False,True,8326.995,18.0,56.5,1011.7,False,30.9,129,1.1,Japanese Grand Prix
94.853,46,HARD,2,34.936,41.906,18.011,700000000.0,0.0,0.0,29,16.0,1,False,8509.632,COL,43,None,None,8449.763,8491.669,8509.68,261.0,325.0,284.0,289.0,True,Alpine,8414.779,2026-03-29T06:30:32.147000000,False,None,False,True,8386.994,18.0,56.6,1011.7,False,29.6,83,2.0,Japanese Grand Prix
94.8,47,HARD,2,34.917,41.905,17.978,700100000.0,1001000000.0,0.0,30,16.0,1,False,8604.432,COL,43,None,None,8544.597,8586.502,8604.48,263.0,326.0,285.0,289.0,True,Alpine,8509.632,2026-03-29T06:32:07.000000000,False,None,False,True,8507.001,17.9,57.4,1011.8,False,30.8,91,0.8,Japanese Grand Prix
94.824,48,HARD,2,34.87,42.015,17.939,701000000.0,10100000000.0,0.0,31,16.0,1,False,8699.256,COL,43,None,None,8639.35,8681.365,8699.304,270.0,335.0,285.0,294.0,True,Alpine,8604.432,2026-03-29T06:33:41.800000000,False,None,False,True,8627.007,17.9,57.3,1011.8,False,30.2,81,1.3,Japanese Grand Prix
95.043,49,HARD,2,34.987,42.001,18.055,700000000.0,0.0,0.0,32,16.0,1,False,8794.299,COL,43,None,None,8734.291,8776.292,8794.347,271.0,328.0,285.0,288.0,True,Alpine,8699.256,2026-03-29T06:35:16.624000000,False,None,False,True,8687.017,17.9,57.8,1011.7,False,30.9,110,0.9,Japanese Grand Prix
95.074,50,HARD,2,34.981,42.151,17.942,700000000.0,0.0,11.0,33,16.0,1,False,8889.373,COL,43,None,None,8829.328,8871.479,8889.421,269.0,342.0,287.0,297.0,True,Alpine,8794.299,2026-03-29T06:36:51.667000000,False,None,False,True,8807.046,18.0,57.9,1011.7,False,30.6,128,1.5,Japanese Grand Prix
95.285,51,HARD,2,35.231,42.103,17.951,700000000.0,1.0,3000011.0,34,16.0,1,False,8984.658,COL,43,None,None,8924.652,8966.755,8984.706,266.0,345.0,287.0,301.0,True,Alpine,8889.373,2026-03-29T06:38:26.741000000,False,None,False,True,8867.045,17.8,59.2,1011.8,False,30.2,113,1.9,Japanese Grand Prix
94.784,52,HARD,2,35.064,41.982,17.738,700000000.0,0.0,0.0,35,16.0,1,False,9079.442,COL,43,None,None,9019.77,9061.752,9079.49,271.0,344.0,287.0,298.0,True,Alpine,8984.658,2026-03-29T06:40:02.026000000,False,None,False,True,8987.049,17.6,59.8,1011.8,False,30.0,107,1.5,Japanese Grand Prix
94.685,53,HARD,2,35.012,41.857,17.816,700000000.0,1000.0,3100000.0,36,16.0,1,False,9174.127,COL,43,None,None,9114.502,9156.359,9174.175,269.0,346.0,274.0,302.0,True,Alpine,9079.442,2026-03-29T06:41:36.810000000,False,None,False,True,9047.054,17.4,61.3,1011.8,False,29.9,122,1.8,Japanese Grand Prix
99.651,1,MEDIUM,1,,42.579,18.221,11111111.0,11111111111.0,1111110.0,1,7.0,1,False,3924.615,GAS,10,None,None,None,3906.496,3924.801,276.0,331.0,280.0,291.0,True,Alpine,3824.711,2026-03-29T05:14:02.079000000,False,None,False,False,3826.937,18.8,55.5,1011.7,False,36.7,124,2.1,Japanese Grand Prix
95.436,2,MEDIUM,1,34.955,42.458,18.023,111111110.0,11100001100.0,111111.0,2,7.0,1,True,4020.051,GAS,10,None,None,3959.607,4002.065,4020.088,260.0,327.0,281.0,288.0,True,Alpine,3924.615,2026-03-29T05:15:41.983000000,False,None,False,True,3946.939,18.9,54.3,1011.7,False,36.7,143,1.5,Japanese Grand Prix
95.809,3,MEDIUM,1,35.072,42.628,18.109,1111000.0,10000000000.0,11.0,3,7.0,1,False,4115.86,GAS,10,None,None,4055.16,4097.788,4115.897,258.0,321.0,281.0,285.0,True,Alpine,4020.051,2026-03-29T05:17:17.419000000,False,None,False,True,4066.945,18.9,54.5,1011.7,False,36.0,112,2.1,Japanese Grand Prix
95.899,4,MEDIUM,1,35.07,42.607,18.222,703011000.0,10000000000.0,0.0,4,7.0,1,False,4211.759,GAS,10,None,None,4150.967,4193.574,4211.796,260.0,320.0,280.0,284.0,True,Alpine,4115.86,2026-03-29T05:18:53.228000000,False,None,False,True,4126.951,19.0,54.0,1011.8,False,36.5,104,0.4,Japanese Grand Prix
95.872,5,MEDIUM,1,35.026,42.698,18.148,700010000.0,100000000.0,1000.0,5,7.0,1,False,4307.631,GAS,10,None,None,4246.822,4289.52,4307.668,260.0,316.0,279.0,283.0,True,Alpine,4211.759,2026-03-29T05:20:29.127000000,False,None,False,True,4246.946,19.1,53.2,1011.8,False,36.4,128,2.3,Japanese Grand Prix
96.143,6,MEDIUM,1,35.201,42.653,18.289,701000000.0,11100001000.0,0.0,6,7.0,1,False,4403.774,GAS,10,None,None,4342.869,4385.522,4403.811,260.0,317.0,279.0,283.0,True,Alpine,4307.631,2026-03-29T05:22:04.999000000,False,None,False,True,4306.945,19.2,52.0,1011.8,False,36.0,95,1.4,Japanese Grand Prix
95.944,7,MEDIUM,1,35.069,42.587,18.288,700100000.0,10000001000.0,0.0,7,7.0,1,False,4499.718,GAS,10,None,None,4438.88,4481.467,4499.755,258.0,316.0,279.0,282.0,True,Alpine,4403.774,2026-03-29T05:23:41.142000000,False,None,False,True,4426.948,19.1,51.3,1011.8,False,35.7,130,1.3,Japanese Grand Prix
95.566,8,MEDIUM,1,34.939,42.419,18.208,700001000.0,11100001000.0,1000.0,8,7.0,1,False,4595.284,GAS,10,None,None,4534.694,4577.113,4595.321,261.0,315.0,279.0,282.0,True,Alpine,4499.718,2026-03-29T05:25:17.086000000,False,None,False,True,4546.949,19.0,51.7,1011.8,False,35.3,144,2.7,Japanese Grand Prix
95.616,9,MEDIUM,1,35.047,42.303,18.266,701000000.0,11000001100.0,0.0,9,7.0,1,False,4690.9,GAS,10,None,None,4630.368,4672.671,4690.937,260.0,317.0,279.0,282.0,True,Alpine,4595.284,2026-03-29T05:26:52.652000000,False,None,False,True,4606.955,19.1,51.2,1011.7,False,34.6,120,2.3,Japanese Grand Prix
95.871,10,MEDIUM,1,35.156,42.396,18.319,701000000.0,1000000000.0,0.0,10,7.0,1,False,4786.771,GAS,10,None,None,4726.093,4768.489,4786.808,259.0,315.0,280.0,281.0,True,Alpine,4690.9,2026-03-29T05:28:28.268000000,False,None,False,True,4726.95,19.0,51.2,1011.8,False,34.6,126,2.0,Japanese Grand Prix
95.717,11,MEDIUM,1,35.157,42.378,18.182,701000000.0,100.0,10000.0,11,7.0,1,False,4882.488,GAS,10,None,None,4821.965,4864.343,4882.525,258.0,314.0,280.0,281.0,True,Alpine,4786.771,2026-03-29T05:30:04.139000000,False,None,False,True,4786.951,19.1,50.7,1011.7,False,34.0,142,1.5,Japanese Grand Prix
95.524,12,MEDIUM,1,35.118,42.273,18.133,700000000.0,11000000000.0,100000.0,12,7.0,1,False,4978.012,GAS,10,None,None,4917.643,4959.916,4978.049,259.0,316.0,280.0,281.0,True,Alpine,4882.488,2026-03-29T05:31:39.856000000,False,None,False,True,4906.957,19.1,50.5,1011.9,False,33.7,82,1.3,Japanese Grand Prix
95.928,13,MEDIUM,1,35.264,42.342,18.322,701000000.0,1000.0,0.0,13,7.0,1,False,5073.94,GAS,10,None,None,5013.313,5055.655,5073.977,259.0,315.0,279.0,279.0,True,Alpine,4978.012,2026-03-29T05:33:15.380000000,False,None,False,True,5026.956,19.0,50.6,1011.8,False,33.8,151,2.0,Japanese Grand Prix
96.11,14,MEDIUM,1,35.318,42.518,18.274,700000000.0,0.0,0.0,14,7.0,1,False,5170.05,GAS,10,None,None,5109.295,5151.813,5170.087,261.0,315.0,279.0,281.0,True,Alpine,5073.94,2026-03-29T05:34:51.308000000,False,None,False,True,5086.955,19.0,50.6,1011.8,False,33.6,56,1.2,Japanese Grand Prix
95.94,15,MEDIUM,1,35.247,42.452,18.241,700000000.0,0.0,0.0,15,7.0,1,False,5265.99,GAS,10,None,None,5205.334,5247.786,5266.027,259.0,315.0,279.0,282.0,True,Alpine,5170.05,2026-03-29T05:36:27.418000000,False,None,False,True,5206.955,18.8,51.4,1011.6,False,33.2,98,1.2,Japanese Grand Prix
95.837,16,MEDIUM,1,35.189,42.507,18.141,700000000.0,10000000000.0,10.0,16,7.0,1,False,5361.827,GAS,10,None,None,5301.216,5343.723,5361.864,260.0,314.0,280.0,278.0,True,Alpine,5265.99,2026-03-29T05:38:03.358000000,False,None,False,True,5266.957,18.8,50.8,1011.8,False,33.4,44,0.7,Japanese Grand Prix
95.906,17,MEDIUM,1,35.323,42.368,18.215,700000000.0,0.0,0.0,17,6.0,1,False,5457.733,GAS,10,None,None,5397.187,5439.555,5457.77,262.0,313.0,280.0,278.0,True,Alpine,5361.827,2026-03-29T05:39:39.195000000,False,None,False,True,5386.956,18.9,47.8,1011.8,False,32.9,133,2.6,Japanese Grand Prix
95.825,18,MEDIUM,1,35.247,42.279,18.299,701000000.0,1000000000.0,1010.0,18,5.0,1,False,5553.558,GAS,10,None,None,5493.017,5535.296,5553.595,261.0,314.0,280.0,279.0,True,Alpine,5457.733,2026-03-29T05:41:15.101000000,False,None,False,True,5506.96,18.8,48.7,1011.7,False,32.8,100,1.3,Japanese Grand Prix
95.802,19,MEDIUM,1,35.219,42.35,18.233,700000000.0,10000000000.0,10.0,19,4.0,1,False,5649.36,GAS,10,None,None,5588.814,5631.164,5649.397,261.0,314.0,280.0,278.0,True,Alpine,5553.558,2026-03-29T05:42:50.926000000,False,None,False,True,5566.954,18.8,48.5,1011.7,False,32.2,24,1.7,Japanese Grand Prix
95.528,20,MEDIUM,1,35.239,42.121,18.168,700000000.0,1101000000.0,1111.0,20,4.0,1,False,5744.888,GAS,10,None,None,5684.636,5726.757,5744.925,261.0,315.0,281.0,279.0,True,Alpine,5649.36,2026-03-29T05:44:26.728000000,False,None,False,True,5686.962,18.7,49.2,1011.7,False,32.7,131,2.2,Japanese Grand Prix
95.655,21,MEDIUM,1,35.198,42.361,18.096,700000000.0,1000000.0,10010.0,21,4.0,1,False,5840.543,GAS,10,None,None,5780.123,5822.484,5840.58,261.0,318.0,281.0,283.0,True,Alpine,5744.888,2026-03-29T05:46:02.256000000,False,None,False,True,5806.966,18.6,49.9,1011.7,False,32.6,116,0.9,Japanese Grand Prix
120.96,22,MEDIUM,1,35.019,60.601,25.34,701000000.0,0.0,555.0,22,4.0,124,False,5961.503,GAS,10,None,5960.142,5875.599,5936.2,5961.54,260.0,273.0,None,250.0,True,Alpine,5840.543,2026-03-29T05:47:37.911000000,False,None,False,False,5866.963,18.6,50.4,1011.6,False,32.9,163,0.7,Japanese Grand Prix
148.721,23,HARD,2,62.639,61.561,24.521,550000000.0,0.0,0.0,1,7.0,4,False,6110.224,GAS,10,5984.451,None,6024.179,6085.74,6110.261,268.0,287.0,186.0,260.0,True,Alpine,5961.503,2026-03-29T05:49:38.871000000,False,None,False,False,5986.965,18.5,51.5,1011.7,False,32.7,107,0.4,Japanese Grand Prix
146.25,24,HARD,2,48.414,71.354,26.482,0.0,0.0,0.0,2,7.0,4,False,6256.474,GAS,10,None,None,6158.675,6230.029,6256.511,171.0,197.0,198.0,270.0,True,Alpine,6110.224,2026-03-29T05:52:07.592000000,False,None,False,False,6166.968,18.5,51.1,1011.7,False,32.9,121,1.3,Japanese Grand Prix
150.501,25,HARD,2,50.269,72.706,27.526,700000000.0,0.0,0.0,3,7.0,4,False,6406.968,GAS,10,None,None,6306.878,6379.559,6407.164,147.0,298.0,152.0,168.0,True,Alpine,6256.474,2026-03-29T05:54:33.842000000,False,None,False,False,6286.968,18.5,51.8,1011.7,False,32.8,120,1.5,Japanese Grand Prix
146.896,26,HARD,2,53.862,63.767,29.267,700000000.0,0.0,0.0,4,7.0,4,False,6553.864,GAS,10,None,None,6460.867,6524.634,6553.901,160.0,289.0,169.0,195.0,True,Alpine,6406.968,2026-03-29T05:57:04.336000000,False,None,False,False,6406.972,18.5,50.7,1011.7,False,32.3,106,2.0,Japanese Grand Prix
139.854,27,HARD,2,47.909,63.69,28.255,700000000.0,0.0,0.0,5,7.0,41,False,6693.718,GAS,10,None,None,6601.81,6665.5,6693.755,216.0,154.0,274.0,132.0,True,Alpine,6553.864,2026-03-29T05:59:31.232000000,False,None,False,False,6586.973,18.3,50.5,1011.7,False,32.2,136,2.5,Japanese Grand Prix
95.812,28,HARD,2,35.697,41.911,18.204,710000000.0,1000110.0,1111.0,6,7.0,1,False,6789.53,GAS,10,None,None,6729.452,6771.363,6789.567,260.0,321.0,285.0,285.0,True,Alpine,6693.718,2026-03-29T06:01:51.086000000,False,None,False,True,6706.975,18.3,47.7,1011.7,False,32.3,122,2.3,Japanese Grand Prix
94.096,29,HARD,2,34.416,41.756,17.924,101111110.0,1000000000.0,101100.0,7,7.0,1,True,6883.626,GAS,10,None,None,6823.983,6865.739,6883.663,258.0,326.0,284.0,289.0,True,Alpine,6789.53,2026-03-29T06:03:26.898000000,False,None,False,True,6826.974,18.4,48.2,1011.7,False,32.4,132,2.6,Japanese Grand Prix
94.792,30,HARD,2,34.645,42.094,18.053,110010.0,0.0,1111.0,8,7.0,1,False,6978.418,GAS,10,None,None,6918.308,6960.402,6978.455,258.0,326.0,285.0,287.0,True,Alpine,6883.626,2026-03-29T06:05:00.994000000,False,None,False,True,6886.976,18.4,47.6,1011.7,False,32.1,135,0.8,Japanese Grand Prix
93.999,31,HARD,2,34.337,41.674,17.988,701110010.0,1110001100.0,1111.0,9,7.0,1,True,7072.417,GAS,10,None,None,7012.792,7054.466,7072.454,259.0,320.0,285.0,284.0,True,Alpine,6978.418,2026-03-29T06:06:35.786000000,False,None,False,True,7006.979,18.4,49.7,1011.7,False,32.0,129,1.9,Japanese Grand Prix
94.066,32,HARD,2,34.359,41.766,17.941,700101100.0,1101001100.0,0.0,10,7.0,1,False,7166.483,GAS,10,None,None,7106.813,7148.579,7166.52,261.0,321.0,284.0,284.0,True,Alpine,7072.417,2026-03-29T06:08:09.785000000,False,None,False,True,7126.981,18.5,50.7,1011.6,False,32.0,133,2.0,Japanese Grand Prix
93.823,33,HARD,2,34.249,41.634,17.94,701000100.0,10000000000.0,0.0,11,7.0,1,True,7260.306,GAS,10,None,None,7200.769,7242.403,7260.343,265.0,324.0,283.0,288.0,True,Alpine,7166.483,2026-03-29T06:09:43.851000000,False,None,False,True,7186.981,18.5,50.0,1011.7,False,31.5,140,1.1,Japanese Grand Prix
94.021,34,HARD,2,34.314,41.776,17.931,700010000.0,1000.0,0.0,12,7.0,1,False,7354.327,GAS,10,None,None,7294.657,7336.433,7354.364,262.0,320.0,284.0,285.0,True,Alpine,7260.306,2026-03-29T06:11:17.674000000,False,None,False,True,7306.992,18.5,51.0,1011.6,False,31.4,113,1.2,Japanese Grand Prix
93.864,35,HARD,2,34.249,41.693,17.922,701000110.0,101001000.0,0.0,13,7.0,1,False,7448.191,GAS,10,None,None,7388.613,7430.306,7448.228,260.0,321.0,284.0,284.0,True,Alpine,7354.327,2026-03-29T06:12:51.695000000,False,None,False,True,7366.98,18.3,51.1,1011.6,False,31.4,154,2.4,Japanese Grand Prix
94.029,36,HARD,2,34.372,41.701,17.956,700000000.0,0.0,0.0,14,7.0,1,False,7542.22,GAS,10,None,None,7482.6,7524.301,7542.257,261.0,320.0,284.0,284.0,True,Alpine,7448.191,2026-03-29T06:14:25.559000000,False,None,False,True,7486.983,18.1,52.4,1011.7,False,31.1,170,0.8,Japanese Grand Prix
93.839,37,HARD,2,34.337,41.552,17.95,700010000.0,100001000.0,0.0,15,7.0,1,False,7636.059,GAS,10,None,None,7576.594,7618.146,7636.096,262.0,320.0,284.0,283.0,True,Alpine,7542.22,2026-03-29T06:15:59.588000000,False,None,False,True,7546.988,18.0,53.7,1011.6,False,31.0,138,1.5,Japanese Grand Prix
94.051,38,HARD,2,34.354,41.676,18.021,701000000.0,1000.0,0.0,16,7.0,1,False,7730.11,GAS,10,None,None,7670.45,7712.126,7730.147,261.0,320.0,284.0,283.0,True,Alpine,7636.059,2026-03-29T06:17:33.427000000,False,None,False,True,7666.984,17.9,55.6,1011.6,False,30.7,88,0.8,Japanese Grand Prix
93.691,39,HARD,2,34.194,41.592,17.905,700001100.0,1000000000.0,10000.0,17,7.0,1,True,7823.801,GAS,10,None,None,7764.341,7805.933,7823.838,264.0,319.0,284.0,283.0,True,Alpine,7730.11,2026-03-29T06:19:07.478000000,False,None,False,True,7726.986,17.9,55.8,1011.7,False,31.1,119,1.8,Japanese Grand Prix
93.776,40,HARD,2,34.195,41.632,17.949,700001010.0,0.0,0.0,18,7.0,1,False,7917.577,GAS,10,None,None,7858.033,7899.665,7917.614,262.0,321.0,284.0,282.0,True,Alpine,7823.801,2026-03-29T06:20:41.169000000,False,None,False,True,7846.99,17.8,55.5,1011.6,False,31.0,167,1.0,Japanese Grand Prix
93.693,41,HARD,2,34.312,41.484,17.897,701000000.0,100000000.0,0.0,19,7.0,1,False,8011.27,GAS,10,None,None,7951.926,7993.41,8011.307,262.0,320.0,284.0,283.0,True,Alpine,7917.577,2026-03-29T06:22:14.945000000,False,None,False,True,7966.994,17.8,55.7,1011.6,False,30.7,140,0.6,Japanese Grand Prix
93.891,42,HARD,2,34.331,41.586,17.974,700000000.0,0.0,0.0,20,7.0,1,False,8105.161,GAS,10,None,None,8045.638,8087.224,8105.198,261.0,321.0,284.0,283.0,True,Alpine,8011.27,2026-03-29T06:23:48.638000000,False,None,False,True,8026.998,18.1,55.4,1011.6,False,30.6,153,2.5,Japanese Grand Prix
94.329,43,HARD,2,34.558,41.749,18.022,700000000.0,0.0,0.0,21,7.0,1,False,8199.49,GAS,10,None,None,8139.756,8181.505,8199.527,260.0,320.0,284.0,280.0,True,Alpine,8105.161,2026-03-29T06:25:22.529000000,False,None,False,True,8146.993,17.9,57.1,1011.7,False,30.4,140,0.9,Japanese Grand Prix
94.457,44,HARD,2,34.577,41.663,18.217,700000000.0,0.0,0.0,22,7.0,1,False,8293.947,GAS,10,None,None,8234.104,8275.767,8293.984,260.0,318.0,284.0,281.0,True,Alpine,8199.49,2026-03-29T06:26:56.858000000,False,None,False,True,8207.003,17.9,57.3,1011.7,False,30.5,9,0.5,Japanese Grand Prix
94.071,45,HARD,2,34.511,41.555,18.005,700000000.0,0.0,10.0,23,7.0,1,False,8388.018,GAS,10,None,None,8328.495,8370.05,8388.055,260.0,320.0,284.0,280.0,True,Alpine,8293.947,2026-03-29T06:28:31.315000000,False,None,False,True,8326.995,18.0,56.5,1011.7,False,30.9,129,1.1,Japanese Grand Prix
93.861,46,HARD,2,34.452,41.536,17.873,700000000.0,0.0,10000.0,24,7.0,1,False,8481.879,GAS,10,None,None,8422.507,8464.043,8481.916,261.0,319.0,284.0,281.0,True,Alpine,8388.018,2026-03-29T06:30:05.386000000,False,None,False,True,8386.994,18.0,56.6,1011.7,False,29.6,83,2.0,Japanese Grand Prix
94.063,47,HARD,2,34.45,41.664,17.949,700000000.0,0.0,11.0,25,7.0,1,False,8575.942,GAS,10,None,None,8516.366,8558.03,8575.979,261.0,321.0,285.0,282.0,True,Alpine,8481.879,2026-03-29T06:31:39.247000000,False,None,False,True,8507.001,17.9,57.4,1011.8,False,30.8,91,0.8,Japanese Grand Prix
94.619,48,HARD,2,34.412,41.557,18.65,700000000.0,100000000.0,0.0,26,8.0,1,False,8670.561,GAS,10,None,None,8610.391,8651.948,8670.598,260.0,319.0,284.0,280.0,True,Alpine,8575.942,2026-03-29T06:33:13.310000000,False,None,False,True,8627.007,17.9,57.3,1011.8,False,30.2,81,1.3,Japanese Grand Prix
93.824,49,HARD,2,34.447,41.432,17.945,100000000.0,0.0,1.0,27,7.0,1,False,8764.385,GAS,10,None,None,8705.045,8746.477,8764.422,262.0,324.0,285.0,283.0,True,Alpine,8670.561,2026-03-29T06:34:47.929000000,False,None,False,True,8687.017,17.9,57.8,1011.7,False,30.9,110,0.9,Japanese Grand Prix
94.222,50,HARD,2,34.559,41.689,17.974,0.0,1000010.0,0.0,28,7.0,1,False,8858.607,GAS,10,None,None,8798.981,8840.67,8858.644,262.0,317.0,284.0,281.0,True,Alpine,8764.385,2026-03-29T06:36:21.753000000,False,None,False,True,8807.046,18.0,57.9,1011.7,False,30.6,128,1.5,Japanese Grand Prix
93.827,51,HARD,2,34.429,41.53,17.868,700000000.0,1001000100.0,1111.0,29,7.0,1,False,8952.434,GAS,10,None,None,8893.073,8934.603,8952.471,262.0,318.0,285.0,279.0,True,Alpine,8858.607,2026-03-29T06:37:55.975000000,False,None,False,True,8867.045,17.8,59.2,1011.8,False,30.2,113,1.9,Japanese Grand Prix
94.097,52,HARD,2,34.415,41.523,18.159,700010000.0,11000000000.0,1111.0,30,7.0,1,False,9046.531,GAS,10,None,None,8986.886,9028.409,9046.568,260.0,317.0,286.0,281.0,True,Alpine,8952.434,2026-03-29T06:39:29.802000000,False,None,False,True,8987.049,17.6,59.8,1011.8,False,30.0,107,1.5,Japanese Grand Prix
94.169,53,HARD,2,34.433,41.705,18.031,700000000.0,1000000010.0,130.0,31,7.0,1,False,9140.7,GAS,10,None,None,9081.001,9122.706,9140.737,262.0,326.0,283.0,294.0,True,Alpine,9046.531,2026-03-29T06:41:03.899000000,False,None,False,True,9047.054,17.4,61.3,1011.8,False,29.9,122,1.8,Japanese Grand Prix
100.293,1,MEDIUM,1,,42.839,18.232,11111111.0,11311111111.0,1111111.0,1,8.0,1,False,3925.257,HAD,6,None,None,None,3907.12,3925.436,280.0,324.0,265.0,289.0,True,Red Bull Racing,3824.711,2026-03-29T05:14:02.079000000,False,None,False,False,3826.937,18.8,55.5,1011.7,False,36.7,124,2.1,Japanese Grand Prix
98.261,2,MEDIUM,1,36.047,43.462,18.752,111111110.0,11000000001.0,3300000.0,2,10.0,1,True,4023.518,HAD,6,None,None,3961.366,4004.828,4023.58,263.0,342.0,254.0,302.0,True,Red Bull Racing,3925.257,2026-03-29T05:15:42.625000000,False,None,False,True,3946.939,18.9,54.3,1011.7,False,36.7,143,1.5,Japanese Grand Prix
97.193,3,MEDIUM,1,36.171,42.961,18.061,11001100.0,10010001110.0,11111.0,3,11.0,1,True,4120.711,HAD,6,None,None,4059.751,4102.712,4120.773,261.0,323.0,276.0,287.0,True,Red Bull Racing,4023.518,2026-03-29T05:17:20.886000000,False,None,False,True,4066.945,18.9,54.5,1011.7,False,36.0,112,2.1,Japanese Grand Prix
96.017,4,MEDIUM,1,35.16,42.698,18.159,111111110.0,10010001110.0,0.0,4,11.0,1,True,4216.728,HAD,6,None,None,4155.933,4198.631,4216.79,263.0,326.0,275.0,289.0,True,Red Bull Racing,4120.711,2026-03-29T05:18:58.079000000,False,None,False,True,4126.951,19.0,54.0,1011.8,False,36.5,104,0.4,Japanese Grand Prix
96.363,5,MEDIUM,1,35.105,42.92,18.338,1010110.0,1000.0,1.0,5,11.0,1,False,4313.091,HAD,6,None,None,4251.895,4294.815,4313.153,264.0,324.0,277.0,288.0,True,Red Bull Racing,4216.728,2026-03-29T05:20:34.096000000,False,None,False,True,4246.946,19.1,53.2,1011.8,False,36.4,128,2.3,Japanese Grand Prix
97.105,6,MEDIUM,1,36.216,42.765,18.124,110000000.0,10.0,1.0,6,11.0,1,False,4410.196,HAD,6,None,None,4349.369,4392.134,4410.258,264.0,332.0,280.0,294.0,True,Red Bull Racing,4313.091,2026-03-29T05:22:10.459000000,False,None,False,True,4306.945,19.2,52.0,1011.8,False,36.0,95,1.4,Japanese Grand Prix
96.393,7,MEDIUM,1,35.53,42.893,17.97,710000000.0,0.0,11.0,7,11.0,1,False,4506.589,HAD,6,None,None,4445.788,4488.681,4506.651,263.0,333.0,280.0,295.0,True,Red Bull Racing,4410.196,2026-03-29T05:23:47.564000000,False,None,False,True,4426.948,19.1,51.3,1011.8,False,35.7,130,1.3,Japanese Grand Prix
96.203,8,MEDIUM,1,35.488,42.535,18.18,1000000.0,100130000.0,0.0,8,11.0,1,False,4602.792,HAD,6,None,None,4542.139,4584.674,4602.854,266.0,318.0,271.0,288.0,True,Red Bull Racing,4506.589,2026-03-29T05:25:23.957000000,False,None,False,True,4546.949,19.0,51.7,1011.8,False,35.3,144,2.7,Japanese Grand Prix
96.505,9,MEDIUM,1,35.656,42.803,18.046,700000000.0,10000000010.0,10010.0,9,11.0,1,False,4699.297,HAD,6,None,None,4638.51,4681.313,4699.359,266.0,325.0,279.0,290.0,True,Red Bull Racing,4602.792,2026-03-29T05:27:00.160000000,False,None,False,True,4606.955,19.1,51.2,1011.7,False,34.6,120,2.3,Japanese Grand Prix
96.234,10,MEDIUM,1,35.411,42.759,18.064,700000000.0,0.0,1.0,10,11.0,1,False,4795.531,HAD,6,None,None,4734.77,4777.529,4795.593,267.0,328.0,281.0,292.0,True,Red Bull Racing,4699.297,2026-03-29T05:28:36.665000000,False,None,False,True,4726.95,19.0,51.2,1011.8,False,34.6,126,2.0,Japanese Grand Prix
96.941,11,MEDIUM,1,35.9,42.684,18.357,110000000.0,1000.0,0.0,11,11.0,1,False,4892.472,HAD,6,None,None,4831.493,4874.177,4892.534,262.0,330.0,280.0,295.0,True,Red Bull Racing,4795.531,2026-03-29T05:30:12.899000000,False,None,False,True,4786.951,19.1,50.7,1011.7,False,34.0,142,1.5,Japanese Grand Prix
98.692,12,MEDIUM,1,35.917,44.159,18.616,0.0,1000000.0,0.0,12,11.0,1,False,4991.164,HAD,6,None,None,4928.451,4972.61,4991.226,259.0,330.0,270.0,296.0,True,Red Bull Racing,4892.472,2026-03-29T05:31:49.840000000,False,None,False,True,4906.957,19.1,50.5,1011.9,False,33.7,82,1.3,Japanese Grand Prix
96.464,13,MEDIUM,1,35.804,42.529,18.131,700000000.0,1000000000.0,0.0,13,11.0,1,False,5087.628,HAD,6,None,None,5027.03,5069.559,5087.69,265.0,325.0,274.0,289.0,True,Red Bull Racing,4991.164,2026-03-29T05:33:28.532000000,False,None,False,True,5026.956,19.0,50.6,1011.8,False,33.8,151,2.0,Japanese Grand Prix
96.672,14,MEDIUM,1,35.786,42.746,18.14,700000000.0,1000000000.0,0.0,14,11.0,1,False,5184.3,HAD,6,None,None,5123.476,5166.222,5184.362,265.0,325.0,278.0,290.0,True,Red Bull Racing,5087.628,2026-03-29T05:35:04.996000000,False,None,False,True,5086.955,19.0,50.6,1011.8,False,33.6,56,1.2,Japanese Grand Prix
96.777,15,MEDIUM,1,35.487,42.508,18.782,700000000.0,300000000.0,110.0,15,11.0,1,False,5281.077,HAD,6,None,None,5219.849,5262.357,5281.139,270.0,331.0,275.0,296.0,True,Red Bull Racing,5184.3,2026-03-29T05:36:41.668000000,False,None,False,True,5206.955,18.8,51.4,1011.6,False,33.2,98,1.2,Japanese Grand Prix
97.204,16,MEDIUM,1,36.191,42.796,18.217,700000000.0,1000.0,0.0,16,11.0,1,False,5378.281,HAD,6,None,None,5317.33,5360.126,5378.343,263.0,326.0,279.0,289.0,True,Red Bull Racing,5281.077,2026-03-29T05:38:18.445000000,False,None,False,True,5266.957,18.8,50.8,1011.8,False,33.4,44,0.7,Japanese Grand Prix
96.985,17,MEDIUM,1,35.677,43.05,18.258,700000000.0,0.0,10001.0,17,11.0,1,False,5475.266,HAD,6,None,None,5414.02,5457.07,5475.328,267.0,306.0,281.0,279.0,True,Red Bull Racing,5378.281,2026-03-29T05:39:55.649000000,False,None,False,True,5386.956,18.9,47.8,1011.8,False,32.9,133,2.6,Japanese Grand Prix
96.294,18,MEDIUM,1,35.463,42.597,18.234,700000000.0,1001000000.0,0.0,18,10.0,1,False,5571.56,HAD,6,None,None,5510.791,5553.388,5571.622,266.0,330.0,276.0,291.0,True,Red Bull Racing,5475.266,2026-03-29T05:41:32.634000000,False,None,False,True,5506.96,18.8,48.7,1011.7,False,32.8,100,1.3,Japanese Grand Prix
97.735,19,MEDIUM,1,35.269,42.287,20.179,701001000.0,11001001100.0,555.0,19,10.0,1,False,5669.295,HAD,6,None,5668.049,5606.891,5649.178,5669.357,266.0,334.0,None,291.0,True,Red Bull Racing,5571.56,2026-03-29T05:43:08.928000000,False,None,False,False,5566.954,18.8,48.5,1011.7,False,32.2,24,1.7,Japanese Grand Prix
115.961,20,HARD,2,55.858,42.136,17.967,550000100.0,11001000100.0,10110.0,1,15.0,1,False,5785.256,HAD,6,5691.6,None,5725.215,5767.351,5785.318,265.0,323.0,279.0,285.0,True,Red Bull Racing,5669.295,2026-03-29T05:44:46.663000000,False,None,False,False,5686.962,18.7,49.2,1011.7,False,32.7,131,2.2,Japanese Grand Prix
99.933,21,HARD,2,34.752,42.074,23.107,111110.0,11001001010.0,0.0,2,15.0,124,False,5885.189,HAD,6,None,None,5820.07,5862.144,5885.251,266.0,324.0,104.0,289.0,True,Red Bull Racing,5785.256,2026-03-29T05:46:42.624000000,False,None,False,False,5806.966,18.6,49.9,1011.7,False,32.6,116,0.9,Japanese Grand Prix
125.71,22,HARD,2,48.061,53.186,24.463,700000000.0,0.0,0.0,3,15.0,4,False,6010.899,HAD,6,None,None,5933.312,5986.498,6010.961,242.0,221.0,231.0,247.0,True,Red Bull Racing,5885.189,2026-03-29T05:48:22.557000000,False,None,False,False,5866.963,18.6,50.4,1011.6,False,32.9,163,0.7,Japanese Grand Prix
127.64,23,HARD,2,44.816,59.174,23.65,700000000.0,0.0,0.0,4,13.0,4,False,6138.539,HAD,6,None,None,6055.777,6114.951,6138.601,253.0,235.0,219.0,205.0,True,Red Bull Racing,6010.899,2026-03-29T05:50:28.267000000,False,None,False,False,5986.965,18.5,51.5,1011.7,False,32.7,107,0.4,Japanese Grand Prix
124.942,24,HARD,2,40.42,59.471,25.051,700000000.0,0.0,0.0,5,13.0,4,False,6263.481,HAD,6,None,None,6179.021,6238.492,6263.543,254.0,229.0,236.0,243.0,True,Red Bull Racing,6138.539,2026-03-29T05:52:35.907000000,False,None,False,False,6166.968,18.5,51.1,1011.7,False,32.9,121,1.3,Japanese Grand Prix
150.415,25,HARD,2,48.526,74.831,27.058,700000000.0,0.0,0.0,6,13.0,4,False,6413.872,HAD,6,None,None,6312.131,6386.919,6414.134,181.0,226.0,160.0,183.0,True,Red Bull Racing,6263.481,2026-03-29T05:54:40.849000000,False,None,False,False,6286.968,18.5,51.8,1011.7,False,32.8,120,1.5,Japanese Grand Prix
147.242,26,HARD,2,53.032,65.585,28.625,700000000.0,0.0,0.0,7,13.0,4,False,6561.114,HAD,6,None,None,6466.966,6532.551,6561.176,153.0,203.0,131.0,226.0,True,Red Bull Racing,6413.872,2026-03-29T05:57:11.240000000,False,None,False,False,6406.972,18.5,50.7,1011.7,False,32.3,106,2.0,Japanese Grand Prix
135.125,27,HARD,2,47.153,60.737,27.235,700000000.0,0.0,0.0,8,13.0,41,False,6696.239,HAD,6,None,None,6608.329,6669.066,6696.301,203.0,140.0,277.0,167.0,True,Red Bull Racing,6561.114,2026-03-29T05:59:38.482000000,False,None,False,False,6586.973,18.3,50.5,1011.7,False,32.2,136,2.5,Japanese Grand Prix
96.376,28,HARD,2,35.656,42.542,18.178,710000000.0,0.0,11.0,9,13.0,1,False,6792.615,HAD,6,None,None,6731.957,6774.499,6792.677,259.0,335.0,283.0,297.0,True,Red Bull Racing,6696.239,2026-03-29T06:01:53.607000000,False,None,False,True,6706.975,18.3,47.7,1011.7,False,32.3,122,2.3,Japanese Grand Prix
96.05,29,HARD,2,35.504,42.255,18.291,700000000.0,11.0,10.0,10,12.0,1,False,6888.665,HAD,6,None,None,6828.181,6870.436,6888.727,267.0,340.0,280.0,293.0,True,Red Bull Racing,6792.615,2026-03-29T06:03:29.983000000,False,None,False,True,6826.974,18.4,48.2,1011.7,False,32.4,132,2.6,Japanese Grand Prix
95.485,30,HARD,2,34.998,42.274,18.213,700000000.0,0.0,111.0,11,12.0,1,True,6984.15,HAD,6,None,None,6923.725,6965.999,6984.212,270.0,331.0,284.0,296.0,True,Red Bull Racing,6888.665,2026-03-29T06:05:06.033000000,False,None,False,True,6886.976,18.4,47.6,1011.7,False,32.1,135,0.8,Japanese Grand Prix
95.255,31,HARD,2,34.806,42.341,18.108,700000000.0,0.0,10.0,12,12.0,1,True,7079.405,HAD,6,None,None,7019.018,7061.359,7079.467,268.0,316.0,283.0,287.0,True,Red Bull Racing,6984.15,2026-03-29T06:06:41.518000000,False,None,False,True,7006.979,18.4,49.7,1011.7,False,32.0,129,1.9,Japanese Grand Prix
94.986,32,HARD,2,34.712,42.247,18.027,311000000.0,0.0,110.0,13,12.0,1,True,7174.391,HAD,6,None,None,7114.179,7156.426,7174.453,269.0,332.0,283.0,294.0,True,Red Bull Racing,7079.405,2026-03-29T06:08:16.773000000,False,None,False,True,7126.981,18.5,50.7,1011.6,False,32.0,133,2.0,Japanese Grand Prix
94.718,33,HARD,2,34.541,41.979,18.198,100.0,10000000.0,1101.0,14,12.0,1,True,7269.109,HAD,6,None,None,7208.994,7250.973,7269.171,269.0,331.0,285.0,295.0,True,Red Bull Racing,7174.391,2026-03-29T06:09:51.759000000,False,None,False,True,7186.981,18.5,50.0,1011.7,False,31.5,140,1.1,Japanese Grand Prix
95.145,34,HARD,2,34.668,42.276,18.201,700000000.0,1000000.0,1110.0,15,12.0,1,False,7364.254,HAD,6,None,None,7303.839,7346.115,7364.316,267.0,320.0,284.0,291.0,True,Red Bull Racing,7269.109,2026-03-29T06:11:26.477000000,False,None,False,True,7306.992,18.5,51.0,1011.6,False,31.4,113,1.2,Japanese Grand Prix
95.64,35,HARD,2,34.547,42.667,18.426,300000010.0,0.0,1000.0,16,12.0,1,False,7459.894,HAD,6,None,None,7398.863,7441.53,7459.956,266.0,318.0,284.0,289.0,True,Red Bull Racing,7364.254,2026-03-29T06:13:01.622000000,False,None,False,True,7366.98,18.3,51.1,1011.6,False,31.4,154,2.4,Japanese Grand Prix
93.96,36,HARD,2,34.064,41.85,18.046,101011100.0,10000001100.0,0.0,17,11.0,1,True,7553.854,HAD,6,None,None,7494.02,7535.87,7553.916,270.0,325.0,282.0,286.0,True,Red Bull Racing,7459.894,2026-03-29T06:14:37.262000000,False,None,False,True,7486.983,18.1,52.4,1011.7,False,31.1,170,0.8,Japanese Grand Prix
94.637,37,HARD,2,34.566,42.031,18.04,100.0,1000.0,0.0,18,11.0,1,False,7648.491,HAD,6,None,None,7588.482,7630.513,7648.553,265.0,320.0,278.0,285.0,True,Red Bull Racing,7553.854,2026-03-29T06:16:11.222000000,False,None,False,True,7546.988,18.0,53.7,1011.6,False,31.0,138,1.5,Japanese Grand Prix
94.466,38,HARD,2,34.536,41.945,17.985,700011000.0,0.0,0.0,19,11.0,1,False,7742.957,HAD,6,None,None,7683.089,7725.034,7743.019,272.0,322.0,280.0,286.0,True,Red Bull Racing,7648.491,2026-03-29T06:17:45.859000000,False,None,False,True,7666.984,17.9,55.6,1011.6,False,30.7,88,0.8,Japanese Grand Prix
94.558,39,HARD,2,34.622,41.962,17.974,700010000.0,1000000000.0,0.0,20,11.0,1,False,7837.515,HAD,6,None,None,7777.641,7819.603,7837.577,269.0,322.0,281.0,287.0,True,Red Bull Racing,7742.957,2026-03-29T06:19:20.325000000,False,None,False,True,7726.986,17.9,55.8,1011.7,False,31.1,119,1.8,Japanese Grand Prix
94.361,40,HARD,2,34.446,41.955,17.96,700011000.0,1000.0,0.0,21,11.0,1,False,7931.876,HAD,6,None,None,7872.023,7913.978,7931.938,268.0,322.0,281.0,286.0,True,Red Bull Racing,7837.515,2026-03-29T06:20:54.883000000,False,None,False,True,7846.99,17.8,55.5,1011.6,False,31.0,167,1.0,Japanese Grand Prix
94.482,41,HARD,2,34.69,41.833,17.959,700000000.0,1000.0,1110.0,22,11.0,1,False,8026.358,HAD,6,None,None,7966.628,8008.461,8026.42,268.0,324.0,282.0,287.0,True,Red Bull Racing,7931.876,2026-03-29T06:22:29.244000000,False,None,False,True,7966.994,17.8,55.7,1011.6,False,30.7,140,0.6,Japanese Grand Prix
94.543,42,HARD,2,34.716,41.85,17.977,700000000.0,0.0,0.0,23,11.0,1,False,8120.901,HAD,6,None,None,8061.136,8102.986,8120.963,269.0,323.0,281.0,286.0,True,Red Bull Racing,8026.358,2026-03-29T06:24:03.726000000,False,None,False,True,8026.998,18.1,55.4,1011.6,False,30.6,153,2.5,Japanese Grand Prix
94.872,43,HARD,2,34.822,42.037,18.013,700000000.0,0.0,0.0,24,11.0,1,False,8215.773,HAD,6,None,None,8155.785,8197.822,8215.835,273.0,324.0,282.0,287.0,True,Red Bull Racing,8120.901,2026-03-29T06:25:38.269000000,False,None,False,True,8146.993,17.9,57.1,1011.7,False,30.4,140,0.9,Japanese Grand Prix
94.376,44,HARD,2,34.488,41.8,18.088,700000000.0,1000000.0,0.0,25,11.0,1,False,8310.149,HAD,6,None,None,8250.323,8292.123,8310.211,267.0,324.0,283.0,288.0,True,Red Bull Racing,8215.773,2026-03-29T06:27:13.141000000,False,None,False,True,8207.003,17.9,57.3,1011.7,False,30.5,9,0.5,Japanese Grand Prix
95.914,45,HARD,2,34.864,42.531,18.519,700000000.0,0.0,0.0,26,11.0,1,False,8406.063,HAD,6,None,None,8345.075,8387.606,8406.125,265.0,333.0,278.0,289.0,True,Red Bull Racing,8310.149,2026-03-29T06:28:47.517000000,False,None,False,True,8326.995,18.0,56.5,1011.7,False,30.9,129,1.1,Japanese Grand Prix
96.112,46,HARD,2,35.779,42.284,18.049,700000000.0,0.0,110.0,27,11.0,1,False,8502.175,HAD,6,None,None,8441.904,8484.188,8502.237,268.0,321.0,283.0,284.0,True,Red Bull Racing,8406.063,2026-03-29T06:30:23.431000000,False,None,False,True,8386.994,18.0,56.6,1011.7,False,29.6,83,2.0,Japanese Grand Prix
95.366,47,HARD,2,35.312,42.0,18.054,700000000.0,0.0,0.0,28,12.0,1,False,8597.541,HAD,6,None,None,8537.549,8579.549,8597.603,266.0,326.0,283.0,289.0,True,Red Bull Racing,8502.175,2026-03-29T06:31:59.543000000,False,None,False,True,8507.001,17.9,57.4,1011.8,False,30.8,91,0.8,Japanese Grand Prix
94.972,48,HARD,2,34.98,42.001,17.991,700000000.0,0.0,0.0,29,12.0,1,False,8692.513,HAD,6,None,None,8632.583,8674.584,8692.575,265.0,326.0,281.0,288.0,True,Red Bull Racing,8597.541,2026-03-29T06:33:34.909000000,False,None,False,True,8627.007,17.9,57.3,1011.8,False,30.2,81,1.3,Japanese Grand Prix
94.946,49,HARD,2,34.902,42.085,17.959,700000000.0,0.0,0.0,30,12.0,1,False,8787.459,HAD,6,None,None,8727.477,8769.562,8787.521,268.0,325.0,281.0,286.0,True,Red Bull Racing,8692.513,2026-03-29T06:35:09.881000000,False,None,False,True,8687.017,17.9,57.8,1011.7,False,30.9,110,0.9,Japanese Grand Prix
94.774,50,HARD,2,34.902,41.884,17.988,700000000.0,0.0,110.0,31,12.0,1,False,8882.233,HAD,6,None,None,None,8864.307,8882.295,269.0,324.0,282.0,286.0,True,Red Bull Racing,8787.459,2026-03-29T06:36:44.827000000,False,None,False,True,8807.046,18.0,57.9,1011.7,False,30.6,128,1.5,Japanese Grand Prix
94.126,51,HARD,2,34.472,41.749,17.905,700000010.0,11000000000.0,1110.0,32,12.0,1,False,8976.359,HAD,6,None,None,8916.767,8958.516,8976.421,270.0,322.0,282.0,286.0,True,Red Bull Racing,8882.233,2026-03-29T06:38:19.601000000,False,None,False,True,8867.045,17.8,59.2,1011.8,False,30.2,113,1.9,Japanese Grand Prix
94.301,52,HARD,2,34.683,41.713,17.905,700000000.0,10000000100.0,0.0,33,12.0,1,False,9070.66,HAD,6,None,None,9011.104,9052.817,9070.722,271.0,323.0,282.0,285.0,True,Red Bull Racing,8976.359,2026-03-29T06:39:53.727000000,False,None,False,True,8987.049,17.6,59.8,1011.8,False,30.0,107,1.5,Japanese Grand Prix
93.837,53,HARD,2,34.419,41.801,17.617,700000000.0,0.0,300010.0,34,12.0,1,True,9164.497,HAD,6,None,None,9105.141,9146.942,9164.559,271.0,328.0,273.0,304.0,True,Red Bull Racing,9070.66,2026-03-29T06:41:28.028000000,False,None,False,True,9047.054,17.4,61.3,1011.8,False,29.9,122,1.8,Japanese Grand Prix
98.386,1,MEDIUM,1,,42.171,18.146,11111111.0,11111331111.0,1111111.0,1,5.0,1,False,3923.35,HAM,44,None,None,None,3905.286,3923.573,264.0,328.0,270.0,289.0,True,Ferrari,3824.711,2026-03-29T05:14:02.079000000,False,None,False,False,3826.937,18.8,55.5,1011.7,False,36.7,124,2.1,Japanese Grand Prix
95.496,2,MEDIUM,1,35.461,42.16,17.875,111111110.0,1000001011.0,1110111.0,2,6.0,1,True,4018.846,HAM,44,None,None,3958.844,4001.004,4018.879,258.0,338.0,271.0,294.0,True,Ferrari,3923.35,2026-03-29T05:15:40.718000000,False,None,False,True,3946.939,18.9,54.3,1011.7,False,36.7,143,1.5,Japanese Grand Prix
95.394,3,MEDIUM,1,35.125,42.265,18.004,711111001.0,1001.0,1100011.0,3,6.0,1,True,4114.24,HAM,44,None,None,4054.004,4096.269,4114.273,263.0,339.0,271.0,296.0,True,Ferrari,4018.846,2026-03-29T05:17:16.214000000,False,None,False,True,4066.945,18.9,54.5,1011.7,False,36.0,112,2.1,Japanese Grand Prix
95.805,4,MEDIUM,1,35.248,42.422,18.135,711011000.0,10000001000.0,10011.0,4,6.0,1,False,4210.045,HAM,44,None,None,4149.521,4191.943,4210.078,260.0,317.0,279.0,285.0,True,Ferrari,4114.24,2026-03-29T05:18:51.608000000,False,None,False,True,4126.951,19.0,54.0,1011.8,False,36.5,104,0.4,Japanese Grand Prix
95.453,5,MEDIUM,1,35.025,42.365,18.063,711000000.0,10000000100.0,10.0,5,6.0,1,False,4305.498,HAM,44,None,None,4245.103,4287.468,4305.531,253.0,325.0,278.0,288.0,True,Ferrari,4210.045,2026-03-29T05:20:27.413000000,False,None,False,True,4246.946,19.1,53.2,1011.8,False,36.4,128,2.3,Japanese Grand Prix
95.172,6,MEDIUM,1,34.663,42.37,18.139,713010000.0,11000000100.0,0.0,6,6.0,1,True,4400.67,HAM,44,None,None,4340.194,4382.564,4400.703,262.0,322.0,279.0,286.0,True,Ferrari,4305.498,2026-03-29T05:22:02.866000000,False,None,False,True,4306.945,19.2,52.0,1011.8,False,36.0,95,1.4,Japanese Grand Prix
95.448,7,MEDIUM,1,34.837,42.375,18.236,11000.0,100001100.0,0.0,7,6.0,1,False,4496.118,HAM,44,None,None,4435.54,4477.915,4496.151,252.0,315.0,278.0,283.0,True,Ferrari,4400.67,2026-03-29T05:23:38.038000000,False,None,False,True,4426.948,19.1,51.3,1011.8,False,35.7,130,1.3,Japanese Grand Prix
95.565,8,MEDIUM,1,34.822,42.573,18.17,700011000.0,100000100.0,1000.0,8,6.0,1,False,4591.683,HAM,44,None,None,4530.973,4573.546,4591.716,253.0,313.0,278.0,281.0,True,Ferrari,4496.118,2026-03-29T05:25:13.486000000,False,None,False,True,4546.949,19.0,51.7,1011.8,False,35.3,144,2.7,Japanese Grand Prix
95.765,9,MEDIUM,1,34.786,42.681,18.298,700000000.0,0.0,0.0,9,6.0,1,False,4687.448,HAM,44,None,None,4626.502,4669.183,4687.481,252.0,313.0,278.0,281.0,True,Ferrari,4591.683,2026-03-29T05:26:49.051000000,False,None,False,True,4606.955,19.1,51.2,1011.7,False,34.6,120,2.3,Japanese Grand Prix
95.166,10,MEDIUM,1,34.796,42.194,18.176,700000000.0,11000000000.0,10.0,10,6.0,1,True,4782.614,HAM,44,None,None,4722.277,4764.471,4782.647,258.0,316.0,276.0,282.0,True,Ferrari,4687.448,2026-03-29T05:28:24.816000000,False,None,False,True,4726.95,19.0,51.2,1011.8,False,34.6,126,2.0,Japanese Grand Prix
95.434,11,MEDIUM,1,34.99,42.227,18.217,700000000.0,0.0,1110.0,11,6.0,1,False,4878.048,HAM,44,None,None,4817.637,4859.864,4878.081,259.0,317.0,277.0,282.0,True,Ferrari,4782.614,2026-03-29T05:29:59.982000000,False,None,False,True,4786.951,19.1,50.7,1011.7,False,34.0,142,1.5,Japanese Grand Prix
95.161,12,MEDIUM,1,34.945,42.205,18.011,700000000.0,0.0,10010.0,12,6.0,1,True,4973.209,HAM,44,None,None,4913.026,4955.231,4973.242,259.0,318.0,276.0,284.0,True,Ferrari,4878.048,2026-03-29T05:31:35.416000000,False,None,False,True,4906.957,19.1,50.5,1011.9,False,33.7,82,1.3,Japanese Grand Prix
95.397,13,MEDIUM,1,34.974,42.181,18.242,703010000.0,0.0,0.0,13,6.0,1,False,5068.606,HAM,44,None,None,5008.216,5050.397,5068.639,258.0,318.0,276.0,283.0,True,Ferrari,4973.209,2026-03-29T05:33:10.577000000,False,None,False,True,5026.956,19.0,50.6,1011.8,False,33.8,151,2.0,Japanese Grand Prix
95.283,14,MEDIUM,1,35.107,42.019,18.157,700000000.0,3000000000.0,11.0,14,6.0,1,False,5163.889,HAM,44,None,None,5103.746,5145.765,5163.922,259.0,318.0,279.0,283.0,True,Ferrari,5068.606,2026-03-29T05:34:45.974000000,False,None,False,True,5086.955,19.0,50.6,1011.8,False,33.6,56,1.2,Japanese Grand Prix
95.054,15,MEDIUM,1,34.878,42.06,18.116,700000000.0,0.0,0.0,15,6.0,1,True,5258.943,HAM,44,None,None,5198.8,5240.86,5258.976,258.0,319.0,277.0,285.0,True,Ferrari,5163.889,2026-03-29T05:36:21.257000000,False,None,False,True,5206.955,18.8,51.4,1011.6,False,33.2,98,1.2,Japanese Grand Prix
95.355,16,MEDIUM,1,35.135,42.151,18.069,700000000.0,0.0,1.0,16,5.0,1,False,5354.298,HAM,44,None,None,5294.111,5336.262,5354.331,262.0,319.0,279.0,286.0,True,Ferrari,5258.943,2026-03-29T05:37:56.311000000,False,None,False,True,5266.957,18.8,50.8,1011.8,False,33.4,44,0.7,Japanese Grand Prix
94.876,17,MEDIUM,1,34.818,42.034,18.024,700000001.0,10100000000.0,0.0,17,4.0,1,True,5449.174,HAM,44,None,None,5389.149,5431.183,5449.207,264.0,324.0,277.0,285.0,True,Ferrari,5354.298,2026-03-29T05:39:31.666000000,False,None,False,True,5386.956,18.9,47.8,1011.8,False,32.9,133,2.6,Japanese Grand Prix
94.959,18,MEDIUM,1,34.919,41.921,18.119,700000000.0,10001000.0,10000.0,18,4.0,1,False,5544.133,HAM,44,None,None,5484.126,5526.047,5544.166,261.0,316.0,277.0,280.0,True,Ferrari,5449.174,2026-03-29T05:41:06.542000000,False,None,False,True,5506.96,18.8,48.7,1011.7,False,32.8,100,1.3,Japanese Grand Prix
94.98,19,MEDIUM,1,34.878,41.972,18.13,700000000.0,1000.0,10010.0,19,3.0,1,False,5639.113,HAM,44,None,None,5579.044,5621.016,5639.146,261.0,313.0,276.0,278.0,True,Ferrari,5544.133,2026-03-29T05:42:41.501000000,False,None,False,True,5566.954,18.8,48.5,1011.7,False,32.2,24,1.7,Japanese Grand Prix
95.168,20,MEDIUM,1,35.003,41.989,18.176,700001000.0,1000000000.0,10000.0,20,3.0,1,False,5734.281,HAM,44,None,None,5674.149,5716.138,5734.314,260.0,314.0,277.0,278.0,True,Ferrari,5639.113,2026-03-29T05:44:16.481000000,False,None,False,True,5686.962,18.7,49.2,1011.7,False,32.7,131,2.2,Japanese Grand Prix
95.01,21,MEDIUM,1,34.972,41.846,18.192,700001000.0,1000000000.0,0.0,21,3.0,1,False,5829.291,HAM,44,None,None,5769.286,5811.132,5829.324,260.0,314.0,276.0,278.0,True,Ferrari,5734.281,2026-03-29T05:45:51.649000000,False,None,False,True,5806.966,18.6,49.9,1011.7,False,32.6,116,0.9,Japanese Grand Prix
116.919,22,MEDIUM,1,34.993,55.394,26.532,700001000.0,0.0,555.0,22,2.0,124,False,5946.21,HAM,44,None,5944.896,5864.317,5919.711,5946.243,258.0,206.0,None,223.0,True,Ferrari,5829.291,2026-03-29T05:47:26.659000000,False,None,False,False,5866.963,18.6,50.4,1011.6,False,32.9,163,0.7,Japanese Grand Prix
157.39,23,HARD,2,64.944,62.009,30.437,550000000.0,0.0,0.0,1,4.0,4,False,6103.629,HAM,44,5967.806,None,6011.322,6073.345,6103.697,212.0,129.0,179.0,185.0,True,Ferrari,5946.21,2026-03-29T05:49:23.578000000,False,None,False,False,5986.965,18.5,51.5,1011.7,False,32.7,107,0.4,Japanese Grand Prix
147.559,24,HARD,2,51.017,71.609,24.933,0.0,0.0,0.0,2,4.0,4,False,6251.188,HAM,44,None,None,6154.679,6226.288,6251.221,197.0,114.0,215.0,232.0,True,Ferrari,6103.629,2026-03-29T05:52:00.997000000,False,None,False,False,6166.968,18.5,51.1,1011.7,False,32.9,121,1.3,Japanese Grand Prix
151.345,25,HARD,2,52.871,70.692,27.782,700000000.0,0.0,0.0,3,4.0,4,False,6402.536,HAM,44,None,None,6304.187,6374.87,6402.692,132.0,204.0,181.0,218.0,True,Ferrari,6251.188,2026-03-29T05:54:28.556000000,False,None,False,False,6286.968,18.5,51.8,1011.7,False,32.8,120,1.5,Japanese Grand Prix
145.726,26,HARD,2,54.221,63.514,27.991,700000000.0,0.0,0.0,4,4.0,4,False,6548.262,HAM,44,None,None,6456.79,6520.304,6548.295,148.0,201.0,243.0,149.0,True,Ferrari,6402.536,2026-03-29T05:56:59.904000000,False,None,False,False,6406.972,18.5,50.7,1011.7,False,32.3,106,2.0,Japanese Grand Prix
143.756,27,HARD,2,49.74,65.341,28.675,700000000.0,0.0,0.0,5,4.0,41,False,6692.018,HAM,44,None,None,6598.035,6663.376,6692.051,195.0,116.0,277.0,122.0,True,Ferrari,6548.262,2026-03-29T05:59:25.630000000,False,None,False,False,6586.973,18.3,50.5,1011.7,False,32.2,136,2.5,Japanese Grand Prix
94.067,28,HARD,2,34.464,41.628,17.975,710000110.0,101000110.0,1111.0,6,3.0,1,True,6786.085,HAM,44,None,None,6726.515,6768.143,6786.118,261.0,319.0,283.0,284.0,True,Ferrari,6692.018,2026-03-29T06:01:49.386000000,False,None,False,True,6706.975,18.3,47.7,1011.7,False,32.3,122,2.3,Japanese Grand Prix
93.742,29,HARD,2,34.268,41.627,17.847,100010100.0,1030000110.0,110.0,7,3.0,1,True,6879.827,HAM,44,None,None,6820.386,6862.013,6879.86,258.0,319.0,282.0,284.0,True,Ferrari,6786.085,2026-03-29T06:03:23.453000000,False,None,False,True,6826.974,18.4,48.2,1011.7,False,32.4,132,2.6,Japanese Grand Prix
93.875,30,HARD,2,34.238,41.651,17.986,10110.0,10000001000.0,0.0,8,3.0,1,False,6973.702,HAM,44,None,None,6914.098,6955.749,6973.735,257.0,318.0,281.0,283.0,True,Ferrari,6879.827,2026-03-29T06:04:57.195000000,False,None,False,True,6886.976,18.4,47.6,1011.7,False,32.1,135,0.8,Japanese Grand Prix
93.67,31,HARD,2,34.176,41.591,17.903,700110000.0,10001000100.0,0.0,9,3.0,1,True,7067.372,HAM,44,None,None,7007.911,7049.502,7067.405,256.0,328.0,281.0,287.0,True,Ferrari,6973.702,2026-03-29T06:06:31.070000000,False,None,False,True,7006.979,18.4,49.7,1011.7,False,32.0,129,1.9,Japanese Grand Prix
93.501,32,HARD,2,34.037,41.441,18.023,701113100.0,11000000000.0,10000.0,10,3.0,1,True,7160.873,HAM,44,None,None,7101.442,7142.883,7160.906,263.0,312.0,282.0,279.0,True,Ferrari,7067.372,2026-03-29T06:08:04.740000000,False,None,False,True,7126.981,18.5,50.7,1011.6,False,32.0,133,2.0,Japanese Grand Prix
93.524,33,HARD,2,33.991,41.566,17.967,703000100.0,100.0,0.0,11,3.0,1,False,7254.397,HAM,44,None,None,7194.897,7236.463,7254.43,258.0,331.0,281.0,289.0,True,Ferrari,7160.873,2026-03-29T06:09:38.241000000,False,None,False,True,7186.981,18.5,50.0,1011.7,False,31.5,140,1.1,Japanese Grand Prix
93.301,34,HARD,2,34.092,41.289,17.92,700010100.0,10100001000.0,0.0,12,3.0,1,True,7347.698,HAM,44,None,None,7288.522,7329.811,7347.731,263.0,327.0,280.0,287.0,True,Ferrari,7254.397,2026-03-29T06:11:11.765000000,False,None,False,True,7306.992,18.5,51.0,1011.6,False,31.4,113,1.2,Japanese Grand Prix
93.696,35,HARD,2,34.127,41.533,18.036,700100001.0,0.0,0.0,13,3.0,1,False,7441.394,HAM,44,None,None,7381.858,7423.391,7441.427,265.0,328.0,280.0,283.0,True,Ferrari,7347.698,2026-03-29T06:12:45.066000000,False,None,False,True,7366.98,18.3,51.1,1011.6,False,31.4,154,2.4,Japanese Grand Prix
93.658,36,HARD,2,34.201,41.314,18.143,700000000.0,30001000.0,10000.0,14,3.0,1,False,7535.052,HAM,44,None,None,7475.628,7516.942,7535.085,262.0,309.0,282.0,279.0,True,Ferrari,7441.394,2026-03-29T06:14:18.762000000,False,None,False,True,7486.983,18.1,52.4,1011.7,False,31.1,170,0.8,Japanese Grand Prix
93.934,37,HARD,2,34.165,41.814,17.955,700000000.0,0.0,0.0,15,3.0,1,False,7628.986,HAM,44,None,None,7569.25,7611.064,7629.019,257.0,313.0,282.0,280.0,True,Ferrari,7535.052,2026-03-29T06:15:52.420000000,False,None,False,True,7546.988,18.0,53.7,1011.6,False,31.0,138,1.5,Japanese Grand Prix
93.436,38,HARD,2,33.994,41.468,17.974,700000000.0,0.0,0.0,16,3.0,1,False,7722.422,HAM,44,None,None,7663.013,7704.481,7722.455,261.0,316.0,280.0,282.0,True,Ferrari,7628.986,2026-03-29T06:17:26.354000000,False,None,False,True,7666.984,17.9,55.6,1011.6,False,30.7,88,0.8,Japanese Grand Prix
93.576,39,HARD,2,34.167,41.376,18.033,700000100.0,100000000.0,0.0,17,3.0,1,False,7815.998,HAM,44,None,None,7756.622,7797.998,7816.031,264.0,319.0,282.0,284.0,True,Ferrari,7722.422,2026-03-29T06:18:59.790000000,False,None,False,True,7726.986,17.9,55.8,1011.7,False,31.1,119,1.8,Japanese Grand Prix
93.869,40,HARD,2,34.11,41.62,18.139,700000000.0,100000000.0,10.0,18,3.0,1,False,7909.867,HAM,44,None,None,7850.141,7891.761,7909.9,261.0,314.0,277.0,280.0,True,Ferrari,7815.998,2026-03-29T06:20:33.366000000,False,None,False,True,7846.99,17.8,55.5,1011.6,False,31.0,167,1.0,Japanese Grand Prix
94.177,41,HARD,2,34.44,41.609,18.128,700000000.0,0.0,1110.0,19,3.0,1,False,8004.044,HAM,44,None,None,7944.34,7985.949,8004.077,258.0,314.0,281.0,281.0,True,Ferrari,7909.867,2026-03-29T06:22:07.235000000,False,None,False,True,7966.994,17.8,55.7,1011.6,False,30.7,140,0.6,Japanese Grand Prix
94.662,42,HARD,2,35.177,41.585,17.9,700000000.0,0.0,0.0,20,4.0,1,False,8098.706,HAM,44,None,None,8039.254,8080.839,8098.739,258.0,317.0,279.0,284.0,True,Ferrari,8004.044,2026-03-29T06:23:41.412000000,False,None,False,True,8026.998,18.1,55.4,1011.6,False,30.6,153,2.5,Japanese Grand Prix
94.359,43,HARD,2,35.047,41.379,17.933,700000001.0,0.0,1.0,21,5.0,1,False,8193.065,HAM,44,None,None,8133.786,8175.165,8193.098,266.0,332.0,284.0,290.0,True,Ferrari,8098.706,2026-03-29T06:25:16.074000000,False,None,False,True,8146.993,17.9,57.1,1011.7,False,30.4,140,0.9,Japanese Grand Prix
93.636,44,HARD,2,34.266,41.397,17.973,700000000.0,0.0,30000.0,22,5.0,1,False,8286.701,HAM,44,None,None,8227.364,8268.761,8286.734,256.0,326.0,278.0,286.0,True,Ferrari,8193.065,2026-03-29T06:26:50.433000000,True,TRACK LIMITS AT TURN 17 LAP 44 ,False,True,8207.003,17.9,57.3,1011.7,False,30.5,9,0.5,Japanese Grand Prix
93.495,45,HARD,2,34.167,41.343,17.985,700000000.0,101000000.0,0.0,23,5.0,1,False,8380.196,HAM,44,None,None,8320.901,8362.244,8380.229,261.0,328.0,282.0,289.0,True,Ferrari,8286.701,2026-03-29T06:28:24.069000000,False,None,False,True,8326.995,18.0,56.5,1011.7,False,30.9,129,1.1,Japanese Grand Prix
93.442,46,HARD,2,34.231,41.233,17.978,700000000.0,1000000.0,0.0,24,5.0,1,False,8473.638,HAM,44,None,None,8414.46,8455.693,8473.671,262.0,320.0,282.0,284.0,True,Ferrari,8380.196,2026-03-29T06:29:57.564000000,False,None,False,True,8386.994,18.0,56.6,1011.7,False,29.6,83,2.0,Japanese Grand Prix
94.676,47,HARD,2,34.378,41.393,18.905,700010000.0,0.0,1.0,25,6.0,1,False,8568.314,HAM,44,None,None,8508.049,8549.442,8568.347,261.0,315.0,284.0,282.0,True,Ferrari,8473.638,2026-03-29T06:31:31.006000000,False,None,False,True,8507.001,17.9,57.4,1011.8,False,30.8,91,0.8,Japanese Grand Prix
92.777,48,HARD,2,33.962,41.108,17.707,100000000.0,1101000010.0,100000.0,26,5.0,1,True,8661.091,HAM,44,None,None,8602.309,8643.417,8661.124,260.0,331.0,280.0,291.0,True,Ferrari,8568.314,2026-03-29T06:33:05.682000000,False,None,False,True,8627.007,17.9,57.3,1011.8,False,30.2,81,1.3,Japanese Grand Prix
93.867,49,HARD,2,34.368,41.301,18.198,0.0,1000000.0,0.0,27,5.0,1,False,8754.958,HAM,44,None,None,8695.492,8736.793,8754.991,263.0,313.0,277.0,279.0,True,Ferrari,8661.091,2026-03-29T06:34:38.459000000,False,None,False,True,8687.017,17.9,57.8,1011.7,False,30.9,110,0.9,Japanese Grand Prix
95.689,50,HARD,2,34.647,42.013,19.029,700010000.0,101000000.0,10.0,28,6.0,1,False,8850.647,HAM,44,None,None,8789.638,8831.651,8850.68,262.0,304.0,283.0,273.0,True,Ferrari,8754.958,2026-03-29T06:36:12.326000000,False,None,False,True,8807.046,18.0,57.9,1011.7,False,30.6,128,1.5,Japanese Grand Prix
94.927,51,HARD,2,33.992,41.784,19.151,111000000.0,101000000.0,1.0,29,6.0,1,False,8945.574,HAM,44,None,None,8884.672,8926.456,8945.607,259.0,318.0,286.0,279.0,True,Ferrari,8850.647,2026-03-29T06:37:48.015000000,False,None,False,True,8867.045,17.8,59.2,1011.8,False,30.2,113,1.9,Japanese Grand Prix
94.193,52,HARD,2,34.367,41.886,17.94,700000000.0,0.0,0.0,30,6.0,1,False,9039.767,HAM,44,None,None,8979.974,9021.86,9039.8,262.0,322.0,283.0,285.0,True,Ferrari,8945.574,2026-03-29T06:39:22.942000000,False,None,False,True,8987.049,17.6,59.8,1011.8,False,30.0,107,1.5,Japanese Grand Prix
93.669,53,HARD,2,34.115,41.518,18.036,0.0,110.0,0.0,31,6.0,1,False,9133.436,HAM,44,None,None,9073.915,9115.433,9133.469,263.0,319.0,277.0,284.0,True,Ferrari,9039.767,2026-03-29T06:40:57.135000000,False,None,False,True,9047.054,17.4,61.3,1011.8,False,29.9,122,1.8,Japanese Grand Prix
106.149,1,MEDIUM,1,,44.711,18.748,11111111.0,11111111111.0,1111110.0,1,19.0,1,False,3931.113,HUL,27,None,None,None,3912.484,3931.274,274.0,330.0,251.0,284.0,True,Audi,3824.711,2026-03-29T05:14:02.079000000,False,None,False,False,3826.937,18.8,55.5,1011.7,False,36.7,124,2.1,Japanese Grand Prix
98.019,2,MEDIUM,1,36.377,43.395,18.247,111111110.0,11110001100.0,111111.0,2,19.0,1,True,4029.132,HUL,27,None,None,3967.532,4010.927,4029.174,265.0,314.0,277.0,290.0,True,Audi,3931.113,2026-03-29T05:15:48.481000000,False,None,False,True,3946.939,18.9,54.3,1011.7,False,36.7,143,1.5,Japanese Grand Prix
96.53,3,MEDIUM,1,35.342,43.085,18.103,711110110.0,11110000000.0,1110010.0,3,18.0,1,True,4125.662,HUL,27,None,None,4064.516,4107.601,4125.704,263.0,322.0,275.0,290.0,True,Audi,4029.132,2026-03-29T05:17:26.500000000,False,None,False,True,4066.945,18.9,54.5,1011.7,False,36.0,112,2.1,Japanese Grand Prix
96.632,4,MEDIUM,1,35.458,42.956,18.218,11101000.0,100001000.0,1001001.0,4,17.0,1,False,4222.294,HUL,27,None,None,4161.162,4204.118,4222.336,260.0,329.0,280.0,296.0,True,Audi,4125.662,2026-03-29T05:19:03.030000000,False,None,False,True,4126.951,19.0,54.0,1011.8,False,36.5,104,0.4,Japanese Grand Prix
96.858,5,MEDIUM,1,35.878,42.815,18.165,100000000.0,11010001010.0,0.0,5,17.0,1,False,4319.152,HUL,27,None,None,4258.214,4301.029,4319.194,265.0,324.0,279.0,294.0,True,Audi,4222.294,2026-03-29T05:20:39.662000000,False,None,False,True,4246.946,19.1,53.2,1011.8,False,36.4,128,2.3,Japanese Grand Prix
97.522,6,MEDIUM,1,35.81,43.183,18.529,0.0,0.0,11.0,6,17.0,1,False,4416.674,HUL,27,None,None,4355.004,4398.187,4416.716,260.0,326.0,281.0,294.0,True,Audi,4319.152,2026-03-29T05:22:16.520000000,False,None,False,True,4306.945,19.2,52.0,1011.8,False,36.0,95,1.4,Japanese Grand Prix
97.424,7,MEDIUM,1,35.921,43.264,18.239,700010000.0,100000000.0,0.0,7,17.0,1,False,4514.098,HUL,27,None,None,4452.637,4495.901,4514.14,259.0,321.0,280.0,291.0,True,Audi,4416.674,2026-03-29T05:23:54.042000000,False,None,False,True,4426.948,19.1,51.3,1011.8,False,35.7,130,1.3,Japanese Grand Prix
97.149,8,MEDIUM,1,35.857,43.083,18.209,110000000.0,10100000100.0,1000.0,8,17.0,1,False,4611.247,HUL,27,None,None,4549.997,4593.08,4611.289,261.0,318.0,280.0,290.0,True,Audi,4514.098,2026-03-29T05:25:31.466000000,False,None,False,True,4546.949,19.0,51.7,1011.8,False,35.3,144,2.7,Japanese Grand Prix
96.695,9,MEDIUM,1,35.547,42.961,18.187,710000000.0,11000000010.0,100000.0,9,17.0,1,False,4707.942,HUL,27,None,None,4646.836,4689.797,4707.984,259.0,318.0,280.0,290.0,True,Audi,4611.247,2026-03-29T05:27:08.615000000,False,None,False,True,4606.955,19.1,51.2,1011.7,False,34.6,120,2.3,Japanese Grand Prix
96.943,10,MEDIUM,1,35.919,42.869,18.155,710000000.0,11010001100.0,101110.0,10,17.0,1,False,4804.885,HUL,27,None,None,4743.903,4786.772,4804.927,258.0,314.0,277.0,288.0,True,Audi,4707.942,2026-03-29T05:28:45.310000000,False,None,False,True,4726.95,19.0,51.2,1011.8,False,34.6,126,2.0,Japanese Grand Prix
96.387,11,MEDIUM,1,35.53,42.718,18.139,1000.0,11100001000.0,100111.0,11,17.0,1,True,4901.272,HUL,27,None,None,4840.457,4883.175,4901.314,260.0,318.0,282.0,289.0,True,Audi,4804.885,2026-03-29T05:30:22.253000000,False,None,False,True,4786.951,19.1,50.7,1011.7,False,34.0,142,1.5,Japanese Grand Prix
97.397,12,MEDIUM,1,35.449,43.604,18.344,330000003.0,10000.0,10000.0,12,17.0,1,False,4998.669,HUL,27,None,None,4936.763,4980.367,4998.711,291.0,306.0,268.0,286.0,True,Audi,4901.272,2026-03-29T05:31:58.640000000,False,None,False,True,4906.957,19.1,50.5,1011.9,False,33.7,82,1.3,Japanese Grand Prix
96.972,13,MEDIUM,1,35.919,42.797,18.256,10000.0,10000001100.0,0.0,13,17.0,1,False,5095.641,HUL,27,None,None,5034.63,5077.427,5095.683,257.0,315.0,276.0,288.0,True,Audi,4998.669,2026-03-29T05:33:36.037000000,False,None,False,True,5026.956,19.0,50.6,1011.8,False,33.8,151,2.0,Japanese Grand Prix
96.49,14,MEDIUM,1,35.422,42.945,18.123,701000000.0,0.0,10000.0,14,17.0,1,False,5192.131,HUL,27,None,None,5131.105,5174.05,5192.173,271.0,317.0,282.0,289.0,True,Audi,5095.641,2026-03-29T05:35:13.009000000,False,None,False,True,5086.955,19.0,50.6,1011.8,False,33.6,56,1.2,Japanese Grand Prix
95.778,15,MEDIUM,1,34.972,42.559,18.247,700111100.0,11010001100.0,10.0,15,16.0,1,True,5287.909,HUL,27,None,None,5227.145,5269.704,5287.951,259.0,311.0,277.0,285.0,True,Audi,5192.131,2026-03-29T05:36:49.499000000,False,None,False,True,5206.955,18.8,51.4,1011.6,False,33.2,98,1.2,Japanese Grand Prix
96.277,16,MEDIUM,1,35.508,42.688,18.081,701000000.0,100.0,10100.0,16,15.0,1,False,5384.186,HUL,27,None,None,5323.459,5366.147,5384.228,256.0,319.0,277.0,287.0,True,Audi,5287.909,2026-03-29T05:38:25.277000000,False,None,False,True,5266.957,18.8,50.8,1011.8,False,33.4,44,0.7,Japanese Grand Prix
96.171,17,MEDIUM,1,35.354,42.76,18.057,700000000.0,0.0,1110.0,17,15.0,1,False,5480.357,HUL,27,None,None,5419.582,5462.342,5480.399,259.0,323.0,279.0,286.0,True,Audi,5384.186,2026-03-29T05:40:01.554000000,False,None,False,True,5386.956,18.9,47.8,1011.8,False,32.9,133,2.6,Japanese Grand Prix
96.037,18,MEDIUM,1,35.423,42.448,18.166,700000100.0,10000000000.0,0.0,18,14.0,1,False,5576.394,HUL,27,None,None,5515.822,5558.27,5576.436,258.0,325.0,279.0,289.0,True,Audi,5480.357,2026-03-29T05:41:37.725000000,False,None,False,True,5506.96,18.8,48.7,1011.7,False,32.8,100,1.3,Japanese Grand Prix
95.575,19,MEDIUM,1,35.308,42.305,17.962,701001000.0,10100000110.0,0.0,19,13.0,1,True,5671.969,HUL,27,None,None,5611.744,5654.049,5672.011,261.0,329.0,280.0,292.0,True,Audi,5576.394,2026-03-29T05:43:13.762000000,False,None,False,True,5566.954,18.8,48.5,1011.7,False,32.2,24,1.7,Japanese Grand Prix
95.655,20,MEDIUM,1,35.318,42.304,18.033,700000000.0,101000010.0,11.0,20,11.0,1,False,5767.624,HUL,27,None,None,5707.329,5749.633,5767.666,268.0,327.0,283.0,292.0,True,Audi,5671.969,2026-03-29T05:44:49.337000000,False,None,False,True,5686.962,18.7,49.2,1011.7,False,32.7,131,2.2,Japanese Grand Prix
95.944,21,MEDIUM,1,35.319,42.622,18.003,700000000.0,10.0,10.0,21,11.0,12,False,5863.568,HUL,27,None,None,5802.985,5845.607,5863.61,266.0,325.0,281.0,292.0,True,Audi,5767.624,2026-03-29T05:46:24.992000000,False,None,False,True,5806.966,18.6,49.9,1011.7,False,32.6,116,0.9,Japanese Grand Prix
124.599,22,MEDIUM,1,42.684,57.513,24.402,700000000.0,0.0,0.0,22,9.0,24,False,5988.167,HUL,27,None,None,5906.294,5963.807,5988.209,248.0,204.0,202.0,215.0,True,Audi,5863.568,2026-03-29T05:48:00.936000000,False,None,False,False,5866.963,18.6,50.4,1011.6,False,32.9,163,0.7,Japanese Grand Prix
129.419,23,MEDIUM,1,44.305,57.94,27.174,700000000.0,0.0,555.0,23,9.0,4,False,6117.586,HUL,27,None,6116.158,6032.514,6090.454,6117.628,217.0,214.0,None,209.0,True,Audi,5988.167,2026-03-29T05:50:05.535000000,False,None,False,False,5986.965,18.5,51.5,1011.7,False,32.7,107,0.4,Japanese Grand Prix
144.563,24,HARD,2,60.006,59.978,24.579,550000000.0,0.0,0.0,1,12.0,4,False,6262.149,HUL,27,6140.192,None,6177.634,6237.612,6262.191,280.0,201.0,244.0,259.0,True,Audi,6117.586,2026-03-29T05:52:14.954000000,False,None,False,False,6166.968,18.5,51.1,1011.7,False,32.9,121,1.3,Japanese Grand Prix
150.451,25,HARD,2,48.372,74.454,27.625,0.0,0.0,0.0,2,12.0,4,False,6412.61,HUL,27,None,None,6310.65,6385.027,6412.7,135.0,232.0,172.0,169.0,True,Audi,6262.149,2026-03-29T05:54:39.517000000,False,None,False,False,6286.968,18.5,51.8,1011.7,False,32.8,120,1.5,Japanese Grand Prix
147.547,26,HARD,2,53.085,65.462,29.0,700000000.0,0.0,0.0,3,12.0,4,False,6560.157,HUL,27,None,None,6465.737,6531.199,6560.199,180.0,215.0,137.0,247.0,True,Audi,6412.61,2026-03-29T05:57:09.978000000,False,None,False,False,6406.972,18.5,50.7,1011.7,False,32.3,106,2.0,Japanese Grand Prix
135.697,27,HARD,2,46.38,61.945,27.372,700000000.0,0.0,0.0,4,12.0,41,False,6695.854,HUL,27,None,None,6606.579,6668.524,6695.896,236.0,152.0,278.0,160.0,True,Audi,6560.157,2026-03-29T05:59:37.525000000,False,None,False,False,6586.973,18.3,50.5,1011.7,False,32.2,136,2.5,Japanese Grand Prix
96.375,28,HARD,2,35.452,42.571,18.352,700000000.0,1000031.0,1000011.0,5,12.0,1,False,6792.229,HUL,27,None,None,6731.348,6773.919,6792.271,261.0,338.0,284.0,292.0,True,Audi,6695.854,2026-03-29T06:01:53.222000000,False,None,False,True,6706.975,18.3,47.7,1011.7,False,32.3,122,2.3,Japanese Grand Prix
96.82,29,HARD,2,35.128,42.728,18.964,700000113.0,10000000.0,0.0,6,13.0,1,False,6889.049,HUL,27,None,None,6827.399,6870.127,6889.091,297.0,332.0,269.0,287.0,True,Audi,6792.229,2026-03-29T06:03:29.597000000,False,None,False,True,6826.974,18.4,48.2,1011.7,False,32.4,132,2.6,Japanese Grand Prix
96.242,30,HARD,2,36.353,42.063,17.826,700000000.0,1001000100.0,1111.0,7,14.0,1,False,6985.291,HUL,27,None,None,6925.444,6967.507,6985.333,265.0,329.0,284.0,295.0,True,Audi,6889.049,2026-03-29T06:05:06.417000000,False,None,False,True,6886.976,18.4,47.6,1011.7,False,32.1,135,0.8,Japanese Grand Prix
94.637,31,HARD,2,34.783,41.951,17.903,700100110.0,1010000100.0,0.0,8,13.0,1,True,7079.928,HUL,27,None,None,7020.116,7062.067,7079.97,260.0,330.0,284.0,294.0,True,Audi,6985.291,2026-03-29T06:06:42.659000000,False,None,False,True,7006.979,18.4,49.7,1011.7,False,32.0,129,1.9,Japanese Grand Prix
94.905,32,HARD,2,34.861,42.073,17.971,700001000.0,0.0,1.0,9,13.0,1,False,7174.833,HUL,27,None,None,7114.831,7156.904,7174.875,266.0,330.0,284.0,295.0,True,Audi,7079.928,2026-03-29T06:08:17.296000000,False,None,False,True,7126.981,18.5,50.7,1011.6,False,32.0,133,2.0,Japanese Grand Prix
94.82,33,HARD,2,34.925,41.982,17.913,700000000.0,0.0,0.0,10,13.0,1,False,7269.653,HUL,27,None,None,7209.8,7251.782,7269.695,268.0,328.0,283.0,294.0,True,Audi,7174.833,2026-03-29T06:09:52.201000000,False,None,False,True,7186.981,18.5,50.0,1011.7,False,31.5,140,1.1,Japanese Grand Prix
95.027,34,HARD,2,35.006,42.061,17.96,700000000.0,0.0,1.0,11,13.0,1,False,7364.68,HUL,27,None,None,7304.701,7346.762,7364.722,266.0,329.0,284.0,294.0,True,Audi,7269.653,2026-03-29T06:11:27.021000000,False,None,False,True,7306.992,18.5,51.0,1011.6,False,31.4,113,1.2,Japanese Grand Prix
95.547,35,HARD,2,35.07,42.2,18.277,700000000.0,0.0,0.0,12,13.0,1,False,7460.227,HUL,27,None,None,7399.792,7441.992,7460.269,266.0,331.0,284.0,296.0,True,Audi,7364.68,2026-03-29T06:13:02.048000000,False,None,False,True,7366.98,18.3,51.1,1011.6,False,31.4,154,2.4,Japanese Grand Prix
95.386,36,HARD,2,35.193,42.064,18.129,100000000.0,0.0,1.0,13,13.0,1,False,7555.613,HUL,27,None,None,7495.462,7537.526,7555.655,264.0,327.0,285.0,290.0,True,Audi,7460.227,2026-03-29T06:14:37.595000000,False,None,False,True,7486.983,18.1,52.4,1011.7,False,31.1,170,0.8,Japanese Grand Prix
95.018,37,HARD,2,35.057,41.944,18.017,0.0,1000.0,0.0,14,13.0,1,False,7650.631,HUL,27,None,None,7590.712,7632.656,7650.673,265.0,329.0,282.0,295.0,True,Audi,7555.613,2026-03-29T06:16:12.981000000,False,None,False,True,7546.988,18.0,53.7,1011.6,False,31.0,138,1.5,Japanese Grand Prix
94.831,38,HARD,2,34.717,41.852,18.262,700000100.0,11100000000.0,100000.0,15,12.0,1,False,7745.462,HUL,27,None,None,7685.39,7727.242,7745.504,270.0,324.0,282.0,295.0,True,Audi,7650.631,2026-03-29T06:17:47.999000000,False,None,False,True,7666.984,17.9,55.6,1011.6,False,30.7,88,0.8,Japanese Grand Prix
94.222,39,HARD,2,34.446,41.704,18.072,700111110.0,11000001000.0,0.0,16,12.0,1,True,7839.684,HUL,27,None,None,7779.95,7821.654,7839.726,259.0,320.0,280.0,287.0,True,Audi,7745.462,2026-03-29T06:19:22.830000000,False,None,False,True,7726.986,17.9,55.8,1011.7,False,31.1,119,1.8,Japanese Grand Prix
94.132,40,HARD,2,34.639,41.566,17.927,700011000.0,100001100.0,10010.0,17,12.0,1,True,7933.816,HUL,27,None,None,7874.365,7915.931,7933.858,261.0,320.0,282.0,287.0,True,Audi,7839.684,2026-03-29T06:20:57.052000000,False,None,False,True,7846.99,17.8,55.5,1011.6,False,31.0,167,1.0,Japanese Grand Prix
94.011,41,HARD,2,34.589,41.571,17.851,700010000.0,100.0,10000.0,18,12.0,1,True,8027.827,HUL,27,None,None,7968.447,8010.018,8027.869,262.0,329.0,283.0,292.0,True,Audi,7933.816,2026-03-29T06:22:31.184000000,False,None,False,True,7966.994,17.8,55.7,1011.6,False,30.7,140,0.6,Japanese Grand Prix
94.212,42,HARD,2,34.694,41.708,17.81,701000000.0,100000000.0,0.0,19,12.0,1,False,8122.039,HUL,27,None,None,8062.563,8104.271,8122.081,262.0,331.0,283.0,293.0,True,Audi,8027.827,2026-03-29T06:24:05.195000000,False,None,False,True,8026.998,18.1,55.4,1011.6,False,30.6,153,2.5,Japanese Grand Prix
94.168,43,HARD,2,34.614,41.645,17.909,700000000.0,0.0,1000011.0,20,12.0,1,False,8216.207,HUL,27,None,None,8156.695,8198.34,8216.249,261.0,334.0,286.0,298.0,True,Audi,8122.039,2026-03-29T06:25:39.407000000,False,None,False,True,8146.993,17.9,57.1,1011.7,False,30.4,140,0.9,Japanese Grand Prix
94.426,44,HARD,2,34.621,41.787,18.018,700000000.0,0.0,10.0,21,12.0,1,False,8310.633,HUL,27,None,None,8250.87,8292.657,8310.675,266.0,327.0,283.0,308.0,True,Audi,8216.207,2026-03-29T06:27:13.575000000,False,None,False,True,8207.003,17.9,57.3,1011.7,False,30.5,9,0.5,Japanese Grand Prix
95.678,45,HARD,2,35.015,41.688,18.975,700000000.0,1330000.0,0.0,22,12.0,1,False,8406.311,HUL,27,None,None,8345.69,8387.378,8406.353,265.0,301.0,278.0,280.0,True,Audi,8310.633,2026-03-29T06:28:48.001000000,False,None,False,True,8326.995,18.0,56.5,1011.7,False,30.9,129,1.1,Japanese Grand Prix
96.379,46,HARD,2,36.004,42.339,18.036,700000000.0,0.0,11.0,23,12.0,1,False,8502.69,HUL,27,None,None,8442.357,8484.696,8502.732,266.0,317.0,285.0,289.0,True,Audi,8406.311,2026-03-29T06:30:23.679000000,False,None,False,True,8386.994,18.0,56.6,1011.7,False,29.6,83,2.0,Japanese Grand Prix
93.732,47,HARD,2,33.84,41.717,18.175,701011100.0,0.0,0.0,24,11.0,1,True,8596.422,HUL,27,None,None,8536.572,8578.289,8596.464,262.0,315.0,281.0,281.0,True,Audi,8502.69,2026-03-29T06:32:00.058000000,False,None,False,True,8507.001,17.9,57.4,1011.8,False,30.8,91,0.8,Japanese Grand Prix
94.137,48,HARD,2,34.615,41.62,17.902,700000000.0,1000000000.0,10110.0,25,11.0,1,False,8690.559,HUL,27,None,None,8631.079,8672.699,8690.601,261.0,324.0,282.0,286.0,True,Audi,8596.422,2026-03-29T06:33:33.790000000,False,None,False,True,8627.007,17.9,57.3,1011.8,False,30.2,81,1.3,Japanese Grand Prix
94.171,49,HARD,2,34.68,41.614,17.877,700000000.0,100000000.0,0.0,26,11.0,1,False,8784.73,HUL,27,None,None,8725.281,8766.895,8784.772,262.0,327.0,282.0,288.0,True,Audi,8690.559,2026-03-29T06:35:07.927000000,False,None,False,True,8687.017,17.9,57.8,1011.7,False,30.9,110,0.9,Japanese Grand Prix
94.177,50,HARD,2,34.538,41.7,17.939,700000000.0,100000000.0,10.0,27,11.0,1,False,8878.907,HUL,27,None,None,8819.31,8861.01,8878.949,263.0,327.0,284.0,288.0,True,Audi,8784.73,2026-03-29T06:36:42.098000000,False,None,False,True,8807.046,18.0,57.9,1011.7,False,30.6,128,1.5,Japanese Grand Prix
94.101,51,HARD,2,34.521,41.677,17.903,700000000.0,10000000000.0,0.0,28,11.0,1,False,8973.008,HUL,27,None,None,8913.47,8955.147,8973.05,262.0,327.0,283.0,289.0,True,Audi,8878.907,2026-03-29T06:38:16.275000000,False,None,False,True,8867.045,17.8,59.2,1011.8,False,30.2,113,1.9,Japanese Grand Prix
93.853,52,HARD,2,34.555,41.508,17.79,700001000.0,0.0,110.0,29,11.0,1,False,9066.861,HUL,27,None,None,9007.605,9049.113,9066.903,260.0,329.0,284.0,291.0,True,Audi,8973.008,2026-03-29T06:39:50.376000000,False,None,False,True,8987.049,17.6,59.8,1011.8,False,30.0,107,1.5,Japanese Grand Prix
93.796,53,HARD,2,34.583,41.535,17.678,700000000.0,0.0,10010.0,30,11.0,1,False,9160.657,HUL,27,None,None,9101.486,9143.021,9160.699,261.0,330.0,282.0,296.0,True,Audi,9066.861,2026-03-29T06:41:24.229000000,False,None,False,True,9047.054,17.4,61.3,1011.8,False,29.9,122,1.8,Japanese Grand Prix
102.498,1,MEDIUM,1,,43.518,18.242,11111111.0,11111111111.0,1111111.0,1,12.0,1,False,3927.462,LAW,30,None,None,None,3909.451,3927.606,270.0,334.0,277.0,294.0,True,Racing Bulls,3824.711,2026-03-29T05:14:02.079000000,False,None,False,False,3826.937,18.8,55.5,1011.7,False,36.7,124,2.1,Japanese Grand Prix
97.029,2,MEDIUM,1,35.662,43.287,18.08,111111110.0,11111000011.0,111111.0,2,12.0,1,True,4024.491,LAW,30,None,None,3963.211,4006.498,4024.578,263.0,331.0,280.0,289.0,True,Racing Bulls,3927.462,2026-03-29T05:15:44.830000000,False,None,False,True,3946.939,18.9,54.3,1011.7,False,36.7,143,1.5,Japanese Grand Prix
97.03,3,MEDIUM,1,35.782,43.152,18.096,710000010.0,1001100.0,110000.0,3,12.0,1,False,4121.521,LAW,30,None,None,4060.36,4103.512,4121.608,266.0,329.0,277.0,292.0,True,Racing Bulls,4024.491,2026-03-29T05:17:21.859000000,False,None,False,True,4066.945,18.9,54.5,1011.7,False,36.0,112,2.1,Japanese Grand Prix
96.522,4,MEDIUM,1,35.415,42.828,18.279,1101100.0,10010001000.0,0.0,4,12.0,1,True,4218.043,LAW,30,None,None,4157.023,4199.851,4218.13,266.0,328.0,277.0,290.0,True,Racing Bulls,4121.521,2026-03-29T05:18:58.889000000,False,None,False,True,4126.951,19.0,54.0,1011.8,False,36.5,104,0.4,Japanese Grand Prix
96.38,5,MEDIUM,1,35.306,42.817,18.257,701111100.0,10000001000.0,0.0,5,12.0,1,True,4314.423,LAW,30,None,None,4253.436,4296.253,4314.51,263.0,323.0,276.0,289.0,True,Racing Bulls,4218.043,2026-03-29T05:20:35.411000000,False,None,False,True,4246.946,19.1,53.2,1011.8,False,36.4,128,2.3,Japanese Grand Prix
97.206,6,MEDIUM,1,35.93,43.046,18.23,701000000.0,0.0,100000.0,6,12.0,1,False,4411.629,LAW,30,None,None,4350.44,4393.486,4411.716,262.0,323.0,278.0,289.0,True,Racing Bulls,4314.423,2026-03-29T05:22:11.791000000,False,None,False,True,4306.945,19.2,52.0,1011.8,False,36.0,95,1.4,Japanese Grand Prix
96.572,7,MEDIUM,1,35.518,42.804,18.25,700010000.0,100001000.0,0.0,7,12.0,1,False,4508.201,LAW,30,None,None,4447.234,4490.038,4508.288,262.0,325.0,276.0,288.0,True,Racing Bulls,4411.629,2026-03-29T05:23:48.997000000,False,None,False,True,4426.948,19.1,51.3,1011.8,False,35.7,130,1.3,Japanese Grand Prix
96.432,8,MEDIUM,1,35.432,42.745,18.255,700000000.0,11001001000.0,100000.0,8,12.0,1,False,4604.633,LAW,30,None,None,4543.72,4586.465,4604.72,266.0,323.0,277.0,287.0,True,Racing Bulls,4508.201,2026-03-29T05:25:25.569000000,False,None,False,True,4546.949,19.0,51.7,1011.8,False,35.3,144,2.7,Japanese Grand Prix
96.629,9,MEDIUM,1,35.473,42.876,18.28,701000000.0,10000000.0,0.0,9,12.0,1,False,4701.262,LAW,30,None,None,4640.193,4683.069,4701.349,262.0,322.0,277.0,285.0,True,Racing Bulls,4604.633,2026-03-29T05:27:02.001000000,False,None,False,True,4606.955,19.1,51.2,1011.7,False,34.6,120,2.3,Japanese Grand Prix
96.618,10,MEDIUM,1,35.498,42.823,18.297,700010000.0,10000000000.0,0.0,10,12.0,1,False,4797.88,LAW,30,None,None,4736.847,4779.67,4797.967,265.0,321.0,275.0,285.0,True,Racing Bulls,4701.262,2026-03-29T05:28:38.630000000,False,None,False,True,4726.95,19.0,51.2,1011.8,False,34.6,126,2.0,Japanese Grand Prix
96.55,11,MEDIUM,1,35.683,42.706,18.161,700000000.0,10001001000.0,100010.0,11,12.0,1,False,4894.43,LAW,30,None,None,4833.65,4876.356,4894.517,266.0,322.0,279.0,287.0,True,Racing Bulls,4797.88,2026-03-29T05:30:15.248000000,False,None,False,True,4786.951,19.1,50.7,1011.7,False,34.0,142,1.5,Japanese Grand Prix
97.258,12,MEDIUM,1,35.79,43.118,18.35,700000000.0,0.0,1.0,12,12.0,1,False,4991.688,LAW,30,None,None,4930.307,4973.425,4991.775,262.0,327.0,280.0,290.0,True,Racing Bulls,4894.43,2026-03-29T05:31:51.798000000,False,None,False,True,4906.957,19.1,50.5,1011.9,False,33.7,82,1.3,Japanese Grand Prix
97.049,13,MEDIUM,1,36.312,42.621,18.116,100000000.0,101777777.0,777777.0,13,12.0,1,False,5088.737,LAW,30,None,None,5028.087,5070.708,5088.824,265.0,328.0,280.0,290.0,True,Racing Bulls,4991.688,2026-03-29T05:33:29.056000000,False,None,False,True,5026.956,19.0,50.6,1011.8,False,33.8,151,2.0,Japanese Grand Prix
97.013,14,MEDIUM,1,,42.781,18.278,,77777777000.0,0.0,14,12.0,1,False,5185.75,LAW,30,None,None,None,5167.722,5185.959,265.0,325.0,276.0,288.0,True,Racing Bulls,5088.737,2026-03-29T05:35:06.105000000,False,None,False,False,5086.955,19.0,50.6,1011.8,False,33.6,56,1.2,Japanese Grand Prix
96.726,15,MEDIUM,1,35.735,42.811,18.18,0.0,100000000.0,100000.0,15,12.0,1,False,5282.476,LAW,30,None,None,5221.572,5264.383,5282.563,267.0,322.0,278.0,287.0,True,Racing Bulls,5185.75,2026-03-29T05:36:43.118000000,False,None,False,True,5206.955,18.8,51.4,1011.6,False,33.2,98,1.2,Japanese Grand Prix
96.822,16,MEDIUM,1,35.828,42.818,18.176,700000077.0,77777777777.0,777777.0,16,12.0,1,False,5379.298,LAW,30,None,None,5318.391,5361.209,5379.385,266.0,325.0,288.0,289.0,True,Racing Bulls,5282.476,2026-03-29T05:38:19.844000000,False,None,False,True,5266.957,18.8,50.8,1011.8,False,33.4,44,0.7,Japanese Grand Prix
96.72,17,MEDIUM,1,35.843,42.716,18.161,777777700.0,10000000000.0,1.0,17,12.0,1,False,5476.018,LAW,30,None,None,5415.228,5457.944,5476.105,267.0,326.0,280.0,288.0,True,Racing Bulls,5379.298,2026-03-29T05:39:56.666000000,False,None,False,True,5386.956,18.9,47.8,1011.8,False,32.9,133,2.6,Japanese Grand Prix
96.604,18,MEDIUM,1,35.879,42.537,18.188,700000000.0,11000000.0,0.0,18,11.0,1,False,5572.622,LAW,30,None,None,5511.984,5554.521,5572.709,267.0,328.0,280.0,289.0,True,Racing Bulls,5476.018,2026-03-29T05:41:33.386000000,False,None,False,True,5506.96,18.8,48.7,1011.7,False,32.8,100,1.3,Japanese Grand Prix
96.716,19,MEDIUM,1,35.815,42.626,18.275,100000000.0,1100.0,0.0,19,11.0,1,False,5669.338,LAW,30,None,None,5608.524,5651.15,5669.425,265.0,320.0,277.0,285.0,True,Racing Bulls,5572.622,2026-03-29T05:43:09.990000000,False,None,False,True,5566.954,18.8,48.5,1011.7,False,32.2,24,1.7,Japanese Grand Prix
96.442,20,MEDIUM,1,35.66,42.435,18.347,0.0,1100001100.0,0.0,20,9.0,1,False,5765.78,LAW,30,None,None,5705.085,5747.52,5765.867,265.0,317.0,278.0,280.0,True,Racing Bulls,5669.338,2026-03-29T05:44:46.706000000,False,None,False,True,5686.962,18.7,49.2,1011.7,False,32.7,131,2.2,Japanese Grand Prix
96.18,21,MEDIUM,1,35.509,42.408,18.263,700001000.0,1100000000.0,0.0,21,9.0,12,True,5861.96,LAW,30,None,None,5801.376,5843.784,5862.047,265.0,317.0,277.0,280.0,True,Racing Bulls,5765.78,2026-03-29T05:46:23.148000000,False,None,False,True,5806.966,18.6,49.9,1011.7,False,32.6,116,0.9,Japanese Grand Prix
126.314,22,MEDIUM,1,41.836,58.157,26.321,700000000.0,0.0,555.0,22,10.0,24,False,5988.274,LAW,30,None,5986.87,5903.883,5962.04,5988.361,230.0,243.0,None,224.0,True,Racing Bulls,5861.96,2026-03-29T05:47:59.328000000,False,None,False,False,5866.963,18.6,50.4,1011.6,False,32.9,163,0.7,Japanese Grand Prix
144.976,23,HARD,2,63.403,59.478,22.095,550000000.0,0.0,0.0,1,10.0,4,False,6133.25,LAW,30,6011.137,None,6051.764,6111.242,6133.337,249.0,252.0,225.0,253.0,True,Racing Bulls,5988.274,2026-03-29T05:50:05.642000000,False,None,False,False,5986.965,18.5,51.5,1011.7,False,32.7,107,0.4,Japanese Grand Prix
125.496,24,HARD,2,38.812,60.958,25.726,0.0,0.0,0.0,2,9.0,4,False,6258.746,LAW,30,None,None,6172.149,6233.107,6258.833,247.0,294.0,220.0,230.0,True,Racing Bulls,6133.25,2026-03-29T05:52:30.618000000,False,None,False,False,6166.968,18.5,51.1,1011.7,False,32.9,121,1.3,Japanese Grand Prix
150.233,25,HARD,2,49.682,72.857,27.694,700000000.0,0.0,0.0,3,9.0,4,False,6408.954,LAW,30,None,None,6308.665,6381.422,6409.367,138.0,274.0,192.0,129.0,True,Racing Bulls,6258.746,2026-03-29T05:54:36.114000000,False,None,False,False,6286.968,18.5,51.8,1011.7,False,32.8,120,1.5,Japanese Grand Prix
147.096,26,HARD,2,53.98,64.82,28.296,700000000.0,0.0,0.0,4,9.0,4,False,6556.05,LAW,30,None,None,6463.021,6527.841,6556.137,134.0,237.0,189.0,189.0,True,Racing Bulls,6408.954,2026-03-29T05:57:06.322000000,False,None,False,False,6406.972,18.5,50.7,1011.7,False,32.3,106,2.0,Japanese Grand Prix
138.047,27,HARD,2,47.777,62.67,27.6,700100000.0,0.0,0.0,5,9.0,41,False,6694.097,LAW,30,None,None,6603.914,6666.584,6694.184,220.0,146.0,279.0,139.0,True,Racing Bulls,6556.05,2026-03-29T05:59:33.418000000,False,None,False,False,6586.973,18.3,50.5,1011.7,False,32.2,136,2.5,Japanese Grand Prix
96.376,28,HARD,2,35.951,42.587,17.838,110000000.0,100000110.0,1111.0,6,9.0,1,False,6790.473,LAW,30,None,None,6730.135,6772.722,6790.56,267.0,332.0,283.0,293.0,True,Racing Bulls,6694.097,2026-03-29T06:01:51.465000000,False,None,False,True,6706.975,18.3,47.7,1011.7,False,32.3,122,2.3,Japanese Grand Prix
94.925,29,HARD,2,34.933,42.068,17.924,110.0,1101000010.0,100.0,7,9.0,1,True,6885.398,LAW,30,None,None,6825.493,6867.561,6885.485,269.0,327.0,284.0,288.0,True,Racing Bulls,6790.473,2026-03-29T06:03:27.841000000,False,None,False,True,6826.974,18.4,48.2,1011.7,False,32.4,132,2.6,Japanese Grand Prix
94.86,30,HARD,2,34.844,42.041,17.975,701111000.0,10011001100.0,1100.0,8,9.0,1,True,6980.258,LAW,30,None,None,6920.329,6962.37,6980.345,268.0,325.0,281.0,287.0,True,Racing Bulls,6885.398,2026-03-29T06:05:02.766000000,False,None,False,True,6886.976,18.4,47.6,1011.7,False,32.1,135,0.8,Japanese Grand Prix
94.716,31,HARD,2,34.75,41.936,18.03,701111010.0,11101000100.0,10.0,9,9.0,1,True,7074.974,LAW,30,None,None,7015.095,7057.031,7075.061,267.0,322.0,281.0,286.0,True,Racing Bulls,6980.258,2026-03-29T06:06:37.626000000,False,None,False,True,7006.979,18.4,49.7,1011.7,False,32.0,129,1.9,Japanese Grand Prix
94.647,32,HARD,2,34.705,41.903,18.039,700101001.0,10100000100.0,0.0,10,9.0,1,True,7169.621,LAW,30,None,None,7109.766,7151.669,7169.708,271.0,323.0,281.0,285.0,True,Racing Bulls,7074.974,2026-03-29T06:08:12.342000000,False,None,False,True,7126.981,18.5,50.7,1011.6,False,32.0,133,2.0,Japanese Grand Prix
94.773,33,HARD,2,34.796,41.974,18.003,700000100.0,0.0,0.0,11,9.0,1,False,7264.394,LAW,30,None,None,7204.504,7246.478,7264.481,267.0,325.0,281.0,287.0,True,Racing Bulls,7169.621,2026-03-29T06:09:46.989000000,False,None,False,True,7186.981,18.5,50.0,1011.7,False,31.5,140,1.1,Japanese Grand Prix
94.85,34,HARD,2,34.755,42.038,18.057,700010000.0,1000.0,111.0,12,9.0,1,False,7359.244,LAW,30,None,None,7299.236,7341.274,7359.331,268.0,321.0,280.0,284.0,True,Racing Bulls,7264.394,2026-03-29T06:11:21.762000000,False,None,False,True,7306.992,18.5,51.0,1011.6,False,31.4,113,1.2,Japanese Grand Prix
94.999,35,HARD,2,34.732,41.99,18.277,700001777.0,77777777777.0,7777777.0,13,9.0,1,False,7454.243,LAW,30,None,None,7394.063,7436.053,7454.33,268.0,319.0,281.0,283.0,True,Racing Bulls,7359.244,2026-03-29T06:12:56.612000000,False,None,False,True,7366.98,18.3,51.1,1011.6,False,31.4,154,2.4,Japanese Grand Prix
94.581,36,HARD,2,34.706,41.784,18.091,777777010.0,111001100.0,0.0,14,9.0,1,True,7548.824,LAW,30,None,None,7489.036,7530.82,7548.911,270.0,320.0,281.0,282.0,True,Racing Bulls,7454.243,2026-03-29T06:14:31.611000000,False,None,False,True,7486.983,18.1,52.4,1011.7,False,31.1,170,0.8,Japanese Grand Prix
94.938,37,HARD,2,34.715,41.969,18.254,700000000.0,10000000000.0,0.0,15,9.0,1,False,7643.762,LAW,30,None,None,7583.626,7625.595,7643.849,270.0,321.0,283.0,283.0,True,Racing Bulls,7548.824,2026-03-29T06:16:06.192000000,False,None,False,True,7546.988,18.0,53.7,1011.6,False,31.0,138,1.5,Japanese Grand Prix
94.436,38,HARD,2,34.593,41.826,18.017,700001000.0,10001001000.0,0.0,16,9.0,1,True,7738.198,LAW,30,None,None,7678.442,7720.268,7738.285,270.0,320.0,281.0,283.0,True,Racing Bulls,7643.762,2026-03-29T06:17:41.130000000,False,None,False,True,7666.984,17.9,55.6,1011.6,False,30.7,88,0.8,Japanese Grand Prix
94.526,39,HARD,2,34.592,41.87,18.064,700101000.0,1000000000.0,0.0,17,9.0,1,False,7832.724,LAW,30,None,None,7772.877,7814.747,7832.811,270.0,319.0,281.0,283.0,True,Racing Bulls,7738.198,2026-03-29T06:19:15.566000000,False,None,False,True,7726.986,17.9,55.8,1011.7,False,31.1,119,1.8,Japanese Grand Prix
94.879,40,HARD,2,34.759,41.921,18.199,700000000.0,1000000000.0,0.0,18,9.0,1,False,7927.603,LAW,30,None,None,7867.57,7909.491,7927.69,270.0,320.0,281.0,282.0,True,Racing Bulls,7832.724,2026-03-29T06:20:50.092000000,False,None,False,True,7846.99,17.8,55.5,1011.6,False,31.0,167,1.0,Japanese Grand Prix
94.796,41,HARD,2,34.761,41.874,18.161,700000000.0,0.0,0.0,19,9.0,1,False,8022.399,LAW,30,None,None,7962.451,8004.325,8022.486,270.0,321.0,280.0,283.0,True,Racing Bulls,7927.603,2026-03-29T06:22:24.971000000,False,None,False,True,7966.994,17.8,55.7,1011.6,False,30.7,140,0.6,Japanese Grand Prix
94.926,42,HARD,2,34.833,41.941,18.152,701000000.0,0.0,0.0,20,9.0,1,False,8117.325,LAW,30,None,None,8057.319,8099.26,8117.412,269.0,319.0,283.0,281.0,True,Racing Bulls,8022.399,2026-03-29T06:23:59.767000000,False,None,False,True,8026.998,18.1,55.4,1011.6,False,30.6,153,2.5,Japanese Grand Prix
94.87,43,HARD,2,34.826,41.847,18.197,700000000.0,1000000.0,0.0,21,9.0,1,False,8212.195,LAW,30,None,None,8152.238,8194.085,8212.282,270.0,320.0,282.0,281.0,True,Racing Bulls,8117.325,2026-03-29T06:25:34.693000000,False,None,False,True,8146.993,17.9,57.1,1011.7,False,30.4,140,0.9,Japanese Grand Prix
94.882,44,HARD,2,34.966,41.779,18.137,700000000.0,1000.0,0.0,22,9.0,1,False,8307.077,LAW,30,None,None,8247.248,8289.027,8307.164,270.0,319.0,281.0,282.0,True,Racing Bulls,8212.195,2026-03-29T06:27:09.563000000,False,None,False,True,8207.003,17.9,57.3,1011.7,False,30.5,9,0.5,Japanese Grand Prix
94.794,45,HARD,2,34.847,41.817,18.13,700000777.0,77777777777.0,777777.0,23,9.0,1,False,8401.871,LAW,30,None,None,8342.011,8383.828,8401.958,270.0,318.0,291.0,280.0,True,Racing Bulls,8307.077,2026-03-29T06:28:44.445000000,False,None,False,True,8326.995,18.0,56.5,1011.7,False,30.9,129,1.1,Japanese Grand Prix
94.827,46,HARD,2,34.835,41.832,18.16,777777001.0,0.0,0.0,24,9.0,1,False,8496.698,LAW,30,None,None,8436.793,8478.625,8496.785,271.0,319.0,281.0,281.0,True,Racing Bulls,8401.871,2026-03-29T06:30:19.239000000,False,None,False,True,8386.994,18.0,56.6,1011.7,False,29.6,83,2.0,Japanese Grand Prix
94.955,47,HARD,2,34.978,41.895,18.082,700000000.0,100.0,11.0,25,9.0,1,False,8591.653,LAW,30,None,None,8531.763,8573.658,8591.74,269.0,319.0,282.0,281.0,True,Racing Bulls,8496.698,2026-03-29T06:31:54.066000000,False,None,False,True,8507.001,17.9,57.4,1011.8,False,30.8,91,0.8,Japanese Grand Prix
94.668,48,HARD,2,34.762,41.778,18.128,700000000.0,100.0,0.0,26,9.0,1,False,8686.321,LAW,30,None,None,8626.502,8668.28,8686.408,269.0,319.0,281.0,281.0,True,Racing Bulls,8591.653,2026-03-29T06:33:29.021000000,False,None,False,True,8627.007,17.9,57.3,1011.8,False,30.2,81,1.3,Japanese Grand Prix
94.701,49,HARD,2,34.886,41.726,18.089,700000000.0,101000000.0,0.0,27,9.0,1,False,8781.022,LAW,30,None,None,8721.294,8763.02,8781.109,271.0,319.0,283.0,281.0,True,Racing Bulls,8686.321,2026-03-29T06:35:03.689000000,False,None,False,True,8687.017,17.9,57.8,1011.7,False,30.9,110,0.9,Japanese Grand Prix
94.634,50,HARD,2,34.864,41.727,18.043,700000000.0,1001000000.0,111.0,28,9.0,1,False,8875.656,LAW,30,None,None,8815.973,8857.7,8875.743,271.0,318.0,283.0,281.0,True,Racing Bulls,8781.022,2026-03-29T06:36:38.390000000,False,None,False,True,8807.046,18.0,57.9,1011.7,False,30.6,128,1.5,Japanese Grand Prix
94.341,51,HARD,2,34.717,41.585,18.039,700000011.0,10000000000.0,1000.0,29,9.0,1,True,8969.997,LAW,30,None,None,8910.46,8952.045,8970.084,272.0,320.0,282.0,281.0,True,Racing Bulls,8875.656,2026-03-29T06:38:13.024000000,False,None,False,True,8867.045,17.8,59.2,1011.8,False,30.2,113,1.9,Japanese Grand Prix
94.295,52,HARD,2,34.761,41.545,17.989,700000001.0,11001000110.0,11.0,30,9.0,1,True,9064.292,LAW,30,None,None,9004.845,9046.39,9064.379,273.0,320.0,284.0,282.0,True,Racing Bulls,8969.997,2026-03-29T06:39:47.365000000,False,None,False,True,8987.049,17.6,59.8,1011.8,False,30.0,107,1.5,Japanese Grand Prix
94.23,53,HARD,2,34.632,41.733,17.865,700000000.0,0.0,100010.0,31,9.0,1,True,9158.522,LAW,30,None,None,9099.011,9140.744,9158.609,271.0,326.0,283.0,289.0,True,Racing Bulls,9064.292,2026-03-29T06:41:21.660000000,False,None,False,True,9047.054,17.4,61.3,1011.8,False,29.9,122,1.8,Japanese Grand Prix
96.36,1,MEDIUM,1,,41.648,18.305,11111111.0,13111113111.0,1111111.0,1,2.0,1,False,3921.324,LEC,16,None,None,None,3903.103,3921.563,267.0,320.0,265.0,283.0,True,Ferrari,3824.711,2026-03-29T05:14:02.079000000,False,None,False,False,3826.937,18.8,55.5,1011.7,False,36.7,124,2.1,Japanese Grand Prix
95.126,2,MEDIUM,1,34.987,42.055,18.084,111311100.0,101003011.0,1111000.0,2,2.0,1,True,4016.45,LEC,16,None,None,3956.348,3998.403,4016.487,258.0,325.0,261.0,285.0,True,Ferrari,3921.324,2026-03-29T05:15:38.692000000,False,None,False,True,3946.939,18.9,54.3,1011.7,False,36.7,143,1.5,Japanese Grand Prix
95.105,3,MEDIUM,1,35.159,41.807,18.139,300000.0,10001100.0,10000.0,3,2.0,1,True,4111.555,LEC,16,None,None,4051.646,4093.453,4111.592,260.0,319.0,263.0,282.0,True,Ferrari,4016.45,2026-03-29T05:17:13.818000000,False,None,False,True,4066.945,18.9,54.5,1011.7,False,36.0,112,2.1,Japanese Grand Prix
96.431,4,MEDIUM,1,35.751,42.366,18.314,700000000.0,10000000000.0,11.0,4,3.0,1,False,4207.986,LEC,16,None,None,4147.343,4189.709,4208.023,258.0,317.0,274.0,283.0,True,Ferrari,4111.555,2026-03-29T05:18:48.923000000,False,None,False,True,4126.951,19.0,54.0,1011.8,False,36.5,104,0.4,Japanese Grand Prix
95.209,5,MEDIUM,1,34.819,42.188,18.202,111000000.0,100000000.0,10.0,5,3.0,1,False,4303.195,LEC,16,None,None,4242.842,4285.03,4303.232,257.0,319.0,274.0,284.0,True,Ferrari,4207.986,2026-03-29T05:20:25.354000000,False,None,False,True,4246.946,19.1,53.2,1011.8,False,36.4,128,2.3,Japanese Grand Prix
95.287,6,MEDIUM,1,34.924,42.114,18.249,1000000.0,1000.0,11.0,6,3.0,1,False,4398.482,LEC,16,None,None,4338.156,4380.27,4398.519,258.0,315.0,277.0,282.0,True,Ferrari,4303.195,2026-03-29T05:22:00.563000000,False,None,False,True,4306.945,19.2,52.0,1011.8,False,36.0,95,1.4,Japanese Grand Prix
94.955,7,MEDIUM,1,34.58,42.098,18.277,113000000.0,10000001000.0,0.0,7,3.0,1,True,4493.437,LEC,16,None,None,4433.099,4475.197,4493.474,253.0,311.0,276.0,279.0,True,Ferrari,4398.482,2026-03-29T05:23:35.850000000,False,None,False,True,4426.948,19.1,51.3,1011.8,False,35.7,130,1.3,Japanese Grand Prix
95.458,8,MEDIUM,1,34.685,42.49,18.283,11000.0,0.0,100.0,8,3.0,1,False,4588.895,LEC,16,None,None,4528.159,4570.649,4588.932,254.0,310.0,273.0,278.0,True,Ferrari,4493.437,2026-03-29T05:25:10.805000000,False,None,False,True,4546.949,19.0,51.7,1011.8,False,35.3,144,2.7,Japanese Grand Prix
95.623,9,MEDIUM,1,34.94,42.173,18.51,700000000.0,100000000.0,0.0,9,3.0,1,False,4684.518,LEC,16,None,None,4623.872,4666.045,4684.555,255.0,304.0,276.0,276.0,True,Ferrari,4588.895,2026-03-29T05:26:46.263000000,False,None,False,True,4606.955,19.1,51.2,1011.7,False,34.6,120,2.3,Japanese Grand Prix
95.146,10,MEDIUM,1,34.721,42.21,18.215,713000000.0,0.0,10.0,10,3.0,1,False,4779.664,LEC,16,None,None,4719.276,4761.486,4779.701,253.0,319.0,277.0,283.0,True,Ferrari,4684.518,2026-03-29T05:28:21.886000000,False,None,False,True,4726.95,19.0,51.2,1011.8,False,34.6,126,2.0,Japanese Grand Prix
95.145,11,MEDIUM,1,34.888,42.046,18.211,700000000.0,10000000000.0,10.0,11,3.0,1,False,4874.809,LEC,16,None,None,4814.589,4856.635,4874.846,261.0,313.0,276.0,280.0,True,Ferrari,4779.664,2026-03-29T05:29:57.032000000,False,None,False,True,4786.951,19.1,50.7,1011.7,False,34.0,142,1.5,Japanese Grand Prix
95.201,12,MEDIUM,1,34.963,41.973,18.265,700000000.0,1000000000.0,0.0,12,3.0,1,False,4970.01,LEC,16,None,None,4909.809,4951.782,4970.047,262.0,316.0,276.0,281.0,True,Ferrari,4874.809,2026-03-29T05:31:32.177000000,False,None,False,True,4906.957,19.1,50.5,1011.9,False,33.7,82,1.3,Japanese Grand Prix
95.408,13,MEDIUM,1,35.037,42.103,18.268,700000000.0,0.0,0.0,13,3.0,1,False,5065.418,LEC,16,None,None,5005.084,5047.187,5065.455,261.0,316.0,277.0,281.0,True,Ferrari,4970.01,2026-03-29T05:33:07.378000000,False,None,False,True,5026.956,19.0,50.6,1011.8,False,33.8,151,2.0,Japanese Grand Prix
95.305,14,MEDIUM,1,34.916,42.184,18.205,100000000.0,1000000000.0,10.0,14,3.0,1,False,5160.723,LEC,16,None,None,5100.371,5142.555,5160.76,255.0,313.0,277.0,279.0,True,Ferrari,5065.418,2026-03-29T05:34:42.786000000,False,None,False,True,5086.955,19.0,50.6,1011.8,False,33.6,56,1.2,Japanese Grand Prix
95.903,15,MEDIUM,1,34.939,42.157,18.807,0.0,1000.0,11.0,15,4.0,1,False,5256.626,LEC,16,None,None,5195.699,5237.856,5256.663,252.0,311.0,279.0,277.0,True,Ferrari,5160.723,2026-03-29T05:36:18.091000000,False,None,False,True,5206.955,18.8,51.4,1011.6,False,33.2,98,1.2,Japanese Grand Prix
95.307,16,MEDIUM,1,35.102,41.942,18.263,700000000.0,100000000.0,1000000.0,16,3.0,1,False,5351.933,LEC,16,None,None,5291.765,5333.707,5351.97,262.0,326.0,277.0,281.0,True,Ferrari,5256.626,2026-03-29T05:37:53.994000000,False,None,False,True,5266.957,18.8,50.8,1011.8,False,33.4,44,0.7,Japanese Grand Prix
97.448,17,MEDIUM,1,34.98,41.989,20.479,700000000.0,0.0,100555.0,17,5.0,1,False,5449.381,LEC,16,None,5448.1,5386.95,5428.939,5449.418,262.0,314.0,None,288.0,True,Ferrari,5351.933,2026-03-29T05:39:29.301000000,False,None,False,False,5386.956,18.9,47.8,1011.8,False,32.9,133,2.6,Japanese Grand Prix
114.337,18,HARD,2,54.283,41.849,18.205,550000100.0,3000001100.0,110.0,1,7.0,1,False,5563.718,LEC,16,5471.082,None,5503.701,5545.55,5563.755,255.0,310.0,275.0,276.0,True,Ferrari,5449.381,2026-03-29T05:41:06.749000000,False,None,False,False,5506.96,18.8,48.7,1011.7,False,32.8,100,1.3,Japanese Grand Prix
94.426,19,HARD,2,34.787,41.516,18.123,310000.0,13001000110.0,10000.0,2,7.0,1,True,5658.144,LEC,16,None,None,5598.542,5640.058,5658.181,260.0,316.0,277.0,280.0,True,Ferrari,5563.718,2026-03-29T05:43:01.086000000,False,None,False,True,5566.954,18.8,48.5,1011.7,False,32.2,24,1.7,Japanese Grand Prix
94.266,20,HARD,2,34.695,41.458,18.113,700000000.0,1001010.0,1110.0,3,7.0,1,True,5752.41,LEC,16,None,None,5692.876,5734.334,5752.447,260.0,316.0,279.0,281.0,True,Ferrari,5658.144,2026-03-29T05:44:35.512000000,False,None,False,True,5686.962,18.7,49.2,1011.7,False,32.7,131,2.2,Japanese Grand Prix
94.132,21,HARD,2,34.478,41.616,18.038,700003000.0,0.0,100.0,4,7.0,1,True,5846.542,LEC,16,None,None,5786.925,5828.541,5846.579,260.0,318.0,279.0,284.0,True,Ferrari,5752.41,2026-03-29T05:46:09.778000000,False,None,False,True,5806.966,18.6,49.9,1011.7,False,32.6,116,0.9,Japanese Grand Prix
120.306,22,HARD,2,38.643,57.297,24.366,700000000.0,0.0,0.0,5,7.0,124,False,5966.848,LEC,16,None,None,5885.222,5942.519,5966.885,159.0,258.0,200.0,253.0,True,Ferrari,5846.542,2026-03-29T05:47:43.910000000,False,None,False,False,5866.963,18.6,50.4,1011.6,False,32.9,163,0.7,Japanese Grand Prix
138.074,23,HARD,2,45.154,62.826,30.094,700000000.0,0.0,0.0,6,5.0,4,False,6104.922,LEC,16,None,None,6012.039,6074.865,6104.959,196.0,164.0,235.0,234.0,True,Ferrari,5966.848,2026-03-29T05:49:44.216000000,False,None,False,False,5986.965,18.5,51.5,1011.7,False,32.7,107,0.4,Japanese Grand Prix
147.1,24,HARD,2,51.07,70.688,25.342,700000000.0,0.0,0.0,7,5.0,4,False,6252.022,LEC,16,None,None,6156.029,6226.717,6252.059,205.0,128.0,234.0,234.0,True,Ferrari,6104.922,2026-03-29T05:52:02.290000000,False,None,False,False,6166.968,18.5,51.1,1011.7,False,32.9,121,1.3,Japanese Grand Prix
151.474,25,HARD,2,52.556,71.423,27.495,700000000.0,0.0,0.0,8,5.0,4,False,6403.472,LEC,16,None,None,6304.744,6376.106,6403.687,126.0,230.0,219.0,202.0,True,Ferrari,6252.022,2026-03-29T05:54:29.390000000,False,None,False,False,6286.968,18.5,51.8,1011.7,False,32.8,120,1.5,Japanese Grand Prix
146.662,26,HARD,2,54.354,63.009,29.299,700000000.0,0.0,0.0,9,5.0,4,False,6550.134,LEC,16,None,None,6457.863,6520.872,6550.171,156.0,183.0,233.0,120.0,True,Ferrari,6403.472,2026-03-29T05:57:00.840000000,False,None,False,False,6406.972,18.5,50.7,1011.7,False,32.3,106,2.0,Japanese Grand Prix
142.148,27,HARD,2,48.459,65.398,28.291,700000000.0,0.0,1.0,10,5.0,41,False,6692.282,LEC,16,None,None,6598.63,6664.028,6692.319,213.0,131.0,281.0,121.0,True,Ferrari,6550.134,2026-03-29T05:59:27.502000000,False,None,False,False,6586.973,18.3,50.5,1011.7,False,32.2,136,2.5,Japanese Grand Prix
95.287,28,HARD,2,35.331,41.904,18.052,100000000.0,1000010.0,101.0,11,5.0,1,False,6787.569,LEC,16,None,None,6727.65,6769.554,6787.606,265.0,318.0,283.0,286.0,True,Ferrari,6692.282,2026-03-29T06:01:49.650000000,False,None,False,True,6706.975,18.3,47.7,1011.7,False,32.3,122,2.3,Japanese Grand Prix
93.666,29,HARD,2,34.302,41.486,17.878,710000000.0,100000001.0,1000110.0,12,5.0,1,True,6881.235,LEC,16,None,None,6821.908,6863.394,6881.272,260.0,331.0,281.0,291.0,True,Ferrari,6787.569,2026-03-29T06:03:24.937000000,False,None,False,True,6826.974,18.4,48.2,1011.7,False,32.4,132,2.6,Japanese Grand Prix
93.696,30,HARD,2,34.331,41.368,17.997,0.0,30000000010.0,1.0,13,5.0,1,False,6974.931,LEC,16,None,None,6915.603,6956.971,6974.968,262.0,329.0,283.0,290.0,True,Ferrari,6881.235,2026-03-29T06:04:58.603000000,False,None,False,True,6886.976,18.4,47.6,1011.7,False,32.1,135,0.8,Japanese Grand Prix
93.915,31,HARD,2,34.399,41.644,17.872,110000000.0,100000000.0,0.0,14,5.0,1,False,7068.846,LEC,16,None,None,7009.367,7051.011,7068.883,259.0,327.0,282.0,289.0,True,Ferrari,6974.931,2026-03-29T06:06:32.299000000,False,None,False,True,7006.979,18.4,49.7,1011.7,False,32.0,129,1.9,Japanese Grand Prix
93.494,32,HARD,2,34.121,41.499,17.874,1000000.0,0.0,10000.0,15,5.0,1,True,7162.34,LEC,16,None,None,7103.004,7144.503,7162.377,262.0,328.0,280.0,289.0,True,Ferrari,7068.846,2026-03-29T06:08:06.214000000,False,None,False,True,7126.981,18.5,50.7,1011.6,False,32.0,133,2.0,Japanese Grand Prix
93.444,33,HARD,2,34.154,41.412,17.878,700000000.0,1.0,1000000.0,16,5.0,1,True,7255.784,LEC,16,None,None,7196.531,7237.943,7255.821,266.0,334.0,283.0,293.0,True,Ferrari,7162.34,2026-03-29T06:09:39.708000000,False,None,False,True,7186.981,18.5,50.0,1011.7,False,31.5,140,1.1,Japanese Grand Prix
93.508,34,HARD,2,34.361,41.287,17.86,700000000.0,111.0,1000000.0,17,5.0,1,False,7349.292,LEC,16,None,None,7290.182,7331.469,7349.329,261.0,336.0,280.0,293.0,True,Ferrari,7255.784,2026-03-29T06:11:13.152000000,False,None,False,True,7306.992,18.5,51.0,1011.6,False,31.4,113,1.2,Japanese Grand Prix
93.252,35,HARD,2,34.17,41.246,17.836,700011000.0,1.0,1000000.0,18,5.0,1,True,7442.544,LEC,16,None,None,7383.499,7424.745,7442.581,263.0,337.0,281.0,296.0,True,Ferrari,7349.292,2026-03-29T06:12:46.660000000,False,None,False,True,7366.98,18.3,51.1,1011.6,False,31.4,154,2.4,Japanese Grand Prix
93.663,36,HARD,2,34.397,41.35,17.916,700000000.0,100000001.0,0.0,19,5.0,1,False,7536.207,LEC,16,None,None,7476.978,7518.328,7536.244,262.0,337.0,281.0,294.0,True,Ferrari,7442.544,2026-03-29T06:14:19.912000000,False,None,False,True,7486.983,18.1,52.4,1011.7,False,31.1,170,0.8,Japanese Grand Prix
93.744,37,HARD,2,34.335,41.364,18.045,700000000.0,0.0,0.0,20,4.0,1,False,7629.951,LEC,16,None,None,7570.579,7611.943,7629.988,262.0,334.0,280.0,290.0,True,Ferrari,7536.207,2026-03-29T06:15:53.575000000,False,None,False,True,7546.988,18.0,53.7,1011.6,False,31.0,138,1.5,Japanese Grand Prix
93.128,38,HARD,2,34.033,41.13,17.965,701000000.0,100001100.0,0.0,21,4.0,1,True,7723.079,LEC,16,None,None,7664.021,7705.151,7723.116,262.0,332.0,281.0,292.0,True,Ferrari,7629.951,2026-03-29T06:17:27.319000000,False,None,False,True,7666.984,17.9,55.6,1011.6,False,30.7,88,0.8,Japanese Grand Prix
93.457,39,HARD,2,34.273,41.215,17.969,700001000.0,0.0,11.0,22,4.0,1,False,7816.536,LEC,16,None,None,7757.389,7798.604,7816.573,263.0,330.0,285.0,291.0,True,Ferrari,7723.079,2026-03-29T06:19:00.447000000,False,None,False,True,7726.986,17.9,55.8,1011.7,False,31.1,119,1.8,Japanese Grand Prix
93.705,40,HARD,2,34.127,41.414,18.164,110000000.0,10.0,10.0,23,4.0,1,False,7910.241,LEC,16,None,None,7850.7,7892.114,7910.278,264.0,333.0,283.0,295.0,True,Ferrari,7816.536,2026-03-29T06:20:33.904000000,False,None,False,True,7846.99,17.8,55.5,1011.6,False,31.0,167,1.0,Japanese Grand Prix
94.154,41,HARD,2,34.659,41.387,18.108,10000000.0,1.0,1000011.0,24,4.0,1,False,8004.395,LEC,16,None,None,7944.937,7986.324,8004.432,259.0,337.0,284.0,298.0,True,Ferrari,7910.241,2026-03-29T06:22:07.609000000,False,None,False,True,7966.994,17.8,55.7,1011.6,False,30.7,140,0.6,Japanese Grand Prix
93.418,42,HARD,2,34.046,41.392,17.98,701000000.0,1000000000.0,0.0,25,3.0,1,False,8097.813,LEC,16,None,None,8038.478,8079.87,8097.85,262.0,319.0,283.0,283.0,True,Ferrari,8004.395,2026-03-29T06:23:41.763000000,False,None,False,True,8026.998,18.1,55.4,1011.6,False,30.6,153,2.5,Japanese Grand Prix
93.205,43,HARD,2,34.035,41.101,18.069,700001000.0,1000.0,0.0,26,3.0,1,False,8191.018,LEC,16,None,None,8131.885,8172.986,8191.055,262.0,317.0,282.0,281.0,True,Ferrari,8097.813,2026-03-29T06:25:15.181000000,False,None,False,True,8146.993,17.9,57.1,1011.7,False,30.4,140,0.9,Japanese Grand Prix
93.304,44,HARD,2,34.186,41.07,18.048,700013000.0,30010001000.0,0.0,27,3.0,1,False,8284.322,LEC,16,None,None,8225.241,8266.311,8284.359,263.0,317.0,282.0,282.0,True,Ferrari,8191.018,2026-03-29T06:26:48.386000000,False,None,False,True,8207.003,17.9,57.3,1011.7,False,30.5,9,0.5,Japanese Grand Prix
93.607,45,HARD,2,34.179,41.274,18.154,700000010.0,1100.0,0.0,28,3.0,1,False,8377.929,LEC,16,None,None,8318.538,8359.812,8377.966,264.0,309.0,282.0,280.0,True,Ferrari,8284.322,2026-03-29T06:28:21.690000000,False,None,False,True,8326.995,18.0,56.5,1011.7,False,30.9,129,1.1,Japanese Grand Prix
93.16,46,HARD,2,33.994,41.12,18.046,701000000.0,0.0,10000.0,29,3.0,1,False,8471.089,LEC,16,None,None,8411.96,8453.08,8471.126,262.0,314.0,282.0,281.0,True,Ferrari,8377.929,2026-03-29T06:29:55.297000000,False,None,False,True,8386.994,18.0,56.6,1011.7,False,29.6,83,2.0,Japanese Grand Prix
93.122,47,HARD,2,33.936,41.208,17.978,700010000.0,1000000000.0,0.0,30,3.0,1,True,8564.211,LEC,16,None,None,8505.062,8546.27,8564.248,260.0,315.0,284.0,283.0,True,Ferrari,8471.089,2026-03-29T06:31:28.457000000,False,None,False,True,8507.001,17.9,57.4,1011.8,False,30.8,91,0.8,Japanese Grand Prix
93.011,48,HARD,2,33.676,41.14,18.195,701000101.0,1000.0,0.0,31,3.0,1,True,8657.222,LEC,16,None,None,8597.924,8639.064,8657.259,267.0,320.0,280.0,286.0,True,Ferrari,8564.211,2026-03-29T06:33:01.579000000,False,None,False,True,8627.007,17.9,57.3,1011.8,False,30.2,81,1.3,Japanese Grand Prix
93.486,49,HARD,2,34.157,41.291,18.038,700000000.0,0.0,0.0,32,3.0,1,False,8750.708,LEC,16,None,None,8691.416,8732.707,8750.745,260.0,315.0,284.0,282.0,True,Ferrari,8657.222,2026-03-29T06:34:34.590000000,False,None,False,True,8687.017,17.9,57.8,1011.7,False,30.9,110,0.9,Japanese Grand Prix
94.173,50,HARD,2,34.173,41.289,18.711,700000000.0,100.0,111.0,33,4.0,1,False,8844.881,LEC,16,None,None,8784.918,8826.207,8844.918,261.0,315.0,286.0,282.0,True,Ferrari,8750.708,2026-03-29T06:36:08.076000000,False,None,False,True,8807.046,18.0,57.9,1011.7,False,30.6,128,1.5,Japanese Grand Prix
92.897,51,HARD,2,33.813,41.284,17.8,111000000.0,3000000.0,1100.0,34,3.0,1,True,8937.778,LEC,16,None,None,8878.731,8920.015,8937.815,261.0,331.0,284.0,291.0,True,Ferrari,8844.881,2026-03-29T06:37:42.249000000,False,None,False,True,8867.045,17.8,59.2,1011.8,False,30.2,113,1.9,Japanese Grand Prix
93.201,52,HARD,2,34.047,41.137,18.017,10001.0,30000000100.0,100.0,35,3.0,1,False,9030.979,LEC,16,None,None,8971.862,9012.999,9031.016,270.0,314.0,285.0,280.0,True,Ferrari,8937.778,2026-03-29T06:39:15.146000000,False,None,False,True,8987.049,17.6,59.8,1011.8,False,30.0,107,1.5,Japanese Grand Prix
92.634,53,HARD,2,33.905,40.919,17.81,700000000.0,1000000000.0,100010.0,36,3.0,1,True,9123.613,LEC,16,None,None,9064.921,9105.84,9123.65,266.0,325.0,279.0,289.0,True,Ferrari,9030.979,2026-03-29T06:40:48.347000000,False,None,False,True,9047.054,17.4,61.3,1011.8,False,29.9,122,1.8,Japanese Grand Prix
100.66,1,MEDIUM,1,,43.187,18.012,11111111.0,11111111111.0,1111113.0,1,9.0,1,False,3925.624,LIN,41,None,None,None,3907.854,3925.904,270.0,335.0,282.0,296.0,True,Racing Bulls,3824.711,2026-03-29T05:14:02.079000000,False,None,False,False,3826.937,18.8,55.5,1011.7,False,36.7,124,2.1,Japanese Grand Prix
96.174,2,MEDIUM,1,35.265,42.825,18.084,111111110.0,11111001000.0,111100.0,2,8.0,1,True,4021.798,LIN,41,None,None,3960.945,4003.77,4021.854,265.0,324.0,276.0,287.0,True,Racing Bulls,3925.624,2026-03-29T05:15:42.992000000,False,None,False,True,3946.939,18.9,54.3,1011.7,False,36.7,143,1.5,Japanese Grand Prix
96.233,3,MEDIUM,1,35.347,42.792,18.094,111100.0,10011001100.0,110010.0,3,8.0,1,False,4118.031,LIN,41,None,None,4057.201,4099.993,4118.087,263.0,319.0,277.0,285.0,True,Racing Bulls,4021.798,2026-03-29T05:17:19.166000000,False,None,False,True,4066.945,18.9,54.5,1011.7,False,36.0,112,2.1,Japanese Grand Prix
96.039,4,MEDIUM,1,35.296,42.736,18.007,701111000.0,10000001000.0,110000.0,4,8.0,1,True,4214.07,LIN,41,None,None,4153.383,4196.119,4214.126,263.0,323.0,276.0,286.0,True,Racing Bulls,4118.031,2026-03-29T05:18:55.399000000,False,None,False,True,4126.951,19.0,54.0,1011.8,False,36.5,104,0.4,Japanese Grand Prix
98.053,5,MEDIUM,1,35.528,43.293,19.232,700000000.0,10003010000.0,0.0,5,9.0,1,False,4312.123,LIN,41,None,None,4249.654,4292.947,4312.179,264.0,316.0,257.0,277.0,True,Racing Bulls,4214.07,2026-03-29T05:20:31.438000000,False,None,False,True,4246.946,19.1,53.2,1011.8,False,36.4,128,2.3,Japanese Grand Prix
97.489,6,MEDIUM,1,36.77,42.663,18.056,700000000.0,100000000.0,0.0,6,10.0,1,False,4409.612,LIN,41,None,None,4348.949,4391.612,4409.668,267.0,329.0,281.0,291.0,True,Racing Bulls,4312.123,2026-03-29T05:22:09.491000000,False,None,False,True,4306.945,19.2,52.0,1011.8,False,36.0,95,1.4,Japanese Grand Prix
96.39,7,MEDIUM,1,35.836,42.575,17.979,710000000.0,10000000.0,0.0,7,10.0,1,False,4506.002,LIN,41,None,None,4445.504,4488.079,4506.058,266.0,330.0,281.0,293.0,True,Racing Bulls,4409.612,2026-03-29T05:23:46.980000000,False,None,False,True,4426.948,19.1,51.3,1011.8,False,35.7,130,1.3,Japanese Grand Prix
96.083,8,MEDIUM,1,35.615,42.431,18.037,700000000.0,110001000.0,0.0,8,10.0,1,False,4602.085,LIN,41,None,None,4541.673,4584.104,4602.141,269.0,328.0,280.0,291.0,True,Racing Bulls,4506.002,2026-03-29T05:25:23.370000000,False,None,False,True,4546.949,19.0,51.7,1011.8,False,35.3,144,2.7,Japanese Grand Prix
96.39,9,MEDIUM,1,35.568,42.811,18.011,700000000.0,0.0,10.0,9,10.0,1,False,4698.475,LIN,41,None,None,4637.709,4680.52,4698.531,266.0,322.0,279.0,288.0,True,Racing Bulls,4602.085,2026-03-29T05:26:59.453000000,False,None,False,True,4606.955,19.1,51.2,1011.7,False,34.6,120,2.3,Japanese Grand Prix
96.491,10,MEDIUM,1,35.732,42.676,18.083,700000000.0,0.0,100010.0,10,10.0,1,False,4794.966,LIN,41,None,None,4734.263,4776.939,4795.022,263.0,321.0,279.0,287.0,True,Racing Bulls,4698.475,2026-03-29T05:28:35.843000000,False,None,False,True,4726.95,19.0,51.2,1011.8,False,34.6,126,2.0,Japanese Grand Prix
97.139,11,MEDIUM,1,36.015,42.75,18.374,700000000.0,0.0,0.0,11,10.0,1,False,4892.105,LIN,41,None,None,4831.037,4873.787,4892.161,265.0,322.0,280.0,287.0,True,Racing Bulls,4794.966,2026-03-29T05:30:12.334000000,False,None,False,True,4786.951,19.1,50.7,1011.7,False,34.0,142,1.5,Japanese Grand Prix
98.709,12,MEDIUM,1,36.17,44.055,18.484,700000000.0,0.0,0.0,12,10.0,1,False,4990.814,LIN,41,None,None,4928.331,4972.386,4990.87,250.0,325.0,281.0,288.0,True,Racing Bulls,4892.105,2026-03-29T05:31:49.473000000,False,None,False,True,4906.957,19.1,50.5,1011.9,False,33.7,82,1.3,Japanese Grand Prix
96.242,13,MEDIUM,1,35.425,42.63,18.187,700000000.0,1000.0,0.0,13,10.0,1,False,5087.056,LIN,41,None,None,5026.295,5068.925,5087.112,266.0,318.0,277.0,284.0,True,Racing Bulls,4990.814,2026-03-29T05:33:28.182000000,False,None,False,True,5026.956,19.0,50.6,1011.8,False,33.8,151,2.0,Japanese Grand Prix
96.534,14,MEDIUM,1,35.72,42.676,18.138,700000000.0,10000000000.0,0.0,14,10.0,1,False,5183.59,LIN,41,None,None,5122.832,5165.508,5183.646,266.0,320.0,279.0,285.0,True,Racing Bulls,5087.056,2026-03-29T05:35:04.424000000,False,None,False,True,5086.955,19.0,50.6,1011.8,False,33.6,56,1.2,Japanese Grand Prix
97.289,15,MEDIUM,1,35.76,42.641,18.888,700000000.0,10000000000.0,0.0,15,10.0,1,False,5280.879,LIN,41,None,None,5219.406,5262.047,5280.935,268.0,319.0,278.0,285.0,True,Racing Bulls,5183.59,2026-03-29T05:36:40.958000000,False,None,False,True,5206.955,18.8,51.4,1011.6,False,33.2,98,1.2,Japanese Grand Prix
96.823,16,MEDIUM,1,35.876,42.795,18.152,700000000.0,0.0,100.0,16,10.0,1,False,5377.702,LIN,41,None,None,5316.811,5359.606,5377.758,254.0,316.0,278.0,283.0,True,Racing Bulls,5280.879,2026-03-29T05:38:18.247000000,False,None,False,True,5266.957,18.8,50.8,1011.8,False,33.4,44,0.7,Japanese Grand Prix
96.552,17,MEDIUM,1,35.749,42.723,18.08,700000000.0,0.0,10.0,17,10.0,1,False,5474.254,LIN,41,None,None,5413.507,5456.23,5474.31,269.0,320.0,279.0,284.0,True,Racing Bulls,5377.702,2026-03-29T05:39:55.070000000,False,None,False,True,5386.956,18.9,47.8,1011.8,False,32.9,133,2.6,Japanese Grand Prix
99.196,18,MEDIUM,1,35.797,42.533,20.866,700000000.0,0.0,555.0,18,12.0,1,False,5573.45,LIN,41,None,5571.911,5510.107,5552.64,5573.506,266.0,322.0,None,284.0,True,Racing Bulls,5474.254,2026-03-29T05:41:31.622000000,False,None,False,False,5506.96,18.8,48.7,1011.7,False,32.8,100,1.3,Japanese Grand Prix
118.75,19,HARD,2,58.35,42.327,18.073,550000100.0,1010000100.0,11110.0,1,16.0,1,False,5692.2,LIN,41,5598.045,None,5631.856,5674.183,5692.256,267.0,316.0,278.0,279.0,True,Racing Bulls,5573.45,2026-03-29T05:43:10.818000000,False,None,False,False,5566.954,18.8,48.5,1011.7,False,32.2,24,1.7,Japanese Grand Prix
95.464,20,HARD,2,35.291,42.231,17.942,100000.0,1000000000.0,10.0,2,16.0,1,True,5787.664,LIN,41,None,None,5727.547,5769.778,5787.72,266.0,321.0,280.0,285.0,True,Racing Bulls,5692.2,2026-03-29T05:45:09.568000000,False,None,False,True,5686.962,18.7,49.2,1011.7,False,32.7,131,2.2,Japanese Grand Prix
100.801,21,HARD,2,34.989,42.281,23.531,700100100.0,10000000000.0,0.0,3,16.0,124,False,5888.465,LIN,41,None,None,5822.709,5864.99,5888.521,268.0,320.0,127.0,285.0,True,Racing Bulls,5787.664,2026-03-29T05:46:45.032000000,False,None,False,False,5806.966,18.6,49.9,1011.7,False,32.6,116,0.9,Japanese Grand Prix
126.769,22,HARD,2,45.829,56.145,24.795,700000000.0,0.0,0.0,4,16.0,4,False,6015.234,LIN,41,None,None,5934.35,5990.495,6015.29,243.0,256.0,219.0,200.0,True,Racing Bulls,5888.465,2026-03-29T05:48:25.833000000,False,None,False,False,5866.963,18.6,50.4,1011.6,False,32.9,163,0.7,Japanese Grand Prix
123.701,23,HARD,2,42.635,59.087,21.979,700000000.0,0.0,0.0,5,14.0,4,False,6138.935,LIN,41,None,None,6057.925,6117.012,6138.991,247.0,252.0,227.0,254.0,True,Racing Bulls,6015.234,2026-03-29T05:50:32.602000000,False,None,False,False,5986.965,18.5,51.5,1011.7,False,32.7,107,0.4,Japanese Grand Prix
125.165,24,HARD,2,40.377,59.903,24.885,700000000.0,0.0,0.0,6,14.0,4,False,6264.1,LIN,41,None,None,6179.368,6239.271,6264.156,257.0,248.0,233.0,255.0,True,Racing Bulls,6138.935,2026-03-29T05:52:36.303000000,False,None,False,False,6166.968,18.5,51.1,1011.7,False,32.9,121,1.3,Japanese Grand Prix
150.541,25,HARD,2,48.754,75.45,26.337,700000000.0,0.0,0.0,7,14.0,4,False,6414.634,LIN,41,None,None,6312.973,6388.477,6414.861,188.0,248.0,150.0,228.0,True,Racing Bulls,6264.1,2026-03-29T05:54:41.468000000,False,None,False,False,6286.968,18.5,51.8,1011.7,False,32.8,120,1.5,Japanese Grand Prix
147.33,26,HARD,2,52.97,65.684,28.676,700000000.0,0.0,0.0,8,14.0,4,False,6561.964,LIN,41,None,None,6467.66,6533.344,6562.02,163.0,159.0,139.0,237.0,True,Racing Bulls,6414.634,2026-03-29T05:57:12.002000000,False,None,False,False,6406.972,18.5,50.7,1011.7,False,32.3,106,2.0,Japanese Grand Prix
134.607,27,HARD,2,46.921,60.601,27.085,700000000.0,0.0,0.0,9,14.0,41,False,6696.571,LIN,41,None,None,6608.941,6669.542,6696.627,204.0,135.0,281.0,151.0,True,Racing Bulls,6561.964,2026-03-29T05:59:39.332000000,False,None,False,False,6586.973,18.3,50.5,1011.7,False,32.2,136,2.5,Japanese Grand Prix
96.421,28,HARD,2,35.618,42.743,18.06,110000000.0,100011.0,1000001.0,10,14.0,1,False,6792.992,LIN,41,None,None,6732.245,6774.988,6793.048,258.0,337.0,286.0,298.0,True,Racing Bulls,6696.571,2026-03-29T06:01:53.939000000,False,None,False,True,6706.975,18.3,47.7,1011.7,False,32.3,122,2.3,Japanese Grand Prix
96.405,29,HARD,2,35.954,42.283,18.168,300000001.0,100100010.0,10.0,11,14.0,1,False,6889.397,LIN,41,None,None,6829.002,6871.285,6889.453,271.0,332.0,284.0,294.0,True,Racing Bulls,6792.992,2026-03-29T06:03:30.360000000,False,None,False,True,6826.974,18.4,48.2,1011.7,False,32.4,132,2.6,Japanese Grand Prix
95.724,30,HARD,2,35.576,41.947,18.201,0.0,1100001000.0,17700.0,12,13.0,1,False,6985.121,LIN,41,None,None,6925.029,6966.976,6985.177,269.0,332.0,279.0,292.0,True,Racing Bulls,6889.397,2026-03-29T06:05:06.765000000,True,TRACK LIMITS AT TURN 17 LAP 30 ,False,True,6886.976,18.4,47.6,1011.7,False,32.1,135,0.8,Japanese Grand Prix
95.962,31,HARD,2,35.809,42.126,18.027,700000001.0,0.0,0.0,13,14.0,1,False,7081.083,LIN,41,None,None,7020.986,7063.112,7081.139,271.0,331.0,282.0,291.0,True,Racing Bulls,6985.121,2026-03-29T06:06:42.489000000,False,None,False,True,7006.979,18.4,49.7,1011.7,False,32.0,129,1.9,Japanese Grand Prix
95.137,32,HARD,2,35.129,41.998,18.01,701000000.0,1100.0,0.0,14,14.0,1,True,7176.22,LIN,41,None,None,7116.268,7158.266,7176.276,269.0,329.0,283.0,290.0,True,Racing Bulls,7081.083,2026-03-29T06:08:18.451000000,False,None,False,True,7126.981,18.5,50.7,1011.6,False,32.0,133,2.0,Japanese Grand Prix
95.16,33,HARD,2,35.082,42.064,18.014,700000000.0,100.0,0.0,15,14.0,1,False,7271.38,LIN,41,None,None,7211.358,7253.422,7271.436,268.0,328.0,281.0,291.0,True,Racing Bulls,7176.22,2026-03-29T06:09:53.588000000,False,None,False,True,7186.981,18.5,50.0,1011.7,False,31.5,140,1.1,Japanese Grand Prix
95.225,34,HARD,2,35.135,42.058,18.032,700000001.0,1000.0,0.0,16,14.0,1,False,7366.605,LIN,41,None,None,7306.571,7348.629,7366.661,271.0,327.0,282.0,289.0,True,Racing Bulls,7271.38,2026-03-29T06:11:28.748000000,False,None,False,True,7306.992,18.5,51.0,1011.6,False,31.4,113,1.2,Japanese Grand Prix
95.402,35,HARD,2,35.135,42.177,18.09,700000000.0,0.0,0.0,17,14.0,1,False,7462.007,LIN,41,None,None,None,7443.973,7462.063,270.0,325.0,282.0,289.0,True,Racing Bulls,7366.605,2026-03-29T06:13:03.973000000,False,None,False,True,7366.98,18.3,51.1,1011.6,False,31.4,154,2.4,Japanese Grand Prix
94.96,36,HARD,2,35.085,41.897,17.978,700001000.0,1100.0,110.0,18,14.0,1,True,7556.967,LIN,41,None,None,7497.148,7539.045,7557.023,270.0,327.0,283.0,288.0,True,Racing Bulls,7462.007,2026-03-29T06:14:39.375000000,False,None,False,True,7486.983,18.1,52.4,1011.7,False,31.1,170,0.8,Japanese Grand Prix
94.86,37,HARD,2,34.979,41.911,17.97,701000000.0,101000000.0,0.0,19,14.0,1,True,7651.827,LIN,41,None,None,7592.002,7633.913,7651.883,269.0,330.0,283.0,291.0,True,Racing Bulls,7556.967,2026-03-29T06:16:14.335000000,False,None,False,True,7546.988,18.0,53.7,1011.6,False,31.0,138,1.5,Japanese Grand Prix
94.723,38,HARD,2,34.81,41.924,17.989,700000000.0,1000000.0,1.0,20,14.0,1,True,7746.55,LIN,41,None,None,7686.693,7728.617,7746.606,270.0,329.0,286.0,292.0,True,Racing Bulls,7651.827,2026-03-29T06:17:49.195000000,False,None,False,True,7666.984,17.9,55.6,1011.6,False,30.7,88,0.8,Japanese Grand Prix
95.096,39,HARD,2,35.136,41.882,18.078,700000000.0,1.0,0.0,21,14.0,1,False,7841.646,LIN,41,None,None,7781.742,7823.624,7841.702,269.0,333.0,283.0,294.0,True,Racing Bulls,7746.55,2026-03-29T06:19:23.918000000,False,None,False,True,7726.986,17.9,55.8,1011.7,False,31.1,119,1.8,Japanese Grand Prix
94.521,40,HARD,2,34.906,41.714,17.901,700000001.0,10101101001.0,110.0,22,14.0,1,True,7936.167,LIN,41,None,None,7876.608,7918.322,7936.223,273.0,333.0,284.0,293.0,True,Racing Bulls,7841.646,2026-03-29T06:20:59.014000000,False,None,False,True,7846.99,17.8,55.5,1011.6,False,31.0,167,1.0,Japanese Grand Prix
94.853,41,HARD,2,35.025,41.888,17.94,700001000.0,1100.0,0.0,23,14.0,1,False,8031.02,LIN,41,None,None,7971.248,8013.136,8031.076,271.0,328.0,283.0,291.0,True,Racing Bulls,7936.167,2026-03-29T06:22:33.535000000,False,None,False,True,7966.994,17.8,55.7,1011.6,False,30.7,140,0.6,Japanese Grand Prix
94.964,42,HARD,2,35.04,41.929,17.995,700001000.0,100.0,0.0,24,14.0,1,False,8125.984,LIN,41,None,None,8066.116,8108.045,8126.04,270.0,327.0,284.0,289.0,True,Racing Bulls,8031.02,2026-03-29T06:24:08.388000000,False,None,False,True,8026.998,18.1,55.4,1011.6,False,30.6,153,2.5,Japanese Grand Prix
94.885,43,HARD,2,34.963,41.894,18.028,700000000.0,0.0,0.0,25,14.0,1,False,8220.869,LIN,41,None,None,8161.003,8202.897,8220.925,270.0,328.0,285.0,290.0,True,Racing Bulls,8125.984,2026-03-29T06:25:43.352000000,False,None,False,True,8146.993,17.9,57.1,1011.7,False,30.4,140,0.9,Japanese Grand Prix
94.769,44,HARD,2,34.864,41.786,18.119,701000000.0,10010000000.0,0.0,26,14.0,1,False,8315.638,LIN,41,None,None,8255.789,8297.575,8315.694,271.0,330.0,285.0,292.0,True,Racing Bulls,8220.869,2026-03-29T06:27:18.237000000,False,None,False,True,8207.003,17.9,57.3,1011.7,False,30.5,9,0.5,Japanese Grand Prix
94.733,45,HARD,2,34.901,41.829,18.003,700000000.0,10000.0,0.0,27,14.0,1,False,8410.371,LIN,41,None,None,8350.595,8392.424,8410.427,272.0,333.0,286.0,293.0,True,Racing Bulls,8315.638,2026-03-29T06:28:53.006000000,False,None,False,True,8326.995,18.0,56.5,1011.7,False,30.9,129,1.1,Japanese Grand Prix
94.676,46,HARD,2,34.943,41.86,17.873,700000001.0,110011.0,11.0,28,14.0,1,False,8505.047,LIN,41,None,None,8445.37,8487.23,8505.103,275.0,339.0,286.0,296.0,True,Racing Bulls,8410.371,2026-03-29T06:30:27.739000000,False,None,False,True,8386.994,18.0,56.6,1011.7,False,29.6,83,2.0,Japanese Grand Prix
94.716,47,HARD,2,35.031,41.799,17.886,700000000.0,10.0,11.0,29,14.0,1,False,8599.763,LIN,41,None,None,8540.134,8581.933,8599.819,275.0,336.0,288.0,294.0,True,Racing Bulls,8505.047,2026-03-29T06:32:02.415000000,False,None,False,True,8507.001,17.9,57.4,1011.8,False,30.8,91,0.8,Japanese Grand Prix
94.872,48,HARD,2,34.954,41.968,17.95,100000000.0,10.0,0.0,30,14.0,1,False,8694.635,LIN,41,None,None,8634.773,8676.741,8694.691,274.0,333.0,285.0,292.0,True,Racing Bulls,8599.763,2026-03-29T06:33:37.131000000,False,None,False,True,8627.007,17.9,57.3,1011.8,False,30.2,81,1.3,Japanese Grand Prix
95.229,49,HARD,2,35.134,42.023,18.072,0.0,0.0,0.0,31,14.0,1,False,8789.864,LIN,41,None,None,8729.825,8771.848,8789.92,272.0,328.0,283.0,289.0,True,Racing Bulls,8694.635,2026-03-29T06:35:12.003000000,False,None,False,True,8687.017,17.9,57.8,1011.7,False,30.9,110,0.9,Japanese Grand Prix
94.845,50,HARD,2,34.92,41.918,18.007,700010000.0,0.0,100.0,32,14.0,1,False,8884.709,LIN,41,None,None,8824.84,8866.758,8884.765,272.0,328.0,285.0,289.0,True,Racing Bulls,8789.864,2026-03-29T06:36:47.232000000,False,None,False,True,8807.046,18.0,57.9,1011.7,False,30.6,128,1.5,Japanese Grand Prix
94.6,51,HARD,2,34.881,41.792,17.927,700000000.0,1000100.0,0.0,33,14.0,1,False,8979.309,LIN,41,None,None,8919.646,8961.438,8979.365,272.0,327.0,284.0,289.0,True,Racing Bulls,8884.709,2026-03-29T06:38:22.077000000,False,None,False,True,8867.045,17.8,59.2,1011.8,False,30.2,113,1.9,Japanese Grand Prix
94.585,52,HARD,2,34.959,41.698,17.928,700000000.0,1000001000.0,110.0,34,14.0,1,False,9073.894,LIN,41,None,None,9014.324,9056.022,9073.95,271.0,327.0,285.0,289.0,True,Racing Bulls,8979.309,2026-03-29T06:39:56.677000000,False,None,False,True,8987.049,17.6,59.8,1011.8,False,30.0,107,1.5,Japanese Grand Prix
94.314,53,HARD,2,34.946,41.569,17.799,700000000.0,10010001110.0,10.0,35,14.0,1,True,9168.208,LIN,41,None,None,9108.896,9150.465,9168.264,274.0,332.0,287.0,292.0,True,Racing Bulls,9073.894,2026-03-29T06:41:31.262000000,False,None,False,True,9047.054,17.4,61.3,1011.8,False,29.9,122,1.8,Japanese Grand Prix
97.206,1,MEDIUM,1,,42.011,18.104,11111113.0,11131111111.0,1131111.0,1,3.0,1,False,3922.17,NOR,1,None,None,None,3904.21,3922.349,289.0,323.0,279.0,283.0,True,McLaren,3824.711,2026-03-29T05:14:02.079000000,False,None,False,False,3826.937,18.8,55.5,1011.7,False,36.7,124,2.1,Japanese Grand Prix
94.905,2,MEDIUM,1,34.856,42.12,17.929,111111110.0,1100000001.0,1100000.0,2,3.0,1,True,4017.075,NOR,1,None,None,3957.08,3999.2,4017.129,260.0,337.0,269.0,294.0,True,McLaren,3922.17,2026-03-29T05:15:39.538000000,False,None,False,True,3946.939,18.9,54.3,1011.7,False,36.7,143,1.5,Japanese Grand Prix
96.301,3,MEDIUM,1,36.026,42.108,18.167,0.0,10000000010.0,1101.0,3,4.0,1,False,4113.376,NOR,1,None,None,4053.155,4095.263,4113.43,261.0,323.0,280.0,286.0,True,McLaren,4017.075,2026-03-29T05:17:14.443000000,False,None,False,True,4066.945,18.9,54.5,1011.7,False,36.0,112,2.1,Japanese Grand Prix
95.451,4,MEDIUM,1,35.147,42.19,18.114,701001000.0,1000.0,1.0,4,4.0,1,False,4208.827,NOR,1,None,None,4148.577,4190.767,4208.881,255.0,319.0,280.0,284.0,True,McLaren,4113.376,2026-03-29T05:18:50.744000000,False,None,False,True,4126.951,19.0,54.0,1011.8,False,36.5,104,0.4,Japanese Grand Prix
95.17,5,MEDIUM,1,34.925,42.206,18.039,700001010.0,10000001000.0,100010.0,5,4.0,1,False,4303.997,NOR,1,None,None,4243.806,4286.012,4304.051,258.0,322.0,278.0,286.0,True,McLaren,4208.827,2026-03-29T05:20:26.195000000,False,None,False,True,4246.946,19.1,53.2,1011.8,False,36.4,128,2.3,Japanese Grand Prix
95.051,6,MEDIUM,1,34.901,42.063,18.087,700001000.0,10000001000.0,1.0,6,4.0,1,False,4399.048,NOR,1,None,None,4338.952,4381.015,4399.102,260.0,325.0,281.0,288.0,True,McLaren,4303.997,2026-03-29T05:22:01.365000000,False,None,False,True,4306.945,19.2,52.0,1011.8,False,36.0,95,1.4,Japanese Grand Prix
95.045,7,MEDIUM,1,34.741,42.156,18.148,110011000.0,10000.0,0.0,7,4.0,1,False,4494.093,NOR,1,None,None,4433.843,4475.999,4494.147,258.0,324.0,279.0,288.0,True,McLaren,4399.048,2026-03-29T05:23:36.416000000,False,None,False,True,4426.948,19.1,51.3,1011.8,False,35.7,130,1.3,Japanese Grand Prix
95.247,8,MEDIUM,1,34.769,42.234,18.244,1011000.0,10000.0,1.0,8,4.0,1,False,4589.34,NOR,1,None,None,4528.916,4571.15,4589.394,259.0,326.0,282.0,290.0,True,McLaren,4494.093,2026-03-29T05:25:11.461000000,False,None,False,True,4546.949,19.0,51.7,1011.8,False,35.3,144,2.7,Japanese Grand Prix
95.672,9,MEDIUM,1,35.184,42.166,18.322,700000000.0,0.0,0.0,9,4.0,1,False,4685.012,NOR,1,None,None,4624.578,4666.744,4685.066,258.0,325.0,281.0,290.0,True,McLaren,4589.34,2026-03-29T05:26:46.708000000,False,None,False,True,4606.955,19.1,51.2,1011.7,False,34.6,120,2.3,Japanese Grand Prix
95.228,10,MEDIUM,1,34.968,42.231,18.029,111000000.0,110000.0,30.0,10,4.0,1,False,4780.24,NOR,1,None,None,4720.034,4762.265,4780.294,258.0,326.0,281.0,289.0,True,McLaren,4685.012,2026-03-29T05:28:22.380000000,False,None,False,True,4726.95,19.0,51.2,1011.8,False,34.6,126,2.0,Japanese Grand Prix
96.219,11,MEDIUM,1,35.055,42.309,18.855,0.0,0.0,0.0,11,5.0,1,False,4876.459,NOR,1,None,None,4815.349,4857.658,4876.513,258.0,323.0,280.0,286.0,True,McLaren,4780.24,2026-03-29T05:29:57.608000000,False,None,False,True,4786.951,19.1,50.7,1011.7,False,34.0,142,1.5,Japanese Grand Prix
95.457,12,MEDIUM,1,35.369,42.136,17.952,110000000.0,0.0,11000.0,12,5.0,1,False,4971.916,NOR,1,None,None,4911.882,4954.018,4971.97,258.0,327.0,279.0,288.0,True,McLaren,4876.459,2026-03-29T05:31:33.827000000,False,None,False,True,4906.957,19.1,50.5,1011.9,False,33.7,82,1.3,Japanese Grand Prix
95.079,13,MEDIUM,1,35.0,42.106,17.973,0.0,1000.0,110000.0,13,5.0,1,False,5066.995,NOR,1,None,None,5006.97,5049.076,5067.049,261.0,326.0,279.0,287.0,True,McLaren,4971.916,2026-03-29T05:33:09.284000000,False,None,False,True,5026.956,19.0,50.6,1011.8,False,33.8,151,2.0,Japanese Grand Prix
95.339,14,MEDIUM,1,35.006,42.32,18.013,701000000.0,0.0,0.0,14,5.0,1,False,5162.334,NOR,1,None,None,5102.055,5144.375,5162.388,256.0,319.0,280.0,284.0,True,McLaren,5066.995,2026-03-29T05:34:44.363000000,False,None,False,True,5086.955,19.0,50.6,1011.8,False,33.6,56,1.2,Japanese Grand Prix
95.315,15,MEDIUM,1,34.906,42.361,18.048,701010000.0,10000000000.0,0.0,15,5.0,1,False,5257.649,NOR,1,None,None,5197.294,5239.655,5257.703,258.0,318.0,279.0,286.0,True,McLaren,5162.334,2026-03-29T05:36:19.702000000,False,None,False,True,5206.955,18.8,51.4,1011.6,False,33.2,98,1.2,Japanese Grand Prix
98.222,16,MEDIUM,1,35.499,42.303,20.42,700000000.0,0.0,555.0,16,6.0,1,False,5355.871,NOR,1,None,5354.566,5293.202,5335.505,5355.925,265.0,327.0,None,289.0,True,McLaren,5257.649,2026-03-29T05:37:55.017000000,False,None,False,False,5266.957,18.8,50.8,1011.8,False,33.4,44,0.7,Japanese Grand Prix
114.481,17,HARD,2,54.657,42.005,17.819,550100100.0,11100000010.0,101300.0,1,8.0,1,False,5470.352,NOR,1,5378.056,None,5410.582,5452.587,5470.406,283.0,318.0,275.0,294.0,True,McLaren,5355.871,2026-03-29T05:39:33.239000000,False,None,False,False,5386.956,18.9,47.8,1011.8,False,32.9,133,2.6,Japanese Grand Prix
94.916,18,HARD,2,34.876,41.988,18.052,101000.0,1001100.0,10.0,2,8.0,1,False,5565.268,NOR,1,None,None,5505.282,5547.27,5565.322,257.0,316.0,281.0,282.0,True,McLaren,5470.352,2026-03-29T05:41:27.720000000,False,None,False,True,5506.96,18.8,48.7,1011.7,False,32.8,100,1.3,Japanese Grand Prix
94.285,19,HARD,2,34.516,41.804,17.965,700110000.0,11001000000.0,0.0,3,8.0,1,True,5659.553,NOR,1,None,None,5599.838,5641.642,5659.607,259.0,320.0,281.0,284.0,True,McLaren,5565.268,2026-03-29T05:43:02.636000000,False,None,False,True,5566.954,18.8,48.5,1011.7,False,32.2,24,1.7,Japanese Grand Prix
93.771,20,HARD,2,34.258,41.67,17.843,701011010.0,10000000110.0,31.0,4,8.0,1,True,5753.324,NOR,1,None,None,5693.865,5735.535,5753.378,259.0,321.0,283.0,286.0,True,McLaren,5659.553,2026-03-29T05:44:36.921000000,False,None,False,True,5686.962,18.7,49.2,1011.7,False,32.7,131,2.2,Japanese Grand Prix
94.161,21,HARD,2,34.402,41.856,17.903,700010000.0,10000000000.0,0.0,5,8.0,1,False,5847.485,NOR,1,None,None,5787.78,5829.636,5847.539,263.0,327.0,281.0,289.0,True,McLaren,5753.324,2026-03-29T05:46:10.692000000,False,None,False,True,5806.966,18.6,49.9,1011.7,False,32.6,116,0.9,Japanese Grand Prix
120.54,22,HARD,2,38.974,56.456,25.11,701000000.0,0.0,0.0,6,8.0,124,False,5968.025,NOR,1,None,None,5886.513,5942.969,5968.079,156.0,245.0,200.0,216.0,True,McLaren,5847.485,2026-03-29T05:47:44.853000000,False,None,False,False,5866.963,18.6,50.4,1011.6,False,32.9,163,0.7,Japanese Grand Prix
139.586,23,HARD,2,45.885,62.354,31.347,700000000.0,0.0,0.0,7,6.0,4,False,6107.611,NOR,1,None,None,6013.964,6076.318,6107.665,224.0,202.0,215.0,212.0,True,McLaren,5968.025,2026-03-29T05:49:45.393000000,False,None,False,False,5986.965,18.5,51.5,1011.7,False,32.7,107,0.4,Japanese Grand Prix
147.128,24,HARD,2,49.4,70.887,26.841,700000000.0,0.0,0.0,8,6.0,4,False,6254.739,NOR,1,None,None,6157.065,6227.952,6254.793,189.0,195.0,218.0,268.0,True,McLaren,6107.611,2026-03-29T05:52:04.979000000,False,None,False,False,6166.968,18.5,51.1,1011.7,False,32.9,121,1.3,Japanese Grand Prix
150.889,25,HARD,2,50.322,72.179,28.388,700000000.0,0.0,0.0,9,6.0,4,False,6405.624,NOR,1,None,None,6305.159,6377.407,6405.851,123.0,266.0,190.0,209.0,True,McLaren,6254.739,2026-03-29T05:54:32.107000000,False,None,False,False,6286.968,18.5,51.8,1011.7,False,32.8,120,1.5,Japanese Grand Prix
146.957,26,HARD,2,53.81,63.654,29.493,700000000.0,0.0,0.0,10,6.0,4,False,6552.581,NOR,1,None,None,6459.488,6523.142,6552.635,211.0,269.0,202.0,152.0,True,McLaren,6405.624,2026-03-29T05:57:02.992000000,False,None,False,False,6406.972,18.5,50.7,1011.7,False,32.3,106,2.0,Japanese Grand Prix
140.302,27,HARD,2,47.814,64.332,28.156,700000000.0,0.0,0.0,11,6.0,41,False,6692.883,NOR,1,None,None,6600.449,6664.781,6692.937,234.0,150.0,278.0,131.0,True,McLaren,6552.581,2026-03-29T05:59:29.949000000,False,None,False,False,6586.973,18.3,50.5,1011.7,False,32.2,136,2.5,Japanese Grand Prix
95.248,28,HARD,2,35.273,42.048,17.927,700000000.0,1000010.0,1111.0,12,6.0,1,False,6788.131,NOR,1,None,None,6728.21,6770.258,6788.185,261.0,325.0,285.0,287.0,True,McLaren,6692.883,2026-03-29T06:01:50.251000000,False,None,False,True,6706.975,18.3,47.7,1011.7,False,32.3,122,2.3,Japanese Grand Prix
94.083,29,HARD,2,34.396,41.948,17.739,110000000.0,0.0,10010.0,13,6.0,1,False,6882.214,NOR,1,None,None,6822.581,6864.529,6882.268,261.0,325.0,283.0,286.0,True,McLaren,6788.131,2026-03-29T06:03:25.499000000,False,None,False,True,6826.974,18.4,48.2,1011.7,False,32.4,132,2.6,Japanese Grand Prix
93.851,30,HARD,2,34.362,41.618,17.871,0.0,0.0,0.0,14,6.0,1,False,6976.065,NOR,1,None,None,6916.63,6958.248,6976.119,263.0,326.0,282.0,287.0,True,McLaren,6882.214,2026-03-29T06:04:59.582000000,False,None,False,True,6886.976,18.4,47.6,1011.7,False,32.1,135,0.8,Japanese Grand Prix
94.131,31,HARD,2,34.461,41.767,17.903,701010000.0,0.0,110.0,15,6.0,1,False,7070.196,NOR,1,None,None,7010.58,7052.347,7070.25,258.0,323.0,282.0,285.0,True,McLaren,6976.065,2026-03-29T06:06:33.433000000,False,None,False,True,7006.979,18.4,49.7,1011.7,False,32.0,129,1.9,Japanese Grand Prix
94.419,32,HARD,2,34.65,41.795,17.974,700000000.0,10000000000.0,10.0,16,6.0,1,False,7164.615,NOR,1,None,None,7104.9,7146.695,7164.669,260.0,317.0,282.0,282.0,True,McLaren,7070.196,2026-03-29T06:08:07.564000000,False,None,False,True,7126.981,18.5,50.7,1011.6,False,32.0,133,2.0,Japanese Grand Prix
93.787,33,HARD,2,34.252,41.655,17.88,701001000.0,1000000100.0,10.0,17,6.0,1,False,7258.402,NOR,1,None,None,7198.921,7240.576,7258.456,260.0,319.0,282.0,283.0,True,McLaren,7164.615,2026-03-29T06:09:41.983000000,False,None,False,True,7186.981,18.5,50.0,1011.7,False,31.5,140,1.1,Japanese Grand Prix
93.494,34,HARD,2,34.05,41.548,17.896,701011100.0,1001000100.0,1.0,18,6.0,1,True,7351.896,NOR,1,None,None,7292.506,7334.054,7351.95,259.0,320.0,281.0,285.0,True,McLaren,7258.402,2026-03-29T06:11:15.770000000,False,None,False,True,7306.992,18.5,51.0,1011.6,False,31.4,113,1.2,Japanese Grand Prix
93.58,35,HARD,2,34.059,41.642,17.879,700110010.0,10000001000.0,10.0,19,6.0,1,False,7445.476,NOR,1,None,None,7386.009,7427.651,7445.53,259.0,317.0,281.0,282.0,True,McLaren,7351.896,2026-03-29T06:12:49.264000000,False,None,False,True,7366.98,18.3,51.1,1011.6,False,31.4,154,2.4,Japanese Grand Prix
93.359,36,HARD,2,34.073,41.466,17.82,700001000.0,1000000.0,110.0,20,6.0,1,True,7538.835,NOR,1,None,None,7479.603,7521.069,7538.889,259.0,322.0,282.0,284.0,True,McLaren,7445.476,2026-03-29T06:14:22.844000000,False,None,False,True,7486.983,18.1,52.4,1011.7,False,31.1,170,0.8,Japanese Grand Prix
93.602,37,HARD,2,34.074,41.651,17.877,701000000.0,100000000.0,0.0,21,6.0,1,False,7632.437,NOR,1,None,None,7572.963,7614.614,7632.491,259.0,323.0,282.0,284.0,True,McLaren,7538.835,2026-03-29T06:15:56.203000000,False,None,False,True,7546.988,18.0,53.7,1011.6,False,31.0,138,1.5,Japanese Grand Prix
93.455,38,HARD,2,34.042,41.593,17.82,700000000.0,0.0,130.0,22,6.0,1,False,7725.892,NOR,1,None,None,7666.533,7708.126,7725.946,259.0,322.0,282.0,284.0,True,McLaren,7632.437,2026-03-29T06:17:29.805000000,False,None,False,True,7666.984,17.9,55.6,1011.6,False,30.7,88,0.8,Japanese Grand Prix
93.679,39,HARD,2,34.167,41.669,17.843,701000000.0,1000.0,0.0,23,6.0,1,False,7819.571,NOR,1,None,None,7760.113,7801.782,7819.625,260.0,322.0,283.0,285.0,True,McLaren,7725.892,2026-03-29T06:19:03.260000000,False,None,False,True,7726.986,17.9,55.8,1011.7,False,31.1,119,1.8,Japanese Grand Prix
93.347,40,HARD,2,34.076,41.448,17.823,700001000.0,1001000.0,0.0,24,6.0,1,True,7912.918,NOR,1,None,None,7853.701,7895.149,7912.972,259.0,324.0,283.0,285.0,True,McLaren,7819.571,2026-03-29T06:20:36.939000000,False,None,False,True,7846.99,17.8,55.5,1011.6,False,31.0,167,1.0,Japanese Grand Prix
93.398,41,HARD,2,34.089,41.503,17.806,700000000.0,101110000.0,0.0,25,6.0,1,False,8006.316,NOR,1,None,None,7947.061,7988.564,8006.37,261.0,328.0,283.0,289.0,True,McLaren,7912.918,2026-03-29T06:22:10.286000000,False,None,False,True,7966.994,17.8,55.7,1011.6,False,30.7,140,0.6,Japanese Grand Prix
93.702,42,HARD,2,34.25,41.574,17.878,700000000.0,110000.0,1.0,26,6.0,1,False,8100.018,NOR,1,None,None,8040.62,8082.194,8100.072,260.0,330.0,284.0,290.0,True,McLaren,8006.316,2026-03-29T06:23:43.684000000,False,None,False,True,8026.998,18.1,55.4,1011.6,False,30.6,153,2.5,Japanese Grand Prix
93.927,43,HARD,2,34.427,41.619,17.881,700000000.0,110001.0,1.0,27,6.0,1,False,8193.945,NOR,1,None,None,8134.499,8176.118,8193.999,264.0,333.0,284.0,290.0,True,McLaren,8100.018,2026-03-29T06:25:17.386000000,False,None,False,True,8146.993,17.9,57.1,1011.7,False,30.4,140,0.9,Japanese Grand Prix
93.362,44,HARD,2,34.167,41.373,17.822,701000000.0,1001000010.0,1.0,28,6.0,1,False,8287.307,NOR,1,None,None,8228.166,8269.539,8287.361,261.0,331.0,287.0,290.0,True,McLaren,8193.945,2026-03-29T06:26:51.313000000,False,None,False,True,8207.003,17.9,57.3,1011.7,False,30.5,9,0.5,Japanese Grand Prix
93.521,45,HARD,2,34.254,41.441,17.826,110000000.0,0.0,0.0,29,6.0,1,False,8380.828,NOR,1,None,None,8321.615,8363.056,8380.882,259.0,326.0,284.0,288.0,True,McLaren,8287.307,2026-03-29T06:28:24.675000000,False,None,False,True,8326.995,18.0,56.5,1011.7,False,30.9,129,1.1,Japanese Grand Prix
93.437,46,HARD,2,34.254,41.281,17.902,0.0,100000011.0,0.0,30,6.0,1,False,8474.265,NOR,1,None,None,None,8456.417,8474.319,265.0,333.0,284.0,291.0,True,McLaren,8380.828,2026-03-29T06:29:58.196000000,False,None,False,True,8386.994,18.0,56.6,1011.7,False,29.6,83,2.0,Japanese Grand Prix
93.624,47,HARD,2,34.233,41.296,18.095,700000000.0,110013.0,1001000.0,31,5.0,1,False,8567.889,NOR,1,None,None,8508.552,8549.848,8567.943,262.0,346.0,272.0,304.0,True,McLaren,8474.265,2026-03-29T06:31:31.633000000,False,None,False,True,8507.001,17.9,57.4,1011.8,False,30.8,91,0.8,Japanese Grand Prix
94.608,48,HARD,2,35.091,41.699,17.818,700000000.0,1000000.0,0.0,32,6.0,1,False,8662.497,NOR,1,None,None,8603.034,8644.733,8662.551,259.0,325.0,283.0,287.0,True,McLaren,8567.889,2026-03-29T06:33:05.257000000,False,None,False,True,8627.007,17.9,57.3,1011.8,False,30.2,81,1.3,Japanese Grand Prix
93.483,49,HARD,2,34.299,41.375,17.809,700010000.0,10000000000.0,0.0,33,6.0,1,False,8755.98,NOR,1,None,None,8696.85,8738.225,8756.034,260.0,326.0,283.0,286.0,True,McLaren,8662.497,2026-03-29T06:34:39.865000000,False,None,False,True,8687.017,17.9,57.8,1011.7,False,30.9,110,0.9,Japanese Grand Prix
94.087,50,HARD,2,34.32,41.589,18.178,700000000.0,100000000.0,1330.0,34,5.0,1,False,8850.067,NOR,1,None,None,8790.354,8831.943,8850.121,260.0,326.0,281.0,283.0,True,McLaren,8755.98,2026-03-29T06:36:13.348000000,False,None,False,True,8807.046,18.0,57.9,1011.7,False,30.6,128,1.5,Japanese Grand Prix
95.007,51,HARD,2,35.08,41.66,18.267,700000000.0,0.0,1000.0,35,5.0,1,False,8945.074,NOR,1,None,None,8885.201,8926.861,8945.128,255.0,320.0,285.0,286.0,True,McLaren,8850.067,2026-03-29T06:37:47.435000000,False,None,False,True,8867.045,17.8,59.2,1011.8,False,30.2,113,1.9,Japanese Grand Prix
93.208,52,HARD,2,33.929,41.363,17.916,701010000.0,1000000100.0,0.0,36,5.0,1,True,9038.282,NOR,1,None,None,8979.057,9020.42,9038.336,258.0,316.0,285.0,282.0,True,McLaren,8945.074,2026-03-29T06:39:22.442000000,False,None,False,True,8987.049,17.6,59.8,1011.8,False,30.0,107,1.5,Japanese Grand Prix
93.56,53,HARD,2,34.131,41.674,17.755,700000000.0,100.0,100000.0,37,5.0,1,False,9131.842,NOR,1,None,None,9072.467,9114.141,9131.896,265.0,325.0,280.0,288.0,True,McLaren,9038.282,2026-03-29T06:40:55.650000000,False,None,False,True,9047.054,17.4,61.3,1011.8,False,29.9,122,1.8,Japanese Grand Prix
101.913,1,MEDIUM,1,,43.267,18.305,11111111.0,11113111111.0,1111111.0,1,11.0,1,False,3926.877,OCO,31,None,None,None,3908.635,3927.16,255.0,332.0,280.0,291.0,True,Haas F1 Team,3824.711,2026-03-29T05:14:02.079000000,False,None,False,False,3826.937,18.8,55.5,1011.7,False,36.7,124,2.1,Japanese Grand Prix
96.654,2,MEDIUM,1,35.386,42.561,18.707,111111111.0,11103011033.0,100000.0,2,11.0,1,True,4023.531,OCO,31,None,None,3962.305,4004.866,4023.573,259.0,338.0,276.0,282.0,True,Haas F1 Team,3926.877,2026-03-29T05:15:44.245000000,False,None,False,True,3946.939,18.9,54.3,1011.7,False,36.7,143,1.5,Japanese Grand Prix
96.094,3,MEDIUM,1,35.745,42.33,18.019,1100.0,11110001100.0,1110000.0,3,10.0,1,True,4119.625,OCO,31,None,None,4059.318,4101.648,4119.667,255.0,334.0,277.0,293.0,True,Haas F1 Team,4023.531,2026-03-29T05:17:20.899000000,False,None,False,True,4066.945,18.9,54.5,1011.7,False,36.0,112,2.1,Japanese Grand Prix
95.956,4,MEDIUM,1,35.434,42.395,18.127,701111000.0,11100000000.0,0.0,4,10.0,1,True,4215.581,OCO,31,None,None,4155.101,4197.496,4215.623,256.0,332.0,276.0,292.0,True,Haas F1 Team,4119.625,2026-03-29T05:18:56.993000000,False,None,False,True,4126.951,19.0,54.0,1011.8,False,36.5,104,0.4,Japanese Grand Prix
96.746,5,MEDIUM,1,35.492,42.449,18.805,701000000.0,10000000100.0,0.0,5,10.0,1,False,4312.327,OCO,31,None,None,4251.115,4293.564,4312.369,257.0,333.0,278.0,284.0,True,Haas F1 Team,4215.581,2026-03-29T05:20:32.949000000,False,None,False,True,4246.946,19.1,53.2,1011.8,False,36.4,128,2.3,Japanese Grand Prix
96.55,6,MEDIUM,1,35.711,42.569,18.27,700000000.0,1000.0,0.0,6,9.0,1,False,4408.877,OCO,31,None,None,4348.08,4390.649,4408.919,258.0,325.0,276.0,288.0,True,Haas F1 Team,4312.327,2026-03-29T05:22:09.695000000,False,None,False,True,4306.945,19.2,52.0,1011.8,False,36.0,95,1.4,Japanese Grand Prix
96.288,7,MEDIUM,1,35.524,42.604,18.16,700010011.0,10000000000.0,110000.0,7,9.0,1,False,4505.165,OCO,31,None,None,4444.443,4487.047,4505.207,260.0,325.0,274.0,288.0,True,Haas F1 Team,4408.877,2026-03-29T05:23:46.245000000,False,None,False,True,4426.948,19.1,51.3,1011.8,False,35.7,130,1.3,Japanese Grand Prix
95.822,8,MEDIUM,1,35.434,42.322,18.066,701110001.0,11000001000.0,10000.0,8,9.0,1,True,4600.987,OCO,31,None,None,4540.641,4582.963,4601.029,259.0,327.0,276.0,287.0,True,Haas F1 Team,4505.165,2026-03-29T05:25:22.533000000,False,None,False,True,4546.949,19.0,51.7,1011.8,False,35.3,144,2.7,Japanese Grand Prix
96.357,9,MEDIUM,1,35.423,42.669,18.265,701101000.0,0.0,0.0,9,9.0,1,False,4697.344,OCO,31,None,None,4636.452,4679.121,4697.386,254.0,316.0,276.0,282.0,True,Haas F1 Team,4600.987,2026-03-29T05:26:58.355000000,False,None,False,True,4606.955,19.1,51.2,1011.7,False,34.6,120,2.3,Japanese Grand Prix
96.43,10,MEDIUM,1,35.578,42.565,18.287,701000000.0,100000000.0,0.0,10,9.0,1,False,4793.774,OCO,31,None,None,4732.964,4775.529,4793.816,252.0,315.0,276.0,280.0,True,Haas F1 Team,4697.344,2026-03-29T05:28:34.712000000,False,None,False,True,4726.95,19.0,51.2,1011.8,False,34.6,126,2.0,Japanese Grand Prix
96.476,11,MEDIUM,1,35.581,42.633,18.262,701000000.0,1100.0,10000.0,11,9.0,1,False,4890.25,OCO,31,None,None,4829.397,4872.03,4890.292,257.0,313.0,276.0,279.0,True,Haas F1 Team,4793.774,2026-03-29T05:30:11.142000000,False,None,False,True,4786.951,19.1,50.7,1011.7,False,34.0,142,1.5,Japanese Grand Prix
96.593,12,MEDIUM,1,35.653,42.664,18.276,701000000.0,1000.0,0.0,12,9.0,1,False,4986.843,OCO,31,None,None,4925.945,4968.609,4986.885,253.0,313.0,274.0,280.0,True,Haas F1 Team,4890.25,2026-03-29T05:31:47.618000000,False,None,False,True,4906.957,19.1,50.5,1011.9,False,33.7,82,1.3,Japanese Grand Prix
96.759,13,MEDIUM,1,35.759,42.592,18.408,700000000.0,10000000000.0,0.0,13,9.0,1,False,5083.602,OCO,31,None,None,5022.644,5065.236,5083.644,257.0,312.0,274.0,278.0,True,Haas F1 Team,4986.843,2026-03-29T05:33:24.211000000,False,None,False,True,5026.956,19.0,50.6,1011.8,False,33.8,151,2.0,Japanese Grand Prix
96.706,14,MEDIUM,1,35.739,42.639,18.328,700000000.0,0.0,0.0,14,9.0,1,False,5180.308,OCO,31,None,None,5119.383,5162.022,5180.35,258.0,312.0,275.0,277.0,True,Haas F1 Team,5083.602,2026-03-29T05:35:00.970000000,False,None,False,True,5086.955,19.0,50.6,1011.8,False,33.6,56,1.2,Japanese Grand Prix
96.608,15,MEDIUM,1,35.693,42.586,18.329,700100000.0,1000000000.0,0.0,15,9.0,1,False,5276.916,OCO,31,None,None,5216.043,5258.629,5276.958,256.0,311.0,275.0,277.0,True,Haas F1 Team,5180.308,2026-03-29T05:36:37.676000000,False,None,False,True,5206.955,18.8,51.4,1011.6,False,33.2,98,1.2,Japanese Grand Prix
96.779,16,MEDIUM,1,35.75,42.699,18.33,700000000.0,1000.0,0.0,16,9.0,1,False,5373.695,OCO,31,None,None,5312.708,5355.407,5373.737,257.0,311.0,276.0,277.0,True,Haas F1 Team,5276.916,2026-03-29T05:38:14.284000000,False,None,False,True,5266.957,18.8,50.8,1011.8,False,33.4,44,0.7,Japanese Grand Prix
97.457,17,MEDIUM,1,35.687,42.719,19.051,700000000.0,100000000.0,0.0,17,9.0,1,False,5471.152,OCO,31,None,None,5409.424,5452.143,5471.194,256.0,311.0,275.0,274.0,True,Haas F1 Team,5373.695,2026-03-29T05:39:51.063000000,False,None,False,True,5386.956,18.9,47.8,1011.8,False,32.9,133,2.6,Japanese Grand Prix
96.456,18,MEDIUM,1,35.804,42.384,18.268,700000000.0,100000000.0,0.0,18,9.0,1,False,5567.608,OCO,31,None,None,5506.998,5549.382,5567.65,258.0,332.0,277.0,289.0,True,Haas F1 Team,5471.152,2026-03-29T05:41:28.520000000,False,None,False,True,5506.96,18.8,48.7,1011.7,False,32.8,100,1.3,Japanese Grand Prix
98.899,19,MEDIUM,1,35.524,42.361,21.014,701000000.0,10100.0,555.0,19,9.0,1,False,5666.507,OCO,31,None,5665.165,5603.174,5645.535,5666.549,253.0,320.0,None,282.0,True,Haas F1 Team,5567.608,2026-03-29T05:43:04.976000000,False,None,False,False,5566.954,18.8,48.5,1011.7,False,32.2,24,1.7,Japanese Grand Prix
116.919,20,HARD,2,56.587,41.917,18.415,550101111.0,1010000100.0,11111.0,1,14.0,1,False,5783.426,OCO,31,5689.729,None,5723.136,5765.053,5783.468,264.0,318.0,280.0,271.0,True,Haas F1 Team,5666.507,2026-03-29T05:44:43.875000000,False,None,False,False,5686.962,18.7,49.2,1011.7,False,32.7,131,2.2,Japanese Grand Prix
99.072,21,HARD,2,34.854,42.212,22.006,111000.0,1100.0,0.0,2,14.0,124,False,5882.498,OCO,31,None,None,5818.322,5860.534,5882.54,258.0,313.0,102.0,278.0,True,Haas F1 Team,5783.426,2026-03-29T05:46:40.794000000,False,None,False,False,5806.966,18.6,49.9,1011.7,False,32.6,116,0.9,Japanese Grand Prix
125.682,22,HARD,2,49.401,53.717,22.564,700000001.0,0.0,0.0,3,14.0,4,False,6008.18,OCO,31,None,None,5931.941,5985.658,6008.222,265.0,197.0,258.0,251.0,True,Haas F1 Team,5882.498,2026-03-29T05:48:19.866000000,False,None,False,False,5866.963,18.6,50.4,1011.6,False,32.9,163,0.7,Japanese Grand Prix
127.988,23,HARD,2,45.337,59.938,22.713,700000000.0,0.0,0.0,4,12.0,4,False,6136.168,OCO,31,None,None,6053.559,6113.497,6136.21,232.0,255.0,258.0,240.0,True,Haas F1 Team,6008.18,2026-03-29T05:50:25.548000000,False,None,False,False,5986.965,18.5,51.5,1011.7,False,32.7,107,0.4,Japanese Grand Prix
124.437,24,HARD,2,38.04,62.059,24.338,700000001.0,0.0,0.0,5,11.0,4,False,6260.605,OCO,31,None,None,6174.25,6236.309,6260.647,266.0,250.0,223.0,242.0,True,Haas F1 Team,6136.168,2026-03-29T05:52:33.536000000,False,None,False,False,6166.968,18.5,51.1,1011.7,False,32.9,121,1.3,Japanese Grand Prix
150.61,25,HARD,2,49.613,73.53,27.467,700000000.0,0.0,0.0,6,11.0,4,False,6411.233,OCO,31,None,None,6310.451,6383.808,6411.346,116.0,255.0,212.0,123.0,True,Haas F1 Team,6260.605,2026-03-29T05:54:37.973000000,False,None,False,False,6286.968,18.5,51.8,1011.7,False,32.8,120,1.5,Japanese Grand Prix
148.089,26,HARD,2,53.51,65.081,29.498,700000000.0,0.0,0.0,7,11.0,4,False,6559.322,OCO,31,None,None,6464.785,6529.866,6559.364,142.0,219.0,159.0,225.0,True,Haas F1 Team,6411.233,2026-03-29T05:57:08.601000000,False,None,False,False,6406.972,18.5,50.7,1011.7,False,32.3,106,2.0,Japanese Grand Prix
135.872,27,HARD,2,46.806,61.886,27.18,700000000.0,0.0,11.0,8,11.0,41,False,6695.194,OCO,31,None,None,6606.17,6668.056,6695.236,200.0,138.0,283.0,140.0,True,Haas F1 Team,6559.322,2026-03-29T05:59:36.690000000,False,None,False,False,6586.973,18.3,50.5,1011.7,False,32.2,136,2.5,Japanese Grand Prix
96.64,28,HARD,2,35.637,42.438,18.565,110000000.0,3100000.0,111.0,9,11.0,1,False,6791.834,OCO,31,None,None,6730.873,6773.311,6791.876,263.0,324.0,284.0,286.0,True,Haas F1 Team,6695.194,2026-03-29T06:01:52.562000000,False,None,False,True,6706.975,18.3,47.7,1011.7,False,32.3,122,2.3,Japanese Grand Prix
94.428,29,HARD,2,34.967,41.652,17.809,11000000.0,1110010000.0,1000010.0,10,10.0,1,True,6886.262,OCO,31,None,None,6826.843,6868.495,6886.304,257.0,339.0,280.0,295.0,True,Haas F1 Team,6791.834,2026-03-29T06:03:29.202000000,False,None,False,True,6826.974,18.4,48.2,1011.7,False,32.4,132,2.6,Japanese Grand Prix
94.872,30,HARD,2,34.906,42.002,17.964,700010000.0,0.0,100000.0,11,10.0,1,False,6981.134,OCO,31,None,None,6921.21,6963.212,6981.176,260.0,332.0,280.0,290.0,True,Haas F1 Team,6886.262,2026-03-29T06:05:03.630000000,False,None,False,True,6886.976,18.4,47.6,1011.7,False,32.1,135,0.8,Japanese Grand Prix
94.631,31,HARD,2,34.816,41.835,17.98,700011000.0,10100000000.0,100010.0,12,10.0,1,False,7075.765,OCO,31,None,None,7015.992,7057.827,7075.807,260.0,333.0,281.0,291.0,True,Haas F1 Team,6981.134,2026-03-29T06:06:38.502000000,False,None,False,True,7006.979,18.4,49.7,1011.7,False,32.0,129,1.9,Japanese Grand Prix
94.665,32,HARD,2,34.937,41.793,17.935,700000000.0,10100000000.0,100000.0,13,10.0,1,False,7170.43,OCO,31,None,None,7110.744,7152.537,7170.472,259.0,332.0,281.0,290.0,True,Haas F1 Team,7075.765,2026-03-29T06:08:13.133000000,False,None,False,True,7126.981,18.5,50.7,1011.6,False,32.0,133,2.0,Japanese Grand Prix
94.697,33,HARD,2,34.877,41.879,17.941,700000000.0,0.0,1110.0,14,10.0,1,False,7265.127,OCO,31,None,None,7205.349,7247.228,7265.169,264.0,330.0,282.0,291.0,True,Haas F1 Team,7170.43,2026-03-29T06:09:47.798000000,False,None,False,True,7186.981,18.5,50.0,1011.7,False,31.5,140,1.1,Japanese Grand Prix
94.773,34,HARD,2,34.848,41.837,18.088,700010000.0,10000000000.0,0.0,15,10.0,1,False,7359.9,OCO,31,None,None,7300.017,7341.854,7359.942,261.0,334.0,281.0,293.0,True,Haas F1 Team,7265.127,2026-03-29T06:11:22.495000000,False,None,False,True,7306.992,18.5,51.0,1011.6,False,31.4,113,1.2,Japanese Grand Prix
94.881,35,HARD,2,34.875,41.765,18.241,700000000.0,1000.0,0.0,16,10.0,1,False,7454.781,OCO,31,None,None,7394.817,7436.582,7454.823,260.0,333.0,282.0,290.0,True,Haas F1 Team,7359.9,2026-03-29T06:12:57.268000000,False,None,False,True,7366.98,18.3,51.1,1011.6,False,31.4,154,2.4,Japanese Grand Prix
94.717,36,HARD,2,35.01,41.69,18.017,700000000.0,10100000000.0,0.0,17,10.0,1,False,7549.498,OCO,31,None,None,7489.833,7531.523,7549.54,261.0,332.0,282.0,290.0,True,Haas F1 Team,7454.781,2026-03-29T06:14:32.149000000,False,None,False,True,7486.983,18.1,52.4,1011.7,False,31.1,170,0.8,Japanese Grand Prix
94.858,37,HARD,2,34.796,41.713,18.349,700000000.0,1010.0,0.0,18,10.0,1,False,7644.356,OCO,31,None,None,7584.336,7626.049,7644.398,261.0,333.0,271.0,299.0,True,Haas F1 Team,7549.498,2026-03-29T06:16:06.866000000,False,None,False,True,7546.988,18.0,53.7,1011.6,False,31.0,138,1.5,Japanese Grand Prix
94.878,38,HARD,2,35.085,41.782,18.011,700000000.0,0.0,0.0,19,10.0,1,False,7739.234,OCO,31,None,None,7679.483,7721.265,7739.276,260.0,328.0,279.0,287.0,True,Haas F1 Team,7644.356,2026-03-29T06:17:41.724000000,False,None,False,True,7666.984,17.9,55.6,1011.6,False,30.7,88,0.8,Japanese Grand Prix
94.348,39,HARD,2,34.724,41.705,17.919,700000000.0,11000000000.0,101000.0,20,10.0,1,True,7833.582,OCO,31,None,None,7774.0,7815.705,7833.624,262.0,331.0,281.0,290.0,True,Haas F1 Team,7739.234,2026-03-29T06:19:16.602000000,False,None,False,True,7726.986,17.9,55.8,1011.7,False,31.1,119,1.8,Japanese Grand Prix
94.789,40,HARD,2,34.907,41.793,18.089,700000000.0,0.0,0.0,21,10.0,1,False,7928.371,OCO,31,None,None,7868.531,7910.324,7928.413,261.0,331.0,281.0,289.0,True,Haas F1 Team,7833.582,2026-03-29T06:20:50.950000000,False,None,False,True,7846.99,17.8,55.5,1011.6,False,31.0,167,1.0,Japanese Grand Prix
94.787,41,HARD,2,34.891,41.848,18.048,700010000.0,0.0,0.0,22,10.0,1,False,8023.158,OCO,31,None,None,7963.304,8005.152,8023.2,263.0,332.0,281.0,290.0,True,Haas F1 Team,7928.371,2026-03-29T06:22:25.739000000,False,None,False,True,7966.994,17.8,55.7,1011.6,False,30.7,140,0.6,Japanese Grand Prix
94.903,42,HARD,2,35.039,41.7,18.164,700000000.0,0.0,0.0,23,10.0,1,False,8118.061,OCO,31,None,None,8058.239,8099.939,8118.103,261.0,333.0,280.0,289.0,True,Haas F1 Team,8023.158,2026-03-29T06:24:00.526000000,False,None,False,True,8026.998,18.1,55.4,1011.6,False,30.6,153,2.5,Japanese Grand Prix
94.863,43,HARD,2,35.056,41.752,18.055,700000000.0,0.0,0.0,24,10.0,1,False,8212.924,OCO,31,None,None,8153.159,8194.911,8212.966,262.0,330.0,281.0,288.0,True,Haas F1 Team,8118.061,2026-03-29T06:25:35.429000000,False,None,False,True,8146.993,17.9,57.1,1011.7,False,30.4,140,0.9,Japanese Grand Prix
94.968,44,HARD,2,35.191,41.683,18.094,700000000.0,1000.0,0.0,25,10.0,1,False,8307.892,OCO,31,None,None,8248.157,8289.84,8307.934,262.0,331.0,281.0,289.0,True,Haas F1 Team,8212.924,2026-03-29T06:27:10.292000000,False,None,False,True,8207.003,17.9,57.3,1011.7,False,30.5,9,0.5,Japanese Grand Prix
94.967,45,HARD,2,35.109,41.755,18.103,700000000.0,0.0,0.0,26,10.0,1,False,8402.859,OCO,31,None,None,8343.043,8384.798,8402.901,261.0,330.0,281.0,288.0,True,Haas F1 Team,8307.892,2026-03-29T06:28:45.260000000,False,None,False,True,8326.995,18.0,56.5,1011.7,False,30.9,129,1.1,Japanese Grand Prix
94.785,46,HARD,2,35.019,41.713,18.053,700000000.0,0.0,0.0,27,10.0,1,False,8497.644,OCO,31,None,None,8437.92,8479.633,8497.686,263.0,330.0,281.0,288.0,True,Haas F1 Team,8402.859,2026-03-29T06:30:20.227000000,False,None,False,True,8386.994,18.0,56.6,1011.7,False,29.6,83,2.0,Japanese Grand Prix
94.917,47,HARD,2,35.092,41.752,18.073,700000000.0,0.0,0.0,28,10.0,1,False,8592.561,OCO,31,None,None,8532.778,8574.53,8592.603,263.0,329.0,281.0,288.0,True,Haas F1 Team,8497.644,2026-03-29T06:31:55.012000000,False,None,False,True,8507.001,17.9,57.4,1011.8,False,30.8,91,0.8,Japanese Grand Prix
94.692,48,HARD,2,34.981,41.62,18.091,701000000.0,1000.0,0.0,29,10.0,1,False,8687.253,OCO,31,None,None,8627.584,8669.204,8687.295,263.0,330.0,282.0,288.0,True,Haas F1 Team,8592.561,2026-03-29T06:33:29.929000000,False,None,False,True,8627.007,17.9,57.3,1011.8,False,30.2,81,1.3,Japanese Grand Prix
94.766,49,HARD,2,35.057,41.698,18.011,700000000.0,100000000.0,0.0,30,10.0,1,False,8782.019,OCO,31,None,None,8722.352,8764.05,8782.061,263.0,330.0,281.0,288.0,True,Haas F1 Team,8687.253,2026-03-29T06:35:04.621000000,False,None,False,True,8687.017,17.9,57.8,1011.7,False,30.9,110,0.9,Japanese Grand Prix
94.669,50,HARD,2,34.997,41.675,17.997,700000000.0,0.0,10.0,31,10.0,1,False,8876.688,OCO,31,None,None,8817.058,8858.733,8876.73,264.0,329.0,282.0,287.0,True,Haas F1 Team,8782.019,2026-03-29T06:36:39.387000000,False,None,False,True,8807.046,18.0,57.9,1011.7,False,30.6,128,1.5,Japanese Grand Prix
94.389,51,HARD,2,35.044,41.452,17.893,700000000.0,1000001000.0,0.0,32,10.0,1,False,8971.077,OCO,31,None,None,8911.774,8953.226,8971.119,262.0,332.0,283.0,288.0,True,Haas F1 Team,8876.688,2026-03-29T06:38:14.056000000,False,None,False,True,8867.045,17.8,59.2,1011.8,False,30.2,113,1.9,Japanese Grand Prix
94.268,52,HARD,2,34.846,41.504,17.918,700000000.0,0.0,111.0,33,10.0,1,True,9065.345,OCO,31,None,None,9005.965,9047.469,9065.387,262.0,333.0,284.0,289.0,True,Haas F1 Team,8971.077,2026-03-29T06:39:48.445000000,False,None,False,True,8987.049,17.6,59.8,1011.8,False,30.0,107,1.5,Japanese Grand Prix
94.256,53,HARD,2,34.859,41.56,17.837,700000000.0,0.0,10.0,34,10.0,1,True,9159.601,OCO,31,None,None,9100.246,9141.806,9159.643,263.0,337.0,280.0,292.0,True,Haas F1 Team,9065.345,2026-03-29T06:41:22.713000000,False,None,False,True,9047.054,17.4,61.3,1011.8,False,29.9,122,1.8,Japanese Grand Prix
105.73,1,MEDIUM,1,,44.598,18.524,11111111.0,11111111111.0,1111111.0,1,18.0,1,False,3930.694,PER,11,None,None,None,3912.407,3930.906,263.0,332.0,276.0,288.0,True,Cadillac,3824.711,2026-03-29T05:14:02.079000000,False,None,False,False,3826.937,18.8,55.5,1011.7,False,36.7,124,2.1,Japanese Grand Prix
97.947,2,MEDIUM,1,36.405,43.1,18.442,111111110.0,11111001111.0,1101000.0,2,18.0,1,True,4028.641,PER,11,None,None,3967.13,4010.23,4028.672,255.0,337.0,261.0,293.0,True,Cadillac,3930.694,2026-03-29T05:15:48.062000000,False,None,False,True,3946.939,18.9,54.3,1011.7,False,36.7,143,1.5,Japanese Grand Prix
98.292,3,MEDIUM,1,36.754,43.188,18.35,111110.0,10010000000.0,1010000.0,3,19.0,1,False,4126.933,PER,11,None,None,4065.426,4108.614,4126.964,256.0,336.0,267.0,294.0,True,Cadillac,4028.641,2026-03-29T05:17:26.009000000,False,None,False,True,4066.945,18.9,54.5,1011.7,False,36.0,112,2.1,Japanese Grand Prix
97.934,4,MEDIUM,1,36.36,42.981,18.593,701111000.0,11100001100.0,1100.0,4,19.0,1,True,4224.867,PER,11,None,None,4163.324,4206.305,4224.898,254.0,322.0,268.0,286.0,True,Cadillac,4126.933,2026-03-29T05:19:04.301000000,False,None,False,True,4126.951,19.0,54.0,1011.8,False,36.5,104,0.4,Japanese Grand Prix
97.605,5,MEDIUM,1,36.101,42.969,18.535,701010100.0,11100001000.0,10010.0,5,19.0,1,True,4322.472,PER,11,None,None,4260.999,4303.968,4322.503,256.0,318.0,271.0,284.0,True,Cadillac,4224.867,2026-03-29T05:20:42.235000000,False,None,False,True,4246.946,19.1,53.2,1011.8,False,36.4,128,2.3,Japanese Grand Prix
98.037,6,MEDIUM,1,35.966,43.315,18.756,701101000.0,0.0,110.0,6,19.0,1,False,4420.509,PER,11,None,None,4358.469,4401.784,4420.54,257.0,314.0,274.0,281.0,True,Cadillac,4322.472,2026-03-29T05:22:19.840000000,False,None,False,True,4306.945,19.2,52.0,1011.8,False,36.0,95,1.4,Japanese Grand Prix
98.207,7,MEDIUM,1,36.068,43.483,18.656,700010000.0,10000000000.0,0.0,7,19.0,1,False,4518.716,PER,11,None,None,4456.608,4500.091,4518.747,255.0,314.0,272.0,280.0,True,Cadillac,4420.509,2026-03-29T05:23:57.877000000,False,None,False,True,4426.948,19.1,51.3,1011.8,False,35.7,130,1.3,Japanese Grand Prix
98.126,8,MEDIUM,1,36.159,43.263,18.704,700001000.0,0.0,0.0,8,19.0,1,False,4616.842,PER,11,None,None,4554.906,4598.169,4616.873,253.0,315.0,274.0,279.0,True,Cadillac,4518.716,2026-03-29T05:25:36.084000000,False,None,False,True,4546.949,19.0,51.7,1011.8,False,35.3,144,2.7,Japanese Grand Prix
97.999,9,MEDIUM,1,36.081,43.287,18.631,700100000.0,10000001000.0,1111.0,9,19.0,1,False,4714.841,PER,11,None,None,4652.954,4696.241,4714.872,251.0,313.0,275.0,277.0,True,Cadillac,4616.842,2026-03-29T05:27:14.210000000,False,None,False,True,4606.955,19.1,51.2,1011.7,False,34.6,120,2.3,Japanese Grand Prix
98.258,10,MEDIUM,1,36.238,43.399,18.621,700000000.0,10000000000.0,1.0,10,19.0,1,False,4813.099,PER,11,None,None,4751.11,4794.509,4813.13,255.0,313.0,275.0,277.0,True,Cadillac,4714.841,2026-03-29T05:28:52.209000000,False,None,False,True,4726.95,19.0,51.2,1011.8,False,34.6,126,2.0,Japanese Grand Prix
97.864,11,MEDIUM,1,36.157,42.972,18.735,700000000.0,11000001000.0,0.0,11,19.0,1,False,4910.963,PER,11,None,None,4849.287,4892.259,4910.994,256.0,313.0,274.0,278.0,True,Cadillac,4813.099,2026-03-29T05:30:30.467000000,False,None,False,True,4786.951,19.1,50.7,1011.7,False,34.0,142,1.5,Japanese Grand Prix
97.952,12,MEDIUM,1,36.209,43.078,18.665,700000000.0,1001000000.0,0.0,12,19.0,1,False,5008.915,PER,11,None,None,4947.203,4990.281,5008.946,253.0,313.0,274.0,277.0,True,Cadillac,4910.963,2026-03-29T05:32:08.331000000,False,None,False,True,4906.957,19.1,50.5,1011.9,False,33.7,82,1.3,Japanese Grand Prix
97.942,13,MEDIUM,1,36.257,42.953,18.732,700000000.0,1000000000.0,0.0,13,19.0,1,False,5106.857,PER,11,None,None,5045.203,5088.156,5106.888,253.0,314.0,274.0,278.0,True,Cadillac,5008.915,2026-03-29T05:33:46.283000000,False,None,False,True,5026.956,19.0,50.6,1011.8,False,33.8,151,2.0,Japanese Grand Prix
97.902,14,MEDIUM,1,36.108,43.045,18.749,700000000.0,0.0,0.0,14,19.0,1,False,5204.759,PER,11,None,None,5142.996,5186.041,5204.79,254.0,314.0,275.0,277.0,True,Cadillac,5106.857,2026-03-29T05:35:24.225000000,False,None,False,True,5086.955,19.0,50.6,1011.8,False,33.6,56,1.2,Japanese Grand Prix
98.076,15,MEDIUM,1,36.11,43.216,18.75,700001000.0,0.0,0.0,15,19.0,1,False,5302.835,PER,11,None,None,5240.9,5284.116,5302.866,254.0,312.0,275.0,276.0,True,Cadillac,5204.759,2026-03-29T05:37:02.127000000,False,None,False,True,5206.955,18.8,51.4,1011.6,False,33.2,98,1.2,Japanese Grand Prix
97.789,16,MEDIUM,1,36.157,43.066,18.566,700000000.0,0.0,1000.0,16,19.0,1,False,5400.624,PER,11,None,None,5339.023,5382.089,5400.655,255.0,312.0,273.0,275.0,True,Cadillac,5302.835,2026-03-29T05:38:40.203000000,False,None,False,True,5266.957,18.8,50.8,1011.8,False,33.4,44,0.7,Japanese Grand Prix
97.91,17,MEDIUM,1,36.142,43.019,18.749,700000000.0,1000000.0,10.0,17,18.0,1,False,5498.534,PER,11,None,None,5436.797,5479.816,5498.565,253.0,312.0,274.0,274.0,True,Cadillac,5400.624,2026-03-29T05:40:17.992000000,False,None,False,True,5386.956,18.9,47.8,1011.8,False,32.9,133,2.6,Japanese Grand Prix
99.088,18,MEDIUM,1,36.279,43.995,18.814,700000000.0,1000000.0,0.0,18,18.0,1,False,5597.622,PER,11,None,None,5534.844,5578.839,5597.653,254.0,319.0,274.0,280.0,True,Cadillac,5498.534,2026-03-29T05:41:55.902000000,False,None,False,True,5506.96,18.8,48.7,1011.7,False,32.8,100,1.3,Japanese Grand Prix
97.961,19,MEDIUM,1,36.679,42.756,18.526,700000000.0,10000000.0,1.0,19,19.0,1,False,5695.583,PER,11,None,None,5634.332,5677.088,5695.614,253.0,323.0,277.0,284.0,True,Cadillac,5597.622,2026-03-29T05:43:34.990000000,False,None,False,True,5566.954,18.8,48.5,1011.7,False,32.2,24,1.7,Japanese Grand Prix
98.735,20,MEDIUM,1,35.961,44.018,18.756,700000000.0,7700.0,0.0,20,19.0,1,False,5794.318,PER,11,None,None,5731.575,5775.593,5794.349,253.0,315.0,275.0,278.0,True,Cadillac,5695.583,2026-03-29T05:45:12.951000000,True,TRACK LIMITS AT TURN 13 LAP 20 ,False,True,5686.962,18.7,49.2,1011.7,False,32.7,131,2.2,Japanese Grand Prix
108.146,21,MEDIUM,1,36.104,43.496,28.546,700000000.0,10000000.0,555.0,21,18.0,124,False,5902.464,PER,11,None,5901.054,5830.453,5873.949,5902.495,253.0,317.0,None,171.0,True,Cadillac,5794.318,2026-03-29T05:46:51.686000000,False,None,False,False,5806.966,18.6,49.9,1011.7,False,32.6,116,0.9,Japanese Grand Prix
146.275,22,HARD,2,65.515,57.054,23.706,550000000.0,0.0,0.0,1,18.0,4,False,6048.739,PER,11,5928.436,None,5968.01,6025.064,6048.77,201.0,215.0,217.0,210.0,True,Cadillac,5902.464,2026-03-29T05:48:39.832000000,False,None,False,False,5866.963,18.6,50.4,1011.6,False,32.9,163,0.7,Japanese Grand Prix
107.84,23,HARD,2,36.245,51.609,19.986,111101.0,11100000000.0,0.0,2,18.0,4,False,6156.579,PER,11,None,None,6085.015,6136.624,6156.61,273.0,266.0,272.0,259.0,True,Cadillac,6048.739,2026-03-29T05:51:06.107000000,False,None,False,False,5986.965,18.5,51.5,1011.7,False,32.7,107,0.4,Japanese Grand Prix
113.513,24,HARD,2,36.058,56.553,20.902,700000000.0,100000000.0,0.0,3,18.0,4,False,6270.092,PER,11,None,None,6192.668,6249.221,6270.123,266.0,262.0,267.0,259.0,True,Cadillac,6156.579,2026-03-29T05:52:53.947000000,False,None,False,False,6166.968,18.5,51.1,1011.7,False,32.9,121,1.3,Japanese Grand Prix
148.789,25,HARD,2,46.87,76.666,25.253,700000000.0,0.0,0.0,4,18.0,4,False,6418.881,PER,11,None,None,6316.993,6393.659,6418.912,142.0,266.0,191.0,232.0,True,Cadillac,6270.092,2026-03-29T05:54:47.460000000,False,None,False,False,6286.968,18.5,51.8,1011.7,False,32.8,120,1.5,Japanese Grand Prix
147.716,26,HARD,2,52.839,64.646,30.231,700000000.0,0.0,0.0,5,18.0,4,False,6566.597,PER,11,None,None,6471.751,6536.397,6566.628,126.0,166.0,133.0,247.0,True,Cadillac,6418.881,2026-03-29T05:57:16.249000000,False,None,False,False,6406.972,18.5,50.7,1011.7,False,32.3,106,2.0,Japanese Grand Prix
132.022,27,HARD,2,46.077,60.446,25.499,700000000.0,0.0,0.0,6,18.0,41,False,6698.619,PER,11,None,None,6612.705,6673.151,6698.65,182.0,152.0,275.0,161.0,True,Cadillac,6566.597,2026-03-29T05:59:43.965000000,False,None,False,False,6586.973,18.3,50.5,1011.7,False,32.2,136,2.5,Japanese Grand Prix
96.988,28,HARD,2,35.861,42.705,18.422,110000000.0,11110010.0,1111.0,7,18.0,1,True,6795.607,PER,11,None,None,6734.511,6777.216,6795.638,258.0,331.0,280.0,293.0,True,Cadillac,6698.619,2026-03-29T06:01:55.987000000,False,None,False,True,6706.975,18.3,47.7,1011.7,False,32.3,122,2.3,Japanese Grand Prix
96.293,29,HARD,2,35.675,42.401,18.217,1000010.0,10000101.0,1100000.0,8,18.0,1,True,6891.9,PER,11,None,None,6831.313,6873.714,6891.931,254.0,338.0,278.0,296.0,True,Cadillac,6795.607,2026-03-29T06:03:32.975000000,False,None,False,True,6826.974,18.4,48.2,1011.7,False,32.4,132,2.6,Japanese Grand Prix
96.86,30,HARD,2,35.791,42.817,18.252,700000000.0,0.0,11.0,9,18.0,1,False,6988.76,PER,11,None,None,6927.722,6970.539,6988.791,260.0,335.0,280.0,293.0,True,Cadillac,6891.9,2026-03-29T06:05:09.268000000,False,None,False,True,6886.976,18.4,47.6,1011.7,False,32.1,135,0.8,Japanese Grand Prix
96.192,31,HARD,2,35.452,42.496,18.244,700000000.0,100000000.0,100000.0,10,18.0,1,True,7084.952,PER,11,None,None,7024.243,7066.739,7084.983,255.0,333.0,277.0,290.0,True,Cadillac,6988.76,2026-03-29T06:06:46.128000000,False,None,False,True,7006.979,18.4,49.7,1011.7,False,32.0,129,1.9,Japanese Grand Prix
96.564,32,HARD,2,35.572,42.567,18.425,701000000.0,1100.0,1110.0,11,18.0,1,False,7181.516,PER,11,None,None,7120.555,7163.122,7181.547,263.0,319.0,277.0,284.0,True,Cadillac,7084.952,2026-03-29T06:08:22.320000000,False,None,False,True,7126.981,18.5,50.7,1011.6,False,32.0,133,2.0,Japanese Grand Prix
96.366,33,HARD,2,35.467,42.635,18.264,700100000.0,1000000100.0,110.0,12,18.0,1,False,7277.882,PER,11,None,None,7217.014,7259.649,7277.913,255.0,318.0,278.0,283.0,True,Cadillac,7181.516,2026-03-29T06:09:58.884000000,False,None,False,True,7186.981,18.5,50.0,1011.7,False,31.5,140,1.1,Japanese Grand Prix
96.37,34,HARD,2,35.418,42.607,18.345,700110000.0,100.0,0.0,13,18.0,1,False,7374.252,PER,11,None,None,7313.331,7355.938,7374.283,258.0,316.0,277.0,282.0,True,Cadillac,7277.882,2026-03-29T06:11:35.250000000,False,None,False,True,7306.992,18.5,51.0,1011.6,False,31.4,113,1.2,Japanese Grand Prix
96.07,35,HARD,2,35.293,42.422,18.355,700011010.0,1001001100.0,101.0,14,18.0,1,True,7470.322,PER,11,None,None,7409.576,7451.998,7470.353,256.0,316.0,279.0,281.0,True,Cadillac,7374.252,2026-03-29T06:13:11.620000000,False,None,False,True,7366.98,18.3,51.1,1011.6,False,31.4,154,2.4,Japanese Grand Prix
96.238,36,HARD,2,35.308,42.528,18.402,701001000.0,1000.0,10.0,15,18.0,1,False,7566.56,PER,11,None,None,7505.661,7548.189,7566.591,255.0,315.0,280.0,278.0,True,Cadillac,7470.322,2026-03-29T06:14:47.690000000,False,None,False,True,7486.983,18.1,52.4,1011.7,False,31.1,170,0.8,Japanese Grand Prix
96.249,37,HARD,2,35.456,42.342,18.451,700000000.0,1101001000.0,0.0,16,18.0,1,False,7662.809,PER,11,None,None,7602.047,7644.389,7662.84,254.0,316.0,277.0,280.0,True,Cadillac,7566.56,2026-03-29T06:16:23.928000000,False,None,False,True,7546.988,18.0,53.7,1011.6,False,31.0,138,1.5,Japanese Grand Prix
96.365,38,HARD,2,35.413,42.431,18.521,700011000.0,0.0,0.0,17,18.0,1,False,7759.174,PER,11,None,None,7698.253,7740.684,7759.205,254.0,317.0,279.0,280.0,True,Cadillac,7662.809,2026-03-29T06:18:00.177000000,False,None,False,True,7666.984,17.9,55.6,1011.6,False,30.7,88,0.8,Japanese Grand Prix
96.059,39,HARD,2,35.067,42.511,18.481,701011010.0,0.0,0.0,18,18.0,1,True,7855.233,PER,11,None,None,7794.272,7836.783,7855.264,260.0,314.0,278.0,278.0,True,Cadillac,7759.174,2026-03-29T06:19:36.542000000,False,None,False,True,7726.986,17.9,55.8,1011.7,False,31.1,119,1.8,Japanese Grand Prix
96.26,40,HARD,2,35.202,42.536,18.522,700010100.0,0.0,0.0,19,18.0,1,False,7951.493,PER,11,None,None,7890.466,7933.002,7951.524,255.0,314.0,278.0,277.0,True,Cadillac,7855.233,2026-03-29T06:21:12.601000000,False,None,False,True,7846.99,17.8,55.5,1011.6,False,31.0,167,1.0,Japanese Grand Prix
96.621,41,HARD,2,35.258,42.888,18.475,700000010.0,1000000000.0,10.0,20,18.0,1,False,8048.114,PER,11,None,None,7986.782,8029.67,8048.145,258.0,312.0,279.0,276.0,True,Cadillac,7951.493,2026-03-29T06:22:48.861000000,False,None,False,True,7966.994,17.8,55.7,1011.6,False,30.7,140,0.6,Japanese Grand Prix
96.226,42,HARD,2,35.361,42.323,18.542,700000000.0,0.0,0.0,21,18.0,1,False,8144.34,PER,11,None,None,8083.506,8125.829,8144.371,255.0,315.0,279.0,276.0,True,Cadillac,8048.114,2026-03-29T06:24:25.482000000,False,None,False,True,8026.998,18.1,55.4,1011.6,False,30.6,153,2.5,Japanese Grand Prix
96.354,43,HARD,2,35.386,42.415,18.553,700000000.0,0.0,0.0,22,18.0,1,False,8240.694,PER,11,None,None,8179.757,8222.172,8240.725,255.0,314.0,279.0,276.0,True,Cadillac,8144.34,2026-03-29T06:26:01.708000000,False,None,False,True,8146.993,17.9,57.1,1011.7,False,30.4,140,0.9,Japanese Grand Prix
96.229,44,HARD,2,35.373,42.342,18.514,700010000.0,1100000000.0,0.0,23,18.0,1,False,8336.923,PER,11,None,None,8276.098,8318.44,8336.954,254.0,315.0,279.0,276.0,True,Cadillac,8240.694,2026-03-29T06:27:38.062000000,False,None,False,True,8207.003,17.9,57.3,1011.7,False,30.5,9,0.5,Japanese Grand Prix
96.161,45,HARD,2,35.299,42.393,18.469,700000000.0,1000000.0,0.0,24,18.0,1,False,8433.084,PER,11,None,None,8372.253,8414.646,8433.115,254.0,313.0,279.0,275.0,True,Cadillac,8336.923,2026-03-29T06:29:14.291000000,False,None,False,True,8326.995,18.0,56.5,1011.7,False,30.9,129,1.1,Japanese Grand Prix
96.088,46,HARD,2,35.315,42.305,18.468,700000000.0,1000000000.0,0.0,25,17.0,1,False,8529.172,PER,11,None,None,8468.43,8510.735,8529.203,257.0,314.0,280.0,276.0,True,Cadillac,8433.084,2026-03-29T06:30:50.452000000,False,None,False,True,8386.994,18.0,56.6,1011.7,False,29.6,83,2.0,Japanese Grand Prix
96.104,47,HARD,2,35.261,42.331,18.512,700000000.0,1000000.0,10.0,26,17.0,1,False,8625.276,PER,11,None,None,8564.464,8606.795,8625.307,256.0,312.0,280.0,274.0,True,Cadillac,8529.172,2026-03-29T06:32:26.540000000,False,None,False,True,8507.001,17.9,57.4,1011.8,False,30.8,91,0.8,Japanese Grand Prix
95.96,48,HARD,2,35.222,42.185,18.553,700001000.0,1000000000.0,0.0,27,17.0,1,True,8721.236,PER,11,None,None,8660.529,8702.714,8721.267,255.0,314.0,280.0,275.0,True,Cadillac,8625.276,2026-03-29T06:34:02.644000000,False,None,False,True,8627.007,17.9,57.3,1011.8,False,30.2,81,1.3,Japanese Grand Prix
96.18,49,HARD,2,35.3,42.372,18.508,700010000.0,0.0,101.0,28,17.0,1,False,8817.416,PER,11,None,None,8756.567,8798.939,8817.447,255.0,314.0,280.0,276.0,True,Cadillac,8721.236,2026-03-29T06:35:38.604000000,False,None,False,True,8687.017,17.9,57.8,1011.7,False,30.9,110,0.9,Japanese Grand Prix
96.069,50,HARD,2,35.36,42.25,18.459,700010000.0,0.0,111.0,29,17.0,1,False,8913.485,PER,11,None,None,8852.807,8895.057,8913.516,256.0,313.0,281.0,275.0,True,Cadillac,8817.416,2026-03-29T06:37:14.784000000,False,None,False,True,8807.046,18.0,57.9,1011.7,False,30.6,128,1.5,Japanese Grand Prix
95.994,51,HARD,2,35.164,42.324,18.506,701001100.0,10000000000.0,111.0,30,17.0,1,False,9009.479,PER,11,None,None,8948.68,8991.004,9009.51,255.0,317.0,281.0,277.0,True,Cadillac,8913.485,2026-03-29T06:38:50.853000000,False,None,False,True,8867.045,17.8,59.2,1011.8,False,30.2,113,1.9,Japanese Grand Prix
95.704,52,HARD,2,35.165,42.243,18.296,700000000.0,1000100.0,10011.0,31,17.0,1,True,9105.183,PER,11,None,None,9044.675,9086.918,9105.214,261.0,313.0,281.0,276.0,True,Cadillac,9009.479,2026-03-29T06:40:26.847000000,False,None,False,True,8987.049,17.6,59.8,1011.8,False,30.0,107,1.5,Japanese Grand Prix
95.637,53,HARD,2,35.104,42.095,18.438,700000100.0,1000000.0,11.0,32,17.0,1,True,9200.82,PER,11,None,None,9140.318,9182.413,9200.851,257.0,315.0,281.0,277.0,True,Cadillac,9105.183,2026-03-29T06:42:02.551000000,False,None,False,True,9047.054,17.4,61.3,1011.8,False,29.9,122,1.8,Japanese Grand Prix
95.268,1,MEDIUM,1,,41.939,18.112,13333331.0,31111111111.0,1113333.0,1,1.0,1,False,3920.232,PIA,81,None,None,None,3902.299,3920.421,280.0,313.0,279.0,279.0,True,McLaren,3824.711,2026-03-29T05:14:02.079000000,False,None,False,False,3826.937,18.8,55.5,1011.7,False,36.7,124,2.1,Japanese Grand Prix
94.949,2,MEDIUM,1,34.349,42.319,18.281,113133000.0,10000010.0,0.0,2,1.0,1,True,4015.181,PIA,81,None,None,3954.635,3996.954,4015.235,259.0,306.0,277.0,276.0,True,McLaren,3920.232,2026-03-29T05:15:37.600000000,False,None,False,True,3946.939,18.9,54.3,1011.7,False,36.7,143,1.5,Japanese Grand Prix
94.999,3,MEDIUM,1,34.51,42.299,18.19,0.0,1000.0,30000.0,3,1.0,1,False,4110.18,PIA,81,None,None,4049.745,4092.044,4110.234,261.0,307.0,278.0,277.0,True,McLaren,4015.181,2026-03-29T05:17:12.549000000,False,None,False,True,4066.945,18.9,54.5,1011.7,False,36.0,112,2.1,Japanese Grand Prix
95.136,4,MEDIUM,1,34.595,42.378,18.163,700030000.0,1000.0,30000.0,4,1.0,1,False,4205.316,PIA,81,None,None,4144.829,4187.207,4205.37,256.0,306.0,278.0,276.0,True,McLaren,4110.18,2026-03-29T05:18:47.548000000,False,None,False,True,4126.951,19.0,54.0,1011.8,False,36.5,104,0.4,Japanese Grand Prix
95.124,5,MEDIUM,1,34.698,42.189,18.237,701000000.0,1000000000.0,0.0,5,1.0,1,False,4300.44,PIA,81,None,None,4240.068,4282.257,4300.494,260.0,307.0,278.0,277.0,True,McLaren,4205.316,2026-03-29T05:20:22.684000000,False,None,False,True,4246.946,19.1,53.2,1011.8,False,36.4,128,2.3,Japanese Grand Prix
95.109,6,MEDIUM,1,34.75,42.041,18.318,111000000.0,3100001000.0,0.0,6,1.0,1,False,4395.549,PIA,81,None,None,4335.244,4377.285,4395.603,260.0,307.0,278.0,277.0,True,McLaren,4300.44,2026-03-29T05:21:57.808000000,False,None,False,True,4306.945,19.2,52.0,1011.8,False,36.0,95,1.4,Japanese Grand Prix
95.078,7,MEDIUM,1,34.677,42.099,18.302,710000000.0,1010.0,1.0,7,1.0,1,False,4490.627,PIA,81,None,None,4430.28,4472.379,4490.681,258.0,306.0,279.0,277.0,True,McLaren,4395.549,2026-03-29T05:23:32.917000000,False,None,False,True,4426.948,19.1,51.3,1011.8,False,35.7,130,1.3,Japanese Grand Prix
95.815,8,MEDIUM,1,34.664,42.178,18.973,710000000.0,0.0,1.0,8,2.0,1,False,4586.442,PIA,81,None,None,4525.345,4567.523,4586.496,260.0,305.0,282.0,277.0,True,McLaren,4490.627,2026-03-29T05:25:07.995000000,False,None,False,True,4546.949,19.0,51.7,1011.8,False,35.3,144,2.7,Japanese Grand Prix
94.793,9,MEDIUM,1,34.579,42.047,18.167,710000000.0,0.0,10000.0,9,1.0,1,True,4681.235,PIA,81,None,None,4621.075,4663.122,4681.289,262.0,310.0,279.0,278.0,True,McLaren,4586.442,2026-03-29T05:26:43.810000000,False,None,False,True,4606.955,19.1,51.2,1011.7,False,34.6,120,2.3,Japanese Grand Prix
95.111,10,MEDIUM,1,34.906,42.079,18.126,0.0,0.0,0.0,10,1.0,1,False,4776.346,PIA,81,None,None,4716.195,4758.274,4776.4,258.0,311.0,279.0,278.0,True,McLaren,4681.235,2026-03-29T05:28:18.603000000,False,None,False,True,4726.95,19.0,51.2,1011.8,False,34.6,126,2.0,Japanese Grand Prix
95.419,11,MEDIUM,1,34.898,42.258,18.263,700000000.0,1000.0,0.0,11,1.0,1,False,4871.765,PIA,81,None,None,4811.298,4853.556,4871.819,257.0,305.0,278.0,276.0,True,McLaren,4776.346,2026-03-29T05:29:53.714000000,False,None,False,True,4786.951,19.1,50.7,1011.7,False,34.0,142,1.5,Japanese Grand Prix
95.108,12,MEDIUM,1,34.982,41.999,18.127,700000000.0,3010000000.0,100000.0,12,1.0,1,False,4966.873,PIA,81,None,None,4906.801,4948.8,4966.927,260.0,309.0,279.0,277.0,True,McLaren,4871.765,2026-03-29T05:31:29.133000000,False,None,False,True,4906.957,19.1,50.5,1011.9,False,33.7,82,1.3,Japanese Grand Prix
94.856,13,MEDIUM,1,34.656,42.081,18.119,700000000.0,10000000000.0,0.0,13,1.0,1,False,5061.729,PIA,81,None,None,5001.583,5043.664,5061.783,260.0,309.0,279.0,278.0,True,McLaren,4966.873,2026-03-29T05:33:04.241000000,False,None,False,True,5026.956,19.0,50.6,1011.8,False,33.8,151,2.0,Japanese Grand Prix
95.095,14,MEDIUM,1,34.746,42.149,18.2,701000000.0,0.0,0.0,14,1.0,1,False,5156.824,PIA,81,None,None,5096.529,5138.678,5156.878,259.0,309.0,279.0,277.0,True,McLaren,5061.729,2026-03-29T05:34:39.097000000,False,None,False,True,5086.955,19.0,50.6,1011.8,False,33.6,56,1.2,Japanese Grand Prix
94.905,15,MEDIUM,1,34.666,42.047,18.192,700000000.0,0.0,0.0,15,1.0,1,False,5251.729,PIA,81,None,None,5191.544,5233.591,5251.783,260.0,307.0,279.0,277.0,True,McLaren,5156.824,2026-03-29T05:36:14.192000000,False,None,False,True,5206.955,18.8,51.4,1011.6,False,33.2,98,1.2,Japanese Grand Prix
94.885,16,MEDIUM,1,34.712,41.994,18.179,700000000.0,11000000000.0,0.0,16,1.0,1,False,5346.614,PIA,81,None,None,5286.495,5328.489,5346.668,261.0,309.0,279.0,278.0,True,McLaren,5251.729,2026-03-29T05:37:49.097000000,False,None,False,True,5266.957,18.8,50.8,1011.8,False,33.4,44,0.7,Japanese Grand Prix
94.916,17,MEDIUM,1,34.71,42.102,18.104,700000000.0,0.0,0.0,17,1.0,1,False,5441.53,PIA,81,None,None,5381.378,5423.48,5441.584,263.0,309.0,280.0,277.0,True,McLaren,5346.614,2026-03-29T05:39:23.982000000,False,None,False,True,5386.956,18.9,47.8,1011.8,False,32.9,133,2.6,Japanese Grand Prix
97.327,18,MEDIUM,1,34.808,41.961,20.558,701000000.0,101000001.0,1000555.0,18,2.0,1,False,5538.857,PIA,81,None,5537.551,5476.392,5518.353,5538.911,260.0,314.0,None,279.0,True,McLaren,5441.53,2026-03-29T05:40:58.898000000,False,None,False,False,5506.96,18.8,48.7,1011.7,False,32.8,100,1.3,Japanese Grand Prix
114.537,19,HARD,2,54.877,41.678,17.982,550000000.0,1103000011.0,1100000.0,1,6.0,1,False,5653.394,PIA,81,5560.993,None,5593.788,5635.466,5653.448,263.0,320.0,281.0,286.0,True,McLaren,5538.857,2026-03-29T05:42:36.225000000,False,None,False,False,5566.954,18.8,48.5,1011.7,False,32.2,24,1.7,Japanese Grand Prix
94.774,20,HARD,2,34.54,41.948,18.286,11000000.0,3010011.0,1000001.0,2,6.0,1,True,5748.168,PIA,81,None,None,5687.988,5729.936,5748.222,263.0,329.0,284.0,289.0,True,McLaren,5653.394,2026-03-29T05:44:30.762000000,False,None,False,True,5686.962,18.7,49.2,1011.7,False,32.7,131,2.2,Japanese Grand Prix
94.01,21,HARD,2,34.223,41.834,17.953,110000000.0,0.0,100000.0,3,5.0,1,True,5842.178,PIA,81,None,None,5782.445,5824.279,5842.232,261.0,319.0,282.0,286.0,True,McLaren,5748.168,2026-03-29T05:46:05.536000000,False,None,False,True,5806.966,18.6,49.9,1011.7,False,32.6,116,0.9,Japanese Grand Prix
118.972,22,HARD,2,34.448,60.223,24.301,1000000.0,0.0,0.0,4,3.0,124,False,5961.15,PIA,81,None,None,5876.68,5936.903,5961.204,207.0,286.0,184.0,239.0,True,McLaren,5842.178,2026-03-29T05:47:39.546000000,False,None,False,False,5866.963,18.6,50.4,1011.6,False,32.9,163,0.7,Japanese Grand Prix
138.911,23,HARD,2,45.225,63.564,30.122,700000000.0,0.0,0.0,5,2.0,4,False,6100.061,PIA,81,None,None,6006.429,6069.993,6100.115,228.0,221.0,222.0,172.0,True,McLaren,5961.15,2026-03-29T05:49:38.518000000,False,None,False,False,5986.965,18.5,51.5,1011.7,False,32.7,107,0.4,Japanese Grand Prix
149.294,24,HARD,2,50.924,71.587,26.783,700000000.0,0.0,0.0,6,2.0,4,False,6249.355,PIA,81,None,None,6151.039,6222.626,6249.409,223.0,213.0,214.0,166.0,True,McLaren,6100.061,2026-03-29T05:51:57.429000000,False,None,False,False,6166.968,18.5,51.1,1011.7,False,32.9,121,1.3,Japanese Grand Prix
150.382,25,HARD,2,51.457,71.673,27.252,700000000.0,0.0,0.0,7,2.0,4,False,6399.734,PIA,81,None,None,6300.933,6372.636,6399.964,217.0,240.0,151.0,134.0,True,McLaren,6249.355,2026-03-29T05:54:26.723000000,False,None,False,False,6286.968,18.5,51.8,1011.7,False,32.8,120,1.5,Japanese Grand Prix
145.382,26,HARD,2,54.935,63.66,26.787,700000000.0,0.0,0.0,8,2.0,4,False,6545.116,PIA,81,None,None,6454.723,6518.383,6545.17,211.0,240.0,247.0,171.0,True,McLaren,6399.734,2026-03-29T05:56:57.102000000,False,None,False,False,6406.972,18.5,50.7,1011.7,False,32.3,106,2.0,Japanese Grand Prix
146.074,27,HARD,2,49.755,67.419,28.9,700000000.0,0.0,0.0,9,2.0,41,False,6691.19,PIA,81,None,None,6594.925,6662.344,6691.244,249.0,117.0,277.0,119.0,True,McLaren,6545.116,2026-03-29T05:59:22.484000000,False,None,False,False,6586.973,18.3,50.5,1011.7,False,32.2,136,2.5,Japanese Grand Prix
94.314,28,HARD,2,34.687,41.607,18.02,710000000.0,1010000100.0,110.0,10,2.0,1,False,6785.504,PIA,81,None,None,6725.931,6767.538,6785.558,263.0,313.0,283.0,280.0,True,McLaren,6691.19,2026-03-29T06:01:48.558000000,False,None,False,True,6706.975,18.3,47.7,1011.7,False,32.3,122,2.3,Japanese Grand Prix
93.667,29,HARD,2,34.162,41.491,18.014,700010000.0,11000001000.0,0.0,11,2.0,1,True,6879.171,PIA,81,None,None,6819.72,6861.211,6879.225,260.0,316.0,281.0,282.0,True,McLaren,6785.504,2026-03-29T06:03:22.872000000,False,None,False,True,6826.974,18.4,48.2,1011.7,False,32.4,132,2.6,Japanese Grand Prix
93.699,30,HARD,2,34.171,41.504,18.024,700001000.0,1000000100.0,110.0,12,2.0,1,False,6972.87,PIA,81,None,None,6913.396,6954.9,6972.924,259.0,310.0,282.0,280.0,True,McLaren,6879.171,2026-03-29T06:04:56.539000000,False,None,False,True,6886.976,18.4,47.6,1011.7,False,32.1,135,0.8,Japanese Grand Prix
93.41,31,HARD,2,34.117,41.379,17.914,700010000.0,10100001000.0,100010.0,13,2.0,1,True,7066.28,PIA,81,None,None,7007.041,7048.42,7066.334,262.0,315.0,283.0,281.0,True,McLaren,6972.87,2026-03-29T06:06:30.238000000,False,None,False,True,7006.979,18.4,49.7,1011.7,False,32.0,129,1.9,Japanese Grand Prix
93.605,32,HARD,2,34.092,41.588,17.925,701030000.0,1000.0,10.0,14,2.0,1,False,7159.885,PIA,81,None,None,7100.426,7142.014,7159.939,263.0,311.0,283.0,279.0,True,McLaren,7066.28,2026-03-29T06:08:03.648000000,False,None,False,True,7126.981,18.5,50.7,1011.6,False,32.0,133,2.0,Japanese Grand Prix
93.484,33,HARD,2,33.973,41.471,18.04,701001000.0,1100000000.0,0.0,15,2.0,1,False,7253.369,PIA,81,None,None,7193.912,7235.383,7253.423,262.0,313.0,282.0,281.0,True,McLaren,7159.885,2026-03-29T06:09:37.253000000,False,None,False,True,7186.981,18.5,50.0,1011.7,False,31.5,140,1.1,Japanese Grand Prix
93.401,34,HARD,2,33.983,41.44,17.978,700001000.0,101000000.0,100100.0,16,2.0,1,True,7346.77,PIA,81,None,None,7287.406,7328.846,7346.824,263.0,316.0,283.0,282.0,True,McLaren,7253.369,2026-03-29T06:11:10.737000000,False,None,False,True,7306.992,18.5,51.0,1011.6,False,31.4,113,1.2,Japanese Grand Prix
93.509,35,HARD,2,34.01,41.429,18.07,700001000.0,1000.0,0.0,17,2.0,1,False,7440.279,PIA,81,None,None,7380.834,7422.263,7440.333,260.0,312.0,283.0,280.0,True,McLaren,7346.77,2026-03-29T06:12:44.138000000,False,None,False,True,7366.98,18.3,51.1,1011.6,False,31.4,154,2.4,Japanese Grand Prix
93.411,36,HARD,2,34.037,41.413,17.961,700000000.0,100000000.0,11.0,18,2.0,1,False,7533.69,PIA,81,None,None,7474.37,7515.783,7533.744,260.0,314.0,283.0,281.0,True,McLaren,7440.279,2026-03-29T06:14:17.647000000,False,None,False,True,7486.983,18.1,52.4,1011.7,False,31.1,170,0.8,Japanese Grand Prix
93.708,37,HARD,2,34.143,41.53,18.035,700000000.0,0.0,0.0,19,2.0,1,False,7627.398,PIA,81,None,None,7567.887,7609.417,7627.452,260.0,315.0,283.0,280.0,True,McLaren,7533.69,2026-03-29T06:15:51.058000000,False,None,False,True,7546.988,18.0,53.7,1011.6,False,31.0,138,1.5,Japanese Grand Prix
93.712,38,HARD,2,34.06,41.632,18.02,701000000.0,0.0,0.0,20,2.0,1,False,7721.11,PIA,81,None,None,7661.512,7703.144,7721.164,261.0,315.0,283.0,281.0,True,McLaren,7627.398,2026-03-29T06:17:24.766000000,False,None,False,True,7666.984,17.9,55.6,1011.6,False,30.7,88,0.8,Japanese Grand Prix
93.467,39,HARD,2,34.091,41.454,17.922,700001000.0,1000.0,111.0,21,2.0,1,False,7814.577,PIA,81,None,None,7755.255,7796.709,7814.631,259.0,313.0,284.0,281.0,True,McLaren,7721.11,2026-03-29T06:18:58.478000000,False,None,False,True,7726.986,17.9,55.8,1011.7,False,31.1,119,1.8,Japanese Grand Prix
93.469,40,HARD,2,33.973,41.488,18.008,700001000.0,1000000000.0,0.0,22,2.0,1,False,7908.046,PIA,81,None,None,7848.604,7890.092,7908.1,263.0,312.0,283.0,280.0,True,McLaren,7814.577,2026-03-29T06:20:31.945000000,False,None,False,True,7846.99,17.8,55.5,1011.6,False,31.0,167,1.0,Japanese Grand Prix
93.764,41,HARD,2,34.144,41.495,18.125,700000000.0,1000000000.0,0.0,23,2.0,1,False,8001.81,PIA,81,None,None,7942.244,7983.739,8001.864,260.0,313.0,282.0,280.0,True,McLaren,7908.046,2026-03-29T06:22:05.414000000,False,None,False,True,7966.994,17.8,55.7,1011.6,False,30.7,140,0.6,Japanese Grand Prix
93.513,42,HARD,2,34.093,41.428,17.992,700000000.0,1101000000.0,0.0,24,2.0,1,False,8095.323,PIA,81,None,None,8035.957,8077.385,8095.377,263.0,314.0,283.0,280.0,True,McLaren,8001.81,2026-03-29T06:23:39.178000000,False,None,False,True,8026.998,18.1,55.4,1011.6,False,30.6,153,2.5,Japanese Grand Prix
93.518,43,HARD,2,34.075,41.509,17.934,700000000.0,1000.0,100.0,25,2.0,1,False,8188.841,PIA,81,None,None,8129.452,8170.961,8188.895,260.0,313.0,284.0,279.0,True,McLaren,8095.323,2026-03-29T06:25:12.691000000,False,None,False,True,8146.993,17.9,57.1,1011.7,False,30.4,140,0.9,Japanese Grand Prix
93.431,44,HARD,2,34.012,41.389,18.03,701000000.0,0.0,0.0,26,2.0,1,False,8282.272,PIA,81,None,None,8222.907,8264.296,8282.326,261.0,313.0,284.0,280.0,True,McLaren,8188.841,2026-03-29T06:26:46.209000000,False,None,False,True,8207.003,17.9,57.3,1011.7,False,30.5,9,0.5,Japanese Grand Prix
93.523,45,HARD,2,34.114,41.348,18.061,700000000.0,10.0,0.0,27,2.0,1,False,8375.795,PIA,81,None,None,8316.44,8357.788,8375.849,261.0,313.0,284.0,280.0,True,McLaren,8282.272,2026-03-29T06:28:19.640000000,False,None,False,True,8326.995,18.0,56.5,1011.7,False,30.9,129,1.1,Japanese Grand Prix
93.329,46,HARD,2,34.061,41.333,17.935,700000000.0,0.0,111.0,28,2.0,1,True,8469.124,PIA,81,None,None,8409.91,8451.243,8469.178,263.0,314.0,284.0,282.0,True,McLaren,8375.795,2026-03-29T06:29:53.163000000,False,None,False,True,8386.994,18.0,56.6,1011.7,False,29.6,83,2.0,Japanese Grand Prix
93.197,47,HARD,2,34.033,41.308,17.856,700000000.0,10000000000.0,100031.0,29,2.0,1,True,8562.321,PIA,81,None,None,8503.211,8544.519,8562.375,265.0,317.0,286.0,283.0,True,McLaren,8469.124,2026-03-29T06:31:26.492000000,False,None,False,True,8507.001,17.9,57.4,1011.8,False,30.8,91,0.8,Japanese Grand Prix
93.371,48,HARD,2,34.061,41.467,17.843,700000000.0,0.0,130.0,30,2.0,1,False,8655.692,PIA,81,None,None,8596.436,8637.903,8655.746,263.0,315.0,285.0,283.0,True,McLaren,8562.321,2026-03-29T06:32:59.689000000,False,None,False,True,8627.007,17.9,57.3,1011.8,False,30.2,81,1.3,Japanese Grand Prix
92.996,49,HARD,2,33.887,41.221,17.888,700000000.0,1101000010.0,0.0,31,2.0,1,True,8748.688,PIA,81,None,None,8689.633,8730.854,8748.742,265.0,314.0,285.0,281.0,True,McLaren,8655.692,2026-03-29T06:34:33.060000000,False,None,False,True,8687.017,17.9,57.8,1011.7,False,30.9,110,0.9,Japanese Grand Prix
93.266,50,HARD,2,34.063,41.329,17.874,700000000.0,0.0,10000.0,32,2.0,1,False,8841.954,PIA,81,None,None,8782.805,8824.134,8842.008,264.0,316.0,285.0,283.0,True,McLaren,8748.688,2026-03-29T06:36:06.056000000,False,None,False,True,8807.046,18.0,57.9,1011.7,False,30.6,128,1.5,Japanese Grand Prix
93.826,51,HARD,2,34.227,41.683,17.916,701000000.0,100.0,1100.0,33,2.0,1,False,8935.78,PIA,81,None,None,8876.235,8917.918,8935.834,263.0,313.0,285.0,279.0,True,McLaren,8841.954,2026-03-29T06:37:39.322000000,False,None,False,True,8867.045,17.8,59.2,1011.8,False,30.2,113,1.9,Japanese Grand Prix
93.012,52,HARD,2,33.922,41.214,17.876,700000100.0,10.0,1.0,34,2.0,1,False,9028.792,PIA,81,None,None,8969.756,9010.97,9028.846,265.0,314.0,286.0,280.0,True,McLaren,8935.78,2026-03-29T06:39:13.148000000,False,None,False,True,8987.049,17.6,59.8,1011.8,False,30.0,107,1.5,Japanese Grand Prix
93.294,53,HARD,2,34.027,41.299,17.968,700000000.0,0.0,10.0,35,2.0,1,False,9122.086,PIA,81,None,None,9062.873,9104.172,9122.14,266.0,316.0,283.0,282.0,True,McLaren,9028.792,2026-03-29T06:40:46.160000000,False,None,False,True,9047.054,17.4,61.3,1011.8,False,29.9,122,1.8,Japanese Grand Prix
97.823,1,MEDIUM,1,,42.185,18.12,11111111.0,11111111311.0,1111111.0,1,4.0,1,False,3922.787,RUS,63,None,None,None,3904.947,3922.98,287.0,330.0,278.0,291.0,True,Mercedes,3824.711,2026-03-29T05:14:02.079000000,False,None,False,False,3826.937,18.8,55.5,1011.7,False,36.7,124,2.1,Japanese Grand Prix
94.87,2,MEDIUM,1,34.783,42.088,17.999,111111110.0,11100001001.0,110111.0,2,4.0,1,True,4017.657,RUS,63,None,None,3957.641,3999.729,4017.728,261.0,329.0,282.0,291.0,True,Mercedes,3922.787,2026-03-29T05:15:40.155000000,False,None,False,True,3946.939,18.9,54.3,1011.7,False,36.7,143,1.5,Japanese Grand Prix
94.469,3,MEDIUM,1,34.607,41.961,17.901,711011010.0,10000003300.0,10111.0,3,3.0,1,True,4112.126,RUS,63,None,None,4052.335,4094.296,4112.197,262.0,323.0,282.0,287.0,True,Mercedes,4017.657,2026-03-29T05:17:15.025000000,False,None,False,True,4066.945,18.9,54.5,1011.7,False,36.0,112,2.1,Japanese Grand Prix
94.772,4,MEDIUM,1,34.436,42.195,18.141,1111010.0,30000000000.0,0.0,4,2.0,1,False,4206.898,RUS,63,None,None,4146.633,4188.828,4206.969,266.0,314.0,280.0,279.0,True,Mercedes,4112.126,2026-03-29T05:18:49.494000000,False,None,False,True,4126.951,19.0,54.0,1011.8,False,36.5,104,0.4,Japanese Grand Prix
94.71,5,MEDIUM,1,34.451,42.108,18.151,700111000.0,1100000000.0,0.0,5,2.0,1,False,4301.608,RUS,63,None,None,4241.42,4283.528,4301.679,258.0,312.0,279.0,280.0,True,Mercedes,4206.898,2026-03-29T05:20:24.266000000,False,None,False,True,4246.946,19.1,53.2,1011.8,False,36.4,128,2.3,Japanese Grand Prix
94.796,6,MEDIUM,1,34.456,42.072,18.268,701000000.0,30000000000.0,0.0,6,2.0,1,False,4396.404,RUS,63,None,None,4336.135,4378.207,4396.475,263.0,315.0,279.0,283.0,True,Mercedes,4301.608,2026-03-29T05:21:58.976000000,False,None,False,True,4306.945,19.2,52.0,1011.8,False,36.0,95,1.4,Japanese Grand Prix
94.741,7,MEDIUM,1,34.482,42.048,18.211,700000000.0,100000000.0,0.0,7,2.0,1,False,4491.145,RUS,63,None,None,4430.957,4473.005,4491.216,268.0,321.0,281.0,287.0,True,Mercedes,4396.404,2026-03-29T05:23:33.772000000,False,None,False,True,4426.948,19.1,51.3,1011.8,False,35.7,130,1.3,Japanese Grand Prix
95.043,8,MEDIUM,1,34.77,42.117,18.156,700000000.0,0.0,100000.0,8,1.0,1,False,4586.188,RUS,63,None,None,4525.986,4568.103,4586.259,269.0,330.0,276.0,291.0,True,Mercedes,4491.145,2026-03-29T05:25:08.513000000,False,None,False,True,4546.949,19.0,51.7,1011.8,False,35.3,144,2.7,Japanese Grand Prix
96.042,9,MEDIUM,1,35.533,42.332,18.177,700000000.0,0.0,0.0,9,2.0,1,False,4682.23,RUS,63,None,None,4621.792,4664.124,4682.301,259.0,312.0,280.0,281.0,True,Mercedes,4586.188,2026-03-29T05:26:43.556000000,False,None,False,True,4606.955,19.1,51.2,1011.7,False,34.6,120,2.3,Japanese Grand Prix
94.936,10,MEDIUM,1,34.609,42.201,18.126,700000000.0,100000000.0,0.0,10,2.0,1,False,4777.166,RUS,63,None,None,4716.91,4759.111,4777.237,272.0,319.0,281.0,285.0,True,Mercedes,4682.23,2026-03-29T05:28:19.598000000,False,None,False,True,4726.95,19.0,51.2,1011.8,False,34.6,126,2.0,Japanese Grand Prix
95.332,11,MEDIUM,1,34.769,42.341,18.222,700000000.0,0.0,0.0,11,2.0,1,False,4872.498,RUS,63,None,None,4812.006,4854.347,4872.569,276.0,319.0,279.0,284.0,True,Mercedes,4777.166,2026-03-29T05:29:54.534000000,False,None,False,True,4786.951,19.1,50.7,1011.7,False,34.0,142,1.5,Japanese Grand Prix
95.078,12,MEDIUM,1,34.843,42.145,18.09,700000000.0,0.0,0.0,12,2.0,1,False,4967.576,RUS,63,None,None,4907.412,4949.557,4967.647,271.0,321.0,281.0,286.0,True,Mercedes,4872.498,2026-03-29T05:31:29.866000000,False,None,False,True,4906.957,19.1,50.5,1011.9,False,33.7,82,1.3,Japanese Grand Prix
95.249,13,MEDIUM,1,34.86,42.196,18.193,700000000.0,0.0,0.0,13,2.0,1,False,5062.825,RUS,63,None,None,5002.507,5044.703,5062.896,276.0,317.0,280.0,282.0,True,Mercedes,4967.576,2026-03-29T05:33:04.944000000,False,None,False,True,5026.956,19.0,50.6,1011.8,False,33.8,151,2.0,Japanese Grand Prix
95.101,14,MEDIUM,1,34.618,42.273,18.21,700000000.0,0.0,0.0,14,2.0,1,False,5157.926,RUS,63,None,None,5097.514,5139.787,5157.997,268.0,315.0,280.0,282.0,True,Mercedes,5062.825,2026-03-29T05:34:40.193000000,False,None,False,True,5086.955,19.0,50.6,1011.8,False,33.6,56,1.2,Japanese Grand Prix
95.148,15,MEDIUM,1,34.763,42.185,18.2,700000000.0,1000000000.0,0.0,15,2.0,1,False,5253.074,RUS,63,None,None,5192.76,5234.945,5253.145,261.0,314.0,280.0,281.0,True,Mercedes,5157.926,2026-03-29T05:36:15.294000000,False,None,False,True,5206.955,18.8,51.4,1011.6,False,33.2,98,1.2,Japanese Grand Prix
95.253,16,MEDIUM,1,34.914,42.194,18.145,700000000.0,100003000.0,0.0,16,2.0,1,False,5348.327,RUS,63,None,None,5288.059,5330.253,5348.398,257.0,315.0,280.0,280.0,True,Mercedes,5253.074,2026-03-29T05:37:50.442000000,False,None,False,True,5266.957,18.8,50.8,1011.8,False,33.4,44,0.7,Japanese Grand Prix
95.033,17,MEDIUM,1,34.748,42.094,18.191,701000000.0,30000000000.0,0.0,17,2.0,1,False,5443.36,RUS,63,None,None,5383.146,5425.24,5443.431,263.0,315.0,281.0,281.0,True,Mercedes,5348.327,2026-03-29T05:39:25.695000000,False,None,False,True,5386.956,18.9,47.8,1011.8,False,32.9,133,2.6,Japanese Grand Prix
94.788,18,MEDIUM,1,34.72,42.014,18.054,701000000.0,30101000000.0,0.0,18,1.0,1,False,5538.148,RUS,63,None,None,5478.151,5520.165,5538.219,263.0,317.0,280.0,281.0,True,Mercedes,5443.36,2026-03-29T05:41:00.728000000,False,None,False,True,5506.96,18.8,48.7,1011.7,False,32.8,100,1.3,Japanese Grand Prix
94.987,19,MEDIUM,1,34.88,41.951,18.156,701000000.0,1000003000.0,10000.0,19,1.0,1,False,5633.135,RUS,63,None,None,5573.099,5615.05,5633.206,257.0,313.0,280.0,276.0,True,Mercedes,5538.148,2026-03-29T05:42:35.516000000,False,None,False,True,5566.954,18.8,48.5,1011.7,False,32.2,24,1.7,Japanese Grand Prix
94.523,20,MEDIUM,1,34.585,41.875,18.063,700003000.0,1000000000.0,10110.0,20,1.0,1,False,5727.658,RUS,63,None,None,5667.791,5709.666,5727.729,262.0,312.0,281.0,277.0,True,Mercedes,5633.135,2026-03-29T05:44:10.503000000,False,None,False,True,5686.962,18.7,49.2,1011.7,False,32.7,131,2.2,Japanese Grand Prix
96.505,21,MEDIUM,1,34.583,41.632,20.29,701001000.0,1000003300.0,555.0,21,2.0,1,False,5824.163,RUS,63,None,5822.807,5762.312,5803.944,5824.234,260.0,324.0,None,285.0,True,Mercedes,5727.658,2026-03-29T05:45:45.026000000,False,None,False,False,5806.966,18.6,49.9,1011.7,False,32.6,116,0.9,Japanese Grand Prix
139.263,22,HARD,2,55.328,59.963,23.972,550003110.0,0.0,0.0,1,5.0,124,False,5963.426,RUS,63,5845.793,None,5879.562,5939.525,5963.497,121.0,287.0,215.0,229.0,True,Mercedes,5824.163,2026-03-29T05:47:21.531000000,False,None,False,False,5866.963,18.6,50.4,1011.6,False,32.9,163,0.7,Japanese Grand Prix
138.104,23,HARD,2,43.996,64.079,30.029,0.0,0.0,0.0,2,3.0,4,False,6101.53,RUS,63,None,None,6007.493,6071.572,6101.601,244.0,200.0,216.0,148.0,True,Mercedes,5963.426,2026-03-29T05:49:40.794000000,False,None,False,False,5986.965,18.5,51.5,1011.7,False,32.7,107,0.4,Japanese Grand Prix
149.072,24,HARD,2,51.175,71.465,26.432,700000000.0,0.0,0.0,3,3.0,4,False,6250.602,RUS,63,None,None,6152.776,6224.241,6250.673,223.0,145.0,197.0,196.0,True,Mercedes,6101.53,2026-03-29T05:51:58.898000000,False,None,False,False,6166.968,18.5,51.1,1011.7,False,32.9,121,1.3,Japanese Grand Prix
150.565,25,HARD,2,51.128,72.548,26.889,700000000.0,0.0,0.0,4,3.0,4,False,6401.15,RUS,63,None,None,6301.83,6374.469,6401.368,211.0,201.0,172.0,193.0,True,Mercedes,6250.602,2026-03-29T05:54:27.970000000,False,None,False,False,6286.968,18.5,51.8,1011.7,False,32.8,120,1.5,Japanese Grand Prix
144.757,26,HARD,2,54.414,63.952,26.391,700000000.0,0.0,0.0,5,3.0,4,False,6545.907,RUS,63,None,None,6455.635,6519.587,6545.978,190.0,217.0,217.0,183.0,True,Mercedes,6401.15,2026-03-29T05:56:58.518000000,False,None,False,False,6406.972,18.5,50.7,1011.7,False,32.3,106,2.0,Japanese Grand Prix
145.74,27,HARD,2,50.756,66.065,28.919,700000000.0,0.0,0.0,6,3.0,41,False,6691.647,RUS,63,None,None,6596.734,6662.799,6691.718,228.0,115.0,276.0,120.0,True,Mercedes,6545.907,2026-03-29T05:59:23.275000000,False,None,False,False,6586.973,18.3,50.5,1011.7,False,32.2,136,2.5,Japanese Grand Prix
95.242,28,HARD,2,35.424,41.895,17.923,700000000.0,300.0,3133.0,7,4.0,1,False,6786.889,RUS,63,None,None,6727.142,6769.037,6786.96,255.0,314.0,286.0,282.0,True,Mercedes,6691.647,2026-03-29T06:01:49.015000000,False,None,False,True,6706.975,18.3,47.7,1011.7,False,32.3,122,2.3,Japanese Grand Prix
93.717,29,HARD,2,33.919,41.836,17.962,110000000.0,10000000.0,30.0,8,4.0,1,True,6880.606,RUS,63,None,None,6820.879,6862.715,6880.677,275.0,318.0,285.0,286.0,True,Mercedes,6786.889,2026-03-29T06:03:24.257000000,False,None,False,True,6826.974,18.4,48.2,1011.7,False,32.4,132,2.6,Japanese Grand Prix
93.612,30,HARD,2,33.938,41.724,17.95,1000.0,10.0,0.0,9,4.0,1,True,6974.218,RUS,63,None,None,6914.615,6956.339,6974.289,277.0,317.0,285.0,286.0,True,Mercedes,6880.606,2026-03-29T06:04:57.974000000,False,None,False,True,6886.976,18.4,47.6,1011.7,False,32.1,135,0.8,Japanese Grand Prix
93.905,31,HARD,2,34.028,41.902,17.975,100000000.0,10.0,0.0,10,4.0,1,False,7068.123,RUS,63,None,None,7008.317,7050.219,7068.194,283.0,316.0,286.0,284.0,True,Mercedes,6974.218,2026-03-29T06:06:31.586000000,False,None,False,True,7006.979,18.4,49.7,1011.7,False,32.0,129,1.9,Japanese Grand Prix
93.405,32,HARD,2,33.931,41.545,17.929,10011000.0,1000000000.0,0.0,11,4.0,1,True,7161.528,RUS,63,None,None,7102.125,7143.67,7161.599,271.0,321.0,286.0,286.0,True,Mercedes,7068.123,2026-03-29T06:08:05.491000000,False,None,False,True,7126.981,18.5,50.7,1011.6,False,32.0,133,2.0,Japanese Grand Prix
93.5,33,HARD,2,33.804,41.766,17.93,110000000.0,100000010.0,0.0,12,4.0,1,False,7255.028,RUS,63,None,None,7195.403,7237.169,7255.099,265.0,321.0,286.0,288.0,True,Mercedes,7161.528,2026-03-29T06:09:38.896000000,False,None,False,True,7186.981,18.5,50.0,1011.7,False,31.5,140,1.1,Japanese Grand Prix
93.485,34,HARD,2,34.014,41.605,17.866,710010000.0,1000000.0,0.0,13,4.0,1,False,7348.513,RUS,63,None,None,7289.113,7330.718,7348.584,271.0,321.0,284.0,287.0,True,Mercedes,7255.028,2026-03-29T06:11:12.396000000,False,None,False,True,7306.992,18.5,51.0,1011.6,False,31.4,113,1.2,Japanese Grand Prix
93.336,35,HARD,2,33.81,41.623,17.903,10000.0,10.0,3.0,14,4.0,1,True,7441.849,RUS,63,None,None,7382.394,7424.017,7441.92,267.0,323.0,286.0,288.0,True,Mercedes,7348.513,2026-03-29T06:12:45.881000000,False,None,False,True,7366.98,18.3,51.1,1011.6,False,31.4,154,2.4,Japanese Grand Prix
93.673,36,HARD,2,34.147,41.53,17.996,110000000.0,3000.0,3.0,15,4.0,1,False,7535.522,RUS,63,None,None,7476.067,7517.597,7535.593,270.0,319.0,287.0,287.0,True,Mercedes,7441.849,2026-03-29T06:14:19.217000000,False,None,False,True,7486.983,18.1,52.4,1011.7,False,31.1,170,0.8,Japanese Grand Prix
94.808,37,HARD,2,34.018,42.917,17.873,310000000.0,0.0,13.0,16,5.0,1,False,7630.33,RUS,63,None,None,7569.611,7612.528,7630.401,268.0,326.0,287.0,290.0,True,Mercedes,7535.522,2026-03-29T06:15:52.890000000,False,None,False,True,7546.988,18.0,53.7,1011.6,False,31.0,138,1.5,Japanese Grand Prix
93.527,38,HARD,2,34.004,41.656,17.867,700000000.0,3010.0,10.0,17,5.0,1,False,7723.857,RUS,63,None,None,7664.405,7706.061,7723.928,278.0,319.0,287.0,286.0,True,Mercedes,7630.33,2026-03-29T06:17:27.698000000,False,None,False,True,7666.984,17.9,55.6,1011.6,False,30.7,88,0.8,Japanese Grand Prix
93.454,39,HARD,2,33.847,41.71,17.897,0.0,0.0,13.0,18,5.0,1,False,7817.311,RUS,63,None,None,7757.775,7799.485,7817.382,278.0,323.0,288.0,288.0,True,Mercedes,7723.857,2026-03-29T06:19:01.225000000,False,None,False,True,7726.986,17.9,55.8,1011.7,False,31.1,119,1.8,Japanese Grand Prix
93.661,40,HARD,2,33.965,41.732,17.964,701000000.0,0.0,10.0,19,5.0,1,False,7910.972,RUS,63,None,None,7851.347,7893.079,7911.043,266.0,322.0,285.0,287.0,True,Mercedes,7817.311,2026-03-29T06:20:34.679000000,False,None,False,True,7846.99,17.8,55.5,1011.6,False,31.0,167,1.0,Japanese Grand Prix
94.191,41,HARD,2,34.04,42.182,17.969,700000000.0,0.0,0.0,20,5.0,1,False,8005.163,RUS,63,None,None,7945.083,7987.265,8005.234,282.0,320.0,285.0,287.0,True,Mercedes,7910.972,2026-03-29T06:22:08.340000000,False,None,False,True,7966.994,17.8,55.7,1011.6,False,30.7,140,0.6,Japanese Grand Prix
94.031,42,HARD,2,34.295,41.822,17.914,700000000.0,10.0,3.0,21,5.0,1,False,8099.194,RUS,63,None,None,8039.529,8081.351,8099.265,279.0,327.0,287.0,292.0,True,Mercedes,8005.163,2026-03-29T06:23:42.531000000,False,None,False,True,8026.998,18.1,55.4,1011.6,False,30.6,153,2.5,Japanese Grand Prix
92.897,43,HARD,2,33.743,41.267,17.887,703001000.0,11000003000.0,0.0,22,4.0,1,True,8192.091,RUS,63,None,None,8133.008,8174.275,8192.162,266.0,324.0,286.0,287.0,True,Mercedes,8099.194,2026-03-29T06:25:16.562000000,False,None,False,True,8146.993,17.9,57.1,1011.7,False,30.4,140,0.9,Japanese Grand Prix
93.053,44,HARD,2,33.855,41.297,17.901,700000000.0,1001000000.0,0.0,23,4.0,1,False,8285.144,RUS,63,None,None,8226.017,8267.314,8285.215,262.0,324.0,287.0,289.0,True,Mercedes,8192.091,2026-03-29T06:26:49.459000000,False,None,False,True,8207.003,17.9,57.3,1011.7,False,30.5,9,0.5,Japanese Grand Prix
93.274,45,HARD,2,34.007,41.291,17.976,700000000.0,30100000011.0,3.0,24,4.0,1,False,8378.418,RUS,63,None,None,8319.222,8360.513,8378.489,276.0,329.0,288.0,290.0,True,Mercedes,8285.144,2026-03-29T06:28:22.512000000,False,None,False,True,8326.995,18.0,56.5,1011.7,False,30.9,129,1.1,Japanese Grand Prix
93.146,46,HARD,2,33.932,41.317,17.897,700000000.0,0.0,3.0,25,4.0,1,False,8471.564,RUS,63,None,None,8412.421,8453.738,8471.635,281.0,328.0,288.0,292.0,True,Mercedes,8378.418,2026-03-29T06:29:55.786000000,False,None,False,True,8386.994,18.0,56.6,1011.7,False,29.6,83,2.0,Japanese Grand Prix
93.176,47,HARD,2,34.003,41.236,17.937,700000000.0,100003011.0,1000010.0,26,4.0,1,False,8564.74,RUS,63,None,None,8505.638,8546.874,8564.811,278.0,340.0,285.0,297.0,True,Mercedes,8471.564,2026-03-29T06:31:28.932000000,False,None,False,True,8507.001,17.9,57.4,1011.8,False,30.8,91,0.8,Japanese Grand Prix
93.046,48,HARD,2,33.952,41.302,17.792,700000000.0,1100000.0,0.0,27,4.0,1,False,8657.786,RUS,63,None,None,8598.763,8640.065,8657.857,267.0,331.0,287.0,291.0,True,Mercedes,8564.74,2026-03-29T06:33:02.108000000,False,None,False,True,8627.007,17.9,57.3,1011.8,False,30.2,81,1.3,Japanese Grand Prix
93.354,49,HARD,2,33.998,41.433,17.923,700000000.0,10.0,13.0,28,4.0,1,False,8751.14,RUS,63,None,None,8691.855,8733.288,8751.211,274.0,332.0,289.0,293.0,True,Mercedes,8657.786,2026-03-29T06:34:35.154000000,False,None,False,True,8687.017,17.9,57.8,1011.7,False,30.9,110,0.9,Japanese Grand Prix
93.217,50,HARD,2,34.23,41.327,17.66,700000000.0,10011.0,1100130.0,29,3.0,1,False,8844.357,RUS,63,None,None,8785.441,8826.768,8844.428,265.0,344.0,283.0,300.0,True,Mercedes,8751.14,2026-03-29T06:36:08.508000000,False,None,False,True,8807.046,18.0,57.9,1011.7,False,30.6,128,1.5,Japanese Grand Prix
94.088,51,HARD,2,35.005,41.347,17.736,700000000.0,1000000.0,0.0,30,4.0,1,False,8938.445,RUS,63,None,None,8879.433,8920.78,8938.516,258.0,332.0,288.0,291.0,True,Mercedes,8844.357,2026-03-29T06:37:41.725000000,False,None,False,True,8867.045,17.8,59.2,1011.8,False,30.2,113,1.9,Japanese Grand Prix
93.11,52,HARD,2,33.943,41.21,17.957,700000000.0,130.0,0.0,31,4.0,1,False,9031.555,RUS,63,None,None,8972.459,9013.669,9031.626,268.0,341.0,285.0,295.0,True,Mercedes,8938.445,2026-03-29T06:39:15.813000000,False,None,False,True,8987.049,17.6,59.8,1011.8,False,30.0,107,1.5,Japanese Grand Prix
92.549,53,HARD,2,33.932,41.039,17.578,700001000.0,1000000101.0,3100000.0,32,4.0,1,True,9124.104,RUS,63,None,None,9065.558,9106.597,9124.175,270.0,345.0,284.0,302.0,True,Mercedes,9031.555,2026-03-29T06:40:48.923000000,False,None,False,True,9047.054,17.4,61.3,1011.8,False,29.9,122,1.8,Japanese Grand Prix
103.908,1,MEDIUM,1,,43.831,18.356,11111111.0,11111111111.0,1311111.0,1,15.0,1,False,3928.872,SAI,55,None,None,None,3910.64,3929.136,269.0,336.0,271.0,298.0,True,Williams,3824.711,2026-03-29T05:14:02.079000000,False,None,False,False,3826.937,18.8,55.5,1011.7,False,36.7,124,2.1,Japanese Grand Prix
97.798,2,MEDIUM,1,36.606,43.083,18.109,111111110.0,11111001110.0,11111.0,2,16.0,1,True,4026.67,SAI,55,None,None,3965.532,4008.615,4026.724,263.0,329.0,281.0,293.0,True,Williams,3928.872,2026-03-29T05:15:46.240000000,False,None,False,True,3946.939,18.9,54.3,1011.7,False,36.7,143,1.5,Japanese Grand Prix
97.881,3,MEDIUM,1,36.168,43.519,18.194,711111000.0,11000000000.0,1001.0,3,16.0,1,False,4124.551,SAI,55,None,None,4062.892,4106.411,4124.605,262.0,331.0,281.0,296.0,True,Williams,4026.67,2026-03-29T05:17:24.038000000,False,None,False,True,4066.945,18.9,54.5,1011.7,False,36.0,112,2.1,Japanese Grand Prix
97.39,4,MEDIUM,1,36.109,42.996,18.285,10101000.0,11110000010.0,0.0,4,16.0,1,True,4221.941,SAI,55,None,None,4160.714,4203.71,4221.995,261.0,326.0,279.0,291.0,True,Williams,4124.551,2026-03-29T05:19:01.919000000,False,None,False,True,4126.951,19.0,54.0,1011.8,False,36.5,104,0.4,Japanese Grand Prix
96.72,5,MEDIUM,1,35.749,42.798,18.173,101110000.0,11000001000.0,100.0,5,16.0,1,True,4318.661,SAI,55,None,None,4257.744,4300.542,4318.715,265.0,328.0,279.0,292.0,True,Williams,4221.941,2026-03-29T05:20:39.309000000,False,None,False,True,4246.946,19.1,53.2,1011.8,False,36.4,128,2.3,Japanese Grand Prix
97.683,6,MEDIUM,1,35.966,43.259,18.458,710011000.0,1000000.0,1000.0,6,16.0,1,False,4416.344,SAI,55,None,None,4354.681,4397.94,4416.398,256.0,319.0,279.0,287.0,True,Williams,4318.661,2026-03-29T05:22:16.029000000,False,None,False,True,4306.945,19.2,52.0,1011.8,False,36.0,95,1.4,Japanese Grand Prix
97.362,7,MEDIUM,1,35.877,43.114,18.371,11000.0,1001100.0,0.0,7,16.0,1,False,4513.706,SAI,55,None,None,4452.275,4495.389,4513.76,256.0,319.0,277.0,286.0,True,Williams,4416.344,2026-03-29T05:23:53.712000000,False,None,False,True,4426.948,19.1,51.3,1011.8,False,35.7,130,1.3,Japanese Grand Prix
96.893,8,MEDIUM,1,35.793,42.856,18.244,700001000.0,10000000100.0,10000.0,8,16.0,1,False,4610.599,SAI,55,None,None,4549.553,4592.409,4610.653,261.0,319.0,279.0,286.0,True,Williams,4513.706,2026-03-29T05:25:31.074000000,False,None,False,True,4546.949,19.0,51.7,1011.8,False,35.3,144,2.7,Japanese Grand Prix
96.848,9,MEDIUM,1,35.646,42.962,18.24,701010100.0,0.0,1110.0,9,16.0,1,False,4707.447,SAI,55,None,None,4646.299,4689.261,4707.501,258.0,318.0,279.0,284.0,True,Williams,4610.599,2026-03-29T05:27:07.967000000,False,None,False,True,4606.955,19.1,51.2,1011.7,False,34.6,120,2.3,Japanese Grand Prix
96.761,10,MEDIUM,1,35.784,42.737,18.24,700100000.0,11100000000.0,10000.0,10,16.0,1,False,4804.208,SAI,55,None,None,4743.285,4786.022,4804.262,268.0,314.0,279.0,283.0,True,Williams,4707.447,2026-03-29T05:28:44.815000000,False,None,False,True,4726.95,19.0,51.2,1011.8,False,34.6,126,2.0,Japanese Grand Prix
96.489,11,MEDIUM,1,35.621,42.656,18.212,701011000.0,11000001000.0,1110.0,11,16.0,1,True,4900.697,SAI,55,None,None,4839.883,4882.539,4900.751,265.0,317.0,280.0,285.0,True,Williams,4804.208,2026-03-29T05:30:21.576000000,False,None,False,True,4786.951,19.1,50.7,1011.7,False,34.0,142,1.5,Japanese Grand Prix
97.374,12,MEDIUM,1,35.856,43.242,18.276,700000000.0,0.0,0.0,12,16.0,1,False,4998.071,SAI,55,None,None,4936.607,4979.849,4998.125,265.0,315.0,279.0,284.0,True,Williams,4900.697,2026-03-29T05:31:58.065000000,False,None,False,True,4906.957,19.1,50.5,1011.9,False,33.7,82,1.3,Japanese Grand Prix
96.893,13,MEDIUM,1,35.851,42.778,18.264,700000000.0,1000.0,0.0,13,16.0,1,False,5094.964,SAI,55,None,None,5033.976,5076.754,5095.018,265.0,317.0,279.0,285.0,True,Williams,4998.071,2026-03-29T05:33:35.439000000,False,None,False,True,5026.956,19.0,50.6,1011.8,False,33.8,151,2.0,Japanese Grand Prix
97.031,14,MEDIUM,1,35.771,42.618,18.642,700100001.0,100000000.0,0.0,14,16.0,1,False,5191.995,SAI,55,None,None,5130.789,5173.407,5192.049,272.0,316.0,270.0,284.0,True,Williams,5094.964,2026-03-29T05:35:12.332000000,False,None,False,True,5086.955,19.0,50.6,1011.8,False,33.6,56,1.2,Japanese Grand Prix
97.747,15,MEDIUM,1,36.621,42.84,18.286,700000001.0,10000000.0,0.0,15,17.0,1,False,5289.742,SAI,55,None,None,5228.67,5271.51,5289.796,273.0,317.0,279.0,286.0,True,Williams,5191.995,2026-03-29T05:36:49.363000000,False,None,False,True,5206.955,18.8,51.4,1011.6,False,33.2,98,1.2,Japanese Grand Prix
96.557,16,MEDIUM,1,35.85,42.579,18.128,700000000.0,10010000.0,100000.0,16,17.0,1,False,5386.299,SAI,55,None,None,5325.646,5368.225,5386.353,264.0,321.0,279.0,288.0,True,Williams,5289.742,2026-03-29T05:38:27.110000000,False,None,False,True,5266.957,18.8,50.8,1011.8,False,33.4,44,0.7,Japanese Grand Prix
96.914,17,MEDIUM,1,35.955,42.742,18.217,700000000.0,0.0,10.0,17,16.0,1,False,5483.213,SAI,55,None,None,5422.308,5465.05,5483.267,259.0,316.0,279.0,283.0,True,Williams,5386.299,2026-03-29T05:40:03.667000000,False,None,False,True,5386.956,18.9,47.8,1011.8,False,32.9,133,2.6,Japanese Grand Prix
96.768,18,MEDIUM,1,35.859,42.634,18.275,700000000.0,10000001100.0,0.0,18,15.0,1,False,5579.981,SAI,55,None,None,5519.126,5561.76,5580.035,269.0,318.0,278.0,284.0,True,Williams,5483.213,2026-03-29T05:41:40.581000000,False,None,False,True,5506.96,18.8,48.7,1011.7,False,32.8,100,1.3,Japanese Grand Prix
96.593,19,MEDIUM,1,35.678,42.653,18.262,700000000.0,1000000000.0,10000.0,19,14.0,1,False,5676.574,SAI,55,None,None,5615.713,5658.366,5676.628,265.0,314.0,278.0,281.0,True,Williams,5579.981,2026-03-29T05:43:17.349000000,False,None,False,True,5566.954,18.8,48.5,1011.7,False,32.2,24,1.7,Japanese Grand Prix
96.46,20,MEDIUM,1,35.716,42.514,18.23,700000000.0,1000.0,0.0,20,12.0,1,True,5773.034,SAI,55,None,None,5712.344,5754.858,5773.088,269.0,316.0,279.0,282.0,True,Williams,5676.574,2026-03-29T05:44:53.942000000,False,None,False,True,5686.962,18.7,49.2,1011.7,False,32.7,131,2.2,Japanese Grand Prix
96.49,21,MEDIUM,1,35.651,42.584,18.255,701101000.0,1000000100.0,10.0,21,12.0,12,False,5869.524,SAI,55,None,None,5808.739,5851.323,5869.578,263.0,315.0,279.0,280.0,True,Williams,5773.034,2026-03-29T05:46:30.402000000,False,None,False,True,5806.966,18.6,49.9,1011.7,False,32.6,116,0.9,Japanese Grand Prix
126.871,22,MEDIUM,1,45.526,56.168,25.177,700000000.0,0.0,555.0,22,12.0,24,False,5996.395,SAI,55,None,5995.099,5915.104,5971.272,5996.449,253.0,292.0,None,251.0,True,Williams,5869.524,2026-03-29T05:48:06.892000000,False,None,False,False,5866.963,18.6,50.4,1011.6,False,32.9,163,0.7,Japanese Grand Prix
146.337,23,HARD,2,62.647,62.077,21.613,550000000.0,0.0,0.0,1,15.0,4,False,6142.732,SAI,55,6019.528,None,6059.096,6121.173,6142.786,223.0,280.0,230.0,286.0,True,Williams,5996.395,2026-03-29T05:50:13.763000000,False,None,False,False,5986.965,18.5,51.5,1011.7,False,32.7,107,0.4,Japanese Grand Prix
122.885,24,HARD,2,38.186,59.551,25.148,1.0,0.0,0.0,2,15.0,4,False,6265.617,SAI,55,None,None,6180.972,6240.523,6265.671,273.0,268.0,238.0,262.0,True,Williams,6142.732,2026-03-29T05:52:40.100000000,False,None,False,False,6166.968,18.5,51.1,1011.7,False,32.9,121,1.3,Japanese Grand Prix
150.302,25,HARD,2,48.023,75.761,26.518,700000000.0,0.0,0.0,3,15.0,4,False,6415.914,SAI,55,None,None,6313.857,6389.455,6416.035,175.0,248.0,168.0,261.0,True,Williams,6265.617,2026-03-29T05:54:42.985000000,False,None,False,False,6286.968,18.5,51.8,1011.7,False,32.8,120,1.5,Japanese Grand Prix
147.744,26,HARD,2,52.569,65.349,29.826,700000000.0,0.0,0.0,4,15.0,4,False,6563.658,SAI,55,None,None,6468.537,6533.886,6563.712,147.0,169.0,151.0,256.0,True,Williams,6415.914,2026-03-29T05:57:13.282000000,False,None,False,False,6406.972,18.5,50.7,1011.7,False,32.3,106,2.0,Japanese Grand Prix
133.468,27,HARD,2,46.224,59.998,27.246,700000000.0,0.0,0.0,5,15.0,41,False,6697.126,SAI,55,None,None,6609.936,6669.934,6697.18,174.0,140.0,280.0,156.0,True,Williams,6563.658,2026-03-29T05:59:41.026000000,False,None,False,False,6586.973,18.3,50.5,1011.7,False,32.2,136,2.5,Japanese Grand Prix
96.533,28,HARD,2,35.828,42.618,18.087,110000001.0,1010010.0,1111.0,6,15.0,1,False,6793.659,SAI,55,None,None,6733.008,6775.626,6793.713,278.0,327.0,284.0,293.0,True,Williams,6697.126,2026-03-29T06:01:54.494000000,False,None,False,True,6706.975,18.3,47.7,1011.7,False,32.3,122,2.3,Japanese Grand Prix
96.427,29,HARD,2,35.712,42.58,18.135,0.0,1110001.0,1100111.0,7,15.0,1,True,6890.086,SAI,55,None,None,6829.425,6872.005,6890.14,276.0,335.0,284.0,296.0,True,Williams,6793.659,2026-03-29T06:03:31.027000000,False,None,False,True,6826.974,18.4,48.2,1011.7,False,32.4,132,2.6,Japanese Grand Prix
96.134,30,HARD,2,36.039,42.123,17.972,700000000.0,10010011.0,11.0,8,15.0,1,True,6986.22,SAI,55,None,None,6926.179,6968.302,6986.274,275.0,334.0,284.0,296.0,True,Williams,6890.086,2026-03-29T06:05:07.454000000,False,None,False,True,6886.976,18.4,47.6,1011.7,False,32.1,135,0.8,Japanese Grand Prix
96.121,31,HARD,2,35.494,42.382,18.245,700000010.0,0.0,1111.0,9,15.0,1,True,7082.341,SAI,55,None,None,7021.768,7064.15,7082.395,271.0,331.0,284.0,290.0,True,Williams,6986.22,2026-03-29T06:06:43.588000000,False,None,False,True,7006.979,18.4,49.7,1011.7,False,32.0,129,1.9,Japanese Grand Prix
95.583,32,HARD,2,35.249,42.18,18.154,701001110.0,1000000100.0,1111.0,10,15.0,1,True,7177.924,SAI,55,None,None,7117.644,7159.824,7177.978,262.0,323.0,284.0,287.0,True,Williams,7082.341,2026-03-29T06:08:19.709000000,False,None,False,True,7126.981,18.5,50.7,1011.6,False,32.0,133,2.0,Japanese Grand Prix
95.094,33,HARD,2,35.121,42.062,17.911,700101110.0,1000001100.0,10.0,11,15.0,1,True,7273.018,SAI,55,None,None,7213.099,7255.161,7273.072,264.0,323.0,283.0,289.0,True,Williams,7177.924,2026-03-29T06:09:55.292000000,False,None,False,True,7186.981,18.5,50.0,1011.7,False,31.5,140,1.1,Japanese Grand Prix
95.138,34,HARD,2,35.11,42.027,18.001,700110010.0,1100000100.0,0.0,12,15.0,1,False,7368.156,SAI,55,None,None,7308.182,7350.209,7368.21,266.0,323.0,283.0,289.0,True,Williams,7273.018,2026-03-29T06:11:30.386000000,False,None,False,True,7306.992,18.5,51.0,1011.6,False,31.4,113,1.2,Japanese Grand Prix
95.085,35,HARD,2,34.969,42.119,17.997,701010010.0,100.0,0.0,13,15.0,1,True,7463.241,SAI,55,None,None,7403.179,7445.298,7463.295,260.0,322.0,283.0,288.0,True,Williams,7368.156,2026-03-29T06:13:05.524000000,False,None,False,True,7366.98,18.3,51.1,1011.6,False,31.4,154,2.4,Japanese Grand Prix
94.903,36,HARD,2,35.041,41.875,17.987,700000000.0,1000000100.0,10000.0,14,15.0,1,True,7558.144,SAI,55,None,None,7498.336,7540.211,7558.198,273.0,322.0,284.0,288.0,True,Williams,7463.241,2026-03-29T06:14:40.609000000,False,None,False,True,7486.983,18.1,52.4,1011.7,False,31.1,170,0.8,Japanese Grand Prix
94.992,37,HARD,2,35.103,41.869,18.02,700000000.0,10100001000.0,11.0,15,15.0,1,False,7653.136,SAI,55,None,None,7593.301,7635.17,7653.19,276.0,322.0,284.0,290.0,True,Williams,7558.144,2026-03-29T06:16:15.512000000,False,None,False,True,7546.988,18.0,53.7,1011.6,False,31.0,138,1.5,Japanese Grand Prix
94.514,38,HARD,2,34.883,41.694,17.937,701000100.0,1000.0,110000.0,16,15.0,1,True,7747.65,SAI,55,None,None,7688.073,7729.767,7747.704,275.0,326.0,282.0,293.0,True,Williams,7653.136,2026-03-29T06:17:50.504000000,False,None,False,True,7666.984,17.9,55.6,1011.6,False,30.7,88,0.8,Japanese Grand Prix
95.177,39,HARD,2,35.146,42.018,18.013,700000000.0,0.0,10000.0,17,15.0,1,False,7842.827,SAI,55,None,None,7782.85,7824.868,7842.881,273.0,326.0,282.0,289.0,True,Williams,7747.65,2026-03-29T06:19:25.018000000,False,None,False,True,7726.986,17.9,55.8,1011.7,False,31.1,119,1.8,Japanese Grand Prix
94.926,40,HARD,2,35.058,41.928,17.94,700000000.0,0.0,10.0,18,15.0,1,False,7937.753,SAI,55,None,None,7877.939,7919.867,7937.807,274.0,323.0,283.0,290.0,True,Williams,7842.827,2026-03-29T06:21:00.195000000,False,None,False,True,7846.99,17.8,55.5,1011.6,False,31.0,167,1.0,Japanese Grand Prix
95.064,41,HARD,2,35.056,42.032,17.976,701010000.0,1000.0,10000.0,19,15.0,1,False,8032.817,SAI,55,None,None,7972.863,8014.895,8032.871,261.0,321.0,283.0,289.0,True,Williams,7937.753,2026-03-29T06:22:35.121000000,False,None,False,True,7966.994,17.8,55.7,1011.6,False,30.7,140,0.6,Japanese Grand Prix
95.071,42,HARD,2,35.004,42.007,18.06,701000000.0,0.0,0.0,20,15.0,1,False,8127.888,SAI,55,None,None,8067.875,8109.882,8127.942,262.0,322.0,283.0,289.0,True,Williams,8032.817,2026-03-29T06:24:10.185000000,False,None,False,True,8026.998,18.1,55.4,1011.6,False,30.6,153,2.5,Japanese Grand Prix
95.246,43,HARD,2,35.171,41.982,18.093,700000000.0,1000.0,0.0,21,15.0,1,False,8223.134,SAI,55,None,None,8163.113,8205.095,8223.188,270.0,318.0,283.0,286.0,True,Williams,8127.888,2026-03-29T06:25:45.256000000,False,None,False,True,8146.993,17.9,57.1,1011.7,False,30.4,140,0.9,Japanese Grand Prix
95.054,44,HARD,2,35.049,41.858,18.147,700000000.0,11100000000.0,0.0,22,15.0,1,False,8318.188,SAI,55,None,None,8258.237,8300.095,8318.242,276.0,319.0,283.0,286.0,True,Williams,8223.134,2026-03-29T06:27:20.502000000,False,None,False,True,8207.003,17.9,57.3,1011.7,False,30.5,9,0.5,Japanese Grand Prix
95.017,45,HARD,2,35.142,41.847,18.028,700000000.0,0.0,0.0,23,15.0,1,False,8413.205,SAI,55,None,None,8353.384,8395.231,8413.259,276.0,323.0,283.0,287.0,True,Williams,8318.188,2026-03-29T06:28:55.556000000,False,None,False,True,8326.995,18.0,56.5,1011.7,False,30.9,129,1.1,Japanese Grand Prix
95.307,46,HARD,2,35.025,42.169,18.113,700000000.0,0.0,0.0,24,15.0,1,False,8508.512,SAI,55,None,None,8448.284,8490.453,8508.566,270.0,322.0,283.0,286.0,True,Williams,8413.205,2026-03-29T06:30:30.573000000,False,None,False,True,8386.994,18.0,56.6,1011.7,False,29.6,83,2.0,Japanese Grand Prix
94.97,47,HARD,2,34.992,41.913,18.065,700000000.0,1000000000.0,0.0,25,15.0,1,False,8603.482,SAI,55,None,None,8543.558,8585.471,8603.536,269.0,322.0,283.0,285.0,True,Williams,8508.512,2026-03-29T06:32:05.880000000,False,None,False,True,8507.001,17.9,57.4,1011.8,False,30.8,91,0.8,Japanese Grand Prix
95.021,48,HARD,2,35.043,41.931,18.047,700000000.0,100.0,10.0,26,15.0,1,False,8698.503,SAI,55,None,None,8638.579,8680.51,8698.557,267.0,319.0,283.0,284.0,True,Williams,8603.482,2026-03-29T06:33:40.850000000,False,None,False,True,8627.007,17.9,57.3,1011.8,False,30.2,81,1.3,Japanese Grand Prix
95.093,49,HARD,2,35.061,41.895,18.137,700000000.0,1000001000.0,10.0,27,15.0,1,False,8793.596,SAI,55,None,None,8733.618,8775.513,8793.65,273.0,319.0,283.0,283.0,True,Williams,8698.503,2026-03-29T06:35:15.871000000,False,None,False,True,8687.017,17.9,57.8,1011.7,False,30.9,110,0.9,Japanese Grand Prix
95.218,50,HARD,2,35.137,42.003,18.078,700000000.0,0.0,111.0,28,15.0,1,False,8888.814,SAI,55,None,None,8828.787,8870.79,8888.868,268.0,320.0,284.0,283.0,True,Williams,8793.596,2026-03-29T06:36:50.964000000,False,None,False,True,8807.046,18.0,57.9,1011.7,False,30.6,128,1.5,Japanese Grand Prix
95.356,51,HARD,2,35.142,42.04,18.174,700100000.0,0.0,11.0,29,15.0,1,False,8984.17,SAI,55,None,None,8924.01,8966.05,8984.224,270.0,316.0,284.0,283.0,True,Williams,8888.814,2026-03-29T06:38:26.182000000,False,None,False,True,8867.045,17.8,59.2,1011.8,False,30.2,113,1.9,Japanese Grand Prix
94.661,52,HARD,2,34.997,41.652,18.012,700001000.0,1000001100.0,11.0,30,15.0,1,False,9078.831,SAI,55,None,None,9019.221,9060.873,9078.885,274.0,320.0,284.0,285.0,True,Williams,8984.17,2026-03-29T06:40:01.538000000,False,None,False,True,8987.049,17.6,59.8,1011.8,False,30.0,107,1.5,Japanese Grand Prix
94.539,53,HARD,2,34.85,41.785,17.904,700000100.0,0.0,100000.0,31,15.0,1,False,9173.37,SAI,55,None,None,9113.735,9155.52,9173.424,272.0,321.0,281.0,292.0,True,Williams,9078.831,2026-03-29T06:41:36.199000000,False,None,False,True,9047.054,17.4,61.3,1011.8,False,29.9,122,1.8,Japanese Grand Prix
108.234,1,MEDIUM,1,,45.723,18.803,11111111.0,11111111111.0,1111111.0,1,22.0,1,False,3933.198,STR,18,None,None,None,3914.585,3933.404,247.0,329.0,275.0,278.0,True,Aston Martin,3824.711,2026-03-29T05:14:02.079000000,False,None,False,False,3826.937,18.8,55.5,1011.7,False,36.7,124,2.1,Japanese Grand Prix
98.369,2,MEDIUM,1,35.693,44.13,18.546,111111111.0,11111101100.0,1110000.0,2,21.0,1,True,4031.567,STR,18,None,None,3968.944,4013.074,4031.62,251.0,314.0,273.0,279.0,True,Aston Martin,3933.198,2026-03-29T05:15:50.566000000,False,None,False,True,3946.939,18.9,54.3,1011.7,False,36.7,143,1.5,Japanese Grand Prix
98.229,3,MEDIUM,1,36.126,43.543,18.56,1111.0,11010111000.0,1100000.0,3,21.0,1,True,4129.796,STR,18,None,None,4067.746,4111.289,4129.849,251.0,317.0,268.0,281.0,True,Aston Martin,4031.567,2026-03-29T05:17:28.935000000,False,None,False,True,4066.945,18.9,54.5,1011.7,False,36.0,112,2.1,Japanese Grand Prix
98.587,4,MEDIUM,1,36.248,43.686,18.653,700101001.0,1100001000.0,0.0,4,21.0,1,False,4228.383,STR,18,None,None,4166.097,4209.783,4228.436,252.0,313.0,270.0,279.0,True,Aston Martin,4129.796,2026-03-29T05:19:07.164000000,False,None,False,True,4126.951,19.0,54.0,1011.8,False,36.5,104,0.4,Japanese Grand Prix
98.426,5,MEDIUM,1,36.258,43.604,18.564,700100001.0,10000001000.0,100000.0,5,21.0,1,False,4326.809,STR,18,None,None,4264.694,4308.298,4326.862,252.0,311.0,272.0,278.0,True,Aston Martin,4228.383,2026-03-29T05:20:45.751000000,False,None,False,True,4246.946,19.1,53.2,1011.8,False,36.4,128,2.3,Japanese Grand Prix
98.617,6,MEDIUM,1,36.306,43.703,18.608,700000001.0,1000000000.0,0.0,6,21.0,1,False,4425.426,STR,18,None,None,4363.168,4406.871,4425.479,256.0,309.0,273.0,277.0,True,Aston Martin,4326.809,2026-03-29T05:22:24.177000000,False,None,False,True,4306.945,19.2,52.0,1011.8,False,36.0,95,1.4,Japanese Grand Prix
98.462,7,MEDIUM,1,36.301,43.619,18.542,700000000.0,1010000000.0,0.0,7,21.0,1,False,4523.888,STR,18,None,None,4461.78,4505.399,4523.941,255.0,311.0,273.0,277.0,True,Aston Martin,4425.426,2026-03-29T05:24:02.794000000,False,None,False,True,4426.948,19.1,51.3,1011.8,False,35.7,130,1.3,Japanese Grand Prix
97.683,8,MEDIUM,1,35.578,43.5,18.605,701001010.0,11010000100.0,1000.0,8,20.0,1,True,4621.571,STR,18,None,None,4559.519,4603.019,4621.624,255.0,305.0,271.0,271.0,True,Aston Martin,4523.888,2026-03-29T05:25:41.256000000,False,None,False,True,4546.949,19.0,51.7,1011.8,False,35.3,144,2.7,Japanese Grand Prix
98.199,9,MEDIUM,1,36.017,43.604,18.578,700101000.0,1000001000.0,10010.0,9,20.0,1,False,4719.77,STR,18,None,None,4657.641,4701.245,4719.823,246.0,307.0,271.0,271.0,True,Aston Martin,4621.571,2026-03-29T05:27:18.939000000,False,None,False,True,4606.955,19.1,51.2,1011.7,False,34.6,120,2.3,Japanese Grand Prix
98.293,10,MEDIUM,1,36.207,43.553,18.533,700000000.0,100.0,11100.0,10,20.0,1,False,4818.063,STR,18,None,None,4756.03,4799.583,4818.116,246.0,306.0,272.0,271.0,True,Aston Martin,4719.77,2026-03-29T05:28:57.138000000,False,None,False,True,4726.95,19.0,51.2,1011.8,False,34.6,126,2.0,Japanese Grand Prix
98.051,11,MEDIUM,1,36.153,43.493,18.405,701000000.0,0.0,100000.0,11,20.0,1,False,4916.114,STR,18,None,None,4854.269,4897.762,4916.167,247.0,316.0,267.0,277.0,True,Aston Martin,4818.063,2026-03-29T05:30:35.431000000,False,None,False,True,4786.951,19.1,50.7,1011.7,False,34.0,142,1.5,Japanese Grand Prix
98.622,12,MEDIUM,1,36.487,43.52,18.615,700000000.0,10010000000.0,0.0,12,20.0,1,False,5014.736,STR,18,None,None,4952.654,4996.174,5014.789,247.0,307.0,271.0,272.0,True,Aston Martin,4916.114,2026-03-29T05:32:13.482000000,False,None,False,True,4906.957,19.1,50.5,1011.9,False,33.7,82,1.3,Japanese Grand Prix
98.454,13,MEDIUM,1,36.333,43.528,18.593,701000000.0,1000000000.0,110.0,13,20.0,1,False,5113.19,STR,18,None,None,5051.122,5094.65,5113.243,247.0,306.0,271.0,271.0,True,Aston Martin,5014.736,2026-03-29T05:33:52.104000000,False,None,False,True,5026.956,19.0,50.6,1011.8,False,33.8,151,2.0,Japanese Grand Prix
98.187,14,MEDIUM,1,36.224,43.407,18.556,700100100.0,100.0,1000.0,14,20.0,1,False,5211.377,STR,18,None,None,5149.467,5192.874,5211.43,247.0,307.0,272.0,271.0,True,Aston Martin,5113.19,2026-03-29T05:35:30.558000000,False,None,False,True,5086.955,19.0,50.6,1011.8,False,33.6,56,1.2,Japanese Grand Prix
98.853,15,MEDIUM,1,36.307,43.705,18.841,700000000.0,10000000000.0,0.0,15,20.0,1,False,5310.23,STR,18,None,None,5247.737,5291.442,5310.283,247.0,305.0,271.0,270.0,True,Aston Martin,5211.377,2026-03-29T05:37:08.745000000,False,None,False,True,5206.955,18.8,51.4,1011.6,False,33.2,98,1.2,Japanese Grand Prix
98.427,16,MEDIUM,1,36.304,43.531,18.592,700000000.0,10000000.0,0.0,16,20.0,1,False,5408.657,STR,18,None,None,5346.587,5390.118,5408.71,249.0,305.0,271.0,270.0,True,Aston Martin,5310.23,2026-03-29T05:38:47.598000000,False,None,False,True,5266.957,18.8,50.8,1011.8,False,33.4,44,0.7,Japanese Grand Prix
98.576,17,MEDIUM,1,36.566,43.4,18.61,700000000.0,1001000000.0,100.0,17,20.0,1,False,5507.233,STR,18,None,None,5445.276,5488.676,5507.286,247.0,309.0,273.0,272.0,True,Aston Martin,5408.657,2026-03-29T05:40:26.025000000,False,None,False,True,5386.956,18.9,47.8,1011.8,False,32.9,133,2.6,Japanese Grand Prix
98.454,18,MEDIUM,1,36.307,43.35,18.797,700000000.0,10000100.0,0.0,18,20.0,1,False,5605.687,STR,18,None,None,5543.593,5586.943,5605.74,249.0,307.0,272.0,271.0,True,Aston Martin,5507.233,2026-03-29T05:42:04.601000000,False,None,False,True,5506.96,18.8,48.7,1011.7,False,32.8,100,1.3,Japanese Grand Prix
98.372,19,MEDIUM,1,36.404,43.347,18.621,700000000.0,1001000000.0,1000.0,19,20.0,1,False,5704.059,STR,18,None,None,5642.144,5685.491,5704.112,254.0,307.0,270.0,271.0,True,Aston Martin,5605.687,2026-03-29T05:43:43.055000000,False,None,False,True,5566.954,18.8,48.5,1011.7,False,32.2,24,1.7,Japanese Grand Prix
98.406,20,MEDIUM,1,36.487,43.281,18.638,700000000.0,1001000100.0,1000.0,20,20.0,1,False,5802.465,STR,18,None,None,5740.599,5783.88,5802.518,249.0,307.0,272.0,270.0,True,Aston Martin,5704.059,2026-03-29T05:45:21.427000000,False,None,False,True,5686.962,18.7,49.2,1011.7,False,32.7,131,2.2,Japanese Grand Prix
111.658,21,MEDIUM,1,36.365,49.537,25.756,700000000.0,0.0,555.0,21,19.0,124,False,5914.123,STR,18,None,5912.83,5838.883,5888.42,5914.176,246.0,278.0,None,207.0,True,Aston Martin,5802.465,2026-03-29T05:46:59.833000000,False,None,False,False,5806.966,18.6,49.9,1011.7,False,32.6,116,0.9,Japanese Grand Prix
146.19,22,HARD,2,62.593,59.078,24.519,550000000.0,0.0,0.0,1,19.0,4,False,6060.313,STR,18,5937.888,None,5976.769,6035.847,6060.366,234.0,133.0,201.0,238.0,True,Aston Martin,5914.123,2026-03-29T05:48:51.491000000,False,None,False,False,5866.963,18.6,50.4,1011.6,False,32.9,163,0.7,Japanese Grand Prix
105.541,23,HARD,2,37.581,47.986,19.974,100.0,0.0,0.0,2,19.0,4,False,6165.854,STR,18,None,None,6097.947,6145.933,6165.907,249.0,279.0,270.0,255.0,True,Aston Martin,6060.313,2026-03-29T05:51:17.681000000,False,None,False,False,5986.965,18.5,51.5,1011.7,False,32.7,107,0.4,Japanese Grand Prix
107.875,24,HARD,2,37.047,47.545,23.283,700000000.0,0.0,555.0,3,19.0,4,False,6273.729,STR,18,None,6272.401,6202.954,6250.499,6273.782,248.0,278.0,None,249.0,True,Aston Martin,6165.854,2026-03-29T05:53:03.222000000,False,None,False,False,6166.968,18.5,51.1,1011.7,False,32.9,121,1.3,Japanese Grand Prix
146.413,25,MEDIUM,3,56.531,65.609,24.273,550000100.0,0.0,0.0,1,19.0,4,False,6420.142,STR,18,6295.943,None,6330.313,6395.922,6420.195,246.0,242.0,127.0,248.0,True,Aston Martin,6273.729,2026-03-29T05:54:51.097000000,False,None,False,False,6286.968,18.5,51.8,1011.7,False,32.8,120,1.5,Japanese Grand Prix
148.043,26,MEDIUM,3,52.61,65.132,30.301,0.0,0.0,0.0,2,19.0,4,False,6568.185,STR,18,None,None,6472.805,6537.937,6568.238,125.0,185.0,122.0,215.0,True,Aston Martin,6420.142,2026-03-29T05:57:17.510000000,False,None,False,False,6406.972,18.5,50.7,1011.7,False,32.3,106,2.0,Japanese Grand Prix
130.846,27,MEDIUM,3,45.555,60.6,24.691,700000000.0,0.0,0.0,3,19.0,41,False,6699.031,STR,18,None,None,6613.793,6674.393,6699.084,194.0,136.0,274.0,162.0,True,Aston Martin,6568.185,2026-03-29T05:59:45.553000000,False,None,False,False,6586.973,18.3,50.5,1011.7,False,32.2,136,2.5,Japanese Grand Prix
97.515,28,MEDIUM,3,36.015,43.121,18.379,700010000.0,110100.0,1000101.0,4,19.0,1,True,6796.546,STR,18,None,None,6735.099,6778.22,6796.599,252.0,319.0,276.0,282.0,True,Aston Martin,6699.031,2026-03-29T06:01:56.399000000,False,None,False,True,6706.975,18.3,47.7,1011.7,False,32.3,122,2.3,Japanese Grand Prix
97.217,29,MEDIUM,3,35.981,42.879,18.357,700100000.0,10000100.0,0.0,5,19.0,1,True,6893.763,STR,18,None,None,6832.58,6875.459,6893.816,247.0,318.0,275.0,280.0,True,Aston Martin,6796.546,2026-03-29T06:03:33.914000000,False,None,False,True,6826.974,18.4,48.2,1011.7,False,32.4,132,2.6,Japanese Grand Prix
100.631,30,MEDIUM,3,35.698,43.267,21.666,700000000.0,0.0,555.0,6,20.0,1,False,6994.394,STR,18,None,6993.07,6929.514,6972.781,6994.447,249.0,317.0,None,278.0,True,Aston Martin,6893.763,2026-03-29T06:05:11.131000000,False,None,False,False,6886.976,18.4,47.6,1011.7,False,32.1,135,0.8,Japanese Grand Prix
101.273,1,MEDIUM,1,,43.038,18.111,11111111.0,11111111111.0,1111111.0,1,10.0,1,False,3926.237,VER,3,None,None,None,3908.268,3926.378,257.0,325.0,274.0,289.0,True,Red Bull Racing,3824.711,2026-03-29T05:14:02.079000000,False,None,False,False,3826.937,18.8,55.5,1011.7,False,36.7,124,2.1,Japanese Grand Prix
96.628,2,MEDIUM,1,35.473,42.663,18.492,111111111.0,11301100001.0,10000.0,2,9.0,1,True,4022.865,VER,3,None,None,3961.75,4004.413,4022.905,261.0,325.0,261.0,287.0,True,Red Bull Racing,3926.237,2026-03-29T05:15:43.605000000,False,None,False,True,3946.939,18.9,54.3,1011.7,False,36.7,143,1.5,Japanese Grand Prix
95.854,3,MEDIUM,1,35.305,42.498,18.051,1111111.0,11010001100.0,110011.0,3,9.0,1,True,4118.719,VER,3,None,None,4058.21,4100.708,4118.759,262.0,322.0,278.0,286.0,True,Red Bull Racing,4022.865,2026-03-29T05:17:20.233000000,False,None,False,True,4066.945,18.9,54.5,1011.7,False,36.0,112,2.1,Japanese Grand Prix
95.867,4,MEDIUM,1,35.056,42.81,18.001,111000001.0,0.0,10001.0,4,9.0,1,False,4214.586,VER,3,None,None,4153.815,4196.625,4214.626,268.0,325.0,280.0,287.0,True,Red Bull Racing,4118.719,2026-03-29T05:18:56.087000000,False,None,False,True,4126.951,19.0,54.0,1011.8,False,36.5,104,0.4,Japanese Grand Prix
96.922,5,MEDIUM,1,35.458,42.643,18.821,710000000.0,1300010000.0,1000.0,5,8.0,1,False,4311.508,VER,3,None,None,4250.084,4292.727,4311.548,261.0,293.0,261.0,272.0,True,Red Bull Racing,4214.586,2026-03-29T05:20:31.954000000,False,None,False,True,4246.946,19.1,53.2,1011.8,False,36.4,128,2.3,Japanese Grand Prix
96.551,6,MEDIUM,1,35.563,42.653,18.335,110.0,11010001000.0,0.0,6,8.0,1,False,4408.059,VER,3,None,None,4347.111,4389.764,4408.099,258.0,313.0,269.0,278.0,True,Red Bull Racing,4311.508,2026-03-29T05:22:08.876000000,False,None,False,True,4306.945,19.2,52.0,1011.8,False,36.0,95,1.4,Japanese Grand Prix
96.067,7,MEDIUM,1,35.268,42.598,18.201,700000100.0,10000000000.0,0.0,7,8.0,1,False,4504.126,VER,3,None,None,4443.367,4485.965,4504.166,261.0,314.0,274.0,280.0,True,Red Bull Racing,4408.059,2026-03-29T05:23:45.427000000,False,None,False,True,4426.948,19.1,51.3,1011.8,False,35.7,130,1.3,Japanese Grand Prix
95.725,8,MEDIUM,1,35.14,42.393,18.192,701000010.0,1100.0,10000.0,8,8.0,1,True,4599.851,VER,3,None,None,4539.306,4581.699,4599.891,264.0,313.0,273.0,277.0,True,Red Bull Racing,4504.126,2026-03-29T05:25:21.494000000,False,None,False,True,4546.949,19.0,51.7,1011.8,False,35.3,144,2.7,Japanese Grand Prix
95.848,9,MEDIUM,1,35.198,42.48,18.17,701000100.0,11000000000.0,0.0,9,8.0,1,False,4695.699,VER,3,None,None,4635.089,4677.569,4695.739,262.0,314.0,276.0,278.0,True,Red Bull Racing,4599.851,2026-03-29T05:26:57.219000000,False,None,False,True,4606.955,19.1,51.2,1011.7,False,34.6,120,2.3,Japanese Grand Prix
95.727,10,MEDIUM,1,35.185,42.363,18.179,700000000.0,1000.0,10.0,10,8.0,1,False,4791.426,VER,3,None,None,4730.924,4773.287,4791.466,264.0,314.0,277.0,278.0,True,Red Bull Racing,4695.699,2026-03-29T05:28:33.067000000,False,None,False,True,4726.95,19.0,51.2,1011.8,False,34.6,126,2.0,Japanese Grand Prix
95.63,11,MEDIUM,1,35.108,42.365,18.157,701000000.0,0.0,10.0,11,8.0,1,True,4887.056,VER,3,None,None,4826.574,4868.939,4887.096,264.0,315.0,277.0,279.0,True,Red Bull Racing,4791.426,2026-03-29T05:30:08.794000000,False,None,False,True,4786.951,19.1,50.7,1011.7,False,34.0,142,1.5,Japanese Grand Prix
95.699,12,MEDIUM,1,35.114,42.493,18.092,701000000.0,0.0,0.0,12,8.0,1,False,4982.755,VER,3,None,None,4922.21,4964.703,4982.795,263.0,318.0,277.0,281.0,True,Red Bull Racing,4887.056,2026-03-29T05:31:44.424000000,False,None,False,True,4906.957,19.1,50.5,1011.9,False,33.7,82,1.3,Japanese Grand Prix
95.755,13,MEDIUM,1,35.148,42.377,18.23,701000000.0,10000000000.0,0.0,13,8.0,1,False,5078.51,VER,3,None,None,5017.943,5060.32,5078.55,263.0,317.0,277.0,279.0,True,Red Bull Racing,4982.755,2026-03-29T05:33:20.123000000,False,None,False,True,5026.956,19.0,50.6,1011.8,False,33.8,151,2.0,Japanese Grand Prix
95.773,14,MEDIUM,1,35.216,42.33,18.227,701000000.0,1000000000.0,0.0,14,8.0,1,False,5174.283,VER,3,None,None,5113.766,5156.096,5174.323,263.0,317.0,278.0,280.0,True,Red Bull Racing,5078.51,2026-03-29T05:34:55.878000000,False,None,False,True,5086.955,19.0,50.6,1011.8,False,33.6,56,1.2,Japanese Grand Prix
95.652,15,MEDIUM,1,35.161,42.323,18.168,700000000.0,1000000.0,0.0,15,8.0,1,False,5269.935,VER,3,None,None,5209.484,5251.807,5269.975,266.0,316.0,276.0,280.0,True,Red Bull Racing,5174.283,2026-03-29T05:36:31.651000000,False,None,False,True,5206.955,18.8,51.4,1011.6,False,33.2,98,1.2,Japanese Grand Prix
95.587,16,MEDIUM,1,35.182,42.293,18.112,700000000.0,1000000.0,10.0,16,8.0,1,True,5365.522,VER,3,None,None,5305.157,5347.45,5365.562,266.0,317.0,277.0,280.0,True,Red Bull Racing,5269.935,2026-03-29T05:38:07.303000000,False,None,False,True,5266.957,18.8,50.8,1011.8,False,33.4,44,0.7,Japanese Grand Prix
95.535,17,MEDIUM,1,35.183,42.225,18.127,700000000.0,1000000000.0,10.0,17,7.0,1,True,5461.057,VER,3,None,None,5400.745,5442.97,5461.097,267.0,317.0,277.0,279.0,True,Red Bull Racing,5365.522,2026-03-29T05:39:42.890000000,False,None,False,True,5386.956,18.9,47.8,1011.8,False,32.9,133,2.6,Japanese Grand Prix
95.608,18,MEDIUM,1,35.281,42.174,18.153,700000000.0,1001000000.0,10.0,18,6.0,1,False,5556.665,VER,3,None,None,5496.378,5538.552,5556.705,263.0,319.0,278.0,279.0,True,Red Bull Racing,5461.057,2026-03-29T05:41:18.425000000,False,None,False,True,5506.96,18.8,48.7,1011.7,False,32.8,100,1.3,Japanese Grand Prix
95.587,19,MEDIUM,1,35.158,42.259,18.17,700000000.0,1000000.0,0.0,19,5.0,1,False,5652.252,VER,3,None,None,5591.863,5634.122,5652.292,264.0,318.0,277.0,281.0,True,Red Bull Racing,5556.665,2026-03-29T05:42:54.033000000,False,None,False,True,5566.954,18.8,48.5,1011.7,False,32.2,24,1.7,Japanese Grand Prix
95.6,20,MEDIUM,1,35.168,42.207,18.225,700000000.0,0.0,0.0,20,5.0,1,False,5747.852,VER,3,None,None,5687.46,5729.667,5747.892,266.0,319.0,278.0,281.0,True,Red Bull Racing,5652.252,2026-03-29T05:44:29.620000000,False,None,False,True,5686.962,18.7,49.2,1011.7,False,32.7,131,2.2,Japanese Grand Prix
96.124,21,MEDIUM,1,35.756,42.291,18.077,700000000.0,1000000.0,11.0,21,6.0,1,False,5843.976,VER,3,None,None,5783.648,5825.939,5844.016,266.0,324.0,279.0,286.0,True,Red Bull Racing,5747.852,2026-03-29T05:46:05.220000000,False,None,False,True,5806.966,18.6,49.9,1011.7,False,32.6,116,0.9,Japanese Grand Prix
121.756,22,MEDIUM,1,38.435,58.973,24.348,700000000.0,0.0,555.0,22,6.0,124,False,5965.732,VER,3,None,5964.38,5882.451,5941.424,5965.772,177.0,292.0,None,239.0,True,Red Bull Racing,5843.976,2026-03-29T05:47:41.344000000,False,None,False,False,5866.963,18.6,50.4,1011.6,False,32.9,163,0.7,Japanese Grand Prix
145.562,23,HARD,2,63.647,58.232,23.683,550000000.0,0.0,0.0,1,8.0,4,False,6111.294,VER,3,5988.789,None,6029.419,6087.651,6111.334,236.0,252.0,238.0,253.0,True,Red Bull Racing,5965.732,2026-03-29T05:49:43.100000000,False,None,False,False,5986.965,18.5,51.5,1011.7,False,32.7,107,0.4,Japanese Grand Prix
146.013,24,HARD,2,48.199,73.008,24.806,0.0,0.0,0.0,2,8.0,4,False,6257.307,VER,3,None,None,6159.533,6232.541,6257.347,191.0,247.0,230.0,257.0,True,Red Bull Racing,6111.294,2026-03-29T05:52:08.662000000,False,None,False,False,6166.968,18.5,51.1,1011.7,False,32.9,121,1.3,Japanese Grand Prix
150.045,25,HARD,2,50.008,73.46,26.577,700000000.0,0.0,0.0,3,8.0,4,False,6407.348,VER,3,None,None,6307.487,6380.836,6407.542,155.0,249.0,152.0,145.0,True,Red Bull Racing,6257.307,2026-03-29T05:54:34.675000000,False,None,False,False,6286.968,18.5,51.8,1011.7,False,32.8,120,1.5,Japanese Grand Prix
147.257,26,HARD,2,54.122,64.525,28.61,700000000.0,0.0,0.0,4,8.0,4,False,6554.605,VER,3,None,None,6461.51,6526.035,6554.645,180.0,243.0,202.0,173.0,True,Red Bull Racing,6407.348,2026-03-29T05:57:04.716000000,False,None,False,False,6406.972,18.5,50.7,1011.7,False,32.3,106,2.0,Japanese Grand Prix
139.224,27,HARD,2,47.819,63.631,27.774,700000000.0,0.0,0.0,5,8.0,41,False,6693.829,VER,3,None,None,6602.464,6666.095,6693.869,229.0,138.0,273.0,146.0,True,Red Bull Racing,6554.605,2026-03-29T05:59:31.973000000,False,None,False,False,6586.973,18.3,50.5,1011.7,False,32.2,136,2.5,Japanese Grand Prix
96.011,28,HARD,2,35.822,42.075,18.114,110000000.0,31000111.0,1001111.0,6,8.0,1,False,6789.84,VER,3,None,None,6729.691,6771.766,6789.88,258.0,332.0,286.0,293.0,True,Red Bull Racing,6693.829,2026-03-29T06:01:51.197000000,False,None,False,True,6706.975,18.3,47.7,1011.7,False,32.3,122,2.3,Japanese Grand Prix
94.141,29,HARD,2,34.434,41.754,17.953,700000111.0,1000000111.0,1100000.0,7,8.0,1,True,6883.981,VER,3,None,None,6824.314,6866.068,6884.021,269.0,334.0,272.0,305.0,True,Red Bull Racing,6789.84,2026-03-29T06:03:27.208000000,False,None,False,True,6826.974,18.4,48.2,1011.7,False,32.4,132,2.6,Japanese Grand Prix
94.752,30,HARD,2,34.815,41.938,17.999,110100.0,1.0,0.0,8,8.0,1,False,6978.733,VER,3,None,None,6918.836,6960.774,6978.773,267.0,335.0,285.0,295.0,True,Red Bull Racing,6883.981,2026-03-29T06:05:01.349000000,False,None,False,True,6886.976,18.4,47.6,1011.7,False,32.1,135,0.8,Japanese Grand Prix
94.295,31,HARD,2,34.448,41.837,18.01,700010100.0,100.0,0.0,9,8.0,1,False,7073.028,VER,3,None,None,7013.221,7055.058,7073.068,268.0,330.0,281.0,290.0,True,Red Bull Racing,6978.733,2026-03-29T06:06:36.101000000,False,None,False,True,7006.979,18.4,49.7,1011.7,False,32.0,129,1.9,Japanese Grand Prix
94.128,32,HARD,2,34.441,41.692,17.995,700011100.0,1000001000.0,0.0,10,8.0,1,True,7167.156,VER,3,None,None,7107.509,7149.201,7167.196,267.0,329.0,281.0,290.0,True,Red Bull Racing,7073.028,2026-03-29T06:08:10.396000000,False,None,False,True,7126.981,18.5,50.7,1011.6,False,32.0,133,2.0,Japanese Grand Prix
93.925,33,HARD,2,34.545,41.563,17.817,700000001.0,1100.0,0.0,11,8.0,1,True,7261.081,VER,3,None,None,7201.741,7243.304,7261.121,269.0,331.0,284.0,291.0,True,Red Bull Racing,7167.156,2026-03-29T06:09:44.524000000,False,None,False,True,7186.981,18.5,50.0,1011.7,False,31.5,140,1.1,Japanese Grand Prix
93.841,34,HARD,2,34.33,41.606,17.905,701010000.0,1000000000.0,10.0,12,8.0,1,True,7354.922,VER,3,None,None,7295.451,7337.057,7354.962,268.0,332.0,282.0,293.0,True,Red Bull Racing,7261.081,2026-03-29T06:11:18.449000000,False,None,False,True,7306.992,18.5,51.0,1011.6,False,31.4,113,1.2,Japanese Grand Prix
93.861,35,HARD,2,34.372,41.535,17.954,700000011.0,1000.0,0.0,13,8.0,1,False,7448.783,VER,3,None,None,7389.334,7430.869,7448.823,269.0,332.0,284.0,292.0,True,Red Bull Racing,7354.922,2026-03-29T06:12:52.290000000,False,None,False,True,7366.98,18.3,51.1,1011.6,False,31.4,154,2.4,Japanese Grand Prix
93.97,36,HARD,2,34.352,41.671,17.947,700000100.0,0.0,11.0,14,8.0,1,False,7542.753,VER,3,None,None,7483.175,7524.846,7542.793,269.0,332.0,285.0,292.0,True,Red Bull Racing,7448.783,2026-03-29T06:14:26.151000000,False,None,False,True,7486.983,18.1,52.4,1011.7,False,31.1,170,0.8,Japanese Grand Prix
93.852,37,HARD,2,34.399,41.527,17.926,700000010.0,0.0,0.0,15,8.0,1,False,7636.605,VER,3,None,None,7577.192,7618.719,7636.645,269.0,332.0,284.0,292.0,True,Red Bull Racing,7542.753,2026-03-29T06:16:00.121000000,False,None,False,True,7546.988,18.0,53.7,1011.6,False,31.0,138,1.5,Japanese Grand Prix
94.052,38,HARD,2,34.373,41.678,18.001,700000001.0,0.0,0.0,16,8.0,1,False,7730.657,VER,3,None,None,7671.018,7712.696,7730.697,270.0,333.0,285.0,292.0,True,Red Bull Racing,7636.605,2026-03-29T06:17:33.973000000,False,None,False,True,7666.984,17.9,55.6,1011.6,False,30.7,88,0.8,Japanese Grand Prix
94.139,39,HARD,2,34.307,41.796,18.036,700000100.0,1000000000.0,0.0,17,8.0,1,False,7824.796,VER,3,None,None,7765.004,7806.8,7824.836,269.0,318.0,284.0,284.0,True,Red Bull Racing,7730.657,2026-03-29T06:19:08.025000000,False,None,False,True,7726.986,17.9,55.8,1011.7,False,31.1,119,1.8,Japanese Grand Prix
93.988,40,HARD,2,34.119,41.737,18.132,701001000.0,1000000000.0,0.0,18,8.0,1,False,7918.784,VER,3,None,None,7858.955,7900.692,7918.824,269.0,311.0,284.0,281.0,True,Red Bull Racing,7824.796,2026-03-29T06:20:42.164000000,False,None,False,True,7846.99,17.8,55.5,1011.6,False,31.0,167,1.0,Japanese Grand Prix
93.552,41,HARD,2,34.037,41.637,17.878,700000000.0,0.0,0.0,19,8.0,1,True,8012.336,VER,3,None,None,7952.861,7994.498,8012.376,269.0,327.0,282.0,289.0,True,Red Bull Racing,7918.784,2026-03-29T06:22:16.152000000,False,None,False,True,7966.994,17.8,55.7,1011.6,False,30.7,140,0.6,Japanese Grand Prix
93.706,42,HARD,2,34.322,41.537,17.847,700000100.0,11000001000.0,10.0,20,8.0,1,False,8106.042,VER,3,None,None,8046.698,8088.235,8106.082,267.0,328.0,283.0,288.0,True,Red Bull Racing,8012.336,2026-03-29T06:23:49.704000000,False,None,False,True,8026.998,18.1,55.4,1011.6,False,30.6,153,2.5,Japanese Grand Prix
94.147,43,HARD,2,34.453,41.674,18.02,700000000.0,0.0,0.0,21,8.0,1,False,8200.189,VER,3,None,None,8140.535,8182.209,8200.229,269.0,332.0,283.0,290.0,True,Red Bull Racing,8106.042,2026-03-29T06:25:23.410000000,False,None,False,True,8146.993,17.9,57.1,1011.7,False,30.4,140,0.9,Japanese Grand Prix
94.215,44,HARD,2,34.38,41.583,18.252,700000001.0,1000000.0,0.0,22,8.0,1,False,8294.404,VER,3,None,None,8234.609,8276.192,8294.444,270.0,334.0,283.0,293.0,True,Red Bull Racing,8200.189,2026-03-29T06:26:57.557000000,False,None,False,True,8207.003,17.9,57.3,1011.7,False,30.5,9,0.5,Japanese Grand Prix
94.346,45,HARD,2,34.581,41.61,18.155,700000001.0,1000.0,0.0,23,8.0,1,False,8388.75,VER,3,None,None,8329.025,8370.635,8388.79,271.0,332.0,283.0,290.0,True,Red Bull Racing,8294.404,2026-03-29T06:28:31.772000000,False,None,False,True,8326.995,18.0,56.5,1011.7,False,30.9,129,1.1,Japanese Grand Prix
93.911,46,HARD,2,34.288,41.644,17.979,700000000.0,0.0,0.0,24,8.0,1,False,8482.661,VER,3,None,None,8423.078,8464.722,8482.701,271.0,331.0,284.0,290.0,True,Red Bull Racing,8388.75,2026-03-29T06:30:06.118000000,False,None,False,True,8386.994,18.0,56.6,1011.7,False,29.6,83,2.0,Japanese Grand Prix
93.886,47,HARD,2,34.46,41.453,17.973,700010000.0,10000000000.0,0.0,25,8.0,1,False,8576.547,VER,3,None,None,8517.161,8558.614,8576.587,269.0,332.0,285.0,291.0,True,Red Bull Racing,8482.661,2026-03-29T06:31:40.029000000,False,None,False,True,8507.001,17.9,57.4,1011.8,False,30.8,91,0.8,Japanese Grand Prix
93.704,48,HARD,2,34.278,41.474,17.952,700000001.0,1.0,1100000.0,26,7.0,1,False,8670.251,VER,3,None,None,8610.865,8652.339,8670.291,271.0,346.0,269.0,298.0,True,Red Bull Racing,8576.547,2026-03-29T06:33:13.915000000,False,None,False,True,8627.007,17.9,57.3,1011.8,False,30.2,81,1.3,Japanese Grand Prix
95.043,49,HARD,2,35.253,41.84,17.95,700000000.0,0.0,0.0,27,8.0,1,False,8765.294,VER,3,None,None,8705.544,8747.384,8765.334,268.0,328.0,283.0,288.0,True,Red Bull Racing,8670.251,2026-03-29T06:34:47.619000000,False,None,False,True,8687.017,17.9,57.8,1011.7,False,30.9,110,0.9,Japanese Grand Prix
93.921,50,HARD,2,34.453,41.502,17.966,700000000.0,1000.0,10.0,28,8.0,1,False,8859.215,VER,3,None,None,8799.787,8841.289,8859.255,269.0,329.0,284.0,290.0,True,Red Bull Racing,8765.294,2026-03-29T06:36:22.662000000,False,None,False,True,8807.046,18.0,57.9,1011.7,False,30.6,128,1.5,Japanese Grand Prix
93.845,51,HARD,2,34.374,41.584,17.887,700000001.0,0.0,11.0,29,8.0,1,False,8953.06,VER,3,None,None,8893.629,8935.213,8953.1,271.0,332.0,286.0,291.0,True,Red Bull Racing,8859.215,2026-03-29T06:37:56.583000000,False,None,False,True,8867.045,17.8,59.2,1011.8,False,30.2,113,1.9,Japanese Grand Prix
93.973,52,HARD,2,34.319,41.472,18.182,700000001.0,0.0,1.0,30,8.0,1,False,9047.033,VER,3,None,None,8987.419,9028.891,9047.073,273.0,334.0,286.0,292.0,True,Red Bull Racing,8953.06,2026-03-29T06:39:30.428000000,False,None,False,True,8987.049,17.6,59.8,1011.8,False,30.0,107,1.5,Japanese Grand Prix
94.007,53,HARD,2,34.43,41.581,17.996,700000000.0,0.0,1000000.0,31,8.0,1,False,9141.04,VER,3,None,None,9081.503,9123.084,9141.08,271.0,344.0,273.0,300.0,True,Red Bull Racing,9047.033,2026-03-29T06:41:04.401000000,False,None,False,True,9047.054,17.4,61.3,1011.8,False,29.9,122,1.8,Japanese Grand Prix
