time,lap,compound,stint,s1,s2,s3,ms1,ms2,ms3,life,pos,status,pb,sesT,drv,dNum,pout,pin,s1T,s2T,s3T,vi1,vi2,vfl,vst,fresh,team,lST,lSD,del,delR,ff1G,iacc,wT,wAT,wH,wP,wR,wTT,wWD,wWS,race
105.225,1,MEDIUM,1,,44.394,18.51,11111111.0,11111111111.0,1111111.0,1,17.0,1,False,3930.189,ALB,23,None,None,None,3911.857,3930.398,233.0,333.0,266.0,287.0,True,Williams,3824.711,2026-03-29T05:14:02.079000000,False,None,False,False,3826.937,18.8,55.5,1011.7,False,36.7,124,2.1,Japanese Grand Prix
97.418,2,MEDIUM,1,36.274,42.995,18.149,111111111.0,11110011110.0,1111111.0,2,17.0,1,True,4027.607,ALB,23,None,None,3966.496,4009.491,4027.64,259.0,326.0,276.0,291.0,True,Williams,3930.189,2026-03-29T05:15:47.557000000,False,None,False,True,3946.939,18.9,54.3,1011.7,False,36.7,143,1.5,Japanese Grand Prix
97.464,3,MEDIUM,1,35.871,43.24,18.353,711111000.0,10011.0,1100000.0,3,17.0,1,False,4125.071,ALB,23,None,None,4063.511,4106.751,4125.104,259.0,335.0,262.0,304.0,True,Williams,4027.607,2026-03-29T05:17:24.975000000,False,None,False,True,4066.945,18.9,54.5,1011.7,False,36.0,112,2.1,Japanese Grand Prix
98.076,4,MEDIUM,1,36.825,43.011,18.24,1001.0,11100001100.0,111.0,4,18.0,1,False,4223.147,ALB,23,None,None,4161.929,4204.94,4223.18,260.0,325.0,280.0,292.0,True,Williams,4125.071,2026-03-29T05:19:02.439000000,False,None,False,True,4126.951,19.0,54.0,1011.8,False,36.5,104,0.4,Japanese Grand Prix
96.796,5,MEDIUM,1,35.721,42.832,18.243,110000011.0,11101000000.0,100000.0,5,18.0,1,True,4319.943,ALB,23,None,None,4258.901,4301.733,4319.976,263.0,327.0,278.0,296.0,True,Williams,4223.147,2026-03-29T05:20:40.515000000,False,None,False,True,4246.946,19.1,53.2,1011.8,False,36.4,128,2.3,Japanese Grand Prix
97.307,6,MEDIUM,1,35.804,43.07,18.433,1000001.0,10000000000.0,11.0,6,18.0,1,False,4417.25,ALB,23,None,None,4355.78,4398.85,4417.283,265.0,328.0,280.0,295.0,True,Williams,4319.943,2026-03-29T05:22:17.311000000,False,None,False,True,4306.945,19.2,52.0,1011.8,False,36.0,95,1.4,Japanese Grand Prix
97.545,7,MEDIUM,1,36.081,43.171,18.293,700000000.0,0.0,0.0,7,18.0,1,False,4514.795,ALB,23,None,None,4453.364,4496.535,4514.828,263.0,330.0,278.0,296.0,True,Williams,4417.25,2026-03-29T05:23:54.618000000,False,None,False,True,4426.948,19.1,51.3,1011.8,False,35.7,130,1.3,Japanese Grand Prix
97.437,8,MEDIUM,1,35.891,43.078,18.468,700000001.0,10101010000.0,0.0,8,18.0,1,False,4612.232,ALB,23,None,None,4550.719,4593.797,4612.265,270.0,328.0,278.0,292.0,True,Williams,4514.795,2026-03-29T05:25:32.163000000,False,None,False,True,4546.949,19.0,51.7,1011.8,False,35.3,144,2.7,Japanese Grand Prix
97.212,9,MEDIUM,1,35.852,43.091,18.269,700000000.0,11000001000.0,100000.0,9,18.0,1,False,4709.444,ALB,23,None,None,4648.117,4691.208,4709.477,262.0,320.0,278.0,287.0,True,Williams,4612.232,2026-03-29T05:27:09.600000000,False,None,False,True,4606.955,19.1,51.2,1011.7,False,34.6,120,2.3,Japanese Grand Prix
97.235,10,MEDIUM,1,35.788,43.127,18.32,700000000.0,1000.0,10.0,10,18.0,1,False,4806.679,ALB,23,None,None,4745.265,4788.392,4806.712,259.0,318.0,278.0,287.0,True,Williams,4709.444,2026-03-29T05:28:46.812000000,False,None,False,True,4726.95,19.0,51.2,1011.8,False,34.6,126,2.0,Japanese Grand Prix
97.028,11,MEDIUM,1,35.97,42.814,18.244,701000000.0,11000000000.0,10010.0,11,18.0,1,False,4903.707,ALB,23,None,None,4842.682,4885.496,4903.74,263.0,315.0,278.0,285.0,True,Williams,4806.679,2026-03-29T05:30:24.047000000,False,None,False,True,4786.951,19.1,50.7,1011.7,False,34.0,142,1.5,Japanese Grand Prix
97.058,12,MEDIUM,1,35.943,42.878,18.237,701000000.0,100.0,111.0,12,18.0,1,False,5000.765,ALB,23,None,None,4939.683,4982.561,5000.798,258.0,315.0,280.0,285.0,True,Williams,4903.707,2026-03-29T05:32:01.075000000,False,None,False,True,4906.957,19.1,50.5,1011.9,False,33.7,82,1.3,Japanese Grand Prix
96.733,13,MEDIUM,1,35.851,42.676,18.206,700000000.0,10000001100.0,0.0,13,18.0,1,True,5097.498,ALB,23,None,None,5036.649,5079.325,5097.531,266.0,318.0,279.0,287.0,True,Williams,5000.765,2026-03-29T05:33:38.133000000,False,None,False,True,5026.956,19.0,50.6,1011.8,False,33.8,151,2.0,Japanese Grand Prix
97.146,14,MEDIUM,1,35.921,42.896,18.329,700001000.0,0.0,10.0,14,18.0,1,False,5194.644,ALB,23,None,None,5133.452,5176.348,5194.677,264.0,313.0,279.0,284.0,True,Williams,5097.498,2026-03-29T05:35:14.866000000,False,None,False,True,5086.955,19.0,50.6,1011.8,False,33.6,56,1.2,Japanese Grand Prix
96.948,15,MEDIUM,1,35.916,42.768,18.264,700000000.0,0.0,1.0,15,18.0,1,False,5291.592,ALB,23,None,None,5230.593,5273.361,5291.625,268.0,314.0,279.0,286.0,True,Williams,5194.644,2026-03-29T05:36:52.012000000,False,None,False,True,5206.955,18.8,51.4,1011.6,False,33.2,98,1.2,Japanese Grand Prix
96.879,16,MEDIUM,1,35.857,42.795,18.227,700000000.0,1100001000.0,1.0,16,18.0,1,False,5388.471,ALB,23,None,None,5327.482,5370.277,5388.504,266.0,313.0,280.0,285.0,True,Williams,5291.592,2026-03-29T05:38:28.960000000,False,None,False,True,5266.957,18.8,50.8,1011.8,False,33.4,44,0.7,Japanese Grand Prix
96.78,17,MEDIUM,1,35.894,42.691,18.195,700000000.0,1000000.0,111.0,17,17.0,1,False,5485.251,ALB,23,None,None,5424.398,5467.089,5485.284,262.0,315.0,280.0,284.0,True,Williams,5388.471,2026-03-29T05:40:05.839000000,False,None,False,True,5386.956,18.9,47.8,1011.8,False,32.9,133,2.6,Japanese Grand Prix
96.992,18,MEDIUM,1,35.912,42.701,18.379,700000000.0,10000000100.0,0.0,18,16.0,1,False,5582.243,ALB,23,None,None,5521.196,5563.897,5582.276,266.0,312.0,278.0,283.0,True,Williams,5485.251,2026-03-29T05:41:42.619000000,False,None,False,True,5506.96,18.8,48.7,1011.7,False,32.8,100,1.3,Japanese Grand Prix
96.592,19,MEDIUM,1,35.81,42.515,18.267,700000001.0,10000000100.0,0.0,19,15.0,1,True,5678.835,ALB,23,None,None,5618.086,5660.601,5678.868,272.0,316.0,280.0,284.0,True,Williams,5582.243,2026-03-29T05:43:19.611000000,False,None,False,True,5566.954,18.8,48.5,1011.7,False,32.2,24,1.7,Japanese Grand Prix
96.812,20,MEDIUM,1,35.793,42.772,18.247,700001000.0,1000.0,11.0,20,13.0,1,False,5775.647,ALB,23,None,None,5714.661,5757.433,5775.68,261.0,314.0,280.0,283.0,True,Williams,5678.835,2026-03-29T05:44:56.203000000,False,None,False,True,5686.962,18.7,49.2,1011.7,False,32.7,131,2.2,Japanese Grand Prix
96.417,21,MEDIUM,1,35.615,42.544,18.258,700000000.0,1000001000.0,111.0,21,13.0,12,True,5872.064,ALB,23,None,None,5811.295,5853.839,5872.097,270.0,312.0,281.0,282.0,True,Williams,5775.647,2026-03-29T05:46:33.015000000,False,None,False,True,5806.966,18.6,49.9,1011.7,False,32.6,116,0.9,Japanese Grand Prix
131.647,22,MEDIUM,1,46.562,57.576,27.509,700000000.0,0.0,555.0,22,13.0,24,False,6003.711,ALB,23,None,6002.425,5918.659,5976.235,6003.744,213.0,293.0,None,185.0,True,Williams,5872.064,2026-03-29T05:48:09.432000000,False,None,False,False,5866.963,18.6,50.4,1011.6,False,32.9,163,0.7,Japanese Grand Prix
145.208,23,HARD,2,59.217,63.827,22.164,550000001.0,0.0,0.0,1,17.0,4,False,6148.919,ALB,23,6027.02,None,6062.961,6126.788,6148.952,277.0,301.0,268.0,275.0,True,Williams,6003.711,2026-03-29T05:50:21.079000000,False,None,False,False,5986.965,18.5,51.5,1011.7,False,32.7,107,0.4,Japanese Grand Prix
120.292,24,HARD,2,37.861,58.086,24.345,1.0,0.0,0.0,2,17.0,4,False,6269.211,ALB,23,None,None,6186.813,6244.899,6269.244,278.0,278.0,250.0,268.0,True,Williams,6148.919,2026-03-29T05:52:46.287000000,False,None,False,False,6166.968,18.5,51.1,1011.7,False,32.9,121,1.3,Japanese Grand Prix
148.665,25,HARD,2,46.827,76.012,25.826,700000000.0,0.0,0.0,3,17.0,4,False,6417.876,ALB,23,None,None,6316.071,6392.083,6417.909,132.0,270.0,184.0,256.0,True,Williams,6269.211,2026-03-29T05:54:46.579000000,False,None,False,False,6286.968,18.5,51.8,1011.7,False,32.8,120,1.5,Japanese Grand Prix
147.78,26,HARD,2,52.919,64.95,29.911,700000000.0,0.0,0.0,4,17.0,4,False,6565.656,ALB,23,None,None,6470.828,6535.778,6565.689,138.0,152.0,121.0,249.0,True,Williams,6417.876,2026-03-29T05:57:15.244000000,False,None,False,False,6406.972,18.5,50.7,1011.7,False,32.3,106,2.0,Japanese Grand Prix
132.369,27,HARD,2,46.393,60.197,25.779,700000000.0,0.0,0.0,5,17.0,41,False,6698.025,ALB,23,None,None,6612.082,6672.279,6698.058,170.0,171.0,280.0,143.0,True,Williams,6565.656,2026-03-29T05:59:43.024000000,False,None,False,False,6586.973,18.3,50.5,1011.7,False,32.2,136,2.5,Japanese Grand Prix
96.86,28,HARD,2,35.823,42.815,18.222,110000001.0,1000010.0,0.0,6,17.0,1,False,6794.885,ALB,23,None,None,6733.881,6776.696,6794.918,278.0,321.0,279.0,292.0,True,Williams,6698.025,2026-03-29T06:01:55.393000000,False,None,False,True,6706.975,18.3,47.7,1011.7,False,32.3,122,2.3,Japanese Grand Prix
96.092,29,HARD,2,35.552,42.35,18.19,11.0,1010010.0,1011.0,7,17.0,1,True,6890.977,ALB,23,None,None,6830.47,6872.82,6891.01,281.0,330.0,285.0,298.0,True,Williams,6794.885,2026-03-29T06:03:32.253000000,False,None,False,True,6826.974,18.4,48.2,1011.7,False,32.4,132,2.6,Japanese Grand Prix
96.762,30,HARD,2,36.217,42.383,18.162,100000000.0,10.0,0.0,8,17.0,1,False,6987.739,ALB,23,None,None,6927.227,6969.61,6987.772,277.0,326.0,284.0,291.0,True,Williams,6890.977,2026-03-29T06:05:08.345000000,False,None,False,True,6886.976,18.4,47.6,1011.7,False,32.1,135,0.8,Japanese Grand Prix
95.72,31,HARD,2,35.422,42.137,18.161,1000.0,1100000000.0,0.0,9,17.0,1,True,7083.459,ALB,23,None,None,7023.194,7065.331,7083.492,278.0,329.0,284.0,293.0,True,Williams,6987.739,2026-03-29T06:06:45.107000000,False,None,False,True,7006.979,18.4,49.7,1011.7,False,32.0,129,1.9,Japanese Grand Prix
95.909,32,HARD,2,35.605,42.195,18.109,700000000.0,10000100.0,0.0,10,17.0,1,False,7179.368,ALB,23,None,None,7119.097,7161.292,7179.401,270.0,325.0,284.0,293.0,True,Williams,7083.459,2026-03-29T06:08:20.827000000,False,None,False,True,7126.981,18.5,50.7,1011.6,False,32.0,133,2.0,Japanese Grand Prix
95.767,33,HARD,2,35.463,42.33,17.974,700000000.0,0.0,110000.0,11,17.0,1,False,7275.135,ALB,23,None,None,7214.864,7257.194,7275.168,269.0,323.0,277.0,292.0,True,Williams,7179.368,2026-03-29T06:09:56.736000000,False,None,False,True,7186.981,18.5,50.0,1011.7,False,31.5,140,1.1,Japanese Grand Prix
95.598,34,HARD,2,35.411,42.141,18.046,700110010.0,1000000100.0,1100.0,12,17.0,1,True,7370.733,ALB,23,None,None,7310.579,7352.72,7370.766,276.0,317.0,282.0,288.0,True,Williams,7275.135,2026-03-29T06:11:32.503000000,False,None,False,True,7306.992,18.5,51.0,1011.6,False,31.4,113,1.2,Japanese Grand Prix
95.207,35,HARD,2,34.992,42.196,18.019,700111110.0,1000.0,110.0,13,17.0,1,True,7465.94,ALB,23,None,None,7405.758,7447.954,7465.973,273.0,316.0,283.0,287.0,True,Williams,7370.733,2026-03-29T06:13:08.101000000,False,None,False,True,7366.98,18.3,51.1,1011.6,False,31.4,154,2.4,Japanese Grand Prix
95.138,36,HARD,2,35.008,42.054,18.076,700001000.0,1100000000.0,10.0,14,17.0,1,True,7561.078,ALB,23,None,None,7500.981,7543.035,7561.111,277.0,319.0,283.0,286.0,True,Williams,7465.94,2026-03-29T06:14:43.308000000,False,None,False,True,7486.983,18.1,52.4,1011.7,False,31.1,170,0.8,Japanese Grand Prix
95.464,37,HARD,2,35.158,42.131,18.175,701000010.0,1000000000.0,0.0,15,17.0,1,False,7656.542,ALB,23,None,None,7596.269,7638.4,7656.575,273.0,319.0,282.0,288.0,True,Williams,7561.078,2026-03-29T06:16:18.446000000,False,None,False,True,7546.988,18.0,53.7,1011.6,False,31.0,138,1.5,Japanese Grand Prix
95.086,38,HARD,2,34.896,42.013,18.177,700100000.0,1100000000.0,0.0,16,17.0,1,True,7751.628,ALB,23,None,None,7691.471,7733.484,7751.661,277.0,315.0,282.0,286.0,True,Williams,7656.542,2026-03-29T06:17:53.910000000,False,None,False,True,7666.984,17.9,55.6,1011.6,False,30.7,88,0.8,Japanese Grand Prix
95.036,39,HARD,2,34.822,42.103,18.111,701010000.0,1000.0,0.0,17,17.0,1,True,7846.664,ALB,23,None,None,7786.483,7828.586,7846.697,278.0,315.0,282.0,286.0,True,Williams,7751.628,2026-03-29T06:19:28.996000000,False,None,False,True,7726.986,17.9,55.8,1011.7,False,31.1,119,1.8,Japanese Grand Prix
94.969,40,HARD,2,34.929,41.929,18.111,700000000.0,0.0,0.0,18,17.0,1,True,7941.633,ALB,23,None,None,7881.626,7923.555,7941.666,279.0,316.0,282.0,285.0,True,Williams,7846.664,2026-03-29T06:21:04.032000000,False,None,False,True,7846.99,17.8,55.5,1011.6,False,31.0,167,1.0,Japanese Grand Prix
94.973,41,HARD,2,34.936,41.845,18.192,700000100.0,10100001000.0,100000.0,19,17.0,1,False,8036.606,ALB,23,None,None,7976.602,8018.447,8036.639,280.0,318.0,281.0,287.0,True,Williams,7941.633,2026-03-29T06:22:39.001000000,False,None,False,True,7966.994,17.8,55.7,1011.6,False,30.7,140,0.6,Japanese Grand Prix
95.7,42,HARD,2,35.227,42.229,18.244,700000000.0,10000000000.0,0.0,20,17.0,1,False,8132.306,ALB,23,None,None,8071.866,8114.095,8132.339,278.0,312.0,282.0,283.0,True,Williams,8036.606,2026-03-29T06:24:13.974000000,False,None,False,True,8026.998,18.1,55.4,1011.6,False,30.6,153,2.5,Japanese Grand Prix
95.195,43,HARD,2,35.07,41.994,18.131,700000000.0,0.0,10000.0,21,17.0,1,False,8227.501,ALB,23,None,None,8167.409,8209.403,8227.534,280.0,315.0,282.0,283.0,True,Williams,8132.306,2026-03-29T06:25:49.674000000,False,None,False,True,8146.993,17.9,57.1,1011.7,False,30.4,140,0.9,Japanese Grand Prix
95.263,44,HARD,2,34.97,42.028,18.265,700001000.0,1000000000.0,0.0,22,17.0,1,False,8322.764,ALB,23,None,None,8262.504,8304.532,8322.797,280.0,312.0,281.0,281.0,True,Williams,8227.501,2026-03-29T06:27:24.869000000,False,None,False,True,8207.003,17.9,57.3,1011.7,False,30.5,9,0.5,Japanese Grand Prix
97.604,45,HARD,2,35.167,41.922,20.515,700000000.0,100000000.0,10555.0,23,17.0,1,False,8420.368,ALB,23,None,8419.074,8357.964,8399.886,8420.401,280.0,313.0,None,282.0,True,Williams,8322.764,2026-03-29T06:29:00.132000000,False,None,False,False,8326.995,18.0,56.5,1011.7,False,30.9,129,1.1,Japanese Grand Prix
116.651,46,SOFT,3,54.718,41.642,20.291,550000110.0,1001000100.0,10555.0,1,18.0,1,False,8537.019,ALB,23,8442.087,8535.709,8475.119,8516.761,8537.052,278.0,312.0,None,280.0,True,Williams,8420.368,2026-03-29T06:30:37.736000000,False,None,False,False,8386.994,18.0,56.6,1011.7,False,29.6,83,2.0,Japanese Grand Prix
117.5,47,SOFT,4,55.384,41.689,20.427,750111100.0,3001000.0,555.0,2,19.0,1,False,8654.519,ALB,23,8559.712,8653.359,8592.436,8634.125,8654.552,262.0,313.0,None,280.0,False,Williams,8537.019,2026-03-29T06:32:34.387000000,False,None,False,False,8507.001,17.9,57.4,1011.8,False,30.8,91,0.8,Japanese Grand Prix
119.619,48,SOFT,5,57.76,41.527,20.332,750000000.0,1010001100.0,555.0,3,20.0,1,False,8774.138,ALB,23,8679.312,8772.839,8712.312,8753.839,8774.171,267.0,311.0,None,278.0,False,Williams,8654.519,2026-03-29T06:34:31.887000000,False,None,False,False,8627.007,17.9,57.3,1011.8,False,30.2,81,1.3,Japanese Grand Prix
127.219,49,SOFT,6,64.956,41.86,20.403,750000000.0,300000000.0,555.0,4,20.0,1,False,8901.357,ALB,23,8805.557,8900.148,8839.127,8880.987,8901.39,268.0,310.0,None,277.0,False,Williams,8774.138,2026-03-29T06:36:31.506000000,False,None,False,False,8687.017,17.9,57.8,1011.7,False,30.9,110,0.9,Japanese Grand Prix
118.65,50,MEDIUM,7,57.605,41.428,19.617,750100000.0,110100.0,3110.0,1,20.0,1,False,9020.007,ALB,23,8924.321,None,8958.995,9000.423,9020.04,280.0,327.0,283.0,286.0,True,Williams,8901.357,2026-03-29T06:38:38.725000000,False,None,False,False,8807.046,18.0,57.9,1011.7,False,30.6,128,1.5,Japanese Grand Prix
93.427,51,MEDIUM,7,34.368,41.228,17.831,110110.0,1000001100.0,110.0,2,20.0,1,True,9113.434,ALB,23,None,None,9054.408,9095.636,9113.467,262.0,319.0,283.0,283.0,True,Williams,9020.007,2026-03-29T06:40:37.375000000,False,None,False,True,8867.045,17.8,59.2,1011.8,False,30.2,113,1.9,Japanese Grand Prix
107.044,1,MEDIUM,1,,45.219,18.453,11111111.0,11111111111.0,1111111.0,1,20.0,1,False,3932.008,ALO,14,None,None,None,3913.738,3932.234,238.0,318.0,272.0,282.0,True,Aston Martin,3824.711,2026-03-29T05:14:02.079000000,False,None,False,False,3826.937,18.8,55.5,1011.7,False,36.7,124,2.1,Japanese Grand Prix
98.589,2,MEDIUM,1,36.281,43.758,18.55,111111111.0,11111111110.0,1110000.0,2,20.0,1,True,4030.597,ALO,14,None,None,3968.35,4012.108,4030.658,245.0,316.0,266.0,279.0,True,Aston Martin,3932.008,2026-03-29T05:15:49.376000000,False,None,False,True,3946.939,18.9,54.3,1011.7,False,36.7,143,1.5,Japanese Grand Prix
98.501,3,MEDIUM,1,36.233,43.723,18.545,1111111.0,10111001000.0,10110.0,3,20.0,1,True,4129.098,ALO,14,None,None,4066.891,4110.614,4129.159,248.0,312.0,268.0,277.0,True,Aston Martin,4030.597,2026-03-29T05:17:27.965000000,False,None,False,True,4066.945,18.9,54.5,1011.7,False,36.0,112,2.1,Japanese Grand Prix
98.517,4,MEDIUM,1,36.319,43.615,18.583,700101001.0,11100001100.0,100.0,4,20.0,1,False,4227.615,ALO,14,None,None,4165.478,4209.093,4227.676,249.0,312.0,268.0,275.0,True,Aston Martin,4129.098,2026-03-29T05:19:06.466000000,False,None,False,True,4126.951,19.0,54.0,1011.8,False,36.5,104,0.4,Japanese Grand Prix
98.528,5,MEDIUM,1,36.303,43.517,18.708,700010011.0,11010001000.0,0.0,5,20.0,1,False,4326.143,ALO,14,None,None,4263.979,4307.496,4326.204,249.0,309.0,268.0,274.0,True,Aston Martin,4227.615,2026-03-29T05:20:44.983000000,False,None,False,True,4246.946,19.1,53.2,1011.8,False,36.4,128,2.3,Japanese Grand Prix
98.652,6,MEDIUM,1,36.383,43.539,18.73,700000011.0,11010000000.0,0.0,6,20.0,1,False,4424.795,ALO,14,None,None,4362.587,4406.126,4424.856,249.0,306.0,268.0,271.0,True,Aston Martin,4326.143,2026-03-29T05:22:23.511000000,False,None,False,True,4306.945,19.2,52.0,1011.8,False,36.0,95,1.4,Japanese Grand Prix
98.592,7,MEDIUM,1,36.369,43.554,18.669,700100001.0,10000001100.0,10000.0,7,20.0,1,False,4523.387,ALO,14,None,None,4461.225,4504.779,4523.448,250.0,308.0,267.0,270.0,True,Aston Martin,4424.795,2026-03-29T05:24:02.163000000,False,None,False,True,4426.948,19.1,51.3,1011.8,False,35.7,130,1.3,Japanese Grand Prix
98.889,8,MEDIUM,1,37.0,43.352,18.537,700000000.0,11000010.0,1111.0,8,21.0,1,False,4622.276,ALO,14,None,None,4560.448,4603.8,4622.337,249.0,313.0,272.0,277.0,True,Aston Martin,4523.387,2026-03-29T05:25:40.755000000,False,None,False,True,4546.949,19.0,51.7,1011.8,False,35.3,144,2.7,Japanese Grand Prix
98.296,9,MEDIUM,1,36.35,43.434,18.512,701010101.0,0.0,10.0,9,21.0,1,True,4720.572,ALO,14,None,None,4658.687,4702.121,4720.633,249.0,315.0,271.0,277.0,True,Aston Martin,4622.276,2026-03-29T05:27:19.644000000,False,None,False,True,4606.955,19.1,51.2,1011.7,False,34.6,120,2.3,Japanese Grand Prix
98.487,10,MEDIUM,1,36.303,43.608,18.576,701010001.0,0.0,0.0,10,21.0,1,False,4819.059,ALO,14,None,None,4756.936,4800.544,4819.12,251.0,314.0,271.0,276.0,True,Aston Martin,4720.572,2026-03-29T05:28:57.940000000,False,None,False,True,4726.95,19.0,51.2,1011.8,False,34.6,126,2.0,Japanese Grand Prix
97.866,11,MEDIUM,1,36.198,43.351,18.317,700010001.0,1.0,1000101.0,11,21.0,1,True,4916.925,ALO,14,None,None,4855.318,4898.669,4916.986,250.0,326.0,272.0,281.0,True,Aston Martin,4819.059,2026-03-29T05:30:36.427000000,False,None,False,True,4786.951,19.1,50.7,1011.7,False,34.0,142,1.5,Japanese Grand Prix
98.235,12,MEDIUM,1,36.473,43.371,18.391,700000000.0,10001000001.0,1001101.0,12,21.0,1,False,5015.16,ALO,14,None,None,4953.459,4996.83,5015.221,250.0,327.0,275.0,283.0,True,Aston Martin,4916.925,2026-03-29T05:32:14.293000000,False,None,False,True,4906.957,19.1,50.5,1011.9,False,33.7,82,1.3,Japanese Grand Prix
98.591,13,MEDIUM,1,36.445,43.582,18.564,700000001.0,1110000.0,1.0,13,21.0,1,False,5113.751,ALO,14,None,None,5051.666,5095.248,5113.812,254.0,316.0,271.0,278.0,True,Aston Martin,5015.16,2026-03-29T05:33:52.528000000,False,None,False,True,5026.956,19.0,50.6,1011.8,False,33.8,151,2.0,Japanese Grand Prix
98.222,14,MEDIUM,1,36.458,43.249,18.515,700000001.0,110000.0,0.0,14,21.0,1,False,5211.973,ALO,14,None,None,5150.27,5193.519,5212.034,256.0,326.0,265.0,282.0,True,Aston Martin,5113.751,2026-03-29T05:35:31.119000000,False,None,False,True,5086.955,19.0,50.6,1011.8,False,33.6,56,1.2,Japanese Grand Prix
98.641,15,MEDIUM,1,36.621,43.24,18.78,700000000.0,10100000001.0,1000000.0,15,21.0,1,False,5310.614,ALO,14,None,None,5248.655,5291.895,5310.675,255.0,328.0,267.0,283.0,True,Aston Martin,5211.973,2026-03-29T05:37:09.341000000,False,None,False,True,5206.955,18.8,51.4,1011.6,False,33.2,98,1.2,Japanese Grand Prix
98.731,16,MEDIUM,1,36.699,43.456,18.576,700000001.0,100000.0,0.0,16,21.0,1,False,5409.345,ALO,14,None,None,5347.374,5390.83,5409.406,257.0,315.0,271.0,277.0,True,Aston Martin,5310.614,2026-03-29T05:38:47.982000000,False,None,False,True,5266.957,18.8,50.8,1011.8,False,33.4,44,0.7,Japanese Grand Prix
98.303,17,MEDIUM,1,36.461,43.351,18.491,700000000.0,1110000.0,1101.0,17,21.0,1,False,5507.648,ALO,14,None,None,5445.867,5489.218,5507.709,255.0,318.0,276.0,279.0,True,Aston Martin,5409.345,2026-03-29T05:40:26.713000000,False,None,False,True,5386.956,18.9,47.8,1011.8,False,32.9,133,2.6,Japanese Grand Prix
98.504,18,MEDIUM,1,36.377,43.338,18.789,700000000.0,1000001.0,0.0,18,21.0,1,False,5606.152,ALO,14,None,None,5544.086,5587.424,5606.213,255.0,329.0,265.0,282.0,True,Aston Martin,5507.648,2026-03-29T05:42:05.016000000,False,None,False,True,5506.96,18.8,48.7,1011.7,False,32.8,100,1.3,Japanese Grand Prix
98.602,19,MEDIUM,1,36.674,43.29,18.638,700000000.0,100100010.0,0.0,19,21.0,1,False,5704.754,ALO,14,None,None,5642.887,5686.177,5704.815,255.0,322.0,267.0,279.0,True,Aston Martin,5606.152,2026-03-29T05:43:43.520000000,False,None,False,True,5566.954,18.8,48.5,1011.7,False,32.2,24,1.7,Japanese Grand Prix
98.18,20,MEDIUM,1,36.376,43.166,18.638,700000001.0,10100000010.0,1000.0,20,21.0,1,False,5802.934,ALO,14,None,None,5741.191,5784.357,5802.995,263.0,323.0,259.0,282.0,True,Aston Martin,5704.754,2026-03-29T05:45:22.122000000,False,None,False,True,5686.962,18.7,49.2,1011.7,False,32.7,131,2.2,Japanese Grand Prix
119.021,21,MEDIUM,1,36.528,50.917,31.576,700010000.0,0.0,555.0,21,20.0,124,False,5921.955,ALO,14,None,5920.39,5839.523,5890.44,5922.016,263.0,264.0,None,182.0,True,Aston Martin,5802.934,2026-03-29T05:47:00.302000000,False,None,False,False,5806.966,18.6,49.9,1011.7,False,32.6,116,0.9,Japanese Grand Prix
144.568,22,HARD,2,61.987,60.954,21.627,550000000.0,0.0,0.0,1,20.0,4,False,6066.523,ALO,14,5946.862,None,5984.003,6044.957,6066.584,247.0,262.0,259.0,237.0,True,Aston Martin,5921.955,2026-03-29T05:48:59.323000000,False,None,False,False,5866.963,18.6,50.4,1011.6,False,32.9,163,0.7,Japanese Grand Prix
113.088,23,HARD,2,39.519,51.323,22.246,0.0,0.0,555.0,2,20.0,4,False,6179.611,ALO,14,None,6178.231,6106.103,6157.426,6179.672,251.0,293.0,None,260.0,True,Aston Martin,6066.523,2026-03-29T05:51:23.891000000,False,None,False,False,5986.965,18.5,51.5,1011.7,False,32.7,107,0.4,Japanese Grand Prix
125.307,24,MEDIUM,3,58.126,47.873,19.308,550000000.0,0.0,0.0,1,20.0,4,False,6304.918,ALO,14,6202.289,None,6237.798,6285.671,6304.979,251.0,295.0,265.0,261.0,True,Aston Martin,6179.611,2026-03-29T05:53:16.979000000,False,None,False,False,6166.968,18.5,51.1,1011.7,False,32.9,121,1.3,Japanese Grand Prix
118.917,25,MEDIUM,3,40.594,54.319,24.004,0.0,0.0,0.0,2,20.0,4,False,6423.835,ALO,14,None,None,6345.573,6399.892,6423.896,252.0,268.0,226.0,208.0,True,Aston Martin,6304.918,2026-03-29T05:55:22.286000000,False,None,False,False,6286.968,18.5,51.8,1011.7,False,32.8,120,1.5,Japanese Grand Prix
146.015,26,MEDIUM,3,49.813,65.194,31.008,700000000.0,0.0,0.0,3,20.0,4,False,6569.85,ALO,14,None,None,6473.709,6538.903,6569.911,161.0,168.0,106.0,211.0,True,Aston Martin,6423.835,2026-03-29T05:57:21.203000000,False,None,False,False,6406.972,18.5,50.7,1011.7,False,32.3,106,2.0,Japanese Grand Prix
129.786,27,MEDIUM,3,45.686,59.978,24.122,700000000.0,0.0,0.0,4,20.0,41,False,6699.636,ALO,14,None,None,6615.597,6675.575,6699.697,173.0,138.0,271.0,196.0,True,Aston Martin,6569.85,2026-03-29T05:59:47.218000000,False,None,False,False,6586.973,18.3,50.5,1011.7,False,32.2,136,2.5,Japanese Grand Prix
97.909,28,MEDIUM,3,35.995,43.629,18.285,700000000.0,10.0,110000.0,5,20.0,1,False,6797.545,ALO,14,None,None,6735.692,6779.321,6797.606,247.0,317.0,268.0,280.0,True,Aston Martin,6699.636,2026-03-29T06:01:57.004000000,False,None,False,True,6706.975,18.3,47.7,1011.7,False,32.3,122,2.3,Japanese Grand Prix
97.079,29,MEDIUM,3,35.666,43.089,18.324,701110110.0,100000110.0,100100.0,6,20.0,1,True,6894.624,ALO,14,None,None,6833.272,6876.361,6894.685,258.0,313.0,269.0,279.0,True,Aston Martin,6797.545,2026-03-29T06:03:34.913000000,False,None,False,True,6826.974,18.4,48.2,1011.7,False,32.4,132,2.6,Japanese Grand Prix
97.411,30,MEDIUM,3,35.685,43.153,18.573,701000000.0,100000010.0,0.0,7,19.0,1,False,6992.035,ALO,14,None,None,6930.37,6973.523,6992.096,258.0,314.0,266.0,278.0,True,Aston Martin,6894.624,2026-03-29T06:05:11.992000000,False,None,False,True,6886.976,18.4,47.6,1011.7,False,32.1,135,0.8,Japanese Grand Prix
97.864,31,MEDIUM,3,36.137,43.271,18.456,700000000.0,0.0,0.0,8,19.0,1,False,7089.899,ALO,14,None,None,7028.233,7071.504,7089.96,257.0,320.0,269.0,277.0,True,Aston Martin,6992.035,2026-03-29T06:06:49.403000000,False,None,False,True,7006.979,18.4,49.7,1011.7,False,32.0,129,1.9,Japanese Grand Prix
98.062,32,MEDIUM,3,35.972,43.382,18.708,700000010.0,1000000000.0,0.0,9,19.0,1,False,7187.961,ALO,14,None,None,7125.932,7169.314,7188.022,250.0,306.0,270.0,270.0,True,Aston Martin,7089.899,2026-03-29T06:08:27.267000000,False,None,False,True,7126.981,18.5,50.7,1011.6,False,32.0,133,2.0,Japanese Grand Prix
97.702,33,MEDIUM,3,35.856,43.216,18.63,700000110.0,1000.0,0.0,10,19.0,1,False,7285.663,ALO,14,None,None,7223.878,7267.094,7285.724,254.0,309.0,269.0,270.0,True,Aston Martin,7187.961,2026-03-29T06:10:05.329000000,False,None,False,True,7186.981,18.5,50.0,1011.7,False,31.5,140,1.1,Japanese Grand Prix
97.651,34,MEDIUM,3,35.963,43.051,18.637,700010100.0,1000001100.0,0.0,11,19.0,1,False,7383.314,ALO,14,None,None,7321.687,7364.738,7383.375,252.0,307.0,270.0,269.0,True,Aston Martin,7285.663,2026-03-29T06:11:43.031000000,False,None,False,True,7306.992,18.5,51.0,1011.6,False,31.4,113,1.2,Japanese Grand Prix
97.754,35,MEDIUM,3,35.872,43.159,18.723,700110100.0,0.0,0.0,12,19.0,1,False,7481.068,ALO,14,None,None,7419.247,7462.406,7481.129,253.0,306.0,270.0,269.0,True,Aston Martin,7383.314,2026-03-29T06:13:20.682000000,False,None,False,True,7366.98,18.3,51.1,1011.6,False,31.4,154,2.4,Japanese Grand Prix
97.786,36,MEDIUM,3,35.929,43.075,18.782,700011000.0,10000100.0,0.0,13,19.0,1,False,7578.854,ALO,14,None,None,7517.058,7560.133,7578.915,252.0,306.0,270.0,268.0,True,Aston Martin,7481.068,2026-03-29T06:14:58.436000000,False,None,False,True,7486.983,18.1,52.4,1011.7,False,31.1,170,0.8,Japanese Grand Prix
97.458,37,MEDIUM,3,35.826,42.895,18.737,700011000.0,1000001100.0,10.0,14,19.0,1,False,7676.312,ALO,14,None,None,7614.741,7657.636,7676.373,251.0,307.0,270.0,269.0,True,Aston Martin,7578.854,2026-03-29T06:16:36.222000000,False,None,False,True,7546.988,18.0,53.7,1011.6,False,31.0,138,1.5,Japanese Grand Prix
97.241,38,MEDIUM,3,35.756,42.817,18.668,700000010.0,0.0,10.0,15,19.0,1,False,7773.553,ALO,14,None,None,7712.129,7754.946,7773.614,252.0,306.0,271.0,269.0,True,Aston Martin,7676.312,2026-03-29T06:18:13.680000000,False,None,False,True,7666.984,17.9,55.6,1011.6,False,30.7,88,0.8,Japanese Grand Prix
97.124,39,MEDIUM,3,35.648,42.93,18.546,700100100.0,1100.0,10.0,16,19.0,1,False,7870.677,ALO,14,None,None,7809.262,7852.192,7870.738,253.0,306.0,271.0,268.0,True,Aston Martin,7773.553,2026-03-29T06:19:50.921000000,False,None,False,True,7726.986,17.9,55.8,1011.7,False,31.1,119,1.8,Japanese Grand Prix
97.098,40,MEDIUM,3,35.682,42.719,18.697,700110000.0,1010000000.0,110.0,17,19.0,1,False,7967.775,ALO,14,None,None,7906.42,7949.139,7967.836,250.0,307.0,271.0,268.0,True,Aston Martin,7870.677,2026-03-29T06:21:28.045000000,False,None,False,True,7846.99,17.8,55.5,1011.6,False,31.0,167,1.0,Japanese Grand Prix
96.828,41,MEDIUM,3,35.569,42.661,18.598,700011010.0,1100.0,0.0,18,19.0,1,True,8064.603,ALO,14,None,None,8003.405,8046.066,8064.664,253.0,307.0,271.0,268.0,True,Aston Martin,7967.775,2026-03-29T06:23:05.143000000,False,None,False,True,7966.994,17.8,55.7,1011.6,False,30.7,140,0.6,Japanese Grand Prix
96.957,42,MEDIUM,3,35.672,42.689,18.596,700000000.0,1100.0,10000.0,19,19.0,1,False,8161.56,ALO,14,None,None,8100.336,8143.025,8161.621,252.0,304.0,271.0,266.0,True,Aston Martin,8064.603,2026-03-29T06:24:41.971000000,False,None,False,True,8026.998,18.1,55.4,1011.6,False,30.6,153,2.5,Japanese Grand Prix
97.337,43,MEDIUM,3,35.8,42.923,18.614,700000000.0,0.0,10000.0,20,19.0,1,False,8258.897,ALO,14,None,None,8197.421,8240.344,8258.958,251.0,303.0,271.0,266.0,True,Aston Martin,8161.56,2026-03-29T06:26:18.928000000,False,None,False,True,8146.993,17.9,57.1,1011.7,False,30.4,140,0.9,Japanese Grand Prix
96.771,44,MEDIUM,3,35.597,42.575,18.599,700000000.0,1000000000.0,0.0,21,19.0,1,True,8355.668,ALO,14,None,None,8294.555,8337.13,8355.729,254.0,306.0,275.0,268.0,True,Aston Martin,8258.897,2026-03-29T06:27:56.265000000,False,None,False,True,8207.003,17.9,57.3,1011.7,False,30.5,9,0.5,Japanese Grand Prix
96.677,45,MEDIUM,3,35.249,42.815,18.613,700110000.0,0.0,0.0,22,19.0,1,True,8452.345,ALO,14,None,None,8390.978,8433.793,8452.406,254.0,305.0,271.0,267.0,True,Aston Martin,8355.668,2026-03-29T06:29:33.036000000,False,None,False,True,8326.995,18.0,56.5,1011.7,False,30.9,129,1.1,Japanese Grand Prix
97.589,46,MEDIUM,3,35.643,42.881,19.065,700000000.0,0.0,0.0,23,19.0,1,False,8549.934,ALO,14,None,None,8488.049,8530.93,8549.995,252.0,308.0,271.0,269.0,True,Aston Martin,8452.345,2026-03-29T06:31:09.713000000,False,None,False,True,8386.994,18.0,56.6,1011.7,False,29.6,83,2.0,Japanese Grand Prix
96.221,47,MEDIUM,3,35.495,42.453,18.273,700000000.0,0.0,110.0,24,18.0,1,True,8646.155,ALO,14,None,None,8585.49,8627.943,8646.216,255.0,324.0,272.0,276.0,True,Aston Martin,8549.934,2026-03-29T06:32:47.302000000,False,None,False,True,8507.001,17.9,57.4,1011.8,False,30.8,91,0.8,Japanese Grand Prix
96.837,48,MEDIUM,3,35.508,42.716,18.613,700000000.0,10000000000.0,0.0,25,18.0,1,False,8742.992,ALO,14,None,None,8681.724,8724.44,8743.053,252.0,307.0,271.0,267.0,True,Aston Martin,8646.155,2026-03-29T06:34:23.523000000,False,None,False,True,8627.007,17.9,57.3,1011.8,False,30.2,81,1.3,Japanese Grand Prix
97.112,49,MEDIUM,3,35.718,42.818,18.576,700000000.0,0.0,77000.0,26,18.0,1,False,8840.104,ALO,14,None,None,8778.771,8821.589,8840.165,252.0,307.0,269.0,269.0,True,Aston Martin,8742.992,2026-03-29T06:36:00.360000000,True,TRACK LIMITS AT TURN 17 LAP 49 ,False,True,8687.017,17.9,57.8,1011.7,False,30.9,110,0.9,Japanese Grand Prix
99.107,50,MEDIUM,3,35.71,43.766,19.631,700000000.0,1000000.0,0.0,27,18.0,1,False,8939.211,ALO,14,None,None,8875.875,8919.641,8939.272,252.0,313.0,275.0,271.0,True,Aston Martin,8840.104,2026-03-29T06:37:37.472000000,False,None,False,True,8807.046,18.0,57.9,1011.7,False,30.6,128,1.5,Japanese Grand Prix
96.751,51,MEDIUM,3,35.575,42.743,18.433,700000000.0,0.0,110.0,28,18.0,1,False,9035.962,ALO,14,None,None,8974.847,9017.59,9036.023,252.0,313.0,273.0,272.0,True,Aston Martin,8939.211,2026-03-29T06:39:16.579000000,False,None,False,True,8867.045,17.8,59.2,1011.8,False,30.2,113,1.9,Japanese Grand Prix
98.953,52,MEDIUM,3,35.522,45.098,18.333,700001000.0,0.0,0.0,29,18.0,1,False,9134.915,ALO,14,None,None,9071.545,9116.643,9134.976,253.0,324.0,273.0,280.0,True,Aston Martin,9035.962,2026-03-29T06:40:53.330000000,False,None,False,True,8987.049,17.6,59.8,1011.8,False,30.0,107,1.5,Japanese Grand Prix
98.784,1,MEDIUM,1,,42.42,17.942,11111111.0,11111111111.0,1111111.0,1,6.0,1,False,3923.748,ANT,12,None,None,None,3905.97,3923.925,285.0,332.0,278.0,293.0,True,Mercedes,3824.711,2026-03-29T05:14:02.079000000,False,None,False,False,3826.937,18.8,55.5,1011.7,False,36.7,124,2.1,Japanese Grand Prix
94.475,2,MEDIUM,1,34.437,42.202,17.836,111111110.0,11011001011.0,13100.0,2,5.0,1,True,4018.223,ANT,12,None,None,3958.22,4000.422,4018.258,261.0,333.0,279.0,291.0,True,Mercedes,3923.748,2026-03-29T05:15:41.116000000,False,None,False,True,3946.939,18.9,54.3,1011.7,False,36.7,143,1.5,Japanese Grand Prix
95.536,3,MEDIUM,1,35.282,42.109,18.145,10000000.0,110000111.0,11.0,3,5.0,1,False,4113.759,ANT,12,None,None,4053.54,4095.649,4113.794,262.0,335.0,280.0,294.0,True,Mercedes,4018.223,2026-03-29T05:17:15.591000000,False,None,False,True,4066.945,18.9,54.5,1011.7,False,36.0,112,2.1,Japanese Grand Prix
95.523,4,MEDIUM,1,34.978,42.457,18.088,710010000.0,1001000.0,0.0,4,5.0,1,False,4209.282,ANT,12,None,None,4148.772,4191.229,4209.317,269.0,329.0,280.0,289.0,True,Mercedes,4113.759,2026-03-29T05:18:51.127000000,False,None,False,True,4126.951,19.0,54.0,1011.8,False,36.5,104,0.4,Japanese Grand Prix
95.24,5,MEDIUM,1,34.818,42.395,18.027,100001000.0,10100000000.0,111.0,5,5.0,1,False,4304.522,ANT,12,None,None,4244.135,4286.53,4304.557,271.0,326.0,281.0,290.0,True,Mercedes,4209.282,2026-03-29T05:20:26.650000000,False,None,False,True,4246.946,19.1,53.2,1011.8,False,36.4,128,2.3,Japanese Grand Prix
94.962,6,MEDIUM,1,34.771,42.134,18.057,10001000.0,10000000000.0,1.0,6,5.0,1,False,4399.484,ANT,12,None,None,4339.328,4381.462,4399.519,268.0,329.0,282.0,293.0,True,Mercedes,4304.522,2026-03-29T05:22:01.890000000,False,None,False,True,4306.945,19.2,52.0,1011.8,False,36.0,95,1.4,Japanese Grand Prix
95.076,7,MEDIUM,1,34.821,42.201,18.054,110000010.0,101000000.0,0.0,7,5.0,1,False,4494.56,ANT,12,None,None,4434.34,4476.541,4494.595,263.0,331.0,281.0,292.0,True,Mercedes,4399.484,2026-03-29T05:23:36.852000000,False,None,False,True,4426.948,19.1,51.3,1011.8,False,35.7,130,1.3,Japanese Grand Prix
95.203,8,MEDIUM,1,34.865,42.112,18.226,0.0,1010000000.0,1.0,8,5.0,1,False,4589.763,ANT,12,None,None,4529.46,4571.572,4589.798,263.0,333.0,282.0,294.0,True,Mercedes,4494.56,2026-03-29T05:25:11.928000000,False,None,False,True,4546.949,19.0,51.7,1011.8,False,35.3,144,2.7,Japanese Grand Prix
95.534,9,MEDIUM,1,35.232,42.073,18.229,700000000.0,1.0,1000011.0,9,5.0,1,False,4685.297,ANT,12,None,None,4625.03,4667.103,4685.332,262.0,336.0,283.0,296.0,True,Mercedes,4589.763,2026-03-29T05:26:47.131000000,False,None,False,True,4606.955,19.1,51.2,1011.7,False,34.6,120,2.3,Japanese Grand Prix
95.41,10,MEDIUM,1,35.153,42.226,18.031,110000000.0,10000000000.0,0.0,10,5.0,1,False,4780.707,ANT,12,None,None,4720.485,4762.711,4780.742,272.0,330.0,282.0,292.0,True,Mercedes,4685.297,2026-03-29T05:28:22.665000000,False,None,False,True,4726.95,19.0,51.2,1011.8,False,34.6,126,2.0,Japanese Grand Prix
95.115,11,MEDIUM,1,35.153,42.079,17.883,0.0,11.0,110010.0,11,4.0,1,False,4875.822,ANT,12,None,None,None,4857.974,4875.857,266.0,336.0,280.0,297.0,True,Mercedes,4780.707,2026-03-29T05:29:58.075000000,False,None,False,True,4786.951,19.1,50.7,1011.7,False,34.0,142,1.5,Japanese Grand Prix
95.027,12,MEDIUM,1,35.013,42.01,18.004,700000000.0,11010001100.0,11000.0,12,4.0,1,False,4970.849,ANT,12,None,None,4910.87,4952.88,4970.884,261.0,321.0,280.0,285.0,True,Mercedes,4875.822,2026-03-29T05:31:33.190000000,False,None,False,True,4906.957,19.1,50.5,1011.9,False,33.7,82,1.3,Japanese Grand Prix
94.944,13,MEDIUM,1,34.77,42.068,18.106,701010000.0,1000000000.0,1000.0,13,4.0,1,False,5065.793,ANT,12,None,None,5005.654,5047.722,5065.828,273.0,324.0,281.0,288.0,True,Mercedes,4970.849,2026-03-29T05:33:08.217000000,False,None,False,True,5026.956,19.0,50.6,1011.8,False,33.8,151,2.0,Japanese Grand Prix
95.261,14,MEDIUM,1,34.902,42.315,18.044,700000000.0,0.0,1100.0,14,4.0,1,False,5161.054,ANT,12,None,None,5100.73,5143.045,5161.089,274.0,324.0,279.0,289.0,True,Mercedes,5065.793,2026-03-29T05:34:43.161000000,False,None,False,True,5086.955,19.0,50.6,1011.8,False,33.6,56,1.2,Japanese Grand Prix
95.377,15,MEDIUM,1,34.944,42.109,18.324,700000000.0,1000000.0,100000.0,15,3.0,1,False,5256.431,ANT,12,None,None,5196.033,5238.142,5256.466,269.0,330.0,267.0,289.0,True,Mercedes,5161.054,2026-03-29T05:36:18.422000000,False,None,False,True,5206.955,18.8,51.4,1011.6,False,33.2,98,1.2,Japanese Grand Prix
96.164,16,MEDIUM,1,36.072,42.106,17.986,700000000.0,1000000000.0,10000.0,16,4.0,1,False,5352.595,ANT,12,None,None,5292.538,5334.644,5352.63,256.0,320.0,281.0,284.0,True,Mercedes,5256.431,2026-03-29T05:37:53.799000000,False,None,False,True,5266.957,18.8,50.8,1011.8,False,33.4,44,0.7,Japanese Grand Prix
94.686,17,MEDIUM,1,34.843,41.875,17.968,700010000.0,100000000.0,100.0,17,3.0,1,False,5447.281,ANT,12,None,None,5387.473,5429.348,5447.316,270.0,329.0,280.0,291.0,True,Mercedes,5352.595,2026-03-29T05:39:29.963000000,False,None,False,True,5386.956,18.9,47.8,1011.8,False,32.9,133,2.6,Japanese Grand Prix
94.095,18,MEDIUM,1,34.399,41.758,17.938,701111100.0,1000000100.0,10130.0,18,3.0,1,True,5541.376,ANT,12,None,None,5481.715,5523.473,5541.411,259.0,325.0,280.0,283.0,True,Mercedes,5447.281,2026-03-29T05:41:04.649000000,False,None,False,True,5506.96,18.8,48.7,1011.7,False,32.8,100,1.3,Japanese Grand Prix
94.343,19,MEDIUM,1,34.476,41.879,17.988,700101000.0,10101001000.0,10000.0,19,2.0,1,False,5635.719,ANT,12,None,None,5575.887,5617.766,5635.754,258.0,318.0,278.0,281.0,True,Mercedes,5541.376,2026-03-29T05:42:38.744000000,False,None,False,True,5566.954,18.8,48.5,1011.7,False,32.2,24,1.7,Japanese Grand Prix
94.241,20,MEDIUM,1,34.504,41.791,17.946,701110000.0,10100001000.0,0.0,20,2.0,1,False,5729.96,ANT,12,None,None,5670.258,5712.049,5729.995,261.0,321.0,279.0,283.0,True,Mercedes,5635.719,2026-03-29T05:44:13.087000000,False,None,False,True,5686.962,18.7,49.2,1011.7,False,32.7,131,2.2,Japanese Grand Prix
93.948,21,MEDIUM,1,34.329,41.686,17.933,703000000.0,10001000.0,30100.0,21,1.0,1,True,5823.908,ANT,12,None,None,5764.324,5806.01,5823.943,261.0,318.0,280.0,282.0,True,Mercedes,5729.96,2026-03-29T05:45:47.328000000,False,None,False,True,5806.966,18.6,49.9,1011.7,False,32.6,116,0.9,Japanese Grand Prix
113.376,22,MEDIUM,1,34.353,53.479,25.544,700010000.0,10000000000.0,555.0,22,1.0,124,False,5937.284,ANT,12,None,5935.866,5858.296,5911.775,5937.319,261.0,205.0,None,204.0,True,Mercedes,5823.908,2026-03-29T05:47:21.276000000,False,None,False,False,5866.963,18.6,50.4,1011.6,False,32.9,163,0.7,Japanese Grand Prix
159.827,23,HARD,2,63.96,66.163,29.704,550000000.0,0.0,0.0,1,1.0,4,False,6097.205,ANT,12,5959.138,None,6001.373,6067.654,6097.301,263.0,151.0,222.0,166.0,True,Mercedes,5937.284,2026-03-29T05:49:14.652000000,False,None,False,False,5986.965,18.5,51.5,1011.7,False,32.7,107,0.4,Japanese Grand Prix
150.266,24,HARD,2,52.194,71.277,26.795,0.0,0.0,0.0,2,1.0,4,False,6247.409,ANT,12,None,None,6149.373,6220.649,6247.498,172.0,210.0,206.0,184.0,True,Mercedes,6097.205,2026-03-29T05:51:54.573000000,False,None,False,False,6166.968,18.5,51.1,1011.7,False,32.9,121,1.3,Japanese Grand Prix
150.634,25,HARD,2,51.53,72.146,26.958,700000000.0,0.0,0.0,3,1.0,4,False,6398.05,ANT,12,None,None,6299.018,6371.186,6398.142,215.0,206.0,218.0,170.0,True,Mercedes,6247.409,2026-03-29T05:54:24.777000000,False,None,False,False,6286.968,18.5,51.8,1011.7,False,32.8,120,1.5,Japanese Grand Prix
146.03,26,HARD,2,55.289,63.602,27.139,700000000.0,0.0,0.0,4,1.0,4,False,6544.08,ANT,12,None,None,6453.374,6516.976,6544.115,193.0,245.0,231.0,175.0,True,Mercedes,6398.05,2026-03-29T05:56:55.418000000,False,None,False,False,6406.972,18.5,50.7,1011.7,False,32.3,106,2.0,Japanese Grand Prix
146.237,27,HARD,2,49.968,67.88,28.389,700000000.0,0.0,100.0,5,1.0,41,False,6690.317,ANT,12,None,None,6594.083,6661.963,6690.352,202.0,117.0,278.0,118.0,True,Mercedes,6544.08,2026-03-29T05:59:21.448000000,False,None,False,False,6586.973,18.3,50.5,1011.7,False,32.2,136,2.5,Japanese Grand Prix
93.649,28,HARD,2,33.933,41.745,17.971,700010310.0,1010000100.0,31330.0,6,1.0,1,True,6783.966,ANT,12,None,None,6724.285,6766.03,6784.001,264.0,310.0,281.0,274.0,True,Mercedes,6690.317,2026-03-29T06:01:47.685000000,False,None,False,True,6706.975,18.3,47.7,1011.7,False,32.3,122,2.3,Japanese Grand Prix
93.367,29,HARD,2,33.975,41.396,17.996,700331000.0,3000000100.0,30.0,7,1.0,1,True,6877.333,ANT,12,None,None,6817.976,6859.372,6877.368,260.0,316.0,280.0,277.0,True,Mercedes,6783.966,2026-03-29T06:03:21.334000000,False,None,False,True,6826.974,18.4,48.2,1011.7,False,32.4,132,2.6,Japanese Grand Prix
92.859,30,HARD,2,33.749,41.267,17.843,700303010.0,13000001300.0,30030.0,8,1.0,1,True,6970.192,ANT,12,None,None,6911.117,6952.384,6970.227,258.0,313.0,281.0,277.0,True,Mercedes,6877.333,2026-03-29T06:04:54.701000000,False,None,False,True,6886.976,18.4,47.6,1011.7,False,32.1,135,0.8,Japanese Grand Prix
93.258,31,HARD,2,33.989,41.365,17.904,700000310.0,33001000000.0,0.0,9,1.0,1,False,7063.45,ANT,12,None,None,7004.216,7045.581,7063.485,260.0,315.0,281.0,278.0,True,Mercedes,6970.192,2026-03-29T06:06:27.560000000,False,None,False,True,7006.979,18.4,49.7,1011.7,False,32.0,129,1.9,Japanese Grand Prix
92.868,32,HARD,2,33.795,41.232,17.841,700000000.0,33000000000.0,1301.0,10,1.0,1,False,7156.318,ANT,12,None,None,7097.28,7138.512,7156.353,260.0,315.0,282.0,278.0,True,Mercedes,7063.45,2026-03-29T06:08:00.818000000,False,None,False,True,7126.981,18.5,50.7,1011.6,False,32.0,133,2.0,Japanese Grand Prix
92.999,33,HARD,2,33.848,41.293,17.858,700003030.0,0.0,30.0,11,1.0,1,False,7249.317,ANT,12,None,None,7190.201,7231.494,7249.352,260.0,315.0,282.0,278.0,True,Mercedes,7156.318,2026-03-29T06:09:33.686000000,False,None,False,True,7186.981,18.5,50.0,1011.7,False,31.5,140,1.1,Japanese Grand Prix
92.909,34,HARD,2,33.69,41.436,17.783,700030030.0,1001000.0,0.0,12,1.0,1,False,7342.226,ANT,12,None,None,7283.042,7324.478,7342.261,260.0,318.0,281.0,279.0,True,Mercedes,7249.317,2026-03-29T06:11:06.685000000,False,None,False,True,7306.992,18.5,51.0,1011.6,False,31.4,113,1.2,Japanese Grand Prix
92.912,35,HARD,2,33.821,41.282,17.809,700000000.0,30000000000.0,0.0,13,1.0,1,False,7435.138,ANT,12,None,None,7376.082,7417.364,7435.173,260.0,316.0,282.0,278.0,True,Mercedes,7342.226,2026-03-29T06:12:39.594000000,False,None,False,True,7366.98,18.3,51.1,1011.6,False,31.4,154,2.4,Japanese Grand Prix
92.933,36,HARD,2,33.733,41.316,17.884,700003030.0,0.0,0.0,14,1.0,1,False,7528.071,ANT,12,None,None,7468.906,7510.222,7528.106,261.0,317.0,281.0,279.0,True,Mercedes,7435.138,2026-03-29T06:14:12.506000000,False,None,False,True,7486.983,18.1,52.4,1011.7,False,31.1,170,0.8,Japanese Grand Prix
92.984,37,HARD,2,33.857,41.266,17.861,700000000.0,1000.0,0.0,15,1.0,1,False,7621.055,ANT,12,None,None,7561.963,7603.229,7621.09,260.0,316.0,281.0,277.0,True,Mercedes,7528.071,2026-03-29T06:15:45.439000000,False,None,False,True,7546.988,18.0,53.7,1011.6,False,31.0,138,1.5,Japanese Grand Prix
92.955,38,HARD,2,33.944,41.18,17.831,700000000.0,1010.0,0.0,16,1.0,1,False,7714.01,ANT,12,None,None,7655.034,7696.214,7714.045,259.0,316.0,281.0,279.0,True,Mercedes,7621.055,2026-03-29T06:17:18.423000000,False,None,False,True,7666.984,17.9,55.6,1011.6,False,30.7,88,0.8,Japanese Grand Prix
92.731,39,HARD,2,33.705,41.24,17.786,700000000.0,30000000000.0,31.0,17,1.0,1,True,7806.741,ANT,12,None,None,7747.75,7788.99,7806.776,261.0,319.0,282.0,279.0,True,Mercedes,7714.01,2026-03-29T06:18:51.378000000,False,None,False,True,7726.986,17.9,55.8,1011.7,False,31.1,119,1.8,Japanese Grand Prix
92.993,40,HARD,2,33.921,41.229,17.843,700003000.0,1000000.0,30000.0,18,1.0,1,False,7899.734,ANT,12,None,None,7840.697,7881.926,7899.769,260.0,319.0,281.0,280.0,True,Mercedes,7806.741,2026-03-29T06:20:24.109000000,False,None,False,True,7846.99,17.8,55.5,1011.6,False,31.0,167,1.0,Japanese Grand Prix
92.736,41,HARD,2,33.844,41.11,17.782,700000000.0,100000000.0,30000.0,19,1.0,1,False,7992.47,ANT,12,None,None,7933.613,7974.723,7992.505,260.0,320.0,281.0,281.0,True,Mercedes,7899.734,2026-03-29T06:21:57.102000000,False,None,False,True,7966.994,17.8,55.7,1011.6,False,30.7,140,0.6,Japanese Grand Prix
92.826,42,HARD,2,33.844,41.192,17.79,700000000.0,0.0,31.0,20,1.0,1,False,8085.296,ANT,12,None,None,None,8067.541,8085.331,261.0,320.0,282.0,280.0,True,Mercedes,7992.47,2026-03-29T06:23:29.838000000,False,None,False,True,8026.998,18.1,55.4,1011.6,False,30.6,153,2.5,Japanese Grand Prix
92.538,43,HARD,2,33.739,41.104,17.695,700000000.0,30101000000.0,130001.0,21,1.0,1,True,8177.834,ANT,12,None,None,8119.07,8160.174,8177.869,261.0,322.0,282.0,281.0,True,Mercedes,8085.296,2026-03-29T06:25:02.664000000,False,None,False,True,8146.993,17.9,57.1,1011.7,False,30.4,140,0.9,Japanese Grand Prix
92.57,44,HARD,2,33.662,41.192,17.716,700000000.0,10.0,1.0,22,1.0,1,False,8270.404,ANT,12,None,None,8211.531,8252.723,8270.439,260.0,321.0,282.0,282.0,True,Mercedes,8177.834,2026-03-29T06:26:35.202000000,False,None,False,True,8207.003,17.9,57.3,1011.7,False,30.5,9,0.5,Japanese Grand Prix
92.819,45,HARD,2,33.897,41.132,17.79,700000000.0,100000010.0,100000.0,23,1.0,1,False,8363.223,ANT,12,None,None,8304.336,8345.468,8363.258,262.0,326.0,283.0,286.0,True,Mercedes,8270.404,2026-03-29T06:28:07.772000000,False,None,False,True,8326.995,18.0,56.5,1011.7,False,30.9,129,1.1,Japanese Grand Prix
92.722,46,HARD,2,33.822,41.13,17.77,700000000.0,0.0,1.0,24,1.0,1,False,8455.945,ANT,12,None,None,8397.08,8438.21,8455.98,261.0,322.0,283.0,281.0,True,Mercedes,8363.223,2026-03-29T06:29:40.591000000,False,None,False,True,8386.994,18.0,56.6,1011.7,False,29.6,83,2.0,Japanese Grand Prix
93.211,47,HARD,2,33.929,41.504,17.778,700030000.0,1000000.0,0.0,25,1.0,1,False,8549.156,ANT,12,None,None,8489.909,8531.413,8549.191,263.0,325.0,280.0,281.0,True,Mercedes,8455.945,2026-03-29T06:31:13.313000000,False,None,False,True,8507.001,17.9,57.4,1011.8,False,30.8,91,0.8,Japanese Grand Prix
93.589,48,HARD,2,34.228,41.473,17.888,700000000.0,0.0,10001.0,26,1.0,1,False,8642.745,ANT,12,None,None,8583.419,8624.892,8642.78,257.0,311.0,283.0,276.0,True,Mercedes,8549.156,2026-03-29T06:32:46.524000000,False,None,False,True,8627.007,17.9,57.3,1011.8,False,30.2,81,1.3,Japanese Grand Prix
92.432,49,HARD,2,33.72,40.986,17.726,700030000.0,13101001000.0,10000.0,27,1.0,1,True,8735.177,ANT,12,None,None,8676.5,8717.486,8735.212,264.0,320.0,283.0,280.0,True,Mercedes,8642.745,2026-03-29T06:34:20.113000000,False,None,False,True,8687.017,17.9,57.8,1011.7,False,30.9,110,0.9,Japanese Grand Prix
93.352,50,HARD,2,34.012,41.43,17.91,700000000.0,0.0,0.0,28,1.0,1,False,8828.529,ANT,12,None,None,8769.224,8810.654,8828.564,262.0,319.0,282.0,280.0,True,Mercedes,8735.177,2026-03-29T06:35:52.545000000,False,None,False,True,8807.046,18.0,57.9,1011.7,False,30.6,128,1.5,Japanese Grand Prix
92.889,51,HARD,2,33.833,41.302,17.754,700000000.0,1000000.0,0.0,29,1.0,1,False,8921.418,ANT,12,None,None,8862.397,8903.699,8921.453,262.0,320.0,283.0,280.0,True,Mercedes,8828.529,2026-03-29T06:37:25.897000000,False,None,False,True,8867.045,17.8,59.2,1011.8,False,30.2,113,1.9,Japanese Grand Prix
92.925,52,HARD,2,33.927,41.281,17.717,700000000.0,1000010.0,1.0,30,1.0,1,False,9014.343,ANT,12,None,None,8955.38,8996.661,9014.378,261.0,321.0,283.0,281.0,True,Mercedes,8921.418,2026-03-29T06:38:58.786000000,False,None,False,True,8987.049,17.6,59.8,1011.8,False,30.0,107,1.5,Japanese Grand Prix
94.063,53,HARD,2,33.907,41.548,18.608,700000000.0,0.0,0.0,31,1.0,1,False,9108.406,ANT,12,None,None,9048.285,9089.833,9108.441,260.0,322.0,176.0,283.0,True,Mercedes,9014.343,2026-03-29T06:40:31.711000000,False,None,False,True,9047.054,17.4,61.3,1011.8,False,29.9,122,1.8,Japanese Grand Prix
104.406,1,MEDIUM,1,,44.063,18.181,11111111.0,11111111111.0,1111111.0,1,16.0,1,False,3929.37,BEA,87,None,None,None,3911.381,3929.608,257.0,332.0,278.0,285.0,True,Haas F1 Team,3824.711,2026-03-29T05:14:02.079000000,False,None,False,False,3826.937,18.8,55.5,1011.7,False,36.7,124,2.1,Japanese Grand Prix
96.402,2,MEDIUM,1,35.357,42.813,18.232,131111110.0,11110011111.0,110100.0,2,15.0,1,True,4025.772,BEA,87,None,None,3964.744,4007.557,4025.789,253.0,341.0,278.0,296.0,True,Haas F1 Team,3929.37,2026-03-29T05:15:46.738000000,False,None,False,True,3946.939,18.9,54.3,1011.7,False,36.7,143,1.5,Japanese Grand Prix
97.62,3,MEDIUM,1,35.971,43.452,18.197,10001.0,10001000.0,10111.0,3,14.0,1,False,4123.392,BEA,87,None,None,4061.76,4105.212,4123.409,284.0,320.0,273.0,284.0,True,Haas F1 Team,4025.772,2026-03-29T05:17:23.140000000,False,None,False,True,4066.945,18.9,54.5,1011.7,False,36.0,112,2.1,Japanese Grand Prix
96.663,4,MEDIUM,1,35.617,42.79,18.256,701110000.0,11010001000.0,0.0,4,14.0,1,False,4220.055,BEA,87,None,None,4159.026,4201.816,4220.072,255.0,321.0,276.0,285.0,True,Haas F1 Team,4123.392,2026-03-29T05:19:00.760000000,False,None,False,True,4126.951,19.0,54.0,1011.8,False,36.5,104,0.4,Japanese Grand Prix
96.847,5,MEDIUM,1,35.611,42.83,18.406,700010010.0,11000001000.0,0.0,5,14.0,1,False,4316.902,BEA,87,None,None,4255.683,4298.513,4316.919,252.0,316.0,274.0,283.0,True,Haas F1 Team,4220.055,2026-03-29T05:20:37.423000000,False,None,False,True,4246.946,19.1,53.2,1011.8,False,36.4,128,2.3,Japanese Grand Prix
96.914,6,MEDIUM,1,35.624,42.887,18.403,701011010.0,10000000000.0,10.0,6,14.0,1,False,4413.816,BEA,87,None,None,4352.543,4395.43,4413.833,254.0,317.0,276.0,283.0,True,Haas F1 Team,4316.902,2026-03-29T05:22:14.270000000,False,None,False,True,4306.945,19.2,52.0,1011.8,False,36.0,95,1.4,Japanese Grand Prix
97.42,7,MEDIUM,1,36.232,42.92,18.268,700000000.0,0.0,100000.0,7,15.0,1,False,4511.236,BEA,87,None,None,4450.065,4492.985,4511.253,253.0,320.0,275.0,286.0,True,Haas F1 Team,4413.816,2026-03-29T05:23:51.184000000,False,None,False,True,4426.948,19.1,51.3,1011.8,False,35.7,130,1.3,Japanese Grand Prix
96.291,8,MEDIUM,1,35.633,42.568,18.09,701000000.0,10000010000.0,0.0,8,15.0,1,True,4607.527,BEA,87,None,None,4546.886,4589.454,4607.544,259.0,338.0,277.0,296.0,True,Haas F1 Team,4511.236,2026-03-29T05:25:28.604000000,False,None,False,True,4546.949,19.0,51.7,1011.8,False,35.3,144,2.7,Japanese Grand Prix
96.294,9,MEDIUM,1,35.6,42.612,18.082,700000000.0,1000000000.0,100011.0,9,15.0,1,False,4703.821,BEA,87,None,None,4643.144,4685.756,4703.838,256.0,334.0,278.0,294.0,True,Haas F1 Team,4607.527,2026-03-29T05:27:04.895000000,False,None,False,True,4606.955,19.1,51.2,1011.7,False,34.6,120,2.3,Japanese Grand Prix
96.764,10,MEDIUM,1,35.806,42.842,18.116,700000000.0,0.0,10.0,10,15.0,1,False,4800.585,BEA,87,None,None,4739.644,4782.486,4800.602,256.0,333.0,277.0,291.0,True,Haas F1 Team,4703.821,2026-03-29T05:28:41.189000000,False,None,False,True,4726.95,19.0,51.2,1011.8,False,34.6,126,2.0,Japanese Grand Prix
97.79,11,MEDIUM,1,35.755,43.708,18.327,700000000.0,0.0,0.0,11,15.0,1,False,4898.375,BEA,87,None,None,4836.357,4880.065,4898.392,254.0,316.0,274.0,281.0,True,Haas F1 Team,4800.585,2026-03-29T05:30:17.953000000,True,TRACK LIMITS AT TURN 13 LAP 11 ,False,True,4786.951,19.1,50.7,1011.7,False,34.0,142,1.5,Japanese Grand Prix
97.128,12,MEDIUM,1,35.897,42.843,18.388,700000000.0,11100000000.0,0.0,12,15.0,1,False,4995.503,BEA,87,None,None,4934.289,4977.132,4995.52,255.0,316.0,275.0,282.0,True,Haas F1 Team,4898.375,2026-03-29T05:31:55.743000000,False,None,False,True,4906.957,19.1,50.5,1011.9,False,33.7,82,1.3,Japanese Grand Prix
96.764,13,MEDIUM,1,35.712,42.709,18.343,701000000.0,1000.0,0.0,13,15.0,1,False,5092.267,BEA,87,None,None,5031.232,5073.941,5092.284,253.0,319.0,276.0,284.0,True,Haas F1 Team,4995.503,2026-03-29T05:33:32.871000000,False,None,False,True,5026.956,19.0,50.6,1011.8,False,33.8,151,2.0,Japanese Grand Prix
96.645,14,MEDIUM,1,35.672,42.701,18.272,700000000.0,10000000000.0,10000.0,14,15.0,1,False,5188.912,BEA,87,None,None,5127.956,5170.657,5188.929,258.0,320.0,276.0,284.0,True,Haas F1 Team,5092.267,2026-03-29T05:35:09.635000000,False,None,False,True,5086.955,19.0,50.6,1011.8,False,33.6,56,1.2,Japanese Grand Prix
96.624,15,MEDIUM,1,35.622,42.581,18.421,700100000.0,11000000000.0,11.0,15,15.0,1,False,5285.536,BEA,87,None,None,5224.551,5267.132,5285.553,258.0,322.0,279.0,285.0,True,Haas F1 Team,5188.912,2026-03-29T05:36:46.280000000,False,None,False,True,5206.955,18.8,51.4,1011.6,False,33.2,98,1.2,Japanese Grand Prix
98.787,16,MEDIUM,1,35.528,42.582,20.677,701000000.0,110000.0,555.0,16,16.0,1,False,5384.323,BEA,87,None,5383.059,5321.081,5363.663,5384.34,258.0,325.0,None,288.0,True,Haas F1 Team,5285.536,2026-03-29T05:38:22.904000000,False,None,False,False,5266.957,18.8,50.8,1011.8,False,33.4,44,0.7,Japanese Grand Prix
117.448,17,HARD,2,57.139,41.84,18.469,550111110.0,11010101100.0,11111.0,1,19.0,1,False,5501.771,BEA,87,5408.107,None,5441.479,5483.319,5501.788,263.0,323.0,279.0,266.0,True,Haas F1 Team,5384.323,2026-03-29T05:40:01.691000000,False,None,False,False,5386.956,18.9,47.8,1011.8,False,32.9,133,2.6,Japanese Grand Prix
96.054,18,HARD,2,35.006,42.424,18.624,110010.0,10.0,1.0,2,19.0,1,True,5597.825,BEA,87,None,None,5536.794,5579.218,5597.842,256.0,324.0,279.0,288.0,True,Haas F1 Team,5501.771,2026-03-29T05:41:59.139000000,False,None,False,True,5506.96,18.8,48.7,1011.7,False,32.8,100,1.3,Japanese Grand Prix
95.905,19,HARD,2,35.345,42.252,18.308,100000000.0,103000000.0,0.0,3,18.0,1,True,5693.73,BEA,87,None,None,5633.187,5675.439,5693.747,257.0,337.0,278.0,294.0,True,Haas F1 Team,5597.825,2026-03-29T05:43:35.193000000,False,None,False,True,5566.954,18.8,48.5,1011.7,False,32.2,24,1.7,Japanese Grand Prix
95.604,20,HARD,2,35.253,42.31,18.041,0.0,10.0,100001.0,4,18.0,1,True,5789.334,BEA,87,None,None,5729.0,5771.31,5789.351,262.0,335.0,279.0,294.0,True,Haas F1 Team,5693.73,2026-03-29T05:45:11.098000000,False,None,False,True,5686.962,18.7,49.2,1011.7,False,32.7,131,2.2,Japanese Grand Prix
,21,HARD,2,,,,701000000.0,0.0,,5,,124,None,5939.334,BEA,87,None,None,None,None,None,None,None,None,None,True,Haas F1 Team,5789.334,2026-03-29T05:46:46.702000000,False,None,True,False,5806.966,18.6,49.9,1011.7,False,32.6,116,0.9,Japanese Grand Prix
,22,HARD,2,,,,,,,6,,4,None,5939.546,BEA,87,None,None,None,None,None,None,None,None,None,True,Haas F1 Team,5939.334,None,None,None,True,False,5866.963,18.6,50.4,1011.6,False,32.9,163,0.7,Japanese Grand Prix
102.93,1,MEDIUM,1,,43.476,18.277,11111111.0,11111111111.0,1111111.0,1,13.0,1,False,3927.894,BOR,5,None,None,None,3909.799,3928.164,264.0,333.0,278.0,295.0,True,Audi,3824.711,2026-03-29T05:14:02.079000000,False,None,False,False,3826.937,18.8,55.5,1011.7,False,36.7,124,2.1,Japanese Grand Prix
97.158,2,MEDIUM,1,35.531,42.947,18.68,111111110.0,11111311100.0,11000.0,2,13.0,1,True,4025.052,BOR,5,None,None,3963.45,4006.397,4025.077,262.0,302.0,262.0,280.0,True,Audi,3927.894,2026-03-29T05:15:45.262000000,False,None,False,True,3946.939,18.9,54.3,1011.7,False,36.7,143,1.5,Japanese Grand Prix
98.924,3,MEDIUM,1,36.703,43.978,18.243,100000.0,1000.0,110000.0,3,15.0,1,False,4123.976,BOR,5,None,None,4061.78,4105.758,4124.001,262.0,319.0,275.0,291.0,True,Audi,4025.052,2026-03-29T05:17:22.420000000,False,None,False,True,4066.945,18.9,54.5,1011.7,False,36.0,112,2.1,Japanese Grand Prix
97.014,4,MEDIUM,1,35.653,43.147,18.214,701110010.0,10100001000.0,10000.0,4,15.0,1,True,4220.99,BOR,5,None,None,4159.654,4202.801,4221.015,262.0,316.0,276.0,286.0,True,Audi,4123.976,2026-03-29T05:19:01.344000000,False,None,False,True,4126.951,19.0,54.0,1011.8,False,36.5,104,0.4,Japanese Grand Prix
96.613,5,MEDIUM,1,35.349,42.992,18.272,701111100.0,10000001000.0,0.0,5,15.0,1,True,4317.603,BOR,5,None,None,4256.364,4299.356,4317.628,263.0,320.0,277.0,288.0,True,Audi,4220.99,2026-03-29T05:20:38.358000000,False,None,False,True,4246.946,19.1,53.2,1011.8,False,36.4,128,2.3,Japanese Grand Prix
96.651,6,MEDIUM,1,35.528,42.906,18.217,700000001.0,10000001000.0,0.0,6,15.0,1,False,4414.254,BOR,5,None,None,4353.156,4396.062,4414.279,265.0,322.0,278.0,288.0,True,Audi,4317.603,2026-03-29T05:22:14.971000000,False,None,False,True,4306.945,19.2,52.0,1011.8,False,36.0,95,1.4,Japanese Grand Prix
96.146,7,MEDIUM,1,35.083,42.828,18.235,111000010.0,1000001000.0,0.0,7,14.0,1,True,4510.4,BOR,5,None,None,4449.362,4492.19,4510.425,263.0,316.0,274.0,286.0,True,Audi,4414.254,2026-03-29T05:23:51.622000000,False,None,False,True,4426.948,19.1,51.3,1011.8,False,35.7,130,1.3,Japanese Grand Prix
96.613,8,MEDIUM,1,35.591,42.793,18.229,1010.0,10100001000.0,0.0,8,14.0,1,False,4607.013,BOR,5,None,None,4546.016,4588.809,4607.038,258.0,319.0,275.0,282.0,True,Audi,4510.4,2026-03-29T05:25:27.768000000,False,None,False,True,4546.949,19.0,51.7,1011.8,False,35.3,144,2.7,Japanese Grand Prix
96.233,9,MEDIUM,1,35.389,42.735,18.109,700001110.0,10000001000.0,10000.0,9,14.0,1,False,4703.246,BOR,5,None,None,4642.427,4685.162,4703.271,258.0,323.0,276.0,284.0,True,Audi,4607.013,2026-03-29T05:27:04.381000000,False,None,False,True,4606.955,19.1,51.2,1011.7,False,34.6,120,2.3,Japanese Grand Prix
96.263,10,MEDIUM,1,35.551,42.682,18.03,700000000.0,1000001000.0,1100000.0,10,14.0,1,False,4799.509,BOR,5,None,None,4738.822,4781.504,4799.534,260.0,330.0,276.0,292.0,True,Audi,4703.246,2026-03-29T05:28:40.614000000,False,None,False,True,4726.95,19.0,51.2,1011.8,False,34.6,126,2.0,Japanese Grand Prix
96.814,11,MEDIUM,1,35.865,42.752,18.197,700000001.0,0.0,0.0,11,14.0,1,False,4896.323,BOR,5,None,None,4835.399,4878.151,4896.348,265.0,317.0,277.0,284.0,True,Audi,4799.509,2026-03-29T05:30:16.877000000,False,None,False,True,4786.951,19.1,50.7,1011.7,False,34.0,142,1.5,Japanese Grand Prix
96.742,12,MEDIUM,1,35.609,42.938,18.195,700000001.0,0.0,1101.0,12,14.0,1,False,4993.065,BOR,5,None,None,4931.957,4974.895,4993.09,266.0,320.0,279.0,287.0,True,Audi,4896.323,2026-03-29T05:31:53.691000000,False,None,False,True,4906.957,19.1,50.5,1011.9,False,33.7,82,1.3,Japanese Grand Prix
97.393,13,MEDIUM,1,36.159,42.993,18.241,700000000.0,10.0,0.0,13,14.0,1,False,5090.458,BOR,5,None,None,5029.249,5072.242,5090.483,263.0,322.0,278.0,288.0,True,Audi,4993.065,2026-03-29T05:33:30.433000000,False,None,False,True,5026.956,19.0,50.6,1011.8,False,33.8,151,2.0,Japanese Grand Prix
96.882,14,MEDIUM,1,35.793,42.953,18.136,700000001.0,0.0,0.0,14,14.0,1,False,5187.34,BOR,5,None,None,5126.276,5169.229,5187.365,267.0,326.0,278.0,289.0,True,Audi,5090.458,2026-03-29T05:35:07.826000000,False,None,False,True,5086.955,19.0,50.6,1011.8,False,33.6,56,1.2,Japanese Grand Prix
96.508,15,MEDIUM,1,35.516,42.895,18.097,700000000.0,0.0,111.0,15,14.0,1,False,5283.848,BOR,5,None,None,5222.881,5265.776,5283.873,265.0,326.0,280.0,290.0,True,Audi,5187.34,2026-03-29T05:36:44.708000000,False,None,False,True,5206.955,18.8,51.4,1011.6,False,33.2,98,1.2,Japanese Grand Prix
97.257,16,MEDIUM,1,35.988,42.981,18.288,110000000.0,0.0,0.0,16,14.0,1,False,5381.105,BOR,5,None,None,5319.861,5362.842,5381.13,263.0,318.0,277.0,286.0,True,Audi,5283.848,2026-03-29T05:38:21.216000000,False,None,False,True,5266.957,18.8,50.8,1011.8,False,33.4,44,0.7,Japanese Grand Prix
96.844,17,MEDIUM,1,35.66,42.788,18.396,0.0,0.0,0.0,17,13.0,1,False,5477.949,BOR,5,None,None,5416.79,5459.578,5477.974,265.0,321.0,261.0,284.0,True,Audi,5381.105,2026-03-29T05:39:58.473000000,False,None,False,True,5386.956,18.9,47.8,1011.8,False,32.9,133,2.6,Japanese Grand Prix
96.582,18,MEDIUM,1,35.496,42.77,18.316,701000000.0,10100000000.0,100.0,18,13.0,1,False,5574.531,BOR,5,None,None,5513.47,5556.24,5574.556,265.0,316.0,276.0,284.0,True,Audi,5477.949,2026-03-29T05:41:35.317000000,False,None,False,True,5506.96,18.8,48.7,1011.7,False,32.8,100,1.3,Japanese Grand Prix
96.561,19,MEDIUM,1,35.668,42.654,18.239,700000000.0,1100000000.0,100.0,19,12.0,1,False,5671.092,BOR,5,None,None,5610.224,5652.878,5671.117,259.0,318.0,277.0,281.0,True,Audi,5574.531,2026-03-29T05:43:11.899000000,False,None,False,True,5566.954,18.8,48.5,1011.7,False,32.2,24,1.7,Japanese Grand Prix
96.022,20,MEDIUM,1,35.447,42.435,18.14,700001000.0,11010000000.0,1100.0,20,10.0,1,True,5767.114,BOR,5,None,None,5706.564,5748.999,5767.139,258.0,321.0,278.0,283.0,True,Audi,5671.092,2026-03-29T05:44:48.460000000,False,None,False,True,5686.962,18.7,49.2,1011.7,False,32.7,131,2.2,Japanese Grand Prix
95.825,21,MEDIUM,1,35.313,42.618,17.894,700000000.0,10000000.0,101110.0,21,10.0,12,True,5862.939,BOR,5,None,None,5802.452,5845.07,5862.964,258.0,327.0,277.0,290.0,True,Audi,5767.114,2026-03-29T05:46:24.482000000,False,None,False,True,5806.966,18.6,49.9,1011.7,False,32.6,116,0.9,Japanese Grand Prix
126.395,22,MEDIUM,1,42.345,57.023,27.027,700000000.0,0.0,555.0,22,11.0,24,False,5989.334,BOR,5,None,5987.95,5905.309,5962.332,5989.359,226.0,233.0,None,205.0,True,Audi,5862.939,2026-03-29T05:48:00.307000000,False,None,False,False,5866.963,18.6,50.4,1011.6,False,32.9,163,0.7,Japanese Grand Prix
145.57,23,HARD,2,62.972,59.222,23.376,550000000.0,0.0,0.0,1,11.0,4,False,6134.904,BOR,5,6012.533,None,6052.331,6111.553,6134.929,198.0,251.0,249.0,246.0,True,Audi,5989.334,2026-03-29T05:50:06.702000000,False,None,False,False,5986.965,18.5,51.5,1011.7,False,32.7,107,0.4,Japanese Grand Prix
124.495,24,HARD,2,38.667,61.172,24.656,1.0,0.0,0.0,2,10.0,4,False,6259.399,BOR,5,None,None,6173.596,6234.768,6259.424,272.0,269.0,226.0,240.0,True,Audi,6134.904,2026-03-29T05:52:32.272000000,False,None,False,False,6166.968,18.5,51.1,1011.7,False,32.9,121,1.3,Japanese Grand Prix
150.754,25,HARD,2,49.93,72.806,28.018,700000000.0,0.0,0.0,3,10.0,4,False,6410.195,BOR,5,None,None,6309.415,6382.216,6410.302,135.0,277.0,214.0,135.0,True,Audi,6259.399,2026-03-29T05:54:36.767000000,False,None,False,False,6286.968,18.5,51.8,1011.7,False,32.8,120,1.5,Japanese Grand Prix
147.016,26,HARD,2,53.562,64.953,28.501,700000000.0,0.0,0.0,4,10.0,4,False,6557.211,BOR,5,None,None,6463.782,6528.735,6557.236,121.0,248.0,183.0,214.0,True,Audi,6410.195,2026-03-29T05:57:07.563000000,False,None,False,False,6406.972,18.5,50.7,1011.7,False,32.3,106,2.0,Japanese Grand Prix
137.481,27,HARD,2,47.242,62.918,27.321,700000000.0,0.0,110.0,5,10.0,41,False,6694.692,BOR,5,None,None,6604.478,6667.396,6694.717,235.0,133.0,280.0,138.0,True,Audi,6557.211,2026-03-29T05:59:34.579000000,False,None,False,False,6586.973,18.3,50.5,1011.7,False,32.2,136,2.5,Japanese Grand Prix
96.907,28,HARD,2,35.763,43.013,18.131,700000000.0,1000011.0,100101.0,6,10.0,1,False,6791.599,BOR,5,None,None,6730.48,6773.493,6791.624,266.0,338.0,280.0,291.0,True,Audi,6694.692,2026-03-29T06:01:52.060000000,False,None,False,True,6706.975,18.3,47.7,1011.7,False,32.3,122,2.3,Japanese Grand Prix
96.612,29,HARD,2,35.706,42.636,18.27,700000010.0,30100.0,1110.0,7,11.0,1,False,6888.211,BOR,5,None,None,6827.33,6869.966,6888.236,262.0,310.0,274.0,284.0,True,Audi,6791.599,2026-03-29T06:03:28.967000000,False,None,False,True,6826.974,18.4,48.2,1011.7,False,32.4,132,2.6,Japanese Grand Prix
95.524,30,HARD,2,35.069,42.254,18.201,700111110.0,1010000100.0,1110.0,8,11.0,1,True,6983.735,BOR,5,None,None,6923.305,6965.559,6983.76,255.0,313.0,278.0,283.0,True,Audi,6888.211,2026-03-29T06:05:05.579000000,False,None,False,True,6886.976,18.4,47.6,1011.7,False,32.1,135,0.8,Japanese Grand Prix
95.18,31,HARD,2,34.796,42.219,18.165,700010000.0,10001100.0,10.0,9,11.0,1,True,7078.915,BOR,5,None,None,7018.556,7060.775,7078.94,258.0,312.0,278.0,282.0,True,Audi,6983.735,2026-03-29T06:06:41.103000000,False,None,False,True,7006.979,18.4,49.7,1011.7,False,32.0,129,1.9,Japanese Grand Prix
94.993,32,HARD,2,34.786,42.144,18.063,700011010.0,11000000100.0,10011.0,10,11.0,1,True,7173.908,BOR,5,None,None,7113.726,7155.87,7173.933,259.0,314.0,280.0,283.0,True,Audi,7078.915,2026-03-29T06:08:16.283000000,False,None,False,True,7126.981,18.5,50.7,1011.6,False,32.0,133,2.0,Japanese Grand Prix
94.891,33,HARD,2,34.497,42.127,18.267,700000100.0,1000.0,1.0,11,11.0,1,True,7268.799,BOR,5,None,None,7208.43,7250.557,7268.824,262.0,315.0,280.0,285.0,True,Audi,7173.908,2026-03-29T06:09:51.276000000,False,None,False,True,7186.981,18.5,50.0,1011.7,False,31.5,140,1.1,Japanese Grand Prix
95.093,34,HARD,2,34.588,42.316,18.189,700000000.0,100000000.0,0.0,12,11.0,1,False,7363.892,BOR,5,None,None,7303.412,7345.728,7363.917,258.0,314.0,280.0,283.0,True,Audi,7268.799,2026-03-29T06:11:26.167000000,False,None,False,True,7306.992,18.5,51.0,1011.6,False,31.4,113,1.2,Japanese Grand Prix
95.767,35,HARD,2,34.651,42.588,18.528,700001000.0,0.0,0.0,13,11.0,1,False,7459.659,BOR,5,None,None,7398.568,7441.156,7459.684,258.0,311.0,279.0,281.0,True,Audi,7363.892,2026-03-29T06:13:01.260000000,False,None,False,True,7366.98,18.3,51.1,1011.6,False,31.4,154,2.4,Japanese Grand Prix
95.476,36,HARD,2,35.323,42.145,18.008,700000000.0,0.0,1.0,14,12.0,1,False,7555.135,BOR,5,None,None,7495.007,7537.152,7555.16,257.0,316.0,280.0,285.0,True,Audi,7459.659,2026-03-29T06:14:37.027000000,False,None,False,True,7486.983,18.1,52.4,1011.7,False,31.1,170,0.8,Japanese Grand Prix
95.043,37,HARD,2,34.831,42.126,18.086,700000000.0,1000.0,1.0,15,12.0,1,False,7650.178,BOR,5,None,None,7589.991,7632.117,7650.203,258.0,317.0,281.0,284.0,True,Audi,7555.135,2026-03-29T06:16:12.503000000,False,None,False,True,7546.988,18.0,53.7,1011.6,False,31.0,138,1.5,Japanese Grand Prix
95.887,38,HARD,2,34.612,42.044,19.231,700000000.0,100001000.0,0.0,16,13.0,1,False,7746.065,BOR,5,None,None,7684.815,7726.859,7746.09,259.0,315.0,281.0,285.0,True,Audi,7650.178,2026-03-29T06:17:47.546000000,False,None,False,True,7666.984,17.9,55.6,1011.6,False,30.7,88,0.8,Japanese Grand Prix
94.641,39,HARD,2,34.554,42.02,18.067,100000000.0,10100000000.0,1.0,17,13.0,1,True,7840.706,BOR,5,None,None,7780.644,7822.664,7840.731,263.0,317.0,282.0,287.0,True,Audi,7746.065,2026-03-29T06:19:23.433000000,False,None,False,True,7726.986,17.9,55.8,1011.7,False,31.1,119,1.8,Japanese Grand Prix
94.164,40,HARD,2,34.6,41.773,17.791,1011000.0,11100001000.0,1000000.0,18,13.0,1,True,7934.87,BOR,5,None,None,7875.331,7917.104,7934.895,265.0,329.0,282.0,297.0,True,Audi,7840.706,2026-03-29T06:20:58.074000000,False,None,False,True,7846.99,17.8,55.5,1011.6,False,31.0,167,1.0,Japanese Grand Prix
94.664,41,HARD,2,34.653,41.96,18.051,700011000.0,10000000000.0,0.0,19,13.0,1,False,8029.534,BOR,5,None,None,7969.548,8011.508,8029.559,265.0,322.0,280.0,288.0,True,Audi,7934.87,2026-03-29T06:22:32.238000000,False,None,False,True,7966.994,17.8,55.7,1011.6,False,30.7,140,0.6,Japanese Grand Prix
95.021,42,HARD,2,34.79,42.048,18.183,700010000.0,1000000000.0,0.0,20,13.0,1,False,8124.555,BOR,5,None,None,8064.349,8106.397,8124.58,261.0,323.0,280.0,286.0,True,Audi,8029.534,2026-03-29T06:24:06.902000000,False,None,False,True,8026.998,18.1,55.4,1011.6,False,30.6,153,2.5,Japanese Grand Prix
95.143,43,HARD,2,34.812,42.163,18.168,700000000.0,0.0,0.0,21,13.0,1,False,8219.698,BOR,5,None,None,8159.392,8201.555,8219.723,261.0,326.0,280.0,287.0,True,Audi,8124.555,2026-03-29T06:25:41.923000000,False,None,False,True,8146.993,17.9,57.1,1011.7,False,30.4,140,0.9,Japanese Grand Prix
95.013,44,HARD,2,34.795,42.162,18.056,700000000.0,0.0,0.0,22,13.0,1,False,8314.711,BOR,5,None,None,8254.518,8296.68,8314.736,262.0,325.0,280.0,287.0,True,Audi,8219.698,2026-03-29T06:27:17.066000000,False,None,False,True,8207.003,17.9,57.3,1011.7,False,30.5,9,0.5,Japanese Grand Prix
94.894,45,HARD,2,34.843,41.943,18.108,700000000.0,1000000.0,0.0,23,13.0,1,False,8409.605,BOR,5,None,None,8349.579,8391.522,8409.63,262.0,324.0,280.0,285.0,True,Audi,8314.711,2026-03-29T06:28:52.079000000,False,None,False,True,8326.995,18.0,56.5,1011.7,False,30.9,129,1.1,Japanese Grand Prix
94.786,46,HARD,2,34.809,42.066,17.911,700000000.0,0.0,11.0,24,13.0,1,False,8504.391,BOR,5,None,None,8444.439,8486.505,8504.416,263.0,328.0,282.0,288.0,True,Audi,8409.605,2026-03-29T06:30:26.973000000,False,None,False,True,8386.994,18.0,56.6,1011.7,False,29.6,83,2.0,Japanese Grand Prix
94.722,47,HARD,2,34.86,41.865,17.997,700000000.0,0.0,0.0,25,13.0,1,False,8599.113,BOR,5,None,None,8539.276,8581.141,8599.138,261.0,327.0,282.0,288.0,True,Audi,8504.391,2026-03-29T06:32:01.759000000,False,None,False,True,8507.001,17.9,57.4,1011.8,False,30.8,91,0.8,Japanese Grand Prix
94.278,48,HARD,2,34.765,41.735,17.778,700000000.0,1000000000.0,1100000.0,26,13.0,1,False,8693.391,BOR,5,None,None,8633.903,8675.638,8693.416,259.0,331.0,280.0,303.0,True,Audi,8599.113,2026-03-29T06:33:36.481000000,False,None,False,True,8627.007,17.9,57.3,1011.8,False,30.2,81,1.3,Japanese Grand Prix
95.055,49,HARD,2,35.011,41.994,18.05,700000000.0,0.0,0.0,27,13.0,1,False,8788.446,BOR,5,None,None,8728.427,8770.421,8788.471,266.0,323.0,282.0,288.0,True,Audi,8693.391,2026-03-29T06:35:10.759000000,False,None,False,True,8687.017,17.9,57.8,1011.7,False,30.9,110,0.9,Japanese Grand Prix
94.586,50,HARD,2,34.842,41.851,17.893,700000000.0,1.0,1.0,28,13.0,1,False,8883.032,BOR,5,None,None,8823.313,8865.164,8883.057,267.0,336.0,283.0,294.0,True,Audi,8788.446,2026-03-29T06:36:45.814000000,False,None,False,True,8807.046,18.0,57.9,1011.7,False,30.6,128,1.5,Japanese Grand Prix
94.33,51,HARD,2,34.733,41.724,17.873,700000000.0,10000000000.0,0.0,29,13.0,1,False,8977.362,BOR,5,None,None,8917.79,8959.514,8977.387,265.0,335.0,282.0,294.0,True,Audi,8883.032,2026-03-29T06:38:20.400000000,False,None,False,True,8867.045,17.8,59.2,1011.8,False,30.2,113,1.9,Japanese Grand Prix
95.002,52,HARD,2,34.806,42.147,18.049,700000000.0,0.0,0.0,30,13.0,1,False,9072.364,BOR,5,None,None,9012.193,9054.34,9072.389,265.0,324.0,278.0,287.0,True,Audi,8977.362,2026-03-29T06:39:54.730000000,False,None,False,True,8987.049,17.6,59.8,1011.8,False,30.0,107,1.5,Japanese Grand Prix
95.123,53,HARD,2,34.853,42.06,18.21,701000000.0,0.0,0.0,31,13.0,1,False,9167.487,BOR,5,None,None,9107.242,9149.302,9167.512,261.0,327.0,278.0,288.0,True,Audi,9072.364,2026-03-29T06:41:29.732000000,False,None,False,True,9047.054,17.4,61.3,1011.8,False,29.9,122,1.8,Japanese Grand Prix
107.837,1,HARD,1,,45.366,18.503,11111111.0,11111111111.0,1111111.0,1,21.0,1,False,3932.801,BOT,77,None,None,None,3914.504,3932.801,238.0,330.0,275.0,278.0,True,Cadillac,3824.711,2026-03-29T05:14:02.079000000,False,None,False,False,3826.937,18.8,55.5,1011.7,False,36.7,124,2.1,Japanese Grand Prix
99.358,2,HARD,1,36.952,43.767,18.639,111111111.0,11110001111.0,10000.0,2,22.0,1,True,4032.159,BOT,77,None,None,3969.753,4013.52,4032.159,252.0,329.0,266.0,283.0,True,Cadillac,3932.801,2026-03-29T05:15:50.169000000,False,None,False,True,3946.939,18.9,54.3,1011.7,False,36.7,143,1.5,Japanese Grand Prix
98.311,3,HARD,1,36.764,43.112,18.435,1111010.0,11111011101.0,1100000.0,3,22.0,1,True,4130.47,BOT,77,None,None,4068.923,4112.035,4130.47,252.0,335.0,272.0,291.0,True,Cadillac,4032.159,2026-03-29T05:17:29.527000000,False,None,False,True,4066.945,18.9,54.5,1011.7,False,36.0,112,2.1,Japanese Grand Prix
98.484,4,HARD,1,36.706,43.152,18.626,700001011.0,11000010001.0,0.0,4,22.0,1,False,4228.954,BOT,77,None,None,4167.176,4210.328,4228.954,252.0,336.0,272.0,289.0,True,Cadillac,4130.47,2026-03-29T05:19:07.838000000,False,None,False,True,4126.951,19.0,54.0,1011.8,False,36.5,104,0.4,Japanese Grand Prix
98.495,5,HARD,1,36.69,43.311,18.494,700000001.0,1000.0,100001.0,5,22.0,1,False,4327.449,BOT,77,None,None,4265.644,4308.955,4327.449,254.0,332.0,275.0,293.0,True,Cadillac,4228.954,2026-03-29T05:20:46.322000000,False,None,False,True,4246.946,19.1,53.2,1011.8,False,36.4,128,2.3,Japanese Grand Prix
98.627,6,HARD,1,36.574,43.362,18.691,701000000.0,10000000000.0,1.0,6,22.0,1,False,4426.076,BOT,77,None,None,4364.023,4407.385,4426.076,254.0,331.0,276.0,295.0,True,Cadillac,4327.449,2026-03-29T05:22:24.817000000,False,None,False,True,4306.945,19.2,52.0,1011.8,False,36.0,95,1.4,Japanese Grand Prix
98.485,7,HARD,1,36.609,43.339,18.537,110001000.0,0.0,1.0,7,22.0,1,False,4524.561,BOT,77,None,None,4462.685,4506.024,4524.561,254.0,330.0,276.0,298.0,True,Cadillac,4426.076,2026-03-29T05:24:03.444000000,False,None,False,True,4426.948,19.1,51.3,1011.8,False,35.7,130,1.3,Japanese Grand Prix
98.658,8,HARD,1,36.752,43.395,18.511,0.0,10100000000.0,110000.0,8,22.0,1,False,4623.219,BOT,77,None,None,4561.313,4604.708,4623.219,254.0,326.0,275.0,285.0,True,Cadillac,4524.561,2026-03-29T05:25:41.929000000,False,None,False,True,4546.949,19.0,51.7,1011.8,False,35.3,144,2.7,Japanese Grand Prix
98.823,9,HARD,1,36.687,43.525,18.611,701010000.0,100000000.0,100000.0,9,22.0,1,False,4722.042,BOT,77,None,None,4659.906,4703.431,4722.042,253.0,327.0,271.0,294.0,True,Cadillac,4623.219,2026-03-29T05:27:20.587000000,False,None,False,True,4606.955,19.1,51.2,1011.7,False,34.6,120,2.3,Japanese Grand Prix
98.835,10,HARD,1,36.567,43.759,18.509,701010001.0,1000.0,10000.0,10,22.0,1,False,4820.877,BOT,77,None,None,4758.609,4802.368,4820.877,254.0,315.0,272.0,288.0,True,Cadillac,4722.042,2026-03-29T05:28:59.410000000,False,None,False,True,4726.95,19.0,51.2,1011.8,False,34.6,126,2.0,Japanese Grand Prix
98.869,11,HARD,1,36.731,43.629,18.509,701000000.0,100001000.0,0.0,11,22.0,1,False,4919.746,BOT,77,None,None,4857.608,4901.237,4919.746,253.0,314.0,273.0,291.0,True,Cadillac,4820.877,2026-03-29T05:30:38.245000000,False,None,False,True,4786.951,19.1,50.7,1011.7,False,34.0,142,1.5,Japanese Grand Prix
99.272,12,HARD,1,36.77,43.785,18.717,700000000.0,1000.0,0.0,12,22.0,1,False,5019.018,BOT,77,None,None,4956.516,5000.301,5019.018,253.0,312.0,272.0,280.0,True,Cadillac,4919.746,2026-03-29T05:32:17.114000000,False,None,False,True,4906.957,19.1,50.5,1011.9,False,33.7,82,1.3,Japanese Grand Prix
98.714,13,HARD,1,36.684,43.54,18.49,700010001.0,100010000.0,0.0,13,22.0,1,False,5117.732,BOT,77,None,None,5055.702,5099.242,5117.732,255.0,322.0,272.0,292.0,True,Cadillac,5019.018,2026-03-29T05:33:56.386000000,False,None,False,True,5026.956,19.0,50.6,1011.8,False,33.8,151,2.0,Japanese Grand Prix
99.447,14,HARD,1,36.923,43.71,18.814,700000000.0,1000.0,0.0,14,22.0,1,False,5217.179,BOT,77,None,None,5154.655,5198.365,5217.179,250.0,311.0,272.0,278.0,True,Cadillac,5117.732,2026-03-29T05:35:35.100000000,False,None,False,True,5086.955,19.0,50.6,1011.8,False,33.6,56,1.2,Japanese Grand Prix
98.951,15,HARD,1,36.748,43.568,18.635,700011000.0,1100000000.0,0.0,15,22.0,1,False,5316.13,BOT,77,None,None,5253.927,5297.495,5316.13,254.0,317.0,275.0,282.0,True,Cadillac,5217.179,2026-03-29T05:37:14.547000000,False,None,False,True,5206.955,18.8,51.4,1011.6,False,33.2,98,1.2,Japanese Grand Prix
98.42,16,HARD,1,36.547,43.269,18.604,700000001.0,11000000000.0,0.0,16,22.0,1,False,5414.55,BOT,77,None,None,5352.677,5395.946,5414.55,256.0,318.0,275.0,281.0,True,Cadillac,5316.13,2026-03-29T05:38:53.498000000,False,None,False,True,5266.957,18.8,50.8,1011.8,False,33.4,44,0.7,Japanese Grand Prix
99.127,17,HARD,1,36.694,43.541,18.892,700000000.0,0.0,0.0,17,22.0,1,False,5513.677,BOT,77,None,None,5451.244,5494.785,5513.677,254.0,313.0,224.0,280.0,True,Cadillac,5414.55,2026-03-29T05:40:31.918000000,False,None,False,True,5386.956,18.9,47.8,1011.8,False,32.9,133,2.6,Japanese Grand Prix
102.013,18,HARD,1,39.204,44.025,18.784,700000001.0,0.0,0.0,18,22.0,1,False,5615.69,BOT,77,None,None,5552.881,5596.906,5615.69,260.0,312.0,274.0,276.0,True,Cadillac,5513.677,2026-03-29T05:42:11.045000000,False,None,False,True,5506.96,18.8,48.7,1011.7,False,32.8,100,1.3,Japanese Grand Prix
101.943,19,HARD,1,36.686,43.598,21.659,700000000.0,0.0,555.0,19,22.0,1,False,5717.633,BOT,77,None,5716.312,5652.376,5695.974,5717.633,254.0,315.0,None,278.0,True,Cadillac,5615.69,2026-03-29T05:43:53.058000000,False,None,False,False,5566.954,18.8,48.5,1011.7,False,32.2,24,1.7,Japanese Grand Prix
120.289,20,MEDIUM,2,59.093,42.812,18.384,550010111.0,1101001100.0,10111.0,1,22.0,1,False,5837.922,BOT,77,5741.437,None,5776.726,5819.538,5837.922,262.0,318.0,277.0,280.0,True,Cadillac,5717.633,2026-03-29T05:45:35.001000000,False,None,False,False,5686.962,18.7,49.2,1011.7,False,32.7,131,2.2,Japanese Grand Prix
119.977,21,MEDIUM,2,35.738,62.073,22.166,1111110.0,0.0,0.0,2,21.0,124,False,5957.899,BOT,77,None,None,5873.66,5935.733,5957.899,254.0,269.0,182.0,262.0,True,Cadillac,5837.922,2026-03-29T05:47:35.290000000,False,None,False,False,5806.966,18.6,49.9,1011.7,False,32.6,116,0.9,Japanese Grand Prix
140.358,22,MEDIUM,2,45.306,65.533,29.519,700000000.0,0.0,0.0,3,21.0,4,False,6098.257,BOT,77,None,None,6003.205,6068.738,6098.257,261.0,155.0,207.0,161.0,True,Cadillac,5957.899,2026-03-29T05:49:35.267000000,False,None,False,False,5866.963,18.6,50.4,1011.6,False,32.9,163,0.7,Japanese Grand Prix
149.827,23,MEDIUM,2,51.875,71.195,26.757,700000000.0,0.0,0.0,4,21.0,4,False,6248.084,BOT,77,None,None,6150.132,6221.327,6248.084,157.0,205.0,209.0,160.0,True,Cadillac,6098.257,2026-03-29T05:51:55.625000000,False,None,False,False,5986.965,18.5,51.5,1011.7,False,32.7,107,0.4,Japanese Grand Prix
150.916,24,MEDIUM,2,51.808,71.819,27.289,700000000.0,0.0,0.0,5,21.0,4,False,6399.043,BOT,77,None,None,6299.95,6371.754,6399.095,201.0,202.0,190.0,166.0,True,Cadillac,6248.084,2026-03-29T05:54:25.452000000,False,None,False,False,6166.968,18.5,51.1,1011.7,False,32.9,121,1.3,Japanese Grand Prix
116.396,25,MEDIUM,2,52.035,45.873,18.488,700000000.0,0.0,0.0,6,21.0,4,False,6515.439,BOT,77,None,None,6451.078,6496.951,6515.439,241.0,319.0,274.0,284.0,True,Cadillac,6399.043,2026-03-29T05:56:56.411000000,False,None,False,False,6286.968,18.5,51.8,1011.7,False,32.8,120,1.5,Japanese Grand Prix
99.379,26,MEDIUM,2,36.37,44.253,18.756,700000000.0,0.0,100.0,7,21.0,4,False,6614.818,BOT,77,None,None,6551.809,6596.062,6614.818,253.0,308.0,274.0,273.0,True,Cadillac,6515.439,2026-03-29T05:58:52.807000000,False,None,False,False,6406.972,18.5,50.7,1011.7,False,32.3,106,2.0,Japanese Grand Prix
98.153,27,MEDIUM,2,36.337,43.07,18.746,700000000.0,10000.0,0.0,8,21.0,41,True,6712.971,BOT,77,None,None,6651.155,6694.225,6712.971,255.0,320.0,277.0,279.0,True,Cadillac,6614.818,2026-03-29T06:00:32.186000000,False,None,False,False,6586.973,18.3,50.5,1011.7,False,32.2,136,2.5,Japanese Grand Prix
97.163,28,MEDIUM,2,35.705,43.043,18.415,701000010.0,1001000.0,10.0,9,21.0,1,True,6810.134,BOT,77,None,None,6748.676,6791.719,6810.134,257.0,312.0,275.0,279.0,True,Cadillac,6712.971,2026-03-29T06:02:10.339000000,False,None,False,True,6706.975,18.3,47.7,1011.7,False,32.3,122,2.3,Japanese Grand Prix
97.203,29,MEDIUM,2,35.9,42.797,18.506,700011000.0,10000001100.0,0.0,10,21.0,1,False,6907.337,BOT,77,None,None,6846.034,6888.831,6907.337,258.0,315.0,276.0,280.0,True,Cadillac,6810.134,2026-03-29T06:03:47.502000000,False,None,False,True,6826.974,18.4,48.2,1011.7,False,32.4,132,2.6,Japanese Grand Prix
97.369,30,MEDIUM,2,35.942,42.901,18.526,700000000.0,10000000000.0,10.0,11,21.0,1,False,7004.706,BOT,77,None,None,6943.279,6986.18,7004.706,259.0,314.0,277.0,278.0,True,Cadillac,6907.337,2026-03-29T06:05:24.705000000,False,None,False,True,6886.976,18.4,47.6,1011.7,False,32.1,135,0.8,Japanese Grand Prix
97.112,31,MEDIUM,2,35.799,42.826,18.487,701001000.0,10000000000.0,1.0,12,20.0,1,True,7101.818,BOT,77,None,None,7040.505,7083.331,7101.818,260.0,312.0,277.0,277.0,True,Cadillac,7004.706,2026-03-29T06:07:02.074000000,False,None,False,True,7006.979,18.4,49.7,1011.7,False,32.0,129,1.9,Japanese Grand Prix
97.142,32,MEDIUM,2,35.752,42.895,18.495,700001000.0,10000000100.0,0.0,13,20.0,1,False,7198.96,BOT,77,None,None,7137.57,7180.465,7198.96,261.0,315.0,277.0,280.0,True,Cadillac,7101.818,2026-03-29T06:08:39.186000000,False,None,False,True,7126.981,18.5,50.7,1011.6,False,32.0,133,2.0,Japanese Grand Prix
97.072,33,MEDIUM,2,35.784,42.86,18.428,701000010.0,100.0,0.0,14,20.0,1,True,7296.032,BOT,77,None,None,7234.744,7277.604,7296.032,257.0,314.0,277.0,280.0,True,Cadillac,7198.96,2026-03-29T06:10:16.328000000,False,None,False,True,7186.981,18.5,50.0,1011.7,False,31.5,140,1.1,Japanese Grand Prix
97.059,34,MEDIUM,2,35.681,42.895,18.483,700010010.0,0.0,0.0,15,20.0,1,True,7393.091,BOT,77,None,None,7331.713,7374.608,7393.091,258.0,315.0,277.0,280.0,True,Cadillac,7296.032,2026-03-29T06:11:53.400000000,False,None,False,True,7306.992,18.5,51.0,1011.6,False,31.4,113,1.2,Japanese Grand Prix
97.169,35,MEDIUM,2,35.654,42.961,18.554,700001000.0,1000.0,0.0,16,20.0,1,False,7490.26,BOT,77,None,None,7428.745,7471.706,7490.26,259.0,312.0,275.0,278.0,True,Cadillac,7393.091,2026-03-29T06:13:30.459000000,False,None,False,True,7366.98,18.3,51.1,1011.6,False,31.4,154,2.4,Japanese Grand Prix
97.19,36,MEDIUM,2,35.803,42.745,18.642,701001000.0,0.0,111.0,17,20.0,1,False,7587.45,BOT,77,None,None,7526.063,7568.808,7587.45,262.0,316.0,277.0,279.0,True,Cadillac,7490.26,2026-03-29T06:15:07.628000000,False,None,False,True,7486.983,18.1,52.4,1011.7,False,31.1,170,0.8,Japanese Grand Prix
96.878,37,MEDIUM,2,35.672,42.675,18.531,700000100.0,0.0,0.0,18,20.0,1,True,7684.328,BOT,77,None,None,7623.122,7665.797,7684.328,258.0,318.0,277.0,285.0,True,Cadillac,7587.45,2026-03-29T06:16:44.818000000,False,None,False,True,7546.988,18.0,53.7,1011.6,False,31.0,138,1.5,Japanese Grand Prix
96.853,38,MEDIUM,2,35.693,42.674,18.486,701000010.0,1000000000.0,111.0,19,20.0,1,True,7781.181,BOT,77,None,None,7720.021,7762.695,7781.181,260.0,314.0,278.0,280.0,True,Cadillac,7684.328,2026-03-29T06:18:21.696000000,False,None,False,True,7666.984,17.9,55.6,1011.6,False,30.7,88,0.8,Japanese Grand Prix
96.92,39,MEDIUM,2,35.851,42.572,18.497,700000000.0,10.0,0.0,20,20.0,1,False,7878.101,BOT,77,None,None,7817.032,7859.604,7878.101,257.0,318.0,278.0,281.0,True,Cadillac,7781.181,2026-03-29T06:19:58.549000000,False,None,False,True,7726.986,17.9,55.8,1011.7,False,31.1,119,1.8,Japanese Grand Prix
96.919,40,MEDIUM,2,35.678,42.711,18.53,700000000.0,10000000100.0,10.0,21,20.0,1,False,7975.02,BOT,77,None,None,7913.779,7956.49,7975.02,259.0,314.0,277.0,279.0,True,Cadillac,7878.101,2026-03-29T06:21:35.469000000,False,None,False,True,7846.99,17.8,55.5,1011.6,False,31.0,167,1.0,Japanese Grand Prix
96.737,41,MEDIUM,2,35.814,42.579,18.344,700000000.0,10000000000.0,101.0,22,20.0,1,True,8071.757,BOT,77,None,None,8010.834,8053.413,8071.757,258.0,318.0,280.0,281.0,True,Cadillac,7975.02,2026-03-29T06:23:12.388000000,False,None,False,True,7966.994,17.8,55.7,1011.6,False,30.7,140,0.6,Japanese Grand Prix
96.631,42,MEDIUM,2,35.666,42.539,18.426,101000000.0,1000001000.0,0.0,23,20.0,1,True,8168.388,BOT,77,None,None,8107.423,8149.962,8168.388,258.0,315.0,279.0,280.0,True,Cadillac,8071.757,2026-03-29T06:24:49.125000000,False,None,False,True,8026.998,18.1,55.4,1011.6,False,30.6,153,2.5,Japanese Grand Prix
96.859,43,MEDIUM,2,35.88,42.572,18.407,0.0,1000.0,0.0,24,20.0,1,False,8265.247,BOT,77,None,None,8204.268,8246.84,8265.247,259.0,316.0,279.0,280.0,True,Cadillac,8168.388,2026-03-29T06:26:25.756000000,False,None,False,True,8146.993,17.9,57.1,1011.7,False,30.4,140,0.9,Japanese Grand Prix
96.847,44,MEDIUM,2,35.795,42.481,18.571,701000000.0,0.0,0.0,25,20.0,1,False,8362.094,BOT,77,None,None,8301.042,8343.523,8362.094,258.0,318.0,279.0,281.0,True,Cadillac,8265.247,2026-03-29T06:28:02.615000000,False,None,False,True,8207.003,17.9,57.3,1011.7,False,30.5,9,0.5,Japanese Grand Prix
98.889,45,MEDIUM,2,37.539,42.782,18.568,700000000.0,0.0,0.0,26,20.0,1,False,8460.983,BOT,77,None,None,8399.633,8442.415,8460.983,256.0,315.0,276.0,281.0,True,Cadillac,8362.094,2026-03-29T06:29:39.462000000,False,None,False,True,8326.995,18.0,56.5,1011.7,False,30.9,129,1.1,Japanese Grand Prix
96.821,46,MEDIUM,2,35.779,42.592,18.45,700000000.0,0.0,0.0,27,20.0,1,False,8557.804,BOT,77,None,None,8496.762,8539.354,8557.804,259.0,320.0,278.0,283.0,True,Cadillac,8460.983,2026-03-29T06:31:18.351000000,False,None,False,True,8386.994,18.0,56.6,1011.7,False,29.6,83,2.0,Japanese Grand Prix
106.651,47,MEDIUM,2,36.817,47.843,21.991,100000000.0,100000000.0,0.0,28,20.0,1,False,8664.455,BOT,77,None,None,8594.621,8642.464,8664.455,259.0,321.0,275.0,285.0,True,Cadillac,8557.804,2026-03-29T06:32:55.172000000,False,None,False,True,8507.001,17.9,57.4,1011.8,False,30.8,91,0.8,Japanese Grand Prix
97.066,48,MEDIUM,2,36.063,42.548,18.455,710000000.0,100110000.0,10.0,29,19.0,1,False,8761.521,BOT,77,None,None,8700.518,8743.066,8761.521,258.0,323.0,280.0,285.0,True,Cadillac,8664.455,2026-03-29T06:34:41.823000000,False,None,False,True,8627.007,17.9,57.3,1011.8,False,30.2,81,1.3,Japanese Grand Prix
99.218,49,MEDIUM,2,35.553,44.272,19.393,1000010.0,1000000.0,0.0,30,19.0,1,False,8860.739,BOT,77,None,None,8797.074,8841.346,8860.739,261.0,270.0,277.0,263.0,True,Cadillac,8761.521,2026-03-29T06:36:18.889000000,False,None,False,True,8687.017,17.9,57.8,1011.7,False,30.9,110,0.9,Japanese Grand Prix
96.806,50,MEDIUM,2,35.977,42.654,18.175,700000000.0,110000.0,100000.0,31,19.0,1,False,8957.545,BOT,77,None,None,8896.716,8939.37,8957.545,260.0,326.0,265.0,297.0,True,Cadillac,8860.739,2026-03-29T06:37:58.107000000,False,None,False,True,8807.046,18.0,57.9,1011.7,False,30.6,128,1.5,Japanese Grand Prix
97.217,51,MEDIUM,2,36.231,42.639,18.347,700000000.0,10.0,101.0,32,19.0,1,False,9054.762,BOT,77,None,None,8993.776,9036.415,9054.762,261.0,320.0,281.0,284.0,True,Cadillac,8957.545,2026-03-29T06:39:34.913000000,False,None,False,True,8867.045,17.8,59.2,1011.8,False,30.2,113,1.9,Japanese Grand Prix
96.269,52,MEDIUM,2,35.731,42.27,18.268,700000000.0,10010000010.0,10000.0,33,19.0,1,True,9151.031,BOT,77,None,None,9090.493,9132.763,9151.031,259.0,323.0,270.0,285.0,True,Cadillac,9054.762,2026-03-29T06:41:12.130000000,False,None,False,True,8987.049,17.6,59.8,1011.8,False,30.0,107,1.5,Japanese Grand Prix
103.16,1,MEDIUM,1,,43.59,18.238,11111111.0,11111111133.0,3111113.0,1,14.0,1,False,3928.124,COL,43,None,None,None,3910.052,3928.256,257.0,340.0,284.0,298.0,True,Alpine,3824.711,2026-03-29T05:14:02.079000000,False,None,False,False,3826.937,18.8,55.5,1011.7,False,36.7,124,2.1,Japanese Grand Prix
97.218,2,MEDIUM,1,35.765,43.056,18.397,311111111.0,11110001100.0,101000.0,2,14.0,1,True,4025.342,COL,43,None,None,3963.937,4006.993,4025.39,264.0,331.0,277.0,301.0,True,Alpine,3928.124,2026-03-29T05:15:45.492000000,False,None,False,True,3946.939,18.9,54.3,1011.7,False,36.7,143,1.5,Japanese Grand Prix
97.204,3,MEDIUM,1,35.945,42.899,18.36,1111000.0,11010001100.0,110000.0,3,13.0,1,True,4122.546,COL,43,None,None,4061.335,4104.234,4122.594,264.0,328.0,278.0,291.0,True,Alpine,4025.342,2026-03-29T05:17:22.710000000,False,None,False,True,4066.945,18.9,54.5,1011.7,False,36.0,112,2.1,Japanese Grand Prix
96.549,4,MEDIUM,1,35.661,42.701,18.187,701011000.0,11110001000.0,10000.0,4,13.0,1,True,4219.095,COL,43,None,None,4158.255,4200.956,4219.143,258.0,326.0,280.0,289.0,True,Alpine,4122.546,2026-03-29T05:18:59.914000000,False,None,False,True,4126.951,19.0,54.0,1011.8,False,36.5,104,0.4,Japanese Grand Prix
96.568,5,MEDIUM,1,35.489,42.743,18.336,700111000.0,1010000100.0,0.0,5,13.0,1,False,4315.663,COL,43,None,None,4254.632,4297.375,4315.711,258.0,321.0,279.0,288.0,True,Alpine,4219.095,2026-03-29T05:20:36.463000000,False,None,False,True,4246.946,19.1,53.2,1011.8,False,36.4,128,2.3,Japanese Grand Prix
96.907,6,MEDIUM,1,35.756,42.815,18.336,701000010.0,10001000.0,0.0,6,13.0,1,False,4412.57,COL,43,None,None,4351.467,4394.282,4412.618,259.0,324.0,281.0,290.0,True,Alpine,4315.663,2026-03-29T05:22:13.031000000,False,None,False,True,4306.945,19.2,52.0,1011.8,False,36.0,95,1.4,Japanese Grand Prix
96.509,7,MEDIUM,1,35.528,42.864,18.117,700001000.0,1100.0,110000.0,7,13.0,1,True,4509.079,COL,43,None,None,4448.146,4491.01,4509.127,263.0,325.0,278.0,290.0,True,Alpine,4412.57,2026-03-29T05:23:49.938000000,False,None,False,True,4426.948,19.1,51.3,1011.8,False,35.7,130,1.3,Japanese Grand Prix
96.428,8,MEDIUM,1,35.493,42.809,18.126,700000001.0,10100001000.0,0.0,8,13.0,1,True,4605.507,COL,43,None,None,4544.62,4587.429,4605.555,272.0,332.0,280.0,291.0,True,Alpine,4509.079,2026-03-29T05:25:26.447000000,False,None,False,True,4546.949,19.0,51.7,1011.8,False,35.3,144,2.7,Japanese Grand Prix
96.572,9,MEDIUM,1,35.535,42.813,18.224,700000000.0,0.0,0.0,9,13.0,1,False,4702.079,COL,43,None,None,4641.09,4683.903,4702.127,265.0,324.0,278.0,288.0,True,Alpine,4605.507,2026-03-29T05:27:02.875000000,False,None,False,True,4606.955,19.1,51.2,1011.7,False,34.6,120,2.3,Japanese Grand Prix
96.649,10,MEDIUM,1,35.872,42.534,18.243,700000000.0,11000000000.0,0.0,10,13.0,1,False,4798.728,COL,43,None,None,4737.999,4780.533,4798.776,268.0,324.0,280.0,288.0,True,Alpine,4702.079,2026-03-29T05:28:39.447000000,False,None,False,True,4726.95,19.0,51.2,1011.8,False,34.6,126,2.0,Japanese Grand Prix
96.675,11,MEDIUM,1,35.814,42.63,18.231,700000000.0,10000000.0,0.0,11,13.0,1,False,4895.403,COL,43,None,None,4834.59,4877.22,4895.451,264.0,324.0,279.0,288.0,True,Alpine,4798.728,2026-03-29T05:30:16.096000000,False,None,False,True,4786.951,19.1,50.7,1011.7,False,34.0,142,1.5,Japanese Grand Prix
96.922,12,MEDIUM,1,35.755,42.746,18.421,700000000.0,1000000.0,0.0,12,13.0,1,False,4992.325,COL,43,None,None,4931.206,4973.952,4992.373,263.0,330.0,281.0,291.0,True,Alpine,4895.403,2026-03-29T05:31:52.771000000,False,None,False,True,4906.957,19.1,50.5,1011.9,False,33.7,82,1.3,Japanese Grand Prix
97.357,13,MEDIUM,1,36.529,42.606,18.222,700000000.0,10000000.0,0.0,13,13.0,1,False,5089.682,COL,43,None,None,5028.902,5071.508,5089.73,262.0,329.0,280.0,291.0,True,Alpine,4992.325,2026-03-29T05:33:29.693000000,False,None,False,True,5026.956,19.0,50.6,1011.8,False,33.8,151,2.0,Japanese Grand Prix
96.909,14,MEDIUM,1,35.944,42.694,18.271,700000000.0,0.0,0.0,14,13.0,1,False,5186.591,COL,43,None,None,5125.674,5168.368,5186.639,266.0,328.0,277.0,290.0,True,Alpine,5089.682,2026-03-29T05:35:07.050000000,False,None,False,True,5086.955,19.0,50.6,1011.8,False,33.6,56,1.2,Japanese Grand Prix
96.841,15,MEDIUM,1,35.751,42.909,18.181,700010000.0,1000000000.0,0.0,15,13.0,1,False,5283.432,COL,43,None,None,5222.39,5265.299,5283.48,262.0,322.0,281.0,288.0,True,Alpine,5186.591,2026-03-29T05:36:43.959000000,False,None,False,True,5206.955,18.8,51.4,1011.6,False,33.2,98,1.2,Japanese Grand Prix
96.702,16,MEDIUM,1,35.913,42.66,18.129,700000000.0,1010000000.0,0.0,16,13.0,1,False,5380.134,COL,43,None,None,5319.393,5362.053,5380.182,263.0,333.0,280.0,292.0,True,Alpine,5283.432,2026-03-29T05:38:20.800000000,False,None,False,True,5266.957,18.8,50.8,1011.8,False,33.4,44,0.7,Japanese Grand Prix
99.258,17,MEDIUM,1,35.857,42.713,20.688,700000000.0,0.0,555.0,17,14.0,1,False,5479.392,COL,43,None,5478.164,5416.039,5458.752,5479.44,263.0,333.0,None,291.0,True,Alpine,5380.134,2026-03-29T05:39:57.502000000,False,None,False,False,5386.956,18.9,47.8,1011.8,False,32.9,133,2.6,Japanese Grand Prix
116.885,18,HARD,2,55.731,42.861,18.293,550001111.0,1100.0,11100.0,1,17.0,1,False,5596.277,COL,43,5501.672,None,5535.171,5578.032,5596.325,273.0,308.0,275.0,273.0,True,Alpine,5479.392,2026-03-29T05:41:36.760000000,False,None,False,False,5506.96,18.8,48.7,1011.7,False,32.8,100,1.3,Japanese Grand Prix
96.885,19,HARD,2,36.229,42.489,18.167,0.0,1000000.0,1330.0,2,17.0,1,False,5693.162,COL,43,None,None,5632.554,5675.043,5693.21,258.0,316.0,283.0,283.0,True,Alpine,5596.277,2026-03-29T05:43:33.645000000,False,None,False,True,5566.954,18.8,48.5,1011.7,False,32.2,24,1.7,Japanese Grand Prix
95.624,20,HARD,2,35.278,42.354,17.992,700100010.0,10000000.0,0.0,3,17.0,1,True,5788.786,COL,43,None,None,5728.488,5770.842,5788.834,261.0,326.0,283.0,288.0,True,Alpine,5693.162,2026-03-29T05:45:10.530000000,False,None,False,True,5686.962,18.7,49.2,1011.7,False,32.7,131,2.2,Japanese Grand Prix
103.165,21,HARD,2,35.03,43.969,24.166,700011000.0,10010000000.0,0.0,4,17.0,124,False,5891.951,COL,43,None,None,5823.864,5867.833,5891.999,260.0,325.0,152.0,285.0,True,Alpine,5788.786,2026-03-29T05:46:46.154000000,True,TRACK LIMITS AT TURN 13 LAP 21 ,False,False,5806.966,18.6,49.9,1011.7,False,32.6,116,0.9,Japanese Grand Prix
126.567,22,HARD,2,45.289,56.565,24.713,700000000.0,0.0,0.0,5,17.0,4,False,6018.518,COL,43,None,None,5937.288,5993.853,6018.566,202.0,255.0,252.0,220.0,True,Alpine,5891.951,2026-03-29T05:48:29.319000000,False,None,False,False,5866.963,18.6,50.4,1011.6,False,32.9,163,0.7,Japanese Grand Prix
124.352,23,HARD,2,42.385,62.123,19.844,700000000.0,0.0,0.0,6,16.0,4,False,6142.87,COL,43,None,None,6060.951,6123.074,6142.918,258.0,246.0,230.0,286.0,True,Alpine,6018.518,2026-03-29T05:50:35.886000000,False,None,False,False,5986.965,18.5,51.5,1011.7,False,32.7,107,0.4,Japanese Grand Prix
123.556,24,HARD,2,38.766,60.008,24.782,700000000.0,0.0,0.0,7,16.0,4,False,6266.426,COL,43,None,None,6181.684,6241.692,6266.474,270.0,292.0,231.0,241.0,True,Alpine,6142.87,2026-03-29T05:52:40.238000000,False,None,False,False,6166.968,18.5,51.1,1011.7,False,32.9,121,1.3,Japanese Grand Prix
150.19,25,HARD,2,47.963,75.812,26.415,700000000.0,0.0,0.0,8,16.0,4,False,6416.603,COL,43,None,None,6314.424,6390.337,6416.726,182.0,225.0,155.0,252.0,True,Alpine,6266.426,2026-03-29T05:54:43.794000000,False,None,False,False,6286.968,18.5,51.8,1011.7,False,32.8,120,1.5,Japanese Grand Prix
147.587,26,HARD,2,52.654,65.258,29.675,700000000.0,0.0,0.0,9,16.0,4,False,6564.19,COL,43,None,None,6469.305,6534.563,6564.238,157.0,173.0,141.0,259.0,True,Alpine,6416.603,2026-03-29T05:57:13.971000000,False,None,False,False,6406.972,18.5,50.7,1011.7,False,32.3,106,2.0,Japanese Grand Prix
133.37,27,HARD,2,46.779,60.139,26.452,700000000.0,0.0,0.0,10,16.0,41,False,6697.56,COL,43,None,None,6611.017,6671.156,6697.608,183.0,180.0,279.0,153.0,True,Alpine,6564.19,2026-03-29T05:59:41.558000000,False,None,False,False,6586.973,18.3,50.5,1011.7,False,32.2,136,2.5,Japanese Grand Prix
96.673,28,HARD,2,35.926,42.587,18.16,710000000.0,1000000.0,0.0,11,16.0,1,False,6794.233,COL,43,None,None,6733.534,6776.121,6794.281,271.0,329.0,284.0,295.0,True,Alpine,6697.56,2026-03-29T06:01:54.928000000,False,None,False,True,6706.975,18.3,47.7,1011.7,False,32.3,122,2.3,Japanese Grand Prix
96.172,29,HARD,2,35.587,42.386,18.199,700000000.0,33.0,1000011.0,12,16.0,1,False,6890.405,COL,43,None,None,6829.868,6872.254,6890.453,265.0,340.0,287.0,303.0,True,Alpine,6794.233,2026-03-29T06:03:31.601000000,False,None,False,True,6826.974,18.4,48.2,1011.7,False,32.4,132,2.6,Japanese Grand Prix
96.475,30,HARD,2,36.17,42.26,18.045,110000000.0,30.0,0.0,13,16.0,1,False,6986.88,COL,43,None,None,6926.623,6968.883,6986.928,263.0,334.0,286.0,296.0,True,Alpine,6890.405,2026-03-29T06:05:07.773000000,False,None,False,True,6886.976,18.4,47.6,1011.7,False,32.1,135,0.8,Japanese Grand Prix
95.922,31,HARD,2,35.415,42.206,18.301,0.0,0.0,0.0,14,16.0,1,False,7082.802,COL,43,None,None,7022.343,7064.549,7082.85,264.0,339.0,285.0,298.0,True,Alpine,6986.88,2026-03-29T06:06:44.248000000,False,None,False,True,7006.979,18.4,49.7,1011.7,False,32.0,129,1.9,Japanese Grand Prix
95.555,32,HARD,2,35.28,42.079,18.196,700000000.0,0.0,3.0,15,16.0,1,True,7178.357,COL,43,None,None,7118.13,7160.209,7178.405,264.0,338.0,287.0,298.0,True,Alpine,7082.802,2026-03-29T06:08:20.170000000,False,None,False,True,7126.981,18.5,50.7,1011.6,False,32.0,133,2.0,Japanese Grand Prix
95.672,33,HARD,2,35.322,42.392,17.958,100000000.0,100000000.0,100000.0,16,16.0,1,False,7274.029,COL,43,None,None,7213.727,7256.119,7274.077,268.0,333.0,283.0,292.0,True,Alpine,7178.357,2026-03-29T06:09:55.725000000,False,None,False,True,7186.981,18.5,50.0,1011.7,False,31.5,140,1.1,Japanese Grand Prix
94.76,34,HARD,2,34.992,41.887,17.881,1000000.0,1000.0,100000.0,17,16.0,1,True,7368.789,COL,43,None,None,7309.069,7350.956,7368.837,263.0,332.0,284.0,294.0,True,Alpine,7274.029,2026-03-29T06:11:31.397000000,False,None,False,True,7306.992,18.5,51.0,1011.6,False,31.4,113,1.2,Japanese Grand Prix
95.158,35,HARD,2,34.962,42.209,17.987,700110000.0,100000000.0,0.0,18,16.0,1,False,7463.947,COL,43,None,None,7403.799,7446.008,7463.995,266.0,332.0,284.0,294.0,True,Alpine,7368.789,2026-03-29T06:13:06.157000000,False,None,False,True,7366.98,18.3,51.1,1011.6,False,31.4,154,2.4,Japanese Grand Prix
95.128,36,HARD,2,35.074,42.22,17.834,701000000.0,11100000003.0,3100000.0,19,16.0,1,False,7559.075,COL,43,None,None,7499.069,7541.289,7559.123,267.0,344.0,284.0,300.0,True,Alpine,7463.947,2026-03-29T06:14:41.315000000,False,None,False,True,7486.983,18.1,52.4,1011.7,False,31.1,170,0.8,Japanese Grand Prix
94.952,37,HARD,2,35.119,41.867,17.966,700100000.0,100000000.0,0.0,20,16.0,1,False,7654.027,COL,43,None,None,7594.242,7636.109,7654.075,263.0,340.0,282.0,296.0,True,Alpine,7559.075,2026-03-29T06:16:16.443000000,False,None,False,True,7546.988,18.0,53.7,1011.6,False,31.0,138,1.5,Japanese Grand Prix
95.25,38,HARD,2,35.214,42.071,17.965,700000000.0,0.0,100000.0,21,16.0,1,False,7749.277,COL,43,None,None,7689.289,7731.36,7749.325,266.0,339.0,281.0,297.0,True,Alpine,7654.027,2026-03-29T06:17:51.395000000,False,None,False,True,7666.984,17.9,55.6,1011.6,False,30.7,88,0.8,Japanese Grand Prix
95.133,39,HARD,2,35.077,42.124,17.932,700111000.0,0.0,0.0,22,16.0,1,False,7844.41,COL,43,None,None,7784.402,7826.526,7844.458,259.0,330.0,282.0,294.0,True,Alpine,7749.277,2026-03-29T06:19:26.645000000,False,None,False,True,7726.986,17.9,55.8,1011.7,False,31.1,119,1.8,Japanese Grand Prix
95.333,40,HARD,2,35.091,42.109,18.133,700000000.0,0.0,0.0,23,16.0,1,False,7939.743,COL,43,None,None,7879.549,7921.658,7939.791,262.0,321.0,284.0,286.0,True,Alpine,7844.41,2026-03-29T06:21:01.778000000,False,None,False,True,7846.99,17.8,55.5,1011.6,False,31.0,167,1.0,Japanese Grand Prix
94.512,41,HARD,2,34.744,41.851,17.917,701001000.0,11000001000.0,0.0,24,16.0,1,True,8034.255,COL,43,None,None,7974.535,8016.386,8034.303,263.0,323.0,283.0,288.0,True,Alpine,7939.743,2026-03-29T06:22:37.111000000,False,None,False,True,7966.994,17.8,55.7,1011.6,False,30.7,140,0.6,Japanese Grand Prix
95.365,42,HARD,2,34.899,42.485,17.981,701000000.0,0.0,0.0,25,16.0,1,False,8129.62,COL,43,None,None,8069.202,8111.687,8129.668,264.0,330.0,283.0,293.0,True,Alpine,8034.255,2026-03-29T06:24:11.623000000,False,None,False,True,8026.998,18.1,55.4,1011.6,False,30.6,153,2.5,Japanese Grand Prix
94.746,43,HARD,2,34.735,41.938,18.073,700000000.0,0.0,0.0,26,16.0,1,False,8224.366,COL,43,None,None,8164.403,8206.341,8224.414,262.0,323.0,282.0,288.0,True,Alpine,8129.62,2026-03-29T06:25:46.988000000,False,None,False,True,8146.993,17.9,57.1,1011.7,False,30.4,140,0.9,Japanese Grand Prix
95.055,44,HARD,2,34.975,41.93,18.15,700000000.0,0.0,0.0,27,16.0,1,False,8319.421,COL,43,None,None,8259.389,8301.319,8319.469,260.0,324.0,282.0,289.0,True,Alpine,8224.366,2026-03-29T06:27:21.734000000,False,None,False,True,8207.003,17.9,57.3,1011.7,False,30.5,9,0.5,Japanese Grand Prix
95.358,45,HARD,2,35.19,41.998,18.17,700100000.0,0.0,0.0,28,16.0,1,False,8414.779,COL,43,None,None,8354.659,8396.657,8414.827,263.0,322.0,284.0,287.0,True,Alpine,8319.421,2026-03-29T06:28:56.789000000,False,None,False,True,8326.995,18.0,56.5,1011.7,False,30.9,129,1.1,Japanese Grand Prix
94.853,46,HARD,2,34.936,41.906,18.011,700000000.0,0.0,0.0,29,16.0,1,False,8509.632,COL,43,None,None,8449.763,8491.669,8509.68,261.0,325.0,284.0,289.0,True,Alpine,8414.779,2026-03-29T06:30:32.147000000,False,None,False,True,8386.994,18.0,56.6,1011.7,False,29.6,83,2.0,Japanese Grand Prix
94.8,47,HARD,2,34.917,41.905,17.978,700100000.0,1001000000.0,0.0,30,16.0,1,False,8604.432,COL,43,None,None,8544.597,8586.502,8604.48,263.0,326.0,285.0,289.0,True,Alpine,8509.632,2026-03-29T06:32:07.000000000,False,None,False,True,8507.001,17.9,57.4,1011.8,False,30.8,91,0.8,Japanese Grand Prix
94.824,48,HARD,2,34.87,42.015,17.939,701000000.0,10100000000.0,0.0,31,16.0,1,False,8699.256,COL,43,None,None,8639.35,8681.365,8699.304,270.0,335.0,285.0,294.0,True,Alpine,8604.432,2026-03-29T06:33:41.800000000,False,None,False,True,8627.007,17.9,57.3,1011.8,False,30.2,81,1.3,Japanese Grand Prix
95.043,49,HARD,2,34.987,42.001,18.055,700000000.0,0.0,0.0,32,16.0,1,False,8794.299,COL,43,None,None,8734.291,8776.292,8794.347,271.0,328.0,285.0,288.0,True,Alpine,8699.256,2026-03-29T06:35:16.624000000,False,None,False,True,8687.017,17.9,57.8,1011.7,False,30.9,110,0.9,Japanese Grand Prix
95.074,50,HARD,2,34.981,42.151,17.942,700000000.0,0.0,11.0,33,16.0,1,False,8889.373,COL,43,None,None,8829.328,8871.479,8889.421,269.0,342.0,287.0,297.0,True,Alpine,8794.299,2026-03-29T06:36:51.667000000,False,None,False,True,8807.046,18.0,57.9,1011.7,False,30.6,128,1.5,Japanese Grand Prix
95.285,51,HARD,2,35.231,42.103,17.951,700000000.0,1.0,3000011.0,34,16.0,1,False,8984.658,COL,43,None,None,8924.652,8966.755,8984.706,266.0,345.0,287.0,301.0,True,Alpine,8889.373,2026-03-29T06:38:26.741000000,False,None,False,True,8867.045,17.8,59.2,1011.8,False,30.2,113,1.9,Japanese Grand Prix
94.784,52,HARD,2,35.064,41.982,17.738,700000000.0,0.0,0.0,35,16.0,1,False,9079.442,COL,43,None,None,9019.77,9061.752,9079.49,271.0,344.0,287.0,298.0,True,Alpine,8984.658,2026-03-29T06:40:02.026000000,False,None,False,True,8987.049,17.6,59.8,1011.8,False,30.0,107,1.5,Japanese Grand Prix
94.685,53,HARD,2,35.012,41.857,17.816,700000000.0,1000.0,3100000.0,36,16.0,1,False,9174.127,COL,43,None,None,9114.502,9156.359,9174.175,269.0,346.0,274.0,302.0,True,Alpine,9079.442,2026-03-29T06:41:36.810000000,False,None,False,True,9047.054,17.4,61.3,1011.8,False,29.9,122,1.8,Japanese Grand Prix
99.651,1,MEDIUM,1,,42.579,18.221,11111111.0,11111111111.0,1111110.0,1,7.0,1,False,3924.615,GAS,10,None,None,None,3906.496,3924.801,276.0,331.0,280.0,291.0,True,Alpine,3824.711,2026-03-29T05:14:02.079000000,False,None,False,False,3826.937,18.8,55.5,1011.7,False,36.7,124,2.1,Japanese Grand Prix
95.436,2,MEDIUM,1,34.955,42.458,18.023,111111110.0,11100001100.0,111111.0,2,7.0,1,True,4020.051,GAS,10,None,None,3959.607,4002.065,4020.088,260.0,327.0,281.0,288.0,True,Alpine,3924.615,2026-03-29T05:15:41.983000000,False,None,False,True,3946.939,18.9,54.3,1011.7,False,36.7,143,1.5,Japanese Grand Prix
95.809,3,MEDIUM,1,35.072,42.628,18.109,1111000.0,10000000000.0,11.0,3,7.0,1,False,4115.86,GAS,10,None,None,4055.16,4097.788,4115.897,258.0,321.0,281.0,285.0,True,Alpine,4020.051,2026-03-29T05:17:17.419000000,False,None,False,True,4066.945,18.9,54.5,1011.7,False,36.0,112,2.1,Japanese Grand Prix
95.899,4,MEDIUM,1,35.07,42.607,18.222,703011000.0,10000000000.0,0.0,4,7.0,1,False,4211.759,GAS,10,None,None,4150.967,4193.574,4211.796,260.0,320.0,280.0,284.0,True,Alpine,4115.86,2026-03-29T05:18:53.228000000,False,None,False,True,4126.951,19.0,54.0,1011.8,False,36.5,104,0.4,Japanese Grand Prix
95.872,5,MEDIUM,1,35.026,42.698,18.148,700010000.0,100000000.0,1000.0,5,7.0,1,False,4307.631,GAS,10,None,None,4246.822,4289.52,4307.668,260.0,316.0,279.0,283.0,True,Alpine,4211.759,2026-03-29T05:20:29.127000000,False,None,False,True,4246.946,19.1,53.2,1011.8,False,36.4,128,2.3,Japanese Grand Prix
96.143,6,MEDIUM,1,35.201,42.653,18.289,701000000.0,11100001000.0,0.0,6,7.0,1,False,4403.774,GAS,10,None,None,4342.869,4385.522,4403.811,260.0,317.0,279.0,283.0,True,Alpine,4307.631,2026-03-29T05:22:04.999000000,False,None,False,True,4306.945,19.2,52.0,1011.8,False,36.0,95,1.4,Japanese Grand Prix
95.944,7,MEDIUM,1,35.069,42.587,18.288,700100000.0,10000001000.0,0.0,7,7.0,1,False,4499.718,GAS,10,None,None,4438.88,4481.467,4499.755,258.0,316.0,279.0,282.0,True,Alpine,4403.774,2026-03-29T05:23:41.142000000,False,None,False,True,4426.948,19.1,51.3,1011.8,False,35.7,130,1.3,Japanese Grand Prix
95.566,8,MEDIUM,1,34.939,42.419,18.208,700001000.0,11100001000.0,1000.0,8,7.0,1,False,4595.284,GAS,10,None,None,4534.694,4577.113,4595.321,261.0,315.0,279.0,282.0,True,Alpine,4499.718,2026-03-29T05:25:17.086000000,False,None,False,True,4546.949,19.0,51.7,1011.8,False,35.3,144,2.7,Japanese Grand Prix
95.616,9,MEDIUM,1,35.047,42.303,18.266,701000000.0,11000001100.0,0.0,9,7.0,1,False,4690.9,GAS,10,None,None,4630.368,4672.671,4690.937,260.0,317.0,279.0,282.0,True,Alpine,4595.284,2026-03-29T05:26:52.652000000,False,None,False,True,4606.955,19.1,51.2,1011.7,False,34.6,120,2.3,Japanese Grand Prix
95.871,10,MEDIUM,1,35.156,42.396,18.319,701000000.0,1000000000.0,0.0,10,7.0,1,False,4786.771,GAS,10,None,None,4726.093,4768.489,4786.808,259.0,315.0,280.0,281.0,True,Alpine,4690.9,2026-03-29T05:28:28.268000000,False,None,False,True,4726.95,19.0,51.2,1011.8,False,34.6,126,2.0,Japanese Grand Prix
95.717,11,MEDIUM,1,35.157,42.378,18.182,701000000.0,100.0,10000.0,11,7.0,1,False,4882.488,GAS,10,None,None,4821.965,4864.343,4882.525,258.0,314.0,280.0,281.0,True,Alpine,4786.771,2026-03-29T05:30:04.139000000,False,None,False,True,4786.951,19.1,50.7,1011.7,False,34.0,142,1.5,Japanese Grand Prix
95.524,12,MEDIUM,1,35.118,42.273,18.133,700000000.0,11000000000.0,100000.0,12,7.0,1,False,4978.012,GAS,10,None,None,4917.643,4959.916,4978.049,259.0,316.0,280.0,281.0,True,Alpine,4882.488,2026-03-29T05:31:39.856000000,False,None,False,True,4906.957,19.1,50.5,1011.9,False,33.7,82,1.3,Japanese Grand Prix
95.928,13,MEDIUM,1,35.264,42.342,18.322,701000000.0,1000.0,0.0,13,7.0,1,False,5073.94,GAS,10,None,None,5013.313,5055.655,5073.977,259.0,315.0,279.0,279.0,True,Alpine,4978.012,2026-03-29T05:33:15.380000000,False,None,False,True,5026.956,19.0,50.6,1011.8,False,33.8,151,2.0,Japanese Grand Prix
96.11,14,MEDIUM,1,35.318,42.518,18.274,700000000.0,0.0,0.0,14,7.0,1,False,5170.05,GAS,10,None,None,5109.295,5151.813,5170.087,261.0,315.0,279.0,281.0,True,Alpine,5073.94,2026-03-29T05:34:51.308000000,False,None,False,True,5086.955,19.0,50.6,1011.8,False,33.6,56,1.2,Japanese Grand Prix
95.94,15,MEDIUM,1,35.247,42.452,18.241,700000000.0,0.0,0.0,15,7.0,1,False,5265.99,GAS,10,None,None,5205.334,5247.786,5266.027,259.0,315.0,279.0,282.0,True,Alpine,5170.05,2026-03-29T05:36:27.418000000,False,None,False,True,5206.955,18.8,51.4,1011.6,False,33.2,98,1.2,Japanese Grand Prix
95.837,16,MEDIUM,1,35.189,42.507,18.141,700000000.0,10000000000.0,10.0,16,7.0,1,False,5361.827,GAS,10,None,None,5301.216,5343.723,5361.864,260.0,314.0,280.0,278.0,True,Alpine,5265.99,2026-03-29T05:38:03.358000000,False,None,False,True,5266.957,18.8,50.8,1011.8,False,33.4,44,0.7,Japanese Grand Prix
95.906,17,MEDIUM,1,35.323,42.368,18.215,700000000.0,0.0,0.0,17,6.0,1,False,5457.733,GAS,10,None,None,5397.187,5439.555,5457.77,262.0,313.0,280.0,278.0,True,Alpine,5361.827,2026-03-29T05:39:39.195000000,False,None,False,True,5386.956,18.9,47.8,1011.8,False,32.9,133,2.6,Japanese Grand Prix
95.825,18,MEDIUM,1,35.247,42.279,18.299,701000000.0,1000000000.0,1010.0,18,5.0,1,False,5553.558,GAS,10,None,None,5493.017,5535.296,5553.595,261.0,314.0,280.0,279.0,True,Alpine,5457.733,2026-03-29T05:41:15.101000000,False,None,False,True,5506.96,18.8,48.7,1011.7,False,32.8,100,1.3,Japanese Grand Prix
95.802,19,MEDIUM,1,35.219,42.35,18.233,700000000.0,10000000000.0,10.0,19,4.0,1,False,5649.36,GAS,10,None,None,5588.814,5631.164,5649.397,261.0,314.0,280.0,278.0,True,Alpine,5553.558,2026-03-29T05:42:50.926000000,False,None,False,True,5566.954,18.8,48.5,1011.7,False,32.2,24,1.7,Japanese Grand Prix
95.528,20,MEDIUM,1,35.239,42.121,18.168,700000000.0,1101000000.0,1111.0,20,4.0,1,False,5744.888,GAS,10,None,None,5684.636,5726.757,5744.925,261.0,315.0,281.0,279.0,True,Alpine,5649.36,2026-03-29T05:44:26.728000000,False,None,False,True,5686.962,18.7,49.2,1011.7,False,32.7,131,2.2,Japanese Grand Prix
95.655,21,MEDIUM,1,35.198,42.361,18.096,700000000.0,1000000.0,10010.0,21,4.0,1,False,5840.543,GAS,10,None,None,5780.123,5822.484,5840.58,261.0,318.0,281.0,283.0,True,Alpine,5744.888,2026-03-29T05:46:02.256000000,False,None,False,True,5806.966,18.6,49.9,1011.7,False,32.6,116,0.9,Japanese Grand Prix
120.96,22,MEDIUM,1,35.019,60.601,25.34,701000000.0,0.0,555.0,22,4.0,124,False,5961.503,GAS,10,None,5960.142,5875.599,5936.2,5961.54,260.0,273.0,None,250.0,True,Alpine,5840.543,2026-03-29T05:47:37.911000000,False,None,False,False,5866.963,18.6,50.4,1011.6,False,32.9,163,0.7,Japanese Grand Prix
148.721,23,HARD,2,62.639,61.561,24.521,550000000.0,0.0,0.0,1,7.0,4,False,6110.224,GAS,10,5984.451,None,6024.179,6085.74,6110.261,268.0,287.0,186.0,260.0,True,Alpine,5961.503,2026-03-29T05:49:38.871000000,False,None,False,False,5986.965,18.5,51.5,1011.7,False,32.7,107,0.4,Japanese Grand Prix
146.25,24,HARD,2,48.414,71.354,26.482,0.0,0.0,0.0,2,7.0,4,False,6256.474,GAS,10,None,None,6158.675,6230.029,6256.511,171.0,197.0,198.0,270.0,True,Alpine,6110.224,2026-03-29T05:52:07.592000000,False,None,False,False,6166.968,18.5,51.1,1011.7,False,32.9,121,1.3,Japanese Grand Prix
150.501,25,HARD,2,50.269,72.706,27.526,700000000.0,0.0,0.0,3,7.0,4,False,6406.968,GAS,10,None,None,6306.878,6379.559,6407.164,147.0,298.0,152.0,168.0,True,Alpine,6256.474,2026-03-29T05:54:33.842000000,False,None,False,False,6286.968,18.5,51.8,1011.7,False,32.8,120,1.5,Japanese Grand Prix
146.896,26,HARD,2,53.862,63.767,29.267,700000000.0,0.0,0.0,4,7.0,4,False,6553.864,GAS,10,None,None,6460.867,6524.634,6553.901,160.0,289.0,169.0,195.0,True,Alpine,6406.968,2026-03-29T05:57:04.336000000,False,None,False,False,6406.972,18.5,50.7,1011.7,False,32.3,106,2.0,Japanese Grand Prix
139.854,27,HARD,2,47.909,63.69,28.255,700000000.0,0.0,0.0,5,7.0,41,False,6693.718,GAS,10,None,None,6601.81,6665.5,6693.755,216.0,154.0,274.0,132.0,True,Alpine,6553.864,2026-03-29T05:59:31.232000000,False,None,False,False,6586.973,18.3,50.5,1011.7,False,32.2,136,2.5,Japanese Grand Prix
95.812,28,HARD,2,35.697,41.911,18.204,710000000.0,1000110.0,1111.0,6,7.0,1,False,6789.53,GAS,10,None,None,6729.452,6771.363,6789.567,260.0,321.0,285.0,285.0,True,Alpine,6693.718,2026-03-29T06:01:51.086000000,False,None,False,True,6706.975,18.3,47.7,1011.7,False,32.3,122,2.3,Japanese Grand Prix
94.096,29,HARD,2,34.416,41.756,17.924,101111110.0,1000000000.0,101100.0,7,7.0,1,True,6883.626,GAS,10,None,None,6823.983,6865.739,6883.663,258.0,326.0,284.0,289.0,True,Alpine,6789.53,2026-03-29T06:03:26.898000000,False,None,False,True,6826.974,18.4,48.2,1011.7,False,32.4,132,2.6,Japanese Grand Prix
94.792,30,HARD,2,34.645,42.094,18.053,110010.0,0.0,1111.0,8,7.0,1,False,6978.418,GAS,10,None,None,6918.308,6960.402,6978.455,258.0,326.0,285.0,287.0,True,Alpine,6883.626,2026-03-29T06:05:00.994000000,False,None,False,True,6886.976,18.4,47.6,1011.7,False,32.1,135,0.8,Japanese Grand Prix
93.999,31,HARD,2,34.337,41.674,17.988,701110010.0,1110001100.0,1111.0,9,7.0,1,True,7072.417,GAS,10,None,None,7012.792,7054.466,7072.454,259.0,320.0,285.0,284.0,True,Alpine,6978.418,2026-03-29T06:06:35.786000000,False,None,False,True,7006.979,18.4,49.7,1011.7,False,32.0,129,1.9,Japanese Grand Prix
94.066,32,HARD,2,34.359,41.766,17.941,700101100.0,1101001100.0,0.0,10,7.0,1,False,7166.483,GAS,10,None,None,7106.813,7148.579,7166.52,261.0,321.0,284.0,284.0,True,Alpine,7072.417,2026-03-29T06:08:09.785000000,False,None,False,True,7126.981,18.5,50.7,1011.6,False,32.0,133,2.0,Japanese Grand Prix
93.823,33,HARD,2,34.249,41.634,17.94,701000100.0,10000000000.0,0.0,11,7.0,1,True,7260.306,GAS,10,None,None,7200.769,7242.403,7260.343,265.0,324.0,283.0,288.0,True,Alpine,7166.483,2026-03-29T06:09:43.851000000,False,None,False,True,7186.981,18.5,50.0,1011.7,False,31.5,140,1.1,Japanese Grand Prix
94.021,34,HARD,2,34.314,41.776,17.931,700010000.0,1000.0,0.0,12,7.0,1,False,7354.327,GAS,10,None,None,7294.657,7336.433,7354.364,262.0,320.0,284.0,285.0,True,Alpine,7260.306,2026-03-29T06:11:17.674000000,False,None,False,True,7306.992,18.5,51.0,1011.6,False,31.4,113,1.2,Japanese Grand Prix
93.864,35,HARD,2,34.249,41.693,17.922,701000110.0,101001000.0,0.0,13,7.0,1,False,7448.191,GAS,10,None,None,7388.613,7430.306,7448.228,260.0,321.0,284.0,284.0,True,Alpine,7354.327,2026-03-29T06:12:51.695000000,False,None,False,True,7366.98,18.3,51.1,1011.6,False,31.4,154,2.4,Japanese Grand Prix
94.029,36,HARD,2,34.372,41.701,17.956,700000000.0,0.0,0.0,14,7.0,1,False,7542.22,GAS,10,None,None,7482.6,7524.301,7542.257,261.0,320.0,284.0,284.0,True,Alpine,7448.191,2026-03-29T06:14:25.559000000,False,None,False,True,7486.983,18.1,52.4,1011.7,False,31.1,170,0.8,Japanese Grand Prix
93.839,37,HARD,2,34.337,41.552,17.95,700010000.0,100001000.0,0.0,15,7.0,1,False,7636.059,GAS,10,None,None,7576.594,7618.146,7636.096,262.0,320.0,284.0,283.0,True,Alpine,7542.22,2026-03-29T06:15:59.588000000,False,None,False,True,7546.988,18.0,53.7,1011.6,False,31.0,138,1.5,Japanese Grand Prix
94.051,38,HARD,2,34.354,41.676,18.021,701000000.0,1000.0,0.0,16,7.0,1,False,7730.11,GAS,10,None,None,7670.45,7712.126,7730.147,261.0,320.0,284.0,283.0,True,Alpine,7636.059,2026-03-29T06:17:33.427000000,False,None,False,True,7666.984,17.9,55.6,1011.6,False,30.7,88,0.8,Japanese Grand Prix
93.691,39,HARD,2,34.194,41.592,17.905,700001100.0,1000000000.0,10000.0,17,7.0,1,True,7823.801,GAS,10,None,None,7764.341,7805.933,7823.838,264.0,319.0,284.0,283.0,True,Alpine,7730.11,2026-03-29T06:19:07.478000000,False,None,False,True,7726.986,17.9,55.8,1011.7,False,31.1,119,1.8,Japanese Grand Prix
93.776,40,HARD,2,34.195,41.632,17.949,700001010.0,0.0,0.0,18,7.0,1,False,7917.577,GAS,10,None,None,7858.033,7899.665,7917.614,262.0,321.0,284.0,282.0,True,Alpine,7823.801,2026-03-29T06:20:41.169000000,False,None,False,True,7846.99,17.8,55.5,1011.6,False,31.0,167,1.0,Japanese Grand Prix
93.693,41,HARD,2,34.312,41.484,17.897,701000000.0,100000000.0,0.0,19,7.0,1,False,8011.27,GAS,10,None,None,7951.926,7993.41,8011.307,262.0,320.0,284.0,283.0,True,Alpine,7917.577,2026-03-29T06:22:14.945000000,False,None,False,True,7966.994,17.8,55.7,1011.6,False,30.7,140,0.6,Japanese Grand Prix
93.891,42,HARD,2,34.331,41.586,17.974,700000000.0,0.0,0.0,20,7.0,1,False,8105.161,GAS,10,None,None,8045.638,8087.224,8105.198,261.0,321.0,284.0,283.0,True,Alpine,8011.27,2026-03-29T06:23:48.638000000,False,None,False,True,8026.998,18.1,55.4,1011.6,False,30.6,153,2.5,Japanese Grand Prix
94.329,43,HARD,2,34.558,41.749,18.022,700000000.0,0.0,0.0,21,7.0,1,False,8199.49,GAS,10,None,None,8139.756,8181.505,8199.527,260.0,320.0,284.0,280.0,True,Alpine,8105.161,2026-03-29T06:25:22.529000000,False,None,False,True,8146.993,17.9,57.1,1011.7,False,30.4,140,0.9,Japanese Grand Prix
94.457,44,HARD,2,34.577,41.663,18.217,700000000.0,0.0,0.0,22,7.0,1,False,8293.947,GAS,10,None,None,8234.104,8275.767,8293.984,260.0,318.0,284.0,281.0,True,Alpine,8199.49,2026-03-29T06:26:56.858000000,False,None,False,True,8207.003,17.9,57.3,1011.7,False,30.5,9,0.5,Japanese Grand Prix
94.071,45,HARD,2,34.511,41.555,18.005,700000000.0,0.0,10.0,23,7.0,1,False,8388.018,GAS,10,None,None,8328.495,8370.05,8388.055,260.0,320.0,284.0,280.0,True,Alpine,8293.947,2026-03-29T06:28:31.315000000,False,None,False,True,8326.995,18.0,56.5,1011.7,False,30.9,129,1.1,Japanese Grand Prix
93.861,46,HARD,2,34.452,41.536,17.873,700000000.0,0.0,10000.0,24,7.0,1,False,8481.879,GAS,10,None,None,8422.507,8464.043,8481.916,261.0,319.0,284.0,281.0,True,Alpine,8388.018,2026-03-29T06:30:05.386000000,False,None,False,True,8386.994,18.0,56.6,1011.7,False,29.6,83,2.0,Japanese Grand Prix
94.063,47,HARD,2,34.45,41.664,17.949,700000000.0,0.0,11.0,25,7.0,1,False,8575.942,GAS,10,None,None,8516.366,8558.03,8575.979,261.0,321.0,285.0,282.0,True,Alpine,8481.879,2026-03-29T06:31:39.247000000,False,None,False,True,8507.001,17.9,57.4,1011.8,False,30.8,91,0.8,Japanese Grand Prix
94.619,48,HARD,2,34.412,41.557,18.65,700000000.0,100000000.0,0.0,26,8.0,1,False,8670.561,GAS,10,None,None,8610.391,8651.948,8670.598,260.0,319.0,284.0,280.0,True,Alpine,8575.942,2026-03-29T06:33:13.310000000,False,None,False,True,8627.007,17.9,57.3,1011.8,False,30.2,81,1.3,Japanese Grand Prix
93.824,49,HARD,2,34.447,41.432,17.945,100000000.0,0.0,1.0,27,7.0,1,False,8764.385,GAS,10,None,None,8705.045,8746.477,8764.422,262.0,324.0,285.0,283.0,True,Alpine,8670.561,2026-03-29T06:34:47.929000000,False,None,False,True,8687.017,17.9,57.8,1011.7,False,30.9,110,0.9,Japanese Grand Prix
94.222,50,HARD,2,34.559,41.689,17.974,0.0,1000010.0,0.0,28,7.0,1,False,8858.607,GAS,10,None,None,8798.981,8840.67,8858.644,262.0,317.0,284.0,281.0,True,Alpine,8764.385,2026-03-29T06:36:21.753000000,False,None,False,True,8807.046,18.0,57.9,1011.7,False,30.6,128,1.5,Japanese Grand Prix
93.827,51,HARD,2,34.429,41.53,17.868,700000000.0,1001000100.0,1111.0,29,7.0,1,False,8952.434,GAS,10,None,None,8893.073,8934.603,8952.471,262.0,318.0,285.0,279.0,True,Alpine,8858.607,2026-03-29T06:37:55.975000000,False,None,False,True,8867.045,17.8,59.2,1011.8,False,30.2,113,1.9,Japanese Grand Prix
94.097,52,HARD,2,34.415,41.523,18.159,700010000.0,11000000000.0,1111.0,30,7.0,1,False,9046.531,GAS,10,None,None,8986.886,9028.409,9046.568,260.0,317.0,286.0,281.0,True,Alpine,8952.434,2026-03-29T06:39:29.802000000,False,None,False,True,8987.049,17.6,59.8,1011.8,False,30.0,107,1.5,Japanese Grand Prix
94.169,53,HARD,2,34.433,41.705,18.031,700000000.0,1000000010.0,130.0,31,7.0,1,False,9140.7,GAS,10,None,None,9081.001,9122.706,9140.737,262.0,326.0,283.0,294.0,True,Alpine,9046.531,2026-03-29T06:41:03.899000000,False,None,False,True,9047.054,17.4,61.3,1011.8,False,29.9,122,1.8,Japanese Grand Prix
100.293,1,MEDIUM,1,,42.839,18.232,11111111.0,11311111111.0,1111111.0,1,8.0,1,False,3925.257,HAD,6,None,None,None,3907.12,3925.436,280.0,324.0,265.0,289.0,True,Red Bull Racing,3824.711,2026-03-29T05:14:02.079000000,False,None,False,False,3826.937,18.8,55.5,1011.7,False,36.7,124,2.1,Japanese Grand Prix
98.261,2,MEDIUM,1,36.047,43.462,18.752,111111110.0,11000000001.0,3300000.0,2,10.0,1,True,4023.518,HAD,6,None,None,3961.366,4004.828,4023.58,263.0,342.0,254.0,302.0,True,Red Bull Racing,3925.257,2026-03-29T05:15:42.625000000,False,None,False,True,3946.939,18.9,54.3,1011.7,False,36.7,143,1.5,Japanese Grand Prix
97.193,3,MEDIUM,1,36.171,42.961,18.061,11001100.0,10010001110.0,11111.0,3,11.0,1,True,4120.711,HAD,6,None,None,4059.751,4102.712,4120.773,261.0,323.0,276.0,287.0,True,Red Bull Racing,4023.518,2026-03-29T05:17:20.886000000,False,None,False,True,4066.945,18.9,54.5,1011.7,False,36.0,112,2.1,Japanese Grand Prix
96.017,4,MEDIUM,1,35.16,42.698,18.159,111111110.0,10010001110.0,0.0,4,11.0,1,True,4216.728,HAD,6,None,None,4155.933,4198.631,4216.79,263.0,326.0,275.0,289.0,True,Red Bull Racing,4120.711,2026-03-29T05:18:58.079000000,False,None,False,True,4126.951,19.0,54.0,1011.8,False,36.5,104,0.4,Japanese Grand Prix
96.363,5,MEDIUM,1,35.105,42.92,18.338,1010110.0,1000.0,1.0,5,11.0,1,False,4313.091,HAD,6,None,None,4251.895,4294.815,4313.153,264.0,324.0,277.0,288.0,True,Red Bull Racing,4216.728,2026-03-29T05:20:34.096000000,False,None,False,True,4246.946,19.1,53.2,1011.8,False,36.4,128,2.3,Japanese Grand Prix
97.105,6,MEDIUM,1,36.216,42.765,18.124,110000000.0,10.0,1.0,6,11.0,1,False,4410.196,HAD,6,None,None,4349.369,4392.134,4410.258,264.0,332.0,280.0,294.0,True,Red Bull Racing,4313.091,2026-03-29T05:22:10.459000000,False,None,False,True,4306.945,19.2,52.0,1011.8,False,36.0,95,1.4,Japanese Grand Prix
96.393,7,MEDIUM,1,35.53,42.893,17.97,710000000.0,0.0,11.0,7,11.0,1,False,4506.589,HAD,6,None,None,4445.788,4488.681,4506.651,263.0,333.0,280.0,295.0,True,Red Bull Racing,4410.196,2026-03-29T05:23:47.564000000,False,None,False,True,4426.948,19.1,51.3,1011.8,False,35.7,130,1.3,Japanese Grand Prix
96.203,8,MEDIUM,1,35.488,42.535,18.18,1000000.0,100130000.0,0.0,8,11.0,1,False,4602.792,HAD,6,None,None,4542.139,4584.674,4602.854,266.0,318.0,271.0,288.0,True,Red Bull Racing,4506.589,2026-03-29T05:25:23.957000000,False,None,False,True,4546.949,19.0,51.7,1011.8,False,35.3,144,2.7,Japanese Grand Prix
96.505,9,MEDIUM,1,35.656,42.803,18.046,700000000.0,10000000010.0,10010.0,9,11.0,1,False,4699.297,HAD,6,None,None,4638.51,4681.313,4699.359,266.0,325.0,279.0,290.0,True,Red Bull Racing,4602.792,2026-03-29T05:27:00.160000000,False,None,False,True,4606.955,19.1,51.2,1011.7,False,34.6,120,2.3,Japanese Grand Prix
96.234,10,MEDIUM,1,35.411,42.759,18.064,700000000.0,0.0,1.0,10,11.0,1,False,4795.531,HAD,6,None,None,4734.77,4777.529,4795.593,267.0,328.0,281.0,292.0,True,Red Bull Racing,4699.297,2026-03-29T05:28:36.665000000,False,None,False,True,4726.95,19.0,51.2,1011.8,False,34.6,126,2.0,Japanese Grand Prix
96.941,11,MEDIUM,1,35.9,42.684,18.357,110000000.0,1000.0,0.0,11,11.0,1,False,4892.472,HAD,6,None,None,4831.493,4874.177,4892.534,262.0,330.0,280.0,295.0,True,Red Bull Racing,4795.531,2026-03-29T05:30:12.899000000,False,None,False,True,4786.951,19.1,50.7,1011.7,False,34.0,142,1.5,Japanese Grand Prix
98.692,12,MEDIUM,1,35.917,44.159,18.616,0.0,1000000.0,0.0,12,11.0,1,False,4991.164,HAD,6,None,None,4928.451,4972.61,4991.226,259.0,330.0,270.0,296.0,True,Red Bull Racing,4892.472,2026-03-29T05:31:49.840000000,False,None,False,True,4906.957,19.1,50.5,1011.9,False,33.7,82,1.3,Japanese Grand Prix
96.464,13,MEDIUM,1,35.804,42.529,18.131,700000000.0,1000000000.0,0.0,13,11.0,1,False,5087.628,HAD,6,None,None,5027.03,5069.559,5087.69,265.0,325.0,274.0,289.0,True,Red Bull Racing,4991.164,2026-03-29T05:33:28.532000000,False,None,False,True,5026.956,19.0,50.6,1011.8,False,33.8,151,2.0,Japanese Grand Prix
96.672,14,MEDIUM,1,35.786,42.746,18.14,700000000.0,1000000000.0,0.0,14,11.0,1,False,5184.3,HAD,6,None,None,5123.476,5166.222,5184.362,265.0,325.0,278.0,290.0,True,Red Bull Racing,5087.628,2026-03-29T05:35:04.996000000,False,None,False,True,5086.955,19.0,50.6,1011.8,False,33.6,56,1.2,Japanese Grand Prix
96.777,15,MEDIUM,1,35.487,42.508,18.782,700000000.0,300000000.0,110.0,15,11.0,1,False,5281.077,HAD,6,None,None,5219.849,5262.357,5281.139,270.0,331.0,275.0,296.0,True,Red Bull Racing,5184.3,2026-03-29T05:36:41.668000000,False,None,False,True,5206.955,18.8,51.4,1011.6,False,33.2,98,1.2,Japanese Grand Prix
97.204,16,MEDIUM,1,36.191,42.796,18.217,700000000.0,1000.0,0.0,16,11.0,1,False,5378.281,HAD,6,None,None,5317.33,5360.126,5378.343,263.0,326.0,279.0,289.0,True,Red Bull Racing,5281.077,2026-03-29T05:38:18.445000000,False,None,False,True,5266.957,18.8,50.8,1011.8,False,33.4,44,0.7,Japanese Grand Prix
96.985,17,MEDIUM,1,35.677,43.05,18.258,700000000.0,0.0,10001.0,17,11.0,1,False,5475.266,HAD,6,None,None,5414.02,5457.07,5475.328,267.0,306.0,281.0,279.0,True,Red Bull Racing,5378.281,2026-03-29T05:39:55.649000000,False,None,False,True,5386.956,18.9,47.8,1011.8,False,32.9,133,2.6,Japanese Grand Prix
96.294,18,MEDIUM,1,35.463,42.597,18.234,700000000.0,1001000000.0,0.0,18,10.0,1,False,5571.56,HAD,6,None,None,5510.791,5553.388,5571.622,266.0,330.0,276.0,291.0,True,Red Bull Racing,5475.266,2026-03-29T05:41:32.634000000,False,None,False,True,5506.96,18.8,48.7,1011.7,False,32.8,100,1.3,Japanese Grand Prix
97.735,19,MEDIUM,1,35.269,42.287,20.179,701001000.0,11001001100.0,555.0,19,10.0,1,False,5669.295,HAD,6,None,5668.049,5606.891,5649.178,5669.357,266.0,334.0,None,291.0,True,Red Bull Racing,5571.56,2026-03-29T05:43:08.928000000,False,None,False,False,5566.954,18.8,48.5,1011.7,False,32.2,24,1.7,Japanese Grand Prix
115.961,20,HARD,2,55.858,42.136,17.967,550000100.0,11001000100.0,10110.0,1,15.0,1,False,5785.256,HAD,6,5691.6,None,5725.215,5767.351,5785.318,265.0,323.0,279.0,285.0,True,Red Bull Racing,5669.295,2026-03-29T05:44:46.663000000,False,None,False,False,5686.962,18.7,49.2,1011.7,False,32.7,131,2.2,Japanese Grand Prix
99.933,21,HARD,2,34.752,42.074,23.107,111110.0,11001001010.0,0.0,2,15.0,124,False,5885.189,HAD,6,None,None,5820.07,5862.144,5885.251,266.0,324.0,104.0,289.0,True,Red Bull Racing,5785.256,2026-03-29T05:46:42.624000000,False,None,False,False,5806.966,18.6,49.9,1011.7,False,32.6,116,0.9,Japanese Grand Prix
125.71,22,HARD,2,48.061,53.186,24.463,700000000.0,0.0,0.0,3,15.0,4,False,6010.899,HAD,6,None,None,5933.312,5986.498,6010.961,242.0,221.0,231.0,247.0,True,Red Bull Racing,5885.189,2026-03-29T05:48:22.557000000,False,None,False,False,5866.963,18.6,50.4,1011.6,False,32.9,163,0.7,Japanese Grand Prix
127.64,23,HARD,2,44.816,59.174,23.65,700000000.0,0.0,0.0,4,13.0,4,False,6138.539,HAD,6,None,None,6055.777,6114.951,6138.601,253.0,235.0,219.0,205.0,True,Red Bull Racing,6010.899,2026-03-29T05:50:28.267000000,False,None,False,False,5986.965,18.5,51.5,1011.7,False,32.7,107,0.4,Japanese Grand Prix
124.942,24,HARD,2,40.42,59.471,25.051,700000000.0,0.0,0.0,5,13.0,4,False,6263.481,HAD,6,None,None,6179.021,6238.492,6263.543,254.0,229.0,236.0,243.0,True,Red Bull Racing,6138.539,2026-03-29T05:52:35.907000000,False,None,False,False,6166.968,18.5,51.1,1011.7,False,32.9,121,1.3,Japanese Grand Prix
150.415,25,HARD,2,48.526,74.831,27.058,700000000.0,0.0,0.0,6,13.0,4,False,6413.872,HAD,6,None,None,6312.131,6386.919,6414.134,181.0,226.0,160.0,183.0,True,Red Bull Racing,6263.481,2026-03-29T05:54:40.849000000,False,None,False,False,6286.968,18.5,51.8,1011.7,False,32.8,120,1.5,Japanese Grand Prix
147.242,26,HARD,2,53.032,65.585,28.625,700000000.0,0.0,0.0,7,13.0,4,False,6561.114,HAD,6,None,None,6466.966,6532.551,6561.176,153.0,203.0,131.0,226.0,True,Red Bull Racing,6413.872,2026-03-29T05:57:11.240000000,False,None,False,False,6406.972,18.5,50.7,1011.7,False,32.3,106,2.0,Japanese Grand Prix
135.125,27,HARD,2,47.153,60.737,27.235,700000000.0,0.0,0.0,8,13.0,41,False,6696.239,HAD,6,None,None,6608.329,6669.066,6696.301,203.0,140.0,277.0,167.0,True,Red Bull Racing,6561.114,2026-03-29T05:59:38.482000000,False,None,False,False,6586.973,18.3,50.5,1011.7,False,32.2,136,2.5,Japanese Grand Prix
96.376,28,HARD,2,35.656,42.542,18.178,710000000.0,0.0,11.0,9,13.0,1,False,6792.615,HAD,6,None,None,6731.957,6774.499,6792.677,259.0,335.0,283.0,297.0,True,Red Bull Racing,6696.239,2026-03-29T06:01:53.607000000,False,None,False,True,6706.975,18.3,47.7,1011.7,False,32.3,122,2.3,Japanese Grand Prix
96.05,29,HARD,2,35.504,42.255,18.291,700000000.0,11.0,10.0,10,12.0,1,False,6888.665,HAD,6,None,None,6828.181,6870.436,6888.727,267.0,340.0,280.0,293.0,True,Red Bull Racing,6792.615,2026-03-29T06:03:29.983000000,False,None,False,True,6826.974,18.4,48.2,1011.7,False,32.4,132,2.6,Japanese Grand Prix
95.485,30,HARD,2,34.998,42.274,18.213,700000000.0,0.0,111.0,11,12.0,1,True,6984.15,HAD,6,None,None,6923.725,6965.999,6984.212,270.0,331.0,284.0,296.0,True,Red Bull Racing,6888.665,2026-03-29T06:05:06.033000000,False,None,False,True,6886.976,18.4,47.6,1011.7,False,32.1,135,0.8,Japanese Grand Prix
95.255,31,HARD,2,34.806,42.341,18.108,700000000.0,0.0,10.0,12,12.0,1,True,7079.405,HAD,6,None,None,7019.018,7061.359,7079.467,268.0,316.0,283.0,287.0,True,Red Bull Racing,6984.15,2026-03-29T06:06:41.518000000,False,None,False,True,7006.979,18.4,49.7,1011.7,False,32.0,129,1.9,Japanese Grand Prix
94.986,32,HARD,2,34.712,42.247,18.027,311000000.0,0.0,110.0,13,12.0,1,True,7174.391,HAD,6,None,None,7114.179,7156.426,7174.453,269.0,332.0,283.0,294.0,True,Red Bull Racing,7079.405,2026-03-29T06:08:16.773000000,False,None,False,True,7126.981,18.5,50.7,1011.6,False,32.0,133,2.0,Japanese Grand Prix
94.718,33,HARD,2,34.541,41.979,18.198,100.0,10000000.0,1101.0,14,12.0,1,True,7269.109,HAD,6,None,None,7208.994,7250.973,7269.171,269.0,331.0,285.0,295.0,True,Red Bull Racing,7174.391,2026-03-29T06:09:51.759000000,False,None,False,True,7186.981,18.5,50.0,1011.7,False,31.5,140,1.1,Japanese Grand Prix
95.145,34,HARD,2,34.668,42.276,18.201,700000000.0,1000000.0,1110.0,15,12.0,1,False,7364.254,HAD,6,None,None,7303.839,7346.115,7364.316,267.0,320.0,284.0,291.0,True,Red Bull Racing,7269.109,2026-03-29T06:11:26.477000000,False,None,False,True,7306.992,18.5,51.0,1011.6,False,31.4,113,1.2,Japanese Grand Prix
95.64,35,HARD,2,34.547,42.667,18.426,300000010.0,0.0,1000.0,16,12.0,1,False,7459.894,HAD,6,None,None,7398.863,7441.53,7459.956,266.0,318.0,284.0,289.0,True,Red Bull Racing,7364.254,2026-03-29T06:13:01.622000000,False,None,False,True,7366.98,18.3,51.1,1011.6,False,31.4,154,2.4,Japanese Grand Prix
93.96,36,HARD,2,34.064,41.85,18.046,101011100.0,10000001100.0,0.0,17,11.0,1,True,7553.854,HAD,6,None,None,7494.02,7535.87,7553.916,270.0,325.0,282.0,286.0,True,Red Bull Racing,7459.894,2026-03-29T06:14:37.262000000,False,None,False,True,7486.983,18.1,52.4,1011.7,False,31.1,170,0.8,Japanese Grand Prix
94.637,37,HARD,2,34.566,42.031,18.04,100.0,1000.0,0.0,18,11.0,1,False,7648.491,HAD,6,None,None,7588.482,7630.513,7648.553,265.0,320.0,278.0,285.0,True,Red Bull Racing,7553.854,2026-03-29T06:16:11.222000000,False,None,False,True,7546.988,18.0,53.7,1011.6,False,31.0,138,1.5,Japanese Grand Prix
94.466,38,HARD,2,34.536,41.945,17.985,700011000.0,0.0,0.0,19,11.0,1,False,7742.957,HAD,6,None,None,7683.089,7725.034,7743.019,272.0,322.0,280.0,286.0,True,Red Bull Racing,7648.491,2026-03-29T06:17:45.859000000,False,None,False,True,7666.984,17.9,55.6,1011.6,False,30.7,88,0.8,Japanese Grand Prix
94.558,39,HARD,2,34.622,41.962,17.974,700010000.0,1000000000.0,0.0,20,11.0,1,False,7837.515,HAD,6,None,None,7777.641,7819.603,7837.577,269.0,322.0,281.0,287.0,True,Red Bull Racing,7742.957,2026-03-29T06:19:20.325000000,False,None,False,True,7726.986,17.9,55.8,1011.7,False,31.1,119,1.8,Japanese Grand Prix
94.361,40,HARD,2,34.446,41.955,17.96,700011000.0,1000.0,0.0,21,11.0,1,False,7931.876,HAD,6,None,None,7872.023,7913.978,7931.938,268.0,322.0,281.0,286.0,True,Red Bull Racing,7837.515,2026-03-29T06:20:54.883000000,False,None,False,True,7846.99,17.8,55.5,1011.6,False,31.0,167,1.0,Japanese Grand Prix
94.482,41,HARD,2,34.69,41.833,17.959,700000000.0,1000.0,1110.0,22,11.0,1,False,8026.358,HAD,6,None,None,7966.628,8008.461,8026.42,268.0,324.0,282.0,287.0,True,Red Bull Racing,7931.876,2026-03-29T06:22:29.244000000,False,None,False,True,7966.994,17.8,55.7,1011.6,False,30.7,140,0.6,Japanese Grand Prix
94.543,42,HARD,2,34.716,41.85,17.977,700000000.0,0.0,0.0,23,11.0,1,False,8120.901,HAD,6,None,None,8061.136,8102.986,8120.963,269.0,323.0,281.0,286.0,True,Red Bull Racing,8026.358,2026-03-29T06:24:03.726000000,False,None,False,True,8026.998,18.1,55.4,1011.6,False,30.6,153,2.5,Japanese Grand Prix
94.872,43,HARD,2,34.822,42.037,18.013,700000000.0,0.0,0.0,24,11.0,1,False,8215.773,HAD,6,None,None,8155.785,8197.822,8215.835,273.0,324.0,282.0,287.0,True,Red Bull Racing,8120.901,2026-03-29T06:25:38.269000000,False,None,False,True,8146.993,17.9,57.1,1011.7,False,30.4,140,0.9,Japanese Grand Prix
94.376,44,HARD,2,34.488,41.8,18.088,700000000.0,1000000.0,0.0,25,11.0,1,False,8310.149,HAD,6,None,None,8250.323,8292.123,8310.211,267.0,324.0,283.0,288.0,True,Red Bull Racing,8215.773,2026-03-29T06:27:13.141000000,False,None,False,True,8207.003,17.9,57.3,1011.7,False,30.5,9,0.5,Japanese Grand Prix
95.914,45,HARD,2,34.864,42.531,18.519,700000000.0,0.0,0.0,26,11.0,1,False,8406.063,HAD,6,None,None,8345.075,8387.606,8406.125,265.0,333.0,278.0,289.0,True,Red Bull Racing,8310.149,2026-03-29T06:28:47.517000000,False,None,False,True,8326.995,18.0,56.5,1011.7,False,30.9,129,1.1,Japanese Grand Prix
96.112,46,HARD,2,35.779,42.284,18.049,700000000.0,0.0,110.0,27,11.0,1,False,8502.175,HAD,6,None,None,8441.904,8484.188,8502.237,268.0,321.0,283.0,284.0,True,Red Bull Racing,8406.063,2026-03-29T06:30:23.431000000,False,None,False,True,8386.994,18.0,56.6,1011.7,False,29.6,83,2.0,Japanese Grand Prix
95.366,47,HARD,2,35.312,42.0,18.054,700000000.0,0.0,0.0,28,12.0,1,False,8597.541,HAD,6,None,None,8537.549,8579.549,8597.603,266.0,326.0,283.0,289.0,True,Red Bull Racing,8502.175,2026-03-29T06:31:59.543000000,False,None,False,True,8507.001,17.9,57.4,1011.8,False,30.8,91,0.8,Japanese Grand Prix
94.972,48,HARD,2,34.98,42.001,17.991,700000000.0,0.0,0.0,29,12.0,1,False,8692.513,HAD,6,None,None,8632.583,8674.584,8692.575,265.0,326.0,281.0,288.0,True,Red Bull Racing,8597.541,2026-03-29T06:33:34.909000000,False,None,False,True,8627.007,17.9,57.3,1011.8,False,30.2,81,1.3,Japanese Grand Prix
94.946,49,HARD,2,34.902,42.085,17.959,700000000.0,0.0,0.0,30,12.0,1,False,8787.459,HAD,6,None,None,8727.477,8769.562,8787.521,268.0,325.0,281.0,286.0,True,Red Bull Racing,8692.513,2026-03-29T06:35:09.881000000,False,None,False,True,8687.017,17.9,57.8,1011.7,False,30.9,110,0.9,Japanese Grand Prix
94.774,50,HARD,2,34.902,41.884,17.988,700000000.0,0.0,110.0,31,12.0,1,False,8882.233,HAD,6,None,None,None,8864.307,8882.295,269.0,324.0,282.0,286.0,True,Red Bull Racing,8787.459,2026-03-29T06:36:44.827000000,False,None,False,True,8807.046,18.0,57.9,1011.7,False,30.6,128,1.5,Japanese Grand Prix
94.126,51,HARD,2,34.472,41.749,17.905,700000010.0,11000000000.0,1110.0,32,12.0,1,False,8976.359,HAD,6,None,None,8916.767,8958.516,8976.421,270.0,322.0,282.0,286.0,True,Red Bull Racing,8882.233,2026-03-29T06:38:19.601000000,False,None,False,True,8867.045,17.8,59.2,1011.8,False,30.2,113,1.9,Japanese Grand Prix
94.301,52,HARD,2,34.683,41.713,17.905,700000000.0,10000000100.0,0.0,33,12.0,1,False,9070.66,HAD,6,None,None,9011.104,9052.817,9070.722,271.0,323.0,282.0,285.0,True,Red Bull Racing,8976.359,2026-03-29T06:39:53.727000000,False,None,False,True,8987.049,17.6,59.8,1011.8,False,30.0,107,1.5,Japanese Grand Prix
93.837,53,HARD,2,34.419,41.801,17.617,700000000.0,0.0,300010.0,34,12.0,1,True,9164.497,HAD,6,None,None,9105.141,9146.942,9164.559,271.0,328.0,273.0,304.0,True,Red Bull Racing,9070.66,2026-03-29T06:41:28.028000000,False,None,False,True,9047.054,17.4,61.3,1011.8,False,29.9,122,1.8,Japanese Grand Prix
98.386,1,MEDIUM,1,,42.171,18.146,11111111.0,11111331111.0,1111111.0,1,5.0,1,False,3923.35,HAM,44,None,None,None,3905.286,3923.573,264.0,328.0,270.0,289.0,True,Ferrari,3824.711,2026-03-29T05:14:02.079000000,False,None,False,False,3826.937,18.8,55.5,1011.7,False,36.7,124,2.1,Japanese Grand Prix
95.496,2,MEDIUM,1,35.461,42.16,17.875,111111110.0,1000001011.0,1110111.0,2,6.0,1,True,4018.846,HAM,44,None,None,3958.844,4001.004,4018.879,258.0,338.0,271.0,294.0,True,Ferrari,3923.35,2026-03-29T05:15:40.718000000,False,None,False,True,3946.939,18.9,54.3,1011.7,False,36.7,143,1.5,Japanese Grand Prix
95.394,3,MEDIUM,1,35.125,42.265,18.004,711111001.0,1001.0,1100011.0,3,6.0,1,True,4114.24,HAM,44,None,None,4054.004,4096.269,4114.273,263.0,339.0,271.0,296.0,True,Ferrari,4018.846,2026-03-29T05:17:16.214000000,False,None,False,True,4066.945,18.9,54.5,1011.7,False,36.0,112,2.1,Japanese Grand Prix
95.805,4,MEDIUM,1,35.248,42.422,18.135,711011000.0,10000001000.0,10011.0,4,6.0,1,False,4210.045,HAM,44,None,None,4149.521,4191.943,4210.078,260.0,317.0,279.0,285.0,True,Ferrari,4114.24,2026-03-29T05:18:51.608000000,False,None,False,True,4126.951,19.0,54.0,1011.8,False,36.5,104,0.4,Japanese Grand Prix
95.453,5,MEDIUM,1,35.025,42.365,18.063,711000000.0,10000000100.0,10.0,5,6.0,1,False,4305.498,HAM,44,None,None,4245.103,4287.468,4305.531,253.0,325.0,278.0,288.0,True,Ferrari,4210.045,2026-03-29T05:20:27.413000000,False,None,False,True,4246.946,19.1,53.2,1011.8,False,36.4,128,2.3,Japanese Grand Prix
95.172,6,MEDIUM,1,34.663,42.37,18.139,713010000.0,11000000100.0,0.0,6,6.0,1,True,4400.67,HAM,44,None,None,4340.194,4382.564,4400.703,262.0,322.0,279.0,286.0,True,Ferrari,4305.498,2026-03-29T05:22:02.866000000,False,None,False,True,4306.945,19.2,52.0,1011.8,False,36.0,95,1.4,Japanese Grand Prix
95.448,7,MEDIUM,1,34.837,42.375,18.236,11000.0,100001100.0,0.0,7,6.0,1,False,4496.118,HAM,44,None,None,4435.54,4477.915,4496.151,252.0,315.0,278.0,283.0,True,Ferrari,4400.67,2026-03-29T05:23:38.038000000,False,None,False,True,4426.948,19.1,51.3,1011.8,False,35.7,130,1.3,Japanese Grand Prix
95.565,8,MEDIUM,1,34.822,42.573,18.17,700011000.0,100000100.0,1000.0,8,6.0,1,False,4591.683,HAM,44,None,None,4530.973,4573.546,4591.716,253.0,313.0,278.0,281.0,True,Ferrari,4496.118,2026-03-29T05:25:13.486000000,False,None,False,True,4546.949,19.0,51.7,1011.8,False,35.3,144,2.7,Japanese Grand Prix
95.765,9,MEDIUM,1,34.786,42.681,18.298,700000000.0,0.0,0.0,9,6.0,1,False,4687.448,HAM,44,None,None,4626.502,4669.183,4687.481,252.0,313.0,278.0,281.0,True,Ferrari,4591.683,2026-03-29T05:26:49.051000000,False,None,False,True,4606.955,19.1,51.2,1011.7,False,34.6,120,2.3,Japanese Grand Prix
95.166,10,MEDIUM,1,34.796,42.194,18.176,700000000.0,11000000000.0,10.0,10,6.0,1,True,4782.614,HAM,44,None,None,4722.277,4764.471,4782.647,258.0,316.0,276.0,282.0,True,Ferrari,4687.448,2026-03-29T05:28:24.816000000,False,None,False,True,4726.95,19.0,51.2,1011.8,False,34.6,126,2.0,Japanese Grand Prix
95.434,11,MEDIUM,1,34.99,42.227,18.217,700000000.0,0.0,1110.0,11,6.0,1,False,4878.048,HAM,44,None,None,4817.637,4859.864,4878.081,259.0,317.0,277.0,282.0,True,Ferrari,4782.614,2026-03-29T05:29:59.982000000,False,None,False,True,4786.951,19.1,50.7,1011.7,False,34.0,142,1.5,Japanese Grand Prix
95.161,12,MEDIUM,1,34.945,42.205,18.011,700000000.0,0.0,10010.0,12,6.0,1,True,4973.209,HAM,44,None,None,4913.026,4955.231,4973.242,259.0,318.0,276.0,284.0,True,Ferrari,4878.048,2026-03-29T05:31:35.416000000,False,None,False,True,4906.957,19.1,50.5,1011.9,False,33.7,82,1.3,Japanese Grand Prix
95.397,13,MEDIUM,1,34.974,42.181,18.242,703010000.0,0.0,0.0,13,6.0,1,False,5068.606,HAM,44,None,None,5008.216,5050.397,5068.639,258.0,318.0,276.0,283.0,True,Ferrari,4973.209,2026-03-29T05:33:10.577000000,False,None,False,True,5026.956,19.0,50.6,1011.8,False,33.8,151,2.0,Japanese Grand Prix
95.283,14,MEDIUM,1,35.107,42.019,18.157,700000000.0,3000000000.0,11.0,14,6.0,1,False,5163.889,HAM,44,None,None,5103.746,5145.765,5163.922,259.0,318.0,279.0,283.0,True,Ferrari,5068.606,2026-03-29T05:34:45.974000000,False,None,False,True,5086.955,19.0,50.6,1011.8,False,33.6,56,1.2,Japanese Grand Prix
95.054,15,MEDIUM,1,34.878,42.06,18.116,700000000.0,0.0,0.0,15,6.0,1,True,5258.943,HAM,44,None,None,5198.8,5240.86,5258.976,258.0,319.0,277.0,285.0,True,Ferrari,5163.889,2026-03-29T05:36:21.257000000,False,None,False,True,5206.955,18.8,51.4,1011.6,False,33.2,98,1.2,Japanese Grand Prix
95.355,16,MEDIUM,1,35.135,42.151,18.069,700000000.0,0.0,1.0,16,5.0,1,False,5354.298,HAM,44,None,None,5294.111,5336.262,5354.331,262.0,319.0,279.0,286.0,True,Ferrari,5258.943,2026-03-29T05:37:56.311000000,False,None,False,True,5266.957,18.8,50.8,1011.8,False,33.4,44,0.7,Japanese Grand Prix
94.876,17,MEDIUM,1,34.818,42.034,18.024,700000001.0,10100000000.0,0.0,17,4.0,1,True,5449.174,HAM,44,None,None,5389.149,5431.183,5449.207,264.0,324.0,277.0,285.0,True,Ferrari,5354.298,2026-03-29T05:39:31.666000000,False,None,False,True,5386.956,18.9,47.8,1011.8,False,32.9,133,2.6,Japanese Grand Prix
94.959,18,MEDIUM,1,34.919,41.921,18.119,700000000.0,10001000.0,10000.0,18,4.0,1,False,5544.133,HAM,44,None,None,5484.126,5526.047,5544.166,261.0,316.0,277.0,280.0,True,Ferrari,5449.174,2026-03-29T05:41:06.542000000,False,None,False,True,5506.96,18.8,48.7,1011.7,False,32.8,100,1.3,Japanese Grand Prix
94.98,19,MEDIUM,1,34.878,41.972,18.13,700000000.0,1000.0,10010.0,19,3.0,1,False,5639.113,HAM,44,None,None,5579.044,5621.016,5639.146,261.0,313.0,276.0,278.0,True,Ferrari,5544.133,2026-03-29T05:42:41.501000000,False,None,False,True,5566.954,18.8,48.5,1011.7,False,32.2,24,1.7,Japanese Grand Prix
95.168,20,MEDIUM,1,35.003,41.989,18.176,700001000.0,1000000000.0,10000.0,20,3.0,1,False,5734.281,HAM,44,None,None,5674.149,5716.138,5734.314,260.0,314.0,277.0,278.0,True,Ferrari,5639.113,2026-03-29T05:44:16.481000000,False,None,False,True,5686.962,18.7,49.2,1011.7,False,32.7,131,2.2,Japanese Grand Prix
95.01,21,MEDIUM,1,34.972,41.846,18.192,700001000.0,1000000000.0,0.0,21,3.0,1,False,5829.291,HAM,44,None,None,5769.286,5811.132,5829.324,260.0,314.0,276.0,278.0,True,Ferrari,5734.281,2026-03-29T05:45:51.649000000,False,None,False,True,5806.966,18.6,49.9,1011.7,False,32.6,116,0.9,Japanese Grand Prix
116.919,22,MEDIUM,1,34.993,55.394,26.532,700001000.0,0.0,555.0,22,2.0,124,False,5946.21,HAM,44,None,5944.896,5864.317,5919.711,5946.243,258.0,206.0,None,223.0,True,Ferrari,5829.291,2026-03-29T05:47:26.659000000,False,None,False,False,5866.963,18.6,50.4,1011.6,False,32.9,163,0.7,Japanese Grand Prix
157.39,23,HARD,2,64.944,62.009,30.437,550000000.0,0.0,0.0,1,4.0,4,False,6103.629,HAM,44,5967.806,None,6011.322,6073.345,6103.697,212.0,129.0,179.0,185.0,True,Ferrari,5946.21,2026-03-29T05:49:23.578000000,False,None,False,False,5986.965,18.5,51.5,1011.7,False,32.7,107,0.4,Japanese Grand Prix
147.559,24,HARD,2,51.017,71.609,24.933,0.0,0.0,0.0,2,4.0,4,False,6251.188,HAM,44,None,None,6154.679,6226.288,6251.221,197.0,114.0,215.0,232.0,True,Ferrari,6103.629,2026-03-29T05:52:00.997000000,False,None,False,False,6166.968,18.5,51.1,1011.7,False,32.9,121,1.3,Japanese Grand Prix
151.345,25,HARD,2,52.871,70.692,27.782,700000000.0,0.0,0.0,3,4.0,4,False,6402.536,HAM,44,None,None,6304.187,6374.87,6402.692,132.0,204.0,181.0,218.0,True,Ferrari,6251.188,2026-03-29T05:54:28.556000000,False,None,False,False,6286.968,18.5,51.8,1011.7,False,32.8,120,1.5,Japanese Grand Prix
145.726,26,HARD,2,54.221,63.514,27.991,700000000.0,0.0,0.0,4,4.0,4,False,6548.262,HAM,44,None,None,6456.79,6520.304,6548.295,148.0,201.0,243.0,149.0,True,Ferrari,6402.536,2026-03-29T05:56:59.904000000,False,None,False,False,6406.972,18.5,50.7,1011.7,False,32.3,106,2.0,Japanese Grand Prix
143.756,27,HARD,2,49.74,65.341,28.675,700000000.0,0.0,0.0,5,4.0,41,False,6692.018,HAM,44,None,None,6598.035,6663.376,6692.051,195.0,116.0,277.0,122.0,True,Ferrari,6548.262,2026-03-29T05:59:25.630000000,False,None,False,False,6586.973,18.3,50.5,1011.7,False,32.2,136,2.5,Japanese Grand Prix
94.067,28,HARD,2,34.464,41.628,17.975,710000110.0,101000110.0,1111.0,6,3.0,1,True,6786.085,HAM,44,None,None,6726.515,6768.143,6786.118,261.0,319.0,283.0,284.0,True,Ferrari,6692.018,2026-03-29T06:01:49.386000000,False,None,False,True,6706.975,18.3,47.7,1011.7,False,32.3,122,2.3,Japanese Grand Prix
93.742,29,HARD,2,34.268,41.627,17.847,100010100.0,1030000110.0,110.0,7,3.0,1,True,6879.827,HAM,44,None,None,6820.386,6862.013,6879.86,258.0,319.0,282.0,284.0,True,Ferrari,6786.085,2026-03-29T06:03:23.453000000,False,None,False,True,6826.974,18.4,48.2,1011.7,False,32.4,132,2.6,Japanese Grand Prix
93.875,30,HARD,2,34.238,41.651,17.986,10110.0,10000001000.0,0.0,8,3.0,1,False,6973.702,HAM,44,None,None,6914.098,6955.749,6973.735,257.0,318.0,281.0,283.0,True,Ferrari,6879.827,2026-03-29T06:04:57.195000000,False,None,False,True,6886.976,18.4,47.6,1011.7,False,32.1,135,0.8,Japanese Grand Prix
93.67,31,HARD,2,34.176,41.591,17.903,700110000.0,10001000100.0,0.0,9,3.0,1,True,7067.372,HAM,44,None,None,7007.911,7049.502,7067.405,256.0,328.0,281.0,287.0,True,Ferrari,6973.702,2026-03-29T06:06:31.070000000,False,None,False,True,7006.979,18.4,49.7,1011.7,False,32.0,129,1.9,Japanese Grand Prix
93.501,32,HARD,2,34.037,41.441,18.023,701113100.0,11000000000.0,10000.0,10,3.0,1,True,7160.873,HAM,44,None,None,7101.442,7142.883,7160.906,263.0,312.0,282.0,279.0,True,Ferrari,7067.372,2026-03-29T06:08:04.740000000,False,None,False,True,7126.981,18.5,50.7,1011.6,False,32.0,133,2.0,Japanese Grand Prix
93.524,33,HARD,2,33.991,41.566,17.967,703000100.0,100.0,0.0,11,3.0,1,False,7254.397,HAM,44,None,None,7194.897,7236.463,7254.43,258.0,331.0,281.0,289.0,True,Ferrari,7160.873,2026-03-29T06:09:38.241000000,False,None,False,True,7186.981,18.5,50.0,1011.7,False,31.5,140,1.1,Japanese Grand Prix
93.301,34,HARD,2,34.092,41.289,17.92,700010100.0,10100001000.0,0.0,12,3.0,1,True,7347.698,HAM,44,None,None,7288.522,7329.811,7347.731,263.0,327.0,280.0,287.0,True,Ferrari,7254.397,2026-03-29T06:11:11.765000000,False,None,False,True,7306.992,18.5,51.0,1011.6,False,31.4,113,1.2,Japanese Grand Prix
93.696,35,HARD,2,34.127,41.533,18.036,700100001.0,0.0,0.0,13,3.0,1,False,7441.394,HAM,44,None,None,7381.858,7423.391,7441.427,265.0,328.0,280.0,283.0,True,Ferrari,7347.698,2026-03-29T06:12:45.066000000,False,None,False,True,7366.98,18.3,51.1,1011.6,False,31.4,154,2.4,Japanese Grand Prix
93.658,36,HARD,2,34.201,41.314,18.143,700000000.0,30001000.0,10000.0,14,3.0,1,False,7535.052,HAM,44,None,None,7475.628,7516.942,7535.085,262.0,309.0,282.0,279.0,True,Ferrari,7441.394,2026-03-29T06:14:18.762000000,False,None,False,True,7486.983,18.1,52.4,1011.7,False,31.1,170,0.8,Japanese Grand Prix
93.934,37,HARD,2,34.165,41.814,17.955,700000000.0,0.0,0.0,15,3.0,1,False,7628.986,HAM,44,None,None,7569.25,7611.064,7629.019,257.0,313.0,282.0,280.0,True,Ferrari,7535.052,2026-03-29T06:15:52.420000000,False,None,False,True,7546.988,18.0,53.7,1011.6,False,31.0,138,1.5,Japanese Grand Prix
93.436,38,HARD,2,33.994,41.468,17.974,700000000.0,0.0,0.0,16,3.0,1,False,7722.422,HAM,44,None,None,7663.013,7704.481,7722.455,261.0,316.0,280.0,282.0,True,Ferrari,7628.986,2026-03-29T06:17:26.354000000,False,None,False,True,7666.984,17.9,55.6,1011.6,False,30.7,88,0.8,Japanese Grand Prix
93.576,39,HARD,2,34.167,41.376,18.033,700000100.0,100000000.0,0.0,17,3.0,1,False,7815.998,HAM,44,None,None,7756.622,7797.998,7816.031,264.0,319.0,282.0,284.0,True,Ferrari,7722.422,2026-03-29T06:18:59.790000000,False,None,False,True,7726.986,17.9,55.8,1011.7,False,31.1,119,1.8,Japanese Grand Prix
93.869,40,HARD,2,34.11,41.62,18.139,700000000.0,100000000.0,10.0,18,3.0,1,False,7909.867,HAM,44,None,None,7850.141,7891.761,7909.9,261.0,314.0,277.0,280.0,True,Ferrari,7815.998,2026-03-29T06:20:33.366000000,False,None,False,True,7846.99,17.8,55.5,1011.6,False,31.0,167,1.0,Japanese Grand Prix
94.177,41,HARD,2,34.44,41.609,18.128,700000000.0,0.0,1110.0,19,3.0,1,False,8004.044,HAM,44,None,None,7944.34,7985.949,8004.077,258.0,314.0,281.0,281.0,True,Ferrari,7909.867,2026-03-29T06:22:07.235000000,False,None,False,True,7966.994,17.8,55.7,1011.6,False,30.7,140,0.6,Japanese Grand Prix
94.662,42,HARD,2,35.177,41.585,17.9,700000000.0,0.0,0.0,20,4.0,1,False,8098.706,HAM,44,None,None,8039.254,8080.839,8098.739,258.0,317.0,279.0,284.0,True,Ferrari,8004.044,2026-03-29T06:23:41.412000000,False,None,False,True,8026.998,18.1,55.4,1011.6,False,30.6,153,2.5,Japanese Grand Prix
94.359,43,HARD,2,35.047,41.379,17.933,700000001.0,0.0,1.0,21,5.0,1,False,8193.065,HAM,44,None,None,8133.786,8175.165,8193.098,266.0,332.0,284.0,290.0,True,Ferrari,8098.706,2026-03-29T06:25:16.074000000,False,None,False,True,8146.993,17.9,57.1,1011.7,False,30.4,140,0.9,Japanese Grand Prix
93.636,44,HARD,2,34.266,41.397,17.973,700000000.0,0.0,30000.0,22,5.0,1,False,8286.701,HAM,44,None,None,8227.364,8268.761,8286.734,256.0,326.0,278.0,286.0,True,Ferrari,8193.065,2026-03-29T06:26:50.433000000,True,TRACK LIMITS AT TURN 17 LAP 44 ,False,True,8207.003,17.9,57.3,1011.7,False,30.5,9,0.5,Japanese Grand Prix
93.495,45,HARD,2,34.167,41.343,17.985,700000000.0,101000000.0,0.0,23,5.0,1,False,8380.196,HAM,44,None,None,8320.901,8362.244,8380.229,261.0,328.0,282.0,289.0,True,Ferrari,8286.701,2026-03-29T06:28:24.069000000,False,None,False,True,8326.995,18.0,56.5,1011.7,False,30.9,129,1.1,Japanese Grand Prix
93.442,46,HARD,2,34.231,41.233,17.978,700000000.0,1000000.0,0.0,24,5.0,1,False,8473.638,HAM,44,None,None,8414.46,8455.693,8473.671,262.0,320.0,282.0,284.0,True,Ferrari,8380.196,2026-03-29T06:29:57.564000000,False,None,False,True,8386.994,18.0,56.6,1011.7,False,29.6,83,2.0,Japanese Grand Prix
94.676,47,HARD,2,34.378,41.393,18.905,700010000.0,0.0,1.0,25,6.0,1,False,8568.314,HAM,44,None,None,8508.049,8549.442,8568.347,261.0,315.0,284.0,282.0,True,Ferrari,8473.638,2026-03-29T06:31:31.006000000,False,None,False,True,8507.001,17.9,57.4,1011.8,False,30.8,91,0.8,Japanese Grand Prix
92.777,48,HARD,2,33.962,41.108,17.707,100000000.0,1101000010.0,100000.0,26,5.0,1,True,8661.091,HAM,44,None,None,8602.309,8643.417,8661.124,260.0,331.0,280.0,291.0,True,Ferrari,8568.314,2026-03-29T06:33:05.682000000,False,None,False,True,8627.007,17.9,57.3,1011.8,False,30.2,81,1.3,Japanese Grand Prix
93.867,49,HARD,2,34.368,41.301,18.198,0.0,1000000.0,0.0,27,5.0,1,False,8754.958,HAM,44,None,None,8695.492,8736.793,8754.991,263.0,313.0,277.0,279.0,True,Ferrari,8661.091,2026-03-29T06:34:38.459000000,False,None,False,True,8687.017,17.9,57.8,1011.7,False,30.9,110,0.9,Japanese Grand Prix
95.689,50,HARD,2,34.647,42.013,19.029,700010000.0,101000000.0,10.0,28,6.0,1,False,8850.647,HAM,44,None,None,8789.638,8831.651,8850.68,262.0,304.0,283.0,273.0,True,Ferrari,8754.958,2026-03-29T06:36:12.326000000,False,None,False,True,8807.046,18.0,57.9,1011.7,False,30.6,128,1.5,Japanese Grand Prix
94.927,51,HARD,2,33.992,41.784,19.151,111000000.0,101000000.0,1.0,29,6.0,1,False,8945.574,HAM,44,None,None,8884.672,8926.456,8945.607,259.0,318.0,286.0,279.0,True,Ferrari,8850.647,2026-03-29T06:37:48.015000000,False,None,False,True,8867.045,17.8,59.2,1011.8,False,30.2,113,1.9,Japanese Grand Prix
94.193,52,HARD,2,34.367,41.886,17.94,700000000.0,0.0,0.0,30,6.0,1,False,9039.767,HAM,44,None,None,8979.974,9021.86,9039.8,262.0,322.0,283.0,285.0,True,Ferrari,8945.574,2026-03-29T06:39:22.942000000,False,None,False,True,8987.049,17.6,59.8,1011.8,False,30.0,107,1.5,Japanese Grand Prix
93.669,53,HARD,2,34.115,41.518,18.036,0.0,110.0,0.0,31,6.0,1,False,9133.436,HAM,44,None,None,9073.915,9115.433,9133.469,263.0,319.0,277.0,284.0,True,Ferrari,9039.767,2026-03-29T06:40:57.135000000,False,None,False,True,9047.054,17.4,61.3,1011.8,False,29.9,122,1.8,Japanese Grand Prix
106.149,1,MEDIUM,1,,44.711,18.748,11111111.0,11111111111.0,1111110.0,1,19.0,1,False,3931.113,HUL,27,None,None,None,3912.484,3931.274,274.0,330.0,251.0,284.0,True,Audi,3824.711,2026-03-29T05:14:02.079000000,False,None,False,False,3826.937,18.8,55.5,1011.7,False,36.7,124,2.1,Japanese Grand Prix
98.019,2,MEDIUM,1,36.377,43.395,18.247,111111110.0,11110001100.0,111111.0,2,19.0,1,True,4029.132,HUL,27,None,None,3967.532,4010.927,4029.174,265.0,314.0,277.0,290.0,True,Audi,3931.113,2026-03-29T05:15:48.481000000,False,None,False,True,3946.939,18.9,54.3,1011.7,False,36.7,143,1.5,Japanese Grand Prix
96.53,3,MEDIUM,1,35.342,43.085,18.103,711110110.0,11110000000.0,1110010.0,3,18.0,1,True,4125.662,HUL,27,None,None,4064.516,4107.601,4125.704,263.0,322.0,275.0,290.0,True,Audi,4029.132,2026-03-29T05:17:26.500000000,False,None,False,True,4066.945,18.9,54.5,1011.7,False,36.0,112,2.1,Japanese Grand Prix
96.632,4,MEDIUM,1,35.458,42.956,18.218,11101000.0,100001000.0,1001001.0,4,17.0,1,False,4222.294,HUL,27,None,None,4161.162,4204.118,4222.336,260.0,329.0,280.0,296.0,True,Audi,4125.662,2026-03-29T05:19:03.030000000,False,None,False,True,4126.951,19.0,54.0,1011.8,False,36.5,104,0.4,Japanese Grand Prix
96.858,5,MEDIUM,1,35.878,42.815,18.165,100000000.0,11010001010.0,0.0,5,17.0,1,False,4319.152,HUL,27,None,None,4258.214,4301.029,4319.194,265.0,324.0,279.0,294.0,True,Audi,4222.294,2026-03-29T05:20:39.662000000,False,None,False,True,4246.946,19.1,53.2,1011.8,False,36.4,128,2.3,Japanese Grand Prix
97.522,6,MEDIUM,1,35.81,43.183,18.529,0.0,0.0,11.0,6,17.0,1,False,4416.674,HUL,27,None,None,4355.004,4398.187,4416.716,260.0,326.0,281.0,294.0,True,Audi,4319.152,2026-03-29T05:22:16.520000000,False,None,False,True,4306.945,19.2,52.0,1011.8,False,36.0,95,1.4,Japanese Grand Prix
97.424,7,MEDIUM,1,35.921,43.264,18.239,700010000.0,100000000.0,0.0,7,17.0,1,False,4514.098,HUL,27,None,None,4452.637,4495.901,4514.14,259.0,321.0,280.0,291.0,True,Audi,4416.674,2026-03-29T05:23:54.042000000,False,None,False,True,4426.948,19.1,51.3,1011.8,False,35.7,130,1.3,Japanese Grand Prix
97.149,8,MEDIUM,1,35.857,43.083,18.209,110000000.0,10100000100.0,1000.0,8,17.0,1,False,4611.247,HUL,27,None,None,4549.997,4593.08,4611.289,261.0,318.0,280.0,290.0,True,Audi,4514.098,2026-03-29T05:25:31.466000000,False,None,False,True,4546.949,19.0,51.7,1011.8,False,35.3,144,2.7,Japanese Grand Prix
96.695,9,MEDIUM,1,35.547,42.961,18.187,710000000.0,11000000010.0,100000.0,9,17.0,1,False,4707.942,HUL,27,None,None,4646.836,4689.797,4707.984,259.0,318.0,280.0,290.0,True,Audi,4611.247,2026-03-29T05:27:08.615000000,False,None,False,True,4606.955,19.1,51.2,1011.7,False,34.6,120,2.3,Japanese Grand Prix
96.943,10,MEDIUM,1,35.919,42.869,18.155,710000000.0,11010001100.0,101110.0,10,17.0,1,False,4804.885,HUL,27,None,None,4743.903,4786.772,4804.927,258.0,314.0,277.0,288.0,True,Audi,4707.942,2026-03-29T05:28:45.310000000,False,None,False,True,4726.95,19.0,51.2,1011.8,False,34.6,126,2.0,Japanese Grand Prix
96.387,11,MEDIUM,1,35.53,42.718,18.139,1000.0,11100001000.0,100111.0,11,17.0,1,True,4901.272,HUL,27,None,None,4840.457,4883.175,4901.314,260.0,318.0,282.0,289.0,True,Audi,4804.885,2026-03-29T05:30:22.253000000,False,None,False,True,4786.951,19.1,50.7,1011.7,False,34.0,142,1.5,Japanese Grand Prix
97.397,12,MEDIUM,1,35.449,43.604,18.344,330000003.0,10000.0,10000.0,12,17.0,1,False,4998.669,HUL,27,None,None,4936.763,4980.367,4998.711,291.0,306.0,268.0,286.0,True,Audi,4901.272,2026-03-29T05:31:58.640000000,False,None,False,True,4906.957,19.1,50.5,1011.9,False,33.7,82,1.3,Japanese Grand Prix
96.972,13,MEDIUM,1,35.919,42.797,18.256,10000.0,10000001100.0,0.0,13,17.0,1,False,5095.641,HUL,27,None,None,5034.63,5077.427,5095.683,257.0,315.0,276.0,288.0,True,Audi,4998.669,2026-03-29T05:33:36.037000000,False,None,False,True,5026.956,19.0,50.6,1011.8,False,33.8,151,2.0,Japanese Grand Prix
96.49,14,MEDIUM,1,35.422,42.945,18.123,701000000.0,0.0,10000.0,14,17.0,1,False,5192.131,HUL,27,None,None,5131.105,5174.05,5192.173,271.0,317.0,282.0,289.0,True,Audi,5095.641,2026-03-29T05:35:13.009000000,False,None,False,True,5086.955,19.0,50.6,1011.8,False,33.6,56,1.2,Japanese Grand Prix
95.778,15,MEDIUM,1,34.972,42.559,18.247,700111100.0,11010001100.0,10.0,15,16.0,1,True,5287.909,HUL,27,None,None,5227.145,5269.704,5287.951,259.0,311.0,277.0,285.0,True,Audi,5192.131,2026-03-29T05:36:49.499000000,False,None,False,True,5206.955,18.8,51.4,1011.6,False,33.2,98,1.2,Japanese Grand Prix
96.277,16,MEDIUM,1,35.508,42.688,18.081,701000000.0,100.0,10100.0,16,15.0,1,False,5384.186,HUL,27,None,None,5323.459,5366.147,5384.228,256.0,319.0,277.0,287.0,True,Audi,5287.909,2026-03-29T05:38:25.277000000,False,None,False,True,5266.957,18.8,50.8,1011.8,False,33.4,44,0.7,Japanese Grand Prix
96.171,17,MEDIUM,1,35.354,42.76,18.057,700000000.0,0.0,1110.0,17,15.0,1,False,5480.357,HUL,27,None,None,5419.582,5462.342,5480.399,259.0,323.0,279.0,286.0,True,Audi,5384.186,2026-03-29T05:40:01.554000000,False,None,False,True,5386.956,18.9,47.8,1011.8,False,32.9,133,2.6,Japanese Grand Prix
96.037,18,MEDIUM,1,35.423,42.448,18.166,700000100.0,10000000000.0,0.0,18,14.0,1,False,5576.394,HUL,27,None,None,5515.822,5558.27,5576.436,258.0,325.0,279.0,289.0,True,Audi,5480.357,2026-03-29T05:41:37.725000000,False,None,False,True,5506.96,18.8,48.7,1011.7,False,32.8,100,1.3,Japanese Grand Prix
95.575,19,MEDIUM,1,35.308,42.305,17.962,701001000.0,10100000110.0,0.0,19,13.0,1,True,5671.969,HUL,27,None,None,5611.744,5654.049,5672.011,261.0,329.0,280.0,292.0,True,Audi,5576.394,2026-03-29T05:43:13.762000000,False,None,False,True,5566.954,18.8,48.5,1011.7,False,32.2,24,1.7,Japanese Grand Prix
95.655,20,MEDIUM,1,35.318,42.304,18.033,700000000.0,101000010.0,11.0,20,11.0,1,False,5767.624,HUL,27,None,None,5707.329,5749.633,5767.666,268.0,327.0,283.0,292.0,True,Audi,5671.969,2026-03-29T05:44:49.337000000,False,None,False,True,5686.962,18.7,49.2,1011.7,False,32.7,131,2.2,Japanese Grand Prix
95.944,21,MEDIUM,1,35.319,42.622,18.003,700000000.0,10.0,10.0,21,11.0,12,False,5863.568,HUL,27,None,None,5802.985,5845.607,5863.61,266.0,325.0,281.0,292.0,True,Audi,5767.624,2026-03-29T05:46:24.992000000,False,None,False,True,5806.966,18.6,49.9,1011.7,False,32.6,116,0.9,Japanese Grand Prix
124.599,22,MEDIUM,1,42.684,57.513,24.402,700000000.0,0.0,0.0,22,9.0,24,False,5988.167,HUL,27,None,None,5906.294,5963.807,5988.209,248.0,204.0,202.0,215.0,True,Audi,5863.568,2026-03-29T05:48:00.936000000,False,None,False,False,5866.963,18.6,50.4,1011.6,False,32.9,163,0.7,Japanese Grand Prix
129.419,23,MEDIUM,1,44.305,57.94,27.174,700000000.0,0.0,555.0,23,9.0,4,False,6117.586,HUL,27,None,6116.158,6032.514,6090.454,6117.628,217.0,214.0,None,209.0,True,Audi,5988.167,2026-03-29T05:50:05.535000000,False,None,False,False,5986.965,18.5,51.5,1011.7,False,32.7,107,0.4,Japanese Grand Prix
144.563,24,HARD,2,60.006,59.978,24.579,550000000.0,0.0,0.0,1,12.0,4,False,6262.149,HUL,27,6140.192,None,6177.634,6237.612,6262.191,280.0,201.0,244.0,259.0,True,Audi,6117.586,2026-03-29T05:52:14.954000000,False,None,False,False,6166.968,18.5,51.1,1011.7,False,32.9,121,1.3,Japanese Grand Prix
150.451,25,HARD,2,48.372,74.454,27.625,0.0,0.0,0.0,2,12.0,4,False,6412.61,HUL,27,None,None,6310.65,6385.027,6412.7,135.0,232.0,172.0,169.0,True,Audi,6262.149,2026-03-29T05:54:39.517000000,False,None,False,False,6286.968,18.5,51.8,1011.7,False,32.8,120,1.5,Japanese Grand Prix
147.547,26,HARD,2,53.085,65.462,29.0,700000000.0,0.0,0.0,3,12.0,4,False,6560.157,HUL,27,None,None,6465.737,6531.199,6560.199,180.0,215.0,137.0,247.0,True,Audi,6412.61,2026-03-29T05:57:09.978000000,False,None,False,False,6406.972,18.5,50.7,1011.7,False,32.3,106,2.0,Japanese Grand Prix
135.697,27,HARD,2,46.38,61.945,27.372,700000000.0,0.0,0.0,4,12.0,41,False,6695.854,HUL,27,None,None,6606.579,6668.524,6695.896,236.0,152.0,278.0,160.0,True,Audi,6560.157,2026-03-29T05:59:37.525000000,False,None,False,False,6586.973,18.3,50.5,1011.7,False,32.2,136,2.5,Japanese Grand Prix
96.375,28,HARD,2,35.452,42.571,18.352,700000000.0,1000031.0,1000011.0,5,12.0,1,False,6792.229,HUL,27,None,None,6731.348,6773.919,6792.271,261.0,338.0,284.0,292.0,True,Audi,6695.854,2026-03-29T06:01:53.222000000,False,None,False,True,6706.975,18.3,47.7,1011.7,False,32.3,122,2.3,Japanese Grand Prix
96.82,29,HARD,2,35.128,42.728,18.964,700000113.0,10000000.0,0.0,6,13.0,1,False,6889.049,HUL,27,None,None,6827.399,6870.127,6889.091,297.0,332.0,269.0,287.0,True,Audi,6792.229,2026-03-29T06:03:29.597000000,False,None,False,True,6826.974,18.4,48.2,1011.7,False,32.4,132,2.6,Japanese Grand Prix
96.242,30,HARD,2,36.353,42.063,17.826,700000000.0,1001000100.0,1111.0,7,14.0,1,False,6985.291,HUL,27,None,None,6925.444,6967.507,6985.333,265.0,329.0,284.0,295.0,True,Audi,6889.049,2026-03-29T06:05:06.417000000,False,None,False,True,6886.976,18.4,47.6,1011.7,False,32.1,135,0.8,Japanese Grand Prix
94.637,31,HARD,2,34.783,41.951,17.903,700100110.0,1010000100.0,0.0,8,13.0,1,True,7079.928,HUL,27,None,None,7020.116,7062.067,7079.97,260.0,330.0,284.0,294.0,True,Audi,6985.291,2026-03-29T06:06:42.659000000,False,None,False,True,7006.979,18.4,49.7,1011.7,False,32.0,129,1.9,Japanese Grand Prix
94.905,32,HARD,2,34.861,42.073,17.971,700001000.0,0.0,1.0,9,13.0,1,False,7174.833,HUL,27,None,None,7114.831,7156.904,7174.875,266.0,330.0,284.0,295.0,True,Audi,7079.928,2026-03-29T06:08:17.296000000,False,None,False,True,7126.981,18.5,50.7,1011.6,False,32.0,133,2.0,Japanese Grand Prix
94.82,33,HARD,2,34.925,41.982,17.913,700000000.0,0.0,0.0,10,13.0,1,False,7269.653,HUL,27,None,None,7209.8,7251.782,7269.695,268.0,328.0,283.0,294.0,True,Audi,7174.833,2026-03-29T06:09:52.201000000,False,None,False,True,7186.981,18.5,50.0,1011.7,False,31.5,140,1.1,Japanese Grand Prix
95.027,34,HARD,2,35.006,42.061,17.96,700000000.0,0.0,1.0,11,13.0,1,False,7364.68,HUL,27,None,None,7304.701,7346.762,7364.722,266.0,329.0,284.0,294.0,True,Audi,7269.653,2026-03-29T06:11:27.021000000,False,None,False,True,7306.992,18.5,51.0,1011.6,False,31.4,113,1.2,Japanese Grand Prix
95.547,35,HARD,2,35.07,42.2,18.277,700000000.0,0.0,0.0,12,13.0,1,False,7460.227,HUL,27,None,None,7399.792,7441.992,7460.269,266.0,331.0,284.0,296.0,True,Audi,7364.68,2026-03-29T06:13:02.048000000,False,None,False,True,7366.98,18.3,51.1,1011.6,False,31.4,154,2.4,Japanese Grand Prix
95.386,36,HARD,2,35.193,42.064,18.129,100000000.0,0.0,1.0,13,13.0,1,False,7555.613,HUL,27,None,None,7495.462,7537.526,7555.655,264.0,327.0,285.0,290.0,True,Audi,7460.227,2026-03-29T06:14:37.595000000,False,None,False,True,7486.983,18.1,52.4,1011.7,False,31.1,170,0.8,Japanese Grand Prix
95.018,37,HARD,2,35.057,41.944,18.017,0.0,1000.0,0.0,14,13.0,1,False,7650.631,HUL,27,None,None,7590.712,7632.656,7650.673,265.0,329.0,282.0,295.0,True,Audi,7555.613,2026-03-29T06:16:12.981000000,False,None,False,True,7546.988,18.0,53.7,1011.6,False,31.0,138,1.5,Japanese Grand Prix
94.831,38,HARD,2,34.717,41.852,18.262,700000100.0,11100000000.0,100000.0,15,12.0,1,False,7745.462,HUL,27,None,None,7685.39,7727.242,7745.504,270.0,324.0,282.0,295.0,True,Audi,7650.631,2026-03-29T06:17:47.999000000,False,None,False,True,7666.984,17.9,55.6,1011.6,False,30.7,88,0.8,Japanese Grand Prix
94.222,39,HARD,2,34.446,41.704,18.072,700111110.0,11000001000.0,0.0,16,12.0,1,True,7839.684,HUL,27,None,None,7779.95,7821.654,7839.726,259.0,320.0,280.0,287.0,True,Audi,7745.462,2026-03-29T06:19:22.830000000,False,None,False,True,7726.986,17.9,55.8,1011.7,False,31.1,119,1.8,Japanese Grand Prix
94.132,40,HARD,2,34.639,41.566,17.927,700011000.0,100001100.0,10010.0,17,12.0,1,True,7933.816,HUL,27,None,None,7874.365,7915.931,7933.858,261.0,320.0,282.0,287.0,True,Audi,7839.684,2026-03-29T06:20:57.052000000,False,None,False,True,7846.99,17.8,55.5,1011.6,False,31.0,167,1.0,Japanese Grand Prix
94.011,41,HARD,2,34.589,41.571,17.851,700010000.0,100.0,10000.0,18,12.0,1,True,8027.827,HUL,27,None,None,7968.447,8010.018,8027.869,262.0,329.0,283.0,292.0,True,Audi,7933.816,2026-03-29T06:22:31.184000000,False,None,False,True,7966.994,17.8,55.7,1011.6,False,30.7,140,0.6,Japanese Grand Prix
94.212,42,HARD,2,34.694,41.708,17.81,701000000.0,100000000.0,0.0,19,12.0,1,False,8122.039,HUL,27,None,None,8062.563,8104.271,8122.081,262.0,331.0,283.0,293.0,True,Audi,8027.827,2026-03-29T06:24:05.195000000,False,None,False,True,8026.998,18.1,55.4,1011.6,False,30.6,153,2.5,Japanese Grand Prix
94.168,43,HARD,2,34.614,41.645,17.909,700000000.0,0.0,1000011.0,20,12.0,1,False,8216.207,HUL,27,None,None,8156.695,8198.34,8216.249,261.0,334.0,286.0,298.0,True,Audi,8122.039,2026-03-29T06:25:39.407000000,False,None,False,True,8146.993,17.9,57.1,1011.7,False,30.4,140,0.9,Japanese Grand Prix
94.426,44,HARD,2,34.621,41.787,18.018,700000000.0,0.0,10.0,21,12.0,1,False,8310.633,HUL,27,None,None,8250.87,8292.657,8310.675,266.0,327.0,283.0,308.0,True,Audi,8216.207,2026-03-29T06:27:13.575000000,False,None,False,True,8207.003,17.9,57.3,1011.7,False,30.5,9,0.5,Japanese Grand Prix
95.678,45,HARD,2,35.015,41.688,18.975,700000000.0,1330000.0,0.0,22,12.0,1,False,8406.311,HUL,27,None,None,8345.69,8387.378,8406.353,265.0,301.0,278.0,280.0,True,Audi,8310.633,2026-03-29T06:28:48.001000000,False,None,False,True,8326.995,18.0,56.5,1011.7,False,30.9,129,1.1,Japanese Grand Prix
96.379,46,HARD,2,36.004,42.339,18.036,700000000.0,0.0,11.0,23,12.0,1,False,8502.69,HUL,27,None,None,8442.357,8484.696,8502.732,266.0,317.0,285.0,289.0,True,Audi,8406.311,2026-03-29T06:30:23.679000000,False,None,False,True,8386.994,18.0,56.6,1011.7,False,29.6,83,2.0,Japanese Grand Prix
93.732,47,HARD,2,33.84,41.717,18.175,701011100.0,0.0,0.0,24,11.0,1,True,8596.422,HUL,27,None,None,8536.572,8578.289,8596.464,262.0,315.0,281.0,281.0,True,Audi,8502.69,2026-03-29T06:32:00.058000000,False,None,False,True,8507.001,17.9,57.4,1011.8,False,30.8,91,0.8,Japanese Grand Prix
94.137,48,HARD,2,34.615,41.62,17.902,700000000.0,1000000000.0,10110.0,25,11.0,1,False,8690.559,HUL,27,None,None,8631.079,8672.699,8690.601,261.0,324.0,282.0,286.0,True,Audi,8596.422,2026-03-29T06:33:33.790000000,False,None,False,True,8627.007,17.9,57.3,1011.8,False,30.2,81,1.3,Japanese Grand Prix
94.171,49,HARD,2,34.68,41.614,17.877,700000000.0,100000000.0,0.0,26,11.0,1,False,8784.73,HUL,27,None,None,8725.281,8766.895,8784.772,262.0,327.0,282.0,288.0,True,Audi,8690.559,2026-03-29T06:35:07.927000000,False,None,False,True,8687.017,17.9,57.8,1011.7,False,30.9,110,0.9,Japanese Grand Prix
94.177,50,HARD,2,34.538,41.7,17.939,700000000.0,100000000.0,10.0,27,11.0,1,False,8878.907,HUL,27,None,None,8819.31,8861.01,8878.949,263.0,327.0,284.0,288.0,True,Audi,8784.73,2026-03-29T06:36:42.098000000,False,None,False,True,8807.046,18.0,57.9,1011.7,False,30.6,128,1.5,Japanese Grand Prix
94.101,51,HARD,2,34.521,41.677,17.903,700000000.0,10000000000.0,0.0,28,11.0,1,False,8973.008,HUL,27,None,None,8913.47,8955.147,8973.05,262.0,327.0,283.0,289.0,True,Audi,8878.907,2026-03-29T06:38:16.275000000,False,None,False,True,8867.045,17.8,59.2,1011.8,False,30.2,113,1.9,Japanese Grand Prix
93.853,52,HARD,2,34.555,41.508,17.79,700001000.0,0.0,110.0,29,11.0,1,False,9066.861,HUL,27,None,None,9007.605,9049.113,9066.903,260.0,329.0,284.0,291.0,True,Audi,8973.008,2026-03-29T06:39:50.376000000,False,None,False,True,8987.049,17.6,59.8,1011.8,False,30.0,107,1.5,Japanese Grand Prix
93.796,53,HARD,2,34.583,41.535,17.678,700000000.0,0.0,10010.0,30,11.0,1,False,9160.657,HUL,27,None,None,9101.486,9143.021,9160.699,261.0,330.0,282.0,296.0,True,Audi,9066.861,2026-03-29T06:41:24.229000000,False,None,False,True,9047.054,17.4,61.3,1011.8,False,29.9,122,1.8,Japanese Grand Prix
102.498,1,MEDIUM,1,,43.518,18.242,11111111.0,11111111111.0,1111111.0,1,12.0,1,False,3927.462,LAW,30,None,None,None,3909.451,3927.606,270.0,334.0,277.0,294.0,True,Racing Bulls,3824.711,2026-03-29T05:14:02.079000000,False,None,False,False,3826.937,18.8,55.5,1011.7,False,36.7,124,2.1,Japanese Grand Prix
97.029,2,MEDIUM,1,35.662,43.287,18.08,111111110.0,11111000011.0,111111.0,2,12.0,1,True,4024.491,LAW,30,None,None,3963.211,4006.498,4024.578,263.0,331.0,280.0,289.0,True,Racing Bulls,3927.462,2026-03-29T05:15:44.830000000,False,None,False,True,3946.939,18.9,54.3,1011.7,False,36.7,143,1.5,Japanese Grand Prix
97.03,3,MEDIUM,1,35.782,43.152,18.096,710000010.0,1001100.0,110000.0,3,12.0,1,False,4121.521,LAW,30,None,None,4060.36,4103.512,4121.608,266.0,329.0,277.0,292.0,True,Racing Bulls,4024.491,2026-03-29T05:17:21.859000000,False,None,False,True,4066.945,18.9,54.5,1011.7,False,36.0,112,2.1,Japanese Grand Prix
96.522,4,MEDIUM,1,35.415,42.828,18.279,1101100.0,10010001000.0,0.0,4,12.0,1,True,4218.043,LAW,30,None,None,4157.023,4199.851,4218.13,266.0,328.0,277.0,290.0,True,Racing Bulls,4121.521,2026-03-29T05:18:58.889000000,False,None,False,True,4126.951,19.0,54.0,1011.8,False,36.5,104,0.4,Japanese Grand Prix
96.38,5,MEDIUM,1,35.306,42.817,18.257,701111100.0,10000001000.0,0.0,5,12.0,1,True,4314.423,LAW,30,None,None,4253.436,4296.253,4314.51,263.0,323.0,276.0,289.0,True,Racing Bulls,4218.043,2026-03-29T05:20:35.411000000,False,None,False,True,4246.946,19.1,53.2,1011.8,False,36.4,128,2.3,Japanese Grand Prix
97.206,6,MEDIUM,1,35.93,43.046,18.23,701000000.0,0.0,100000.0,6,12.0,1,False,4411.629,LAW,30,None,None,4350.44,4393.486,4411.716,262.0,323.0,278.0,289.0,True,Racing Bulls,4314.423,2026-03-29T05:22:11.791000000,False,None,False,True,4306.945,19.2,52.0,1011.8,False,36.0,95,1.4,Japanese Grand Prix
96.572,7,MEDIUM,1,35.518,42.804,18.25,700010000.0,100001000.0,0.0,7,12.0,1,False,4508.201,LAW,30,None,None,4447.234,4490.038,4508.288,262.0,325.0,276.0,288.0,True,Racing Bulls,4411.629,2026-03-29T05:23:48.997000000,False,None,False,True,4426.948,19.1,51.3,1011.8,False,35.7,130,1.3,Japanese Grand Prix
96.432,8,MEDIUM,1,35.432,42.745,18.255,700000000.0,11001001000.0,100000.0,8,12.0,1,False,4604.633,LAW,30,None,None,4543.72,4586.465,4604.72,266.0,323.0,277.0,287.0,True,Racing Bulls,4508.201,2026-03-29T05:25:25.569000000,False,None,False,True,4546.949,19.0,51.7,1011.8,False,35.3,144,2.7,Japanese Grand Prix
96.629,9,MEDIUM,1,35.473,42.876,18.28,701000000.0,10000000.0,0.0,9,12.0,1,False,4701.262,LAW,30,None,None,4640.193,4683.069,4701.349,262.0,322.0,277.0,285.0,True,Racing Bulls,4604.633,2026-03-29T05:27:02.001000000,False,None,False,True,4606.955,19.1,51.2,1011.7,False,34.6,120,2.3,Japanese Grand Prix
96.618,10,MEDIUM,1,35.498,42.823,18.297,700010000.0,10000000000.0,0.0,10,12.0,1,False,4797.88,LAW,30,None,None,4736.847,4779.67,4797.967,265.0,321.0,275.0,285.0,True,Racing Bulls,4701.262,2026-03-29T05:28:38.630000000,False,None,False,True,4726.95,19.0,51.2,1011.8,False,34.6,126,2.0,Japanese Grand Prix
96.55,11,MEDIUM,1,35.683,42.706,18.161,700000000.0,10001001000.0,100010.0,11,12.0,1,False,4894.43,LAW,30,None,None,4833.65,4876.356,4894.517,266.0,322.0,279.0,287.0,True,Racing Bulls,4797.88,2026-03-29T05:30:15.248000000,False,None,False,True,4786.951,19.1,50.7,1011.7,False,34.0,142,1.5,Japanese Grand Prix
97.258,12,MEDIUM,1,35.79,43.118,18.35,700000000.0,0.0,1.0,12,12.0,1,False,4991.688,LAW,30,None,None,4930.307,4973.425,4991.775,262.0,327.0,280.0,290.0,True,Racing Bulls,4894.43,2026-03-29T05:31:51.798000000,False,None,False,True,4906.957,19.1,50.5,1011.9,False,33.7,82,1.3,Japanese Grand Prix
97.049,13,MEDIUM,1,36.312,42.621,18.116,100000000.0,101777777.0,777777.0,13,12.0,1,False,5088.737,LAW,30,None,None,5028.087,5070.708,5088.824,265.0,328.0,280.0,290.0,True,Racing Bulls,4991.688,2026-03-29T05:33:29.056000000,False,None,False,True,5026.956,19.0,50.6,1011.8,False,33.8,151,2.0,Japanese Grand Prix
97.013,14,MEDIUM,1,,42.781,18.278,,77777777000.0,0.0,14,12.0,1,False,5185.75,LAW,30,None,None,None,5167.722,5185.959,265.0,325.0,276.0,288.0,True,Racing Bulls,5088.737,2026-03-29T05:35:06.105000000,False,None,False,False,5086.955,19.0,50.6,1011.8,False,33.6,56,1.2,Japanese Grand Prix
96.726,15,MEDIUM,1,35.735,42.811,18.18,0.0,100000000.0,100000.0,15,12.0,1,False,5282.476,LAW,30,None,None,5221.572,5264.383,5282.563,267.0,322.0,278.0,287.0,True,Racing Bulls,5185.75,2026-03-29T05:36:43.118000000,False,None,False,True,5206.955,18.8,51.4,1011.6,False,33.2,98,1.2,Japanese Grand Prix
96.822,16,MEDIUM,1,35.828,42.818,18.176,700000077.0,77777777777.0,777777.0,16,12.0,1,False,5379.298,LAW,30,None,None,5318.391,5361.209,5379.385,266.0,325.0,288.0,289.0,True,Racing Bulls,5282.476,2026-03-29T05:38:19.844000000,False,None,False,True,5266.957,18.8,50.8,1011.8,False,33.4,44,0.7,Japanese Grand Prix
96.72,17,MEDIUM,1,35.843,42.716,18.161,777777700.0,10000000000.0,1.0,17,12.0,1,False,5476.018,LAW,30,None,None,5415.228,5457.944,5476.105,267.0,326.0,280.0,288.0,True,Racing Bulls,5379.298,2026-03-29T05:39:56.666000000,False,None,False,True,5386.956,18.9,47.8,1011.8,False,32.9,133,2.6,Japanese Grand Prix
96.604,18,MEDIUM,1,35.879,42.537,18.188,700000000.0,11000000.0,0.0,18,11.0,1,False,5572.622,LAW,30,None,None,5511.984,5554.521,5572.709,267.0,328.0,280.0,289.0,True,Racing Bulls,5476.018,2026-03-29T05:41:33.386000000,False,None,False,True,5506.96,18.8,48.7,1011.7,False,32.8,100,1.3,Japanese Grand Prix
96.716,19,MEDIUM,1,35.815,42.626,18.275,100000000.0,1100.0,0.0,19,11.0,1,False,5669.338,LAW,30,None,None,5608.524,5651.15,5669.425,265.0,320.0,277.0,285.0,True,Racing Bulls,5572.622,2026-03-29T05:43:09.990000000,False,None,False,True,5566.954,18.8,48.5,1011.7,False,32.2,24,1.7,Japanese Grand Prix
96.442,20,MEDIUM,1,35.66,42.435,18.347,0.0,1100001100.0,0.0,20,9.0,1,False,5765.78,LAW,30,None,None,5705.085,5747.52,5765.867,265.0,317.0,278.0,280.0,True,Racing Bulls,5669.338,2026-03-29T05:44:46.706000000,False,None,False,True,5686.962,18.7,49.2,1011.7,False,32.7,131,2.2,Japanese Grand Prix
96.18,21,MEDIUM,1,35.509,42.408,18.263,700001000.0,1100000000.0,0.0,21,9.0,12,True,5861.96,LAW,30,None,None,5801.376,5843.784,5862.047,265.0,317.0,277.0,280.0,True,Racing Bulls,5765.78,2026-03-29T05:46:23.148000000,False,None,False,True,5806.966,18.6,49.9,1011.7,False,32.6,116,0.9,Japanese Grand Prix
126.314,22,MEDIUM,1,41.836,58.157,26.321,700000000.0,0.0,555.0,22,10.0,24,False,5988.274,LAW,30,None,5986.87,5903.883,5962.04,5988.361,230.0,243.0,None,224.0,True,Racing Bulls,5861.96,2026-03-29T05:47:59.328000000,False,None,False,False,5866.963,18.6,50.4,1011.6,False,32.9,163,0.7,Japanese Grand Prix
144.976,23,HARD,2,63.403,59.478,22.095,550000000.0,0.0,0.0,1,10.0,4,False,6133.25,LAW,30,6011.137,None,6051.764,6111.242,6133.337,249.0,252.0,225.0,253.0,True,Racing Bulls,5988.274,2026-03-29T05:50:05.642000000,False,None,False,False,5986.965,18.5,51.5,1011.7,False,32.7,107,0.4,Japanese Grand Prix
125.496,24,HARD,2,38.812,60.958,25.726,0.0,0.0,0.0,2,9.0,4,False,6258.746,LAW,30,None,None,6172.149,6233.107,6258.833,247.0,294.0,220.0,230.0,True,Racing Bulls,6133.25,2026-03-29T05:52:30.618000000,False,None,False,False,6166.968,18.5,51.1,1011.7,False,32.9,121,1.3,Japanese Grand Prix
150.233,25,HARD,2,49.682,72.857,27.694,700000000.0,0.0,0.0,3,9.0,4,False,6408.954,LAW,30,None,None,6308.665,6381.422,6409.367,138.0,274.0,192.0,129.0,True,Racing Bulls,6258.746,2026-03-29T05:54:36.114000000,False,None,False,False,6286.968,18.5,51.8,1011.7,False,32.8,120,1.5,Japanese Grand Prix
147.096,26,HARD,2,53.98,64.82,28.296,700000000.0,0.0,0.0,4,9.0,4,False,6556.05,LAW,30,None,None,6463.021,6527.841,6556.137,134.0,237.0,189.0,189.0,True,Racing Bulls,6408.954,2026-03-29T05:57:06.322000000,False,None,False,False,6406.972,18.5,50.7,1011.7,False,32.3,106,2.0,Japanese Grand Prix
138.047,27,HARD,2,47.777,62.67,27.6,700100000.0,0.0,0.0,5,9.0,41,False,6694.097,LAW,30,None,None,6603.914,6666.584,6694.184,220.0,146.0,279.0,139.0,True,Racing Bulls,6556.05,2026-03-29T05:59:33.418000000,False,None,False,False,6586.973,18.3,50.5,1011.7,False,32.2,136,2.5,Japanese Grand Prix
96.376,28,HARD,2,35.951,42.587,17.838,110000000.0,100000110.0,1111.0,6,9.0,1,False,6790.473,LAW,30,None,None,6730.135,6772.722,6790.56,267.0,332.0,283.0,293.0,True,Racing Bulls,6694.097,2026-03-29T06:01:51.465000000,False,None,False,True,6706.975,18.3,47.7,1011.7,False,32.3,122,2.3,Japanese Grand Prix
94.925,29,HARD,2,34.933,42.068,17.924,110.0,1101000010.0,100.0,7,9.0,1,True,6885.398,LAW,30,None,None,6825.493,6867.561,6885.485,269.0,327.0,284.0,288.0,True,Racing Bulls,6790.473,2026-03-29T06:03:27.841000000,False,None,False,True,6826.974,18.4,48.2,1011.7,False,32.4,132,2.6,Japanese Grand Prix
94.86,30,HARD,2,34.844,42.041,17.975,701111000.0,10011001100.0,1100.0,8,9.0,1,True,6980.258,LAW,30,None,None,6920.329,6962.37,6980.345,268.0,325.0,281.0,287.0,True,Racing Bulls,6885.398,2026-03-29T06:05:02.766000000,False,None,False,True,6886.976,18.4,47.6,1011.7,False,32.1,135,0.8,Japanese Grand Prix
94.716,31,HARD,2,34.75,41.936,18.03,701111010.0,11101000100.0,10.0,9,9.0,1,True,7074.974,LAW,30,None,None,7015.095,7057.031,7075.061,267.0,322.0,281.0,286.0,True,Racing Bulls,6980.258,2026-03-29T06:06:37.626000000,False,None,False,True,7006.979,18.4,49.7,1011.7,False,32.0,129,1.9,Japanese Grand Prix
94.647,32,HARD,2,34.705,41.903,18.039,700101001.0,10100000100.0,0.0,10,9.0,1,True,7169.621,LAW,30,None,None,7109.766,7151.669,7169.708,271.0,323.0,281.0,285.0,True,Racing Bulls,7074.974,2026-03-29T06:08:12.342000000,False,None,False,True,7126.981,18.5,50.7,1011.6,False,32.0,133,2.0,Japanese Grand Prix
94.773,33,HARD,2,34.796,41.974,18.003,700000100.0,0.0,0.0,11,9.0,1,False,7264.394,LAW,30,None,None,7204.504,7246.478,7264.481,267.0,325.0,281.0,287.0,True,Racing Bulls,7169.621,2026-03-29T06:09:46.989000000,False,None,False,True,7186.981,18.5,50.0,1011.7,False,31.5,140,1.1,Japanese Grand Prix
94.85,34,HARD,2,34.755,42.038,18.057,700010000.0,1000.0,111.0,12,9.0,1,False,7359.244,LAW,30,None,None,7299.236,7341.274,7359.331,268.0,321.0,280.0,284.0,True,Racing Bulls,7264.394,2026-03-29T06:11:21.762000000,False,None,False,True,7306.992,18.5,51.0,1011.6,False,31.4,113,1.2,Japanese Grand Prix
94.999,35,HARD,2,34.732,41.99,18.277,700001777.0,77777777777.0,7777777.0,13,9.0,1,False,7454.243,LAW,30,None,None,7394.063,7436.053,7454.33,268.0,319.0,281.0,283.0,True,Racing Bulls,7359.244,2026-03-29T06:12:56.612000000,False,None,False,True,7366.98,18.3,51.1,1011.6,False,31.4,154,2.4,Japanese Grand Prix
94.581,36,HARD,2,34.706,41.784,18.091,777777010.0,111001100.0,0.0,14,9.0,1,True,7548.824,LAW,30,None,None,7489.036,7530.82,7548.911,270.0,320.0,281.0,282.0,True,Racing Bulls,7454.243,2026-03-29T06:14:31.611000000,False,None,False,True,7486.983,18.1,52.4,1011.7,False,31.1,170,0.8,Japanese Grand Prix
94.938,37,HARD,2,34.715,41.969,18.254,700000000.0,10000000000.0,0.0,15,9.0,1,False,7643.762,LAW,30,None,None,7583.626,7625.595,7643.849,270.0,321.0,283.0,283.0,True,Racing Bulls,7548.824,2026-03-29T06:16:06.192000000,False,None,False,True,7546.988,18.0,53.7,1011.6,False,31.0,138,1.5,Japanese Grand Prix
94.436,38,HARD,2,34.593,41.826,18.017,700001000.0,10001001000.0,0.0,16,9.0,1,True,7738.198,LAW,30,None,None,7678.442,7720.268,7738.285,270.0,320.0,281.0,283.0,True,Racing Bulls,7643.762,2026-03-29T06:17:41.130000000,False,None,False,True,7666.984,17.9,55.6,1011.6,False,30.7,88,0.8,Japanese Grand Prix
94.526,39,HARD,2,34.592,41.87,18.064,700101000.0,1000000000.0,0.0,17,9.0,1,False,7832.724,LAW,30,None,None,7772.877,7814.747,7832.811,270.0,319.0,281.0,283.0,True,Racing Bulls,7738.198,2026-03-29T06:19:15.566000000,False,None,False,True,7726.986,17.9,55.8,1011.7,False,31.1,119,1.8,Japanese Grand Prix
94.879,40,HARD,2,34.759,41.921,18.199,700000000.0,1000000000.0,0.0,18,9.0,1,False,7927.603,LAW,30,None,None,7867.57,7909.491,7927.69,270.0,320.0,281.0,282.0,True,Racing Bulls,7832.724,2026-03-29T06:20:50.092000000,False,None,False,True,7846.99,17.8,55.5,1011.6,False,31.0,167,1.0,Japanese Grand Prix
94.796,41,HARD,2,34.761,41.874,18.161,700000000.0,0.0,0.0,19,9.0,1,False,8022.399,LAW,30,None,None,7962.451,8004.325,8022.486,270.0,321.0,280.0,283.0,True,Racing Bulls,7927.603,2026-03-29T06:22:24.971000000,False,None,False,True,7966.994,17.8,55.7,1011.6,False,30.7,140,0.6,Japanese Grand Prix
94.926,42,HARD,2,34.833,41.941,18.152,701000000.0,0.0,0.0,20,9.0,1,False,8117.325,LAW,30,None,None,8057.319,8099.26,8117.412,269.0,319.0,283.0,281.0,True,Racing Bulls,8022.399,2026-03-29T06:23:59.767000000,False,None,False,True,8026.998,18.1,55.4,1011.6,False,30.6,153,2.5,Japanese Grand Prix
94.87,43,HARD,2,34.826,41.847,18.197,700000000.0,1000000.0,0.0,21,9.0,1,False,8212.195,LAW,30,None,None,8152.238,8194.085,8212.282,270.0,320.0,282.0,281.0,True,Racing Bulls,8117.325,2026-03-29T06:25:34.693000000,False,None,False,True,8146.993,17.9,57.1,1011.7,False,30.4,140,0.9,Japanese Grand Prix
94.882,44,HARD,2,34.966,41.779,18.137,700000000.0,1000.0,0.0,22,9.0,1,False,8307.077,LAW,30,None,None,8247.248,8289.027,8307.164,270.0,319.0,281.0,282.0,True,Racing Bulls,8212.195,2026-03-29T06:27:09.563000000,False,None,False,True,8207.003,17.9,57.3,1011.7,False,30.5,9,0.5,Japanese Grand Prix
94.794,45,HARD,2,34.847,41.817,18.13,700000777.0,77777777777.0,777777.0,23,9.0,1,False,8401.871,LAW,30,None,None,8342.011,8383.828,8401.958,270.0,318.0,291.0,280.0,True,Racing Bulls,8307.077,2026-03-29T06:28:44.445000000,False,None,False,True,8326.995,18.0,56.5,1011.7,False,30.9,129,1.1,Japanese Grand Prix
94.827,46,HARD,2,34.835,41.832,18.16,777777001.0,0.0,0.0,24,9.0,1,False,8496.698,LAW,30,None,None,8436.793,8478.625,8496.785,271.0,319.0,281.0,281.0,True,Racing Bulls,8401.871,2026-03-29T06:30:19.239000000,False,None,False,True,8386.994,18.0,56.6,1011.7,False,29.6,83,2.0,Japanese Grand Prix
94.955,47,HARD,2,34.978,41.895,18.082,700000000.0,100.0,11.0,25,9.0,1,False,8591.653,LAW,30,None,None,8531.763,8573.658,8591.74,269.0,319.0,282.0,281.0,True,Racing Bulls,8496.698,2026-03-29T06:31:54.066000000,False,None,False,True,8507.001,17.9,57.4,1011.8,False,30.8,91,0.8,Japanese Grand Prix
94.668,48,HARD,2,34.762,41.778,18.128,700000000.0,100.0,0.0,26,9.0,1,False,8686.321,LAW,30,None,None,8626.502,8668.28,8686.408,269.0,319.0,281.0,281.0,True,Racing Bulls,8591.653,2026-03-29T06:33:29.021000000,False,None,False,True,8627.007,17.9,57.3,1011.8,False,30.2,81,1.3,Japanese Grand Prix
94.701,49,HARD,2,34.886,41.726,18.089,700000000.0,101000000.0,0.0,27,9.0,1,False,8781.022,LAW,30,None,None,8721.294,8763.02,8781.109,271.0,319.0,283.0,281.0,True,Racing Bulls,8686.321,2026-03-29T06:35:03.689000000,False,None,False,True,8687.017,17.9,57.8,1011.7,False,30.9,110,0.9,Japanese Grand Prix
94.634,50,HARD,2,34.864,41.727,18.043,700000000.0,1001000000.0,111.0,28,9.0,1,False,8875.656,LAW,30,None,None,8815.973,8857.7,8875.743,271.0,318.0,283.0,281.0,True,Racing Bulls,8781.022,2026-03-29T06:36:38.390000000,False,None,False,True,8807.046,18.0,57.9,1011.7,False,30.6,128,1.5,Japanese Grand Prix
94.341,51,HARD,2,34.717,41.585,18.039,700000011.0,10000000000.0,1000.0,29,9.0,1,True,8969.997,LAW,30,None,None,8910.46,8952.045,8970.084,272.0,320.0,282.0,281.0,True,Racing Bulls,8875.656,2026-03-29T06:38:13.024000000,False,None,False,True,8867.045,17.8,59.2,1011.8,False,30.2,113,1.9,Japanese Grand Prix
94.295,52,HARD,2,34.761,41.545,17.989,700000001.0,11001000110.0,11.0,30,9.0,1,True,9064.292,LAW,30,None,None,9004.845,9046.39,9064.379,273.0,320.0,284.0,282.0,True,Racing Bulls,8969.997,2026-03-29T06:39:47.365000000,False,None,False,True,8987.049,17.6,59.8,1011.8,False,30.0,107,1.5,Japanese Grand Prix
94.23,53,HARD,2,34.632,41.733,17.865,700000000.0,0.0,100010.0,31,9.0,1,True,9158.522,LAW,30,None,None,9099.011,9140.744,9158.609,271.0,326.0,283.0,289.0,True,Racing Bulls,9064.292,2026-03-29T06:41:21.660000000,False,None,False,True,9047.054,17.4,61.3,1011.8,False,29.9,122,1.8,Japanese Grand Prix
96.36,1,MEDIUM,1,,41.648,18.305,11111111.0,13111113111.0,1111111.0,1,2.0,1,False,3921.324,LEC,16,None,None,None,3903.103,3921.563,267.0,320.0,265.0,283.0,True,Ferrari,3824.711,2026-03-29T05:14:02.079000000,False,None,False,False,3826.937,18.8,55.5,1011.7,False,36.7,124,2.1,Japanese Grand Prix
95.126,2,MEDIUM,1,34.987,42.055,18.084,111311100.0,101003011.0,1111000.0,2,2.0,1,True,4016.45,LEC,16,None,None,3956.348,3998.403,4016.487,258.0,325.0,261.0,285.0,True,Ferrari,3921.324,2026-03-29T05:15:38.692000000,False,None,False,True,3946.939,18.9,54.3,1011.7,False,36.7,143,1.5,Japanese Grand Prix
95.105,3,MEDIUM,1,35.159,41.807,18.139,300000.0,10001100.0,10000.0,3,2.0,1,True,4111.555,LEC,16,None,None,4051.646,4093.453,4111.592,260.0,319.0,263.0,282.0,True,Ferrari,4016.45,2026-03-29T05:17:13.818000000,False,None,False,True,4066.945,18.9,54.5,1011.7,False,36.0,112,2.1,Japanese Grand Prix
96.431,4,MEDIUM,1,35.751,42.366,18.314,700000000.0,10000000000.0,11.0,4,3.0,1,False,4207.986,LEC,16,None,None,4147.343,4189.709,4208.023,258.0,317.0,274.0,283.0,True,Ferrari,4111.555,2026-03-29T05:18:48.923000000,False,None,False,True,4126.951,19.0,54.0,1011.8,False,36.5,104,0.4,Japanese Grand Prix
95.209,5,MEDIUM,1,34.819,42.188,18.202,111000000.0,100000000.0,10.0,5,3.0,1,False,4303.195,LEC,16,None,None,4242.842,4285.03,4303.232,257.0,319.0,274.0,284.0,True,Ferrari,4207.986,2026-03-29T05:20:25.354000000,False,None,False,True,4246.946,19.1,53.2,1011.8,False,36.4,128,2.3,Japanese Grand Prix
95.287,6,MEDIUM,1,34.924,42.114,18.249,1000000.0,1000.0,11.0,6,3.0,1,False,4398.482,LEC,16,None,None,4338.156,4380.27,4398.519,258.0,315.0,277.0,282.0,True,Ferrari,4303.195,2026-03-29T05:22:00.563000000,False,None,False,True,4306.945,19.2,52.0,1011.8,False,36.0,95,1.4,Japanese Grand Prix
94.955,7,MEDIUM,1,34.58,42.098,18.277,113000000.0,10000001000.0,0.0,7,3.0,1,True,4493.437,LEC,16,None,None,4433.099,4475.197,4493.474,253.0,311.0,276.0,279.0,True,Ferrari,4398.482,2026-03-29T05:23:35.850000000,False,None,False,True,4426.948,19.1,51.3,1011.8,False,35.7,130,1.3,Japanese Grand Prix
95.458,8,MEDIUM,1,34.685,42.49,18.283,11000.0,0.0,100.0,8,3.0,1,False,4588.895,LEC,16,None,None,4528.159,4570.649,4588.932,254.0,310.0,273.0,278.0,True,Ferrari,4493.437,2026-03-29T05:25:10.805000000,False,None,False,True,4546.949,19.0,51.7,1011.8,False,35.3,144,2.7,Japanese Grand Prix
95.623,9,MEDIUM,1,34.94,42.173,18.51,700000000.0,100000000.0,0.0,9,3.0,1,False,4684.518,LEC,16,None,None,4623.872,4666.045,4684.555,255.0,304.0,276.0,276.0,True,Ferrari,4588.895,2026-03-29T05:26:46.263000000,False,None,False,True,4606.955,19.1,51.2,1011.7,False,34.6,120,2.3,Japanese Grand Prix
95.146,10,MEDIUM,1,34.721,42.21,18.215,713000000.0,0.0,10.0,10,3.0,1,False,4779.664,LEC,16,None,None,4719.276,4761.486,4779.701,253.0,319.0,277.0,283.0,True,Ferrari,4684.518,2026-03-29T05:28:21.886000000,False,None,False,True,4726.95,19.0,51.2,1011.8,False,34.6,126,2.0,Japanese Grand Prix
95.145,11,MEDIUM,1,34.888,42.046,18.211,700000000.0,10000000000.0,10.0,11,3.0,1,False,4874.809,LEC,16,None,None,4814.589,4856.635,4874.846,261.0,313.0,276.0,280.0,True,Ferrari,4779.664,2026-03-29T05:29:57.032000000,False,None,False,True,4786.951,19.1,50.7,1011.7,False,34.0,142,1.5,Japanese Grand Prix
95.201,12,MEDIUM,1,34.963,41.973,18.265,700000000.0,1000000000.0,0.0,12,3.0,1,False,4970.01,LEC,16,None,None,4909.809,4951.782,4970.047,262.0,316.0,276.0,281.0,True,Ferrari,4874.809,2026-03-29T05:31:32.177000000,False,None,False,True,4906.957,19.1,50.5,1011.9,False,33.7,82,1.3,Japanese Grand Prix
95.408,13,MEDIUM,1,35.037,42.103,18.268,700000000.0,0.0,0.0,13,3.0,1,False,5065.418,LEC,16,None,None,5005.084,5047.187,5065.455,261.0,316.0,277.0,281.0,True,Ferrari,4970.01,2026-03-29T05:33:07.378000000,False,None,False,True,5026.956,19.0,50.6,1011.8,False,33.8,151,2.0,Japanese Grand Prix
95.305,14,MEDIUM,1,34.916,42.184,18.205,100000000.0,1000000000.0,10.0,14,3.0,1,False,5160.723,LEC,16,None,None,5100.371,5142.555,5160.76,255.0,313.0,277.0,279.0,True,Ferrari,5065.418,2026-03-29T05:34:42.786000000,False,None,False,True,5086.955,19.0,50.6,1011.8,False,33.6,56,1.2,Japanese Grand Prix
95.903,15,MEDIUM,1,34.939,42.157,18.807,0.0,1000.0,11.0,15,4.0,1,False,5256.626,LEC,16,None,None,5195.699,5237.856,5256.663,252.0,311.0,279.0,277.0,True,Ferrari,5160.723,2026-03-29T05:36:18.091000000,False,None,False,True,5206.955,18.8,51.4,1011.6,False,33.2,98,1.2,Japanese Grand Prix
95.307,16,MEDIUM,1,35.102,41.942,18.263,700000000.0,100000000.0,1000000.0,16,3.0,1,False,5351.933,LEC,16,None,None,5291.765,5333.707,5351.97,262.0,326.0,277.0,281.0,True,Ferrari,5256.626,2026-03-29T05:37:53.994000000,False,None,False,True,5266.957,18.8,50.8,1011.8,False,33.4,44,0.7,Japanese Grand Prix
97.448,17,MEDIUM,1,34.98,41.989,20.479,700000000.0,0.0,100555.0,17,5.0,1,False,5449.381,LEC,16,None,5448.1,5386.95,5428.939,5449.418,262.0,314.0,None,288.0,True,Ferrari,5351.933,2026-03-29T05:39:29.301000000,False,None,False,False,5386.956,18.9,47.8,1011.8,False,32.9,133,2.6,Japanese Grand Prix
114.337,18,HARD,2,54.283,41.849,18.205,550000100.0,3000001100.0,110.0,1,7.0,1,False,5563.718,LEC,16,5471.082,None,5503.701,5545.55,5563.755,255.0,310.0,275.0,276.0,True,Ferrari,5449.381,2026-03-29T05:41:06.749000000,False,None,False,False,5506.96,18.8,48.7,1011.7,False,32.8,100,1.3,Japanese Grand Prix
94.426,19,HARD,2,34.787,41.516,18.123,310000.0,13001000110.0,10000.0,2,7.0,1,True,5658.144,LEC,16,None,None,5598.542,5640.058,5658.181,260.0,316.0,277.0,280.0,True,Ferrari,5563.718,2026-03-29T05:43:01.086000000,False,None,False,True,5566.954,18.8,48.5,1011.7,False,32.2,24,1.7,Japanese Grand Prix
94.266,20,HARD,2,34.695,41.458,18.113,700000000.0,1001010.0,1110.0,3,7.0,1,True,5752.41,LEC,16,None,None,5692.876,5734.334,5752.447,260.0,316.0,279.0,281.0,True,Ferrari,5658.144,2026-03-29T05:44:35.512000000,False,None,False,True,5686.962,18.7,49.2,1011.7,False,32.7,131,2.2,Japanese Grand Prix
94.132,21,HARD,2,34.478,41.616,18.038,700003000.0,0.0,100.0,4,7.0,1,True,5846.542,LEC,16,None,None,5786.925,5828.541,5846.579,260.0,318.0,279.0,284.0,True,Ferrari,5752.41,2026-03-29T05:46:09.778000000,False,None,False,True,5806.966,18.6,49.9,1011.7,False,32.6,116,0.9,Japanese Grand Prix
120.306,22,HARD,2,38.643,57.297,24.366,700000000.0,0.0,0.0,5,7.0,124,False,5966.848,LEC,16,None,None,5885.222,5942.519,5966.885,159.0,258.0,200.0,253.0,True,Ferrari,5846.542,2026-03-29T05:47:43.910000000,False,None,False,False,5866.963,18.6,50.4,1011.6,False,32.9,163,0.7,Japanese Grand Prix
138.074,23,HARD,2,45.154,62.826,30.094,700000000.0,0.0,0.0,6,5.0,4,False,6104.922,LEC,16,None,None,6012.039,6074.865,6104.959,196.0,164.0,235.0,234.0,True,Ferrari,5966.848,2026-03-29T05:49:44.216000000,False,None,False,False,5986.965,18.5,51.5,1011.7,False,32.7,107,0.4,Japanese Grand Prix
147.1,24,HARD,2,51.07,70.688,25.342,700000000.0,0.0,0.0,7,5.0,4,False,6252.022,LEC,16,None,None,6156.029,6226.717,6252.059,205.0,128.0,234.0,234.0,True,Ferrari,6104.922,2026-03-29T05:52:02.290000000,False,None,False,False,6166.968,18.5,51.1,1011.7,False,32.9,121,1.3,Japanese Grand Prix
151.474,25,HARD,2,52.556,71.423,27.495,700000000.0,0.0,0.0,8,5.0,4,False,6403.472,LEC,16,None,None,6304.744,6376.106,6403.687,126.0,230.0,219.0,202.0,True,Ferrari,6252.022,2026-03-29T05:54:29.390000000,False,None,False,False,6286.968,18.5,51.8,1011.7,False,32.8,120,1.5,Japanese Grand Prix
146.662,26,HARD,2,54.354,63.009,29.299,700000000.0,0.0,0.0,9,5.0,4,False,6550.134,LEC,16,None,None,6457.863,6520.872,6550.171,156.0,183.0,233.0,120.0,True,Ferrari,6403.472,2026-03-29T05:57:00.840000000,False,None,False,False,6406.972,18.5,50.7,1011.7,False,32.3,106,2.0,Japanese Grand Prix
142.148,27,HARD,2,48.459,65.398,28.291,700000000.0,0.0,1.0,10,5.0,41,False,6692.282,LEC,16,None,None,6598.63,6664.028,6692.319,213.0,131.0,281.0,121.0,True,Ferrari,6550.134,2026-03-29T05:59:27.502000000,False,None,False,False,6586.973,18.3,50.5,1011.7,False,32.2,136,2.5,Japanese Grand Prix
95.287,28,HARD,2,35.331,41.904,18.052,100000000.0,1000010.0,101.0,11,5.0,1,False,6787.569,LEC,16,None,None,6727.65,6769.554,6787.606,265.0,318.0,283.0,286.0,True,Ferrari,6692.282,2026-03-29T06:01:49.650000000,False,None,False,True,6706.975,18.3,47.7,1011.7,False,32.3,122,2.3,Japanese Grand Prix
93.666,29,HARD,2,34.302,41.486,17.878,710000000.0,100000001.0,1000110.0,12,5.0,1,True,6881.235,LEC,16,None,None,6821.908,6863.394,6881.272,260.0,331.0,281.0,291.0,True,Ferrari,6787.569,2026-03-29T06:03:24.937000000,False,None,False,True,6826.974,18.4,48.2,1011.7,False,32.4,132,2.6,Japanese Grand Prix
93.696,30,HARD,2,34.331,41.368,17.997,0.0,30000000010.0,1.0,13,5.0,1,False,6974.931,LEC,16,None,None,6915.603,6956.971,6974.968,262.0,329.0,283.0,290.0,True,Ferrari,6881.235,2026-03-29T06:04:58.603000000,False,None,False,True,6886.976,18.4,47.6,1011.7,False,32.1,135,0.8,Japanese Grand Prix
93.915,31,HARD,2,34.399,41.644,17.872,110000000.0,100000000.0,0.0,14,5.0,1,False,7068.846,LEC,16,None,None,7009.367,7051.011,7068.883,259.0,327.0,282.0,289.0,True,Ferrari,6974.931,2026-03-29T06:06:32.299000000,False,None,False,True,7006.979,18.4,49.7,1011.7,False,32.0,129,1.9,Japanese Grand Prix
93.494,32,HARD,2,34.121,41.499,17.874,1000000.0,0.0,10000.0,15,5.0,1,True,7162.34,LEC,16,None,None,7103.004,7144.503,7162.377,262.0,328.0,280.0,289.0,True,Ferrari,7068.846,2026-03-29T06:08:06.214000000,False,None,False,True,7126.981,18.5,50.7,1011.6,False,32.0,133,2.0,Japanese Grand Prix
93.444,33,HARD,2,34.154,41.412,17.878,700000000.0,1.0,1000000.0,16,5.0,1,True,7255.784,LEC,16,None,None,7196.531,7237.943,7255.821,266.0,334.0,283.0,293.0,True,Ferrari,7162.34,2026-03-29T06:09:39.708000000,False,None,False,True,7186.981,18.5,50.0,1011.7,False,31.5,140,1.1,Japanese Grand Prix
93.508,34,HARD,2,34.361,41.287,17.86,700000000.0,111.0,1000000.0,17,5.0,1,False,7349.292,LEC,16,None,None,7290.182,7331.469,7349.329,261.0,336.0,280.0,293.0,True,Ferrari,7255.784,2026-03-29T06:11:13.152000000,False,None,False,True,7306.992,18.5,51.0,1011.6,False,31.4,113,1.2,Japanese Grand Prix
93.252,35,HARD,2,34.17,41.246,17.836,700011000.0,1.0,1000000.0,18,5.0,1,True,7442.544,LEC,16,None,None,7383.499,7424.745,7442.581,263.0,337.0,281.0,296.0,True,Ferrari,7349.292,2026-03-29T06:12:46.660000000,False,None,False,True,7366.98,18.3,51.1,1011.6,False,31.4,154,2.4,Japanese Grand Prix
93.663,36,HARD,2,34.397,41.35,17.916,700000000.0,100000001.0,0.0,19,5.0,1,False,7536.207,LEC,16,None,None,7476.978,7518.328,7536.244,262.0,337.0,281.0,294.0,True,Ferrari,7442.544,2026-03-29T06:14:19.912000000,False,None,False,True,7486.983,18.1,52.4,1011.7,False,31.1,170,0.8,Japanese Grand Prix
93.744,37,HARD,2,34.335,41.364,18.045,700000000.0,0.0,0.0,20,4.0,1,False,7629.951,LEC,16,None,None,7570.579,7611.943,7629.988,262.0,334.0,280.0,290.0,True,Ferrari,7536.207,2026-03-29T06:15:53.575000000,False,None,False,True,7546.988,18.0,53.7,1011.6,False,31.0,138,1.5,Japanese Grand Prix
93.128,38,HARD,2,34.033,41.13,17.965,701000000.0,100001100.0,0.0,21,4.0,1,True,7723.079,LEC,16,None,None,7664.021,7705.151,7723.116,262.0,332.0,281.0,292.0,True,Ferrari,7629.951,2026-03-29T06:17:27.319000000,False,None,False,True,7666.984,17.9,55.6,1011.6,False,30.7,88,0.8,Japanese Grand Prix
93.457,39,HARD,2,34.273,41.215,17.969,700001000.0,0.0,11.0,22,4.0,1,False,7816.536,LEC,16,None,None,7757.389,7798.604,7816.573,263.0,330.0,285.0,291.0,True,Ferrari,7723.079,2026-03-29T06:19:00.447000000,False,None,False,True,7726.986,17.9,55.8,1011.7,False,31.1,119,1.8,Japanese Grand Prix
93.705,40,HARD,2,34.127,41.414,18.164,110000000.0,10.0,10.0,23,4.0,1,False,7910.241,LEC,16,None,None,7850.7,7892.114,7910.278,264.0,333.0,283.0,295.0,True,Ferrari,7816.536,2026-03-29T06:20:33.904000000,False,None,False,True,7846.99,17.8,55.5,1011.6,False,31.0,167,1.0,Japanese Grand Prix
94.154,41,HARD,2,34.659,41.387,18.108,10000000.0,1.0,1000011.0,24,4.0,1,False,8004.395,LEC,16,None,None,7944.937,7986.324,8004.432,259.0,337.0,284.0,298.0,True,Ferrari,7910.241,2026-03-29T06:22:07.609000000,False,None,False,True,7966.994,17.8,55.7,1011.6,False,30.7,140,0.6,Japanese Grand Prix
93.418,42,HARD,2,34.046,41.392,17.98,701000000.0,1000000000.0,0.0,25,3.0,1,False,8097.813,LEC,16,None,None,8038.478,8079.87,8097.85,262.0,319.0,283.0,283.0,True,Ferrari,8004.395,2026-03-29T06:23:41.763000000,False,None,False,True,8026.998,18.1,55.4,1011.6,False,30.6,153,2.5,Japanese Grand Prix
93.205,43,HARD,2,34.035,41.101,18.069,700001000.0,1000.0,0.0,26,3.0,1,False,8191.018,LEC,16,None,None,8131.885,8172.986,8191.055,262.0,317.0,282.0,281.0,True,Ferrari,8097.813,2026-03-29T06:25:15.181000000,False,None,False,True,8146.993,17.9,57.1,1011.7,False,30.4,140,0.9,Japanese Grand Prix
93.304,44,HARD,2,34.186,41.07,18.048,700013000.0,30010001000.0,0.0,27,3.0,1,False,8284.322,LEC,16,None,None,8225.241,8266.311,8284.359,263.0,317.0,282.0,282.0,True,Ferrari,8191.018,2026-03-29T06:26:48.386000000,False,None,False,True,8207.003,17.9,57.3,1011.7,False,30.5,9,0.5,Japanese Grand Prix
93.607,45,HARD,2,34.179,41.274,18.154,700000010.0,1100.0,0.0,28,3.0,1,False,8377.929,LEC,16,None,None,8318.538,8359.812,8377.966,264.0,309.0,282.0,280.0,True,Ferrari,8284.322,2026-03-29T06:28:21.690000000,False,None,False,True,8326.995,18.0,56.5,1011.7,False,30.9,129,1.1,Japanese Grand Prix
93.16,46,HARD,2,33.994,41.12,18.046,701000000.0,0.0,10000.0,29,3.0,1,False,8471.089,LEC,16,None,None,8411.96,8453.08,8471.126,262.0,314.0,282.0,281.0,True,Ferrari,8377.929,2026-03-29T06:29:55.297000000,False,None,False,True,8386.994,18.0,56.6,1011.7,False,29.6,83,2.0,Japanese Grand Prix
93.122,47,HARD,2,33.936,41.208,17.978,700010000.0,1000000000.0,0.0,30,3.0,1,True,8564.211,LEC,16,None,None,8505.062,8546.27,8564.248,260.0,315.0,284.0,283.0,True,Ferrari,8471.089,2026-03-29T06:31:28.457000000,False,None,False,True,8507.001,17.9,57.4,1011.8,False,30.8,91,0.8,Japanese Grand Prix
93.011,48,HARD,2,33.676,41.14,18.195,701000101.0,1000.0,0.0,31,3.0,1,True,8657.222,LEC,16,None,None,8597.924,8639.064,8657.259,267.0,320.0,280.0,286.0,True,Ferrari,8564.211,2026-03-29T06:33:01.579000000,False,None,False,True,8627.007,17.9,57.3,1011.8,False,30.2,81,1.3,Japanese Grand Prix
93.486,49,HARD,2,34.157,41.291,18.038,700000000.0,0.0,0.0,32,3.0,1,False,8750.708,LEC,16,None,None,8691.416,8732.707,8750.745,260.0,315.0,284.0,282.0,True,Ferrari,8657.222,2026-03-29T06:34:34.590000000,False,None,False,True,8687.017,17.9,57.8,1011.7,False,30.9,110,0.9,Japanese Grand Prix
94.173,50,HARD,2,34.173,41.289,18.711,700000000.0,100.0,111.0,33,4.0,1,False,8844.881,LEC,16,None,None,8784.918,8826.207,8844.918,261.0,315.0,286.0,282.0,True,Ferrari,8750.708,2026-03-29T06:36:08.076000000,False,None,False,True,8807.046,18.0,57.9,1011.7,False,30.6,128,1.5,Japanese Grand Prix
92.897,51,HARD,2,33.813,41.284,17.8,111000000.0,3000000.0,1100.0,34,3.0,1,True,8937.778,LEC,16,None,None,8878.731,8920.015,8937.815,261.0,331.0,284.0,291.0,True,Ferrari,8844.881,2026-03-29T06:37:42.249000000,False,None,False,True,8867.045,17.8,59.2,1011.8,False,30.2,113,1.9,Japanese Grand Prix
93.201,52,HARD,2,34.047,41.137,18.017,10001.0,30000000100.0,100.0,35,3.0,1,False,9030.979,LEC,16,None,None,8971.862,9012.999,9031.016,270.0,314.0,285.0,280.0,True,Ferrari,8937.778,2026-03-29T06:39:15.146000000,False,None,False,True,8987.049,17.6,59.8,1011.8,False,30.0,107,1.5,Japanese Grand Prix
92.634,53,HARD,2,33.905,40.919,17.81,700000000.0,1000000000.0,100010.0,36,3.0,1,True,9123.613,LEC,16,None,None,9064.921,9105.84,9123.65,266.0,325.0,279.0,289.0,True,Ferrari,9030.979,2026-03-29T06:40:48.347000000,False,None,False,True,9047.054,17.4,61.3,1011.8,False,29.9,122,1.8,Japanese Grand Prix
100.66,1,MEDIUM,1,,43.187,18.012,11111111.0,11111111111.0,1111113.0,1,9.0,1,False,3925.624,LIN,41,None,None,None,3907.854,3925.904,270.0,335.0,282.0,296.0,True,Racing Bulls,3824.711,2026-03-29T05:14:02.079000000,False,None,False,False,3826.937,18.8,55.5,1011.7,False,36.7,124,2.1,Japanese Grand Prix
96.174,2,MEDIUM,1,35.265,42.825,18.084,111111110.0,11111001000.0,111100.0,2,8.0,1,True,4021.798,LIN,41,None,None,3960.945,4003.77,4021.854,265.0,324.0,276.0,287.0,True,Racing Bulls,3925.624,2026-03-29T05:15:42.992000000,False,None,False,True,3946.939,18.9,54.3,1011.7,False,36.7,143,1.5,Japanese Grand Prix
96.233,3,MEDIUM,1,35.347,42.792,18.094,111100.0,10011001100.0,110010.0,3,8.0,1,False,4118.031,LIN,41,None,None,4057.201,4099.993,4118.087,263.0,319.0,277.0,285.0,True,Racing Bulls,4021.798,2026-03-29T05:17:19.166000000,False,None,False,True,4066.945,18.9,54.5,1011.7,False,36.0,112,2.1,Japanese Grand Prix
96.039,4,MEDIUM,1,35.296,42.736,18.007,701111000.0,10000001000.0,110000.0,4,8.0,1,True,4214.07,LIN,41,None,None,4153.383,4196.119,4214.126,263.0,323.0,276.0,286.0,True,Racing Bulls,4118.031,2026-03-29T05:18:55.399000000,False,None,False,True,4126.951,19.0,54.0,1011.8,False,36.5,104,0.4,Japanese Grand Prix
98.053,5,MEDIUM,1,35.528,43.293,19.232,700000000.0,10003010000.0,0.0,5,9.0,1,False,4312.123,LIN,41,None,None,4249.654,4292.947,4312.179,264.0,316.0,257.0,277.0,True,Racing Bulls,4214.07,2026-03-29T05:20:31.438000000,False,None,False,True,4246.946,19.1,53.2,1011.8,False,36.4,128,2.3,Japanese Grand Prix
97.489,6,MEDIUM,1,36.77,42.663,18.056,700000000.0,100000000.0,0.0,6,10.0,1,False,4409.612,LIN,41,None,None,4348.949,4391.612,4409.668,267.0,329.0,281.0,291.0,True,Racing Bulls,4312.123,2026-03-29T05:22:09.491000000,False,None,False,True,4306.945,19.2,52.0,1011.8,False,36.0,95,1.4,Japanese Grand Prix
96.39,7,MEDIUM,1,35.836,42.575,17.979,710000000.0,10000000.0,0.0,7,10.0,1,False,4506.002,LIN,41,None,None,4445.504,4488.079,4506.058,266.0,330.0,281.0,293.0,True,Racing Bulls,4409.612,2026-03-29T05:23:46.980000000,False,None,False,True,4426.948,19.1,51.3,1011.8,False,35.7,130,1.3,Japanese Grand Prix
96.083,8,MEDIUM,1,35.615,42.431,18.037,700000000.0,110001000.0,0.0,8,10.0,1,False,4602.085,LIN,41,None,None,4541.673,4584.104,4602.141,269.0,328.0,280.0,291.0,True,Racing Bulls,4506.002,2026-03-29T05:25:23.370000000,False,None,False,True,4546.949,19.0,51.7,1011.8,False,35.3,144,2.7,Japanese Grand Prix
96.39,9,MEDIUM,1,35.568,42.811,18.011,700000000.0,0.0,10.0,9,10.0,1,False,4698.475,LIN,41,None,None,4637.709,4680.52,4698.531,266.0,322.0,279.0,288.0,True,Racing Bulls,4602.085,2026-03-29T05:26:59.453000000,False,None,False,True,4606.955,19.1,51.2,1011.7,False,34.6,120,2.3,Japanese Grand Prix
96.491,10,MEDIUM,1,35.732,42.676,18.083,700000000.0,0.0,100010.0,10,10.0,1,False,4794.966,LIN,41,None,None,4734.263,4776.939,4795.022,263.0,321.0,279.0,287.0,True,Racing Bulls,4698.475,2026-03-29T05:28:35.843000000,False,None,False,True,4726.95,19.0,51.2,1011.8,False,34.6,126,2.0,Japanese Grand Prix
97.139,11,MEDIUM,1,36.015,42.75,18.374,700000000.0,0.0,0.0,11,10.0,1,False,4892.105,LIN,41,None,None,4831.037,4873.787,4892.161,265.0,322.0,280.0,287.0,True,Racing Bulls,4794.966,2026-03-29T05:30:12.334000000,False,None,False,True,4786.951,19.1,50.7,1011.7,False,34.0,142,1.5,Japanese Grand Prix
98.709,12,MEDIUM,1,36.17,44.055,18.484,700000000.0,0.0,0.0,12,10.0,1,False,4990.814,LIN,41,None,None,4928.331,4972.386,4990.87,250.0,325.0,281.0,288.0,True,Racing Bulls,4892.105,2026-03-29T05:31:49.473000000,False,None,False,True,4906.957,19.1,50.5,1011.9,False,33.7,82,1.3,Japanese Grand Prix
96.242,13,MEDIUM,1,35.425,42.63,18.187,700000000.0,1000.0,0.0,13,10.0,1,False,5087.056,LIN,41,None,None,5026.295,5068.925,5087.112,266.0,318.0,277.0,284.0,True,Racing Bulls,4990.814,2026-03-29T05:33:28.182000000,False,None,False,True,5026.956,19.0,50.6,1011.8,False,33.8,151,2.0,Japanese Grand Prix
96.534,14,MEDIUM,1,35.72,42.676,18.138,700000000.0,10000000000.0,0.0,14,10.0,1,False,5183.59,LIN,41,None,None,5122.832,5165.508,5183.646,266.0,320.0,279.0,285.0,True,Racing Bulls,5087.056,2026-03-29T05:35:04.424000000,False,None,False,True,5086.955,19.0,50.6,1011.8,False,33.6,56,1.2,Japanese Grand Prix
97.289,15,MEDIUM,1,35.76,42.641,18.888,700000000.0,10000000000.0,0.0,15,10.0,1,False,5280.879,LIN,41,None,None,5219.406,5262.047,5280.935,268.0,319.0,278.0,285.0,True,Racing Bulls,5183.59,2026-03-29T05:36:40.958000000,False,None,False,True,5206.955,18.8,51.4,1011.6,False,33.2,98,1.2,Japanese Grand Prix
96.823,16,MEDIUM,1,35.876,42.795,18.152,700000000.0,0.0,100.0,16,10.0,1,False,5377.702,LIN,41,None,None,5316.811,5359.606,5377.758,254.0,316.0,278.0,283.0,True,Racing Bulls,5280.879,2026-03-29T05:38:18.247000000,False,None,False,True,5266.957,18.8,50.8,1011.8,False,33.4,44,0.7,Japanese Grand Prix
96.552,17,MEDIUM,1,35.749,42.723,18.08,700000000.0,0.0,10.0,17,10.0,1,False,5474.254,LIN,41,None,None,5413.507,5456.23,5474.31,269.0,320.0,279.0,284.0,True,Racing Bulls,5377.702,2026-03-29T05:39:55.070000000,False,None,False,True,5386.956,18.9,47.8,1011.8,False,32.9,133,2.6,Japanese Grand Prix
99.196,18,MEDIUM,1,35.797,42.533,20.866,700000000.0,0.0,555.0,18,12.0,1,False,5573.45,LIN,41,None,5571.911,5510.107,5552.64,5573.506,266.0,322.0,None,284.0,True,Racing Bulls,5474.254,2026-03-29T05:41:31.622000000,False,None,False,False,5506.96,18.8,48.7,1011.7,False,32.8,100,1.3,Japanese Grand Prix
118.75,19,HARD,2,58.35,42.327,18.073,550000100.0,1010000100.0,11110.0,1,16.0,1,False,5692.2,LIN,41,5598.045,None,5631.856,5674.183,5692.256,267.0,316.0,278.0,279.0,True,Racing Bulls,5573.45,2026-03-29T05:43:10.818000000,False,None,False,False,5566.954,18.8,48.5,1011.7,False,32.2,24,1.7,Japanese Grand Prix
95.464,20,HARD,2,35.291,42.231,17.942,100000.0,1000000000.0,10.0,2,16.0,1,True,5787.664,LIN,41,None,None,5727.547,5769.778,5787.72,266.0,321.0,280.0,285.0,True,Racing Bulls,5692.2,2026-03-29T05:45:09.568000000,False,None,False,True,5686.962,18.7,49.2,1011.7,False,32.7,131,2.2,Japanese Grand Prix
100.801,21,HARD,2,34.989,42.281,23.531,700100100.0,10000000000.0,0.0,3,16.0,124,False,5888.465,LIN,41,None,None,5822.709,5864.99,5888.521,268.0,320.0,127.0,285.0,True,Racing Bulls,5787.664,2026-03-29T05:46:45.032000000,False,None,False,False,5806.966,18.6,49.9,1011.7,False,32.6,116,0.9,Japanese Grand Prix
126.769,22,HARD,2,45.829,56.145,24.795,700000000.0,0.0,0.0,4,16.0,4,False,6015.234,LIN,41,None,None,5934.35,5990.495,6015.29,243.0,256.0,219.0,200.0,True,Racing Bulls,5888.465,2026-03-29T05:48:25.833000000,False,None,False,False,5866.963,18.6,50.4,1011.6,False,32.9,163,0.7,Japanese Grand Prix
123.701,23,HARD,2,42.635,59.087,21.979,700000000.0,0.0,0.0,5,14.0,4,False,6138.935,LIN,41,None,None,6057.925,6117.012,6138.991,247.0,252.0,227.0,254.0,True,Racing Bulls,6015.234,2026-03-29T05:50:32.602000000,False,None,False,False,5986.965,18.5,51.5,1011.7,False,32.7,107,0.4,Japanese Grand Prix
125.165,24,HARD,2,40.377,59.903,24.885,700000000.0,0.0,0.0,6,14.0,4,False,6264.1,LIN,41,None,None,6179.368,6239.271,6264.156,257.0,248.0,233.0,255.0,True,Racing Bulls,6138.935,2026-03-29T05:52:36.303000000,False,None,False,False,6166.968,18.5,51.1,1011.7,False,32.9,121,1.3,Japanese Grand Prix
150.541,25,HARD,2,48.754,75.45,26.337,700000000.0,0.0,0.0,7,14.0,4,False,6414.634,LIN,41,None,None,6312.973,6388.477,6414.861,188.0,248.0,150.0,228.0,True,Racing Bulls,6264.1,2026-03-29T05:54:41.468000000,False,None,False,False,6286.968,18.5,51.8,1011.7,False,32.8,120,1.5,Japanese Grand Prix
147.33,26,HARD,2,52.97,65.684,28.676,700000000.0,0.0,0.0,8,14.0,4,False,6561.964,LIN,41,None,None,6467.66,6533.344,6562.02,163.0,159.0,139.0,237.0,True,Racing Bulls,6414.634,2026-03-29T05:57:12.002000000,False,None,False,False,6406.972,18.5,50.7,1011.7,False,32.3,106,2.0,Japanese Grand Prix
134.607,27,HARD,2,46.921,60.601,27.085,700000000.0,0.0,0.0,9,14.0,41,False,6696.571,LIN,41,None,None,6608.941,6669.542,6696.627,204.0,135.0,281.0,151.0,True,Racing Bulls,6561.964,2026-03-29T05:59:39.332000000,False,None,False,False,6586.973,18.3,50.5,1011.7,False,32.2,136,2.5,Japanese Grand Prix
96.421,28,HARD,2,35.618,42.743,18.06,110000000.0,100011.0,1000001.0,10,14.0,1,False,6792.992,LIN,41,None,None,6732.245,6774.988,6793.048,258.0,337.0,286.0,298.0,True,Racing Bulls,6696.571,2026-03-29T06:01:53.939000000,False,None,False,True,6706.975,18.3,47.7,1011.7,False,32.3,122,2.3,Japanese Grand Prix
96.405,29,HARD,2,35.954,42.283,18.168,300000001.0,100100010.0,10.0,11,14.0,1,False,6889.397,LIN,41,None,None,6829.002,6871.285,6889.453,271.0,332.0,284.0,294.0,True,Racing Bulls,6792.992,2026-03-29T06:03:30.360000000,False,None,False,True,6826.974,18.4,48.2,1011.7,False,32.4,132,2.6,Japanese Grand Prix
95.724,30,HARD,2,35.576,41.947,18.201,0.0,1100001000.0,17700.0,12,13.0,1,False,6985.121,LIN,41,None,None,6925.029,6966.976,6985.177,269.0,332.0,279.0,292.0,True,Racing Bulls,6889.397,2026-03-29T06:05:06.765000000,True,TRACK LIMITS AT TURN 17 LAP 30 ,False,True,6886.976,18.4,47.6,1011.7,False,32.1,135,0.8,Japanese Grand Prix
95.962,31,HARD,2,35.809,42.126,18.027,700000001.0,0.0,0.0,13,14.0,1,False,7081.083,LIN,41,None,None,7020.986,7063.112,7081.139,271.0,331.0,282.0,291.0,True,Racing Bulls,6985.121,2026-03-29T06:06:42.489000000,False,None,False,True,7006.979,18.4,49.7,1011.7,False,32.0,129,1.9,Japanese Grand Prix
95.137,32,HARD,2,35.129,41.998,18.01,701000000.0,1100.0,0.0,14,14.0,1,True,7176.22,LIN,41,None,None,7116.268,7158.266,7176.276,269.0,329.0,283.0,290.0,True,Racing Bulls,7081.083,2026-03-29T06:08:18.451000000,False,None,False,True,7126.981,18.5,50.7,1011.6,False,32.0,133,2.0,Japanese Grand Prix
95.16,33,HARD,2,35.082,42.064,18.014,700000000.0,100.0,0.0,15,14.0,1,False,7271.38,LIN,41,None,None,7211.358,7253.422,7271.436,268.0,328.0,281.0,291.0,True,Racing Bulls,7176.22,2026-03-29T06:09:53.588000000,False,None,False,True,7186.981,18.5,50.0,1011.7,False,31.5,140,1.1,Japanese Grand Prix
95.225,34,HARD,2,35.135,42.058,18.032,700000001.0,1000.0,0.0,16,14.0,1,False,7366.605,LIN,41,None,None,7306.571,7348.629,7366.661,271.0,327.0,282.0,289.0,True,Racing Bulls,7271.38,2026-03-29T06:11:28.748000000,False,None,False,True,7306.992,18.5,51.0,1011.6,False,31.4,113,1.2,Japanese Grand Prix
95.402,35,HARD,2,35.135,42.177,18.09,700000000.0,0.0,0.0,17,14.0,1,False,7462.007,LIN,41,None,None,None,7443.973,7462.063,270.0,325.0,282.0,289.0,True,Racing Bulls,7366.605,2026-03-29T06:13:03.973000000,False,None,False,True,7366.98,18.3,51.1,1011.6,False,31.4,154,2.4,Japanese Grand Prix
94.96,36,HARD,2,35.085,41.897,17.978,700001000.0,1100.0,110.0,18,14.0,1,True,7556.967,LIN,41,None,None,7497.148,7539.045,7557.023,270.0,327.0,283.0,288.0,True,Racing Bulls,7462.007,2026-03-29T06:14:39.375000000,False,None,False,True,7486.983,18.1,52.4,1011.7,False,31.1,170,0.8,Japanese Grand Prix
94.86,37,HARD,2,34.979,41.911,17.97,701000000.0,101000000.0,0.0,19,14.0,1,True,7651.827,LIN,41,None,None,7592.002,7633.913,7651.883,269.0,330.0,283.0,291.0,True,Racing Bulls,7556.967,2026-03-29T06:16:14.335000000,False,None,False,True,7546.988,18.0,53.7,1011.6,False,31.0,138,1.5,Japanese Grand Prix
94.723,38,HARD,2,34.81,41.924,17.989,700000000.0,1000000.0,1.0,20,14.0,1,True,7746.55,LIN,41,None,None,7686.693,7728.617,7746.606,270.0,329.0,286.0,292.0,True,Racing Bulls,7651.827,2026-03-29T06:17:49.195000000,False,None,False,True,7666.984,17.9,55.6,1011.6,False,30.7,88,0.8,Japanese Grand Prix
95.096,39,HARD,2,35.136,41.882,18.078,700000000.0,1.0,0.0,21,14.0,1,False,7841.646,LIN,41,None,None,7781.742,7823.624,7841.702,269.0,333.0,283.0,294.0,True,Racing Bulls,7746.55,2026-03-29T06:19:23.918000000,False,None,False,True,7726.986,17.9,55.8,1011.7,False,31.1,119,1.8,Japanese Grand Prix
94.521,40,HARD,2,34.906,41.714,17.901,700000001.0,10101101001.0,110.0,22,14.0,1,True,7936.167,LIN,41,None,None,7876.608,7918.322,7936.223,273.0,333.0,284.0,293.0,True,Racing Bulls,7841.646,2026-03-29T06:20:59.014000000,False,None,False,True,7846.99,17.8,55.5,1011.6,False,31.0,167,1.0,Japanese Grand Prix
94.853,41,HARD,2,35.025,41.888,17.94,700001000.0,1100.0,0.0,23,14.0,1,False,8031.02,LIN,41,None,None,7971.248,8013.136,8031.076,271.0,328.0,283.0,291.0,True,Racing Bulls,7936.167,2026-03-29T06:22:33.535000000,False,None,False,True,7966.994,17.8,55.7,1011.6,False,30.7,140,0.6,Japanese Grand Prix
94.964,42,HARD,2,35.04,41.929,17.995,700001000.0,100.0,0.0,24,14.0,1,False,8125.984,LIN,41,None,None,8066.116,8108.045,8126.04,270.0,327.0,284.0,289.0,True,Racing Bulls,8031.02,2026-03-29T06:24:08.388000000,False,None,False,True,8026.998,18.1,55.4,1011.6,False,30.6,153,2.5,Japanese Grand Prix
94.885,43,HARD,2,34.963,41.894,18.028,700000000.0,0.0,0.0,25,14.0,1,False,8220.869,LIN,41,None,None,8161.003,8202.897,8220.925,270.0,328.0,285.0,290.0,True,Racing Bulls,8125.984,2026-03-29T06:25:43.352000000,False,None,False,True,8146.993,17.9,57.1,1011.7,False,30.4,140,0.9,Japanese Grand Prix
94.769,44,HARD,2,34.864,41.786,18.119,701000000.0,10010000000.0,0.0,26,14.0,1,False,8315.638,LIN,41,None,None,8255.789,8297.575,8315.694,271.0,330.0,285.0,292.0,True,Racing Bulls,8220.869,2026-03-29T06:27:18.237000000,False,None,False,True,8207.003,17.9,57.3,1011.7,False,30.5,9,0.5,Japanese Grand Prix
94.733,45,HARD,2,34.901,41.829,18.003,700000000.0,10000.0,0.0,27,14.0,1,False,8410.371,LIN,41,None,None,8350.595,8392.424,8410.427,272.0,333.0,286.0,293.0,True,Racing Bulls,8315.638,2026-03-29T06:28:53.006000000,False,None,False,True,8326.995,18.0,56.5,1011.7,False,30.9,129,1.1,Japanese Grand Prix
94.676,46,HARD,2,34.943,41.86,17.873,700000001.0,110011.0,11.0,28,14.0,1,False,8505.047,LIN,41,None,None,8445.37,8487.23,8505.103,275.0,339.0,286.0,296.0,True,Racing Bulls,8410.371,2026-03-29T06:30:27.739000000,False,None,False,True,8386.994,18.0,56.6,1011.7,False,29.6,83,2.0,Japanese Grand Prix
94.716,47,HARD,2,35.031,41.799,17.886,700000000.0,10.0,11.0,29,14.0,1,False,8599.763,LIN,41,None,None,8540.134,8581.933,8599.819,275.0,336.0,288.0,294.0,True,Racing Bulls,8505.047,2026-03-29T06:32:02.415000000,False,None,False,True,8507.001,17.9,57.4,1011.8,False,30.8,91,0.8,Japanese Grand Prix
94.872,48,HARD,2,34.954,41.968,17.95,100000000.0,10.0,0.0,30,14.0,1,False,8694.635,LIN,41,None,None,8634.773,8676.741,8694.691,274.0,333.0,285.0,292.0,True,Racing Bulls,8599.763,2026-03-29T06:33:37.131000000,False,None,False,True,8627.007,17.9,57.3,1011.8,False,30.2,81,1.3,Japanese Grand Prix
95.229,49,HARD,2,35.134,42.023,18.072,0.0,0.0,0.0,31,14.0,1,False,8789.864,LIN,41,None,None,8729.825,8771.848,8789.92,272.0,328.0,283.0,289.0,True,Racing Bulls,8694.635,2026-03-29T06:35:12.003000000,False,None,False,True,8687.017,17.9,57.8,1011.7,False,30.9,110,0.9,Japanese Grand Prix
94.845,50,HARD,2,34.92,41.918,18.007,700010000.0,0.0,100.0,32,14.0,1,False,8884.709,LIN,41,None,None,8824.84,8866.758,8884.765,272.0,328.0,285.0,289.0,True,Racing Bulls,8789.864,2026-03-29T06:36:47.232000000,False,None,False,True,8807.046,18.0,57.9,1011.7,False,30.6,128,1.5,Japanese Grand Prix
94.6,51,HARD,2,34.881,41.792,17.927,700000000.0,1000100.0,0.0,33,14.0,1,False,8979.309,LIN,41,None,None,8919.646,8961.438,8979.365,272.0,327.0,284.0,289.0,True,Racing Bulls,8884.709,2026-03-29T06:38:22.077000000,False,None,False,True,8867.045,17.8,59.2,1011.8,False,30.2,113,1.9,Japanese Grand Prix
94.585,52,HARD,2,34.959,41.698,17.928,700000000.0,1000001000.0,110.0,34,14.0,1,False,9073.894,LIN,41,None,None,9014.324,9056.022,9073.95,271.0,327.0,285.0,289.0,True,Racing Bulls,8979.309,2026-03-29T06:39:56.677000000,False,None,False,True,8987.049,17.6,59.8,1011.8,False,30.0,107,1.5,Japanese Grand Prix
94.314,53,HARD,2,34.946,41.569,17.799,700000000.0,10010001110.0,10.0,35,14.0,1,True,9168.208,LIN,41,None,None,9108.896,9150.465,9168.264,274.0,332.0,287.0,292.0,True,Racing Bulls,9073.894,2026-03-29T06:41:31.262000000,False,None,False,True,9047.054,17.4,61.3,1011.8,False,29.9,122,1.8,Japanese Grand Prix
97.206,1,MEDIUM,1,,42.011,18.104,11111113.0,11131111111.0,1131111.0,1,3.0,1,False,3922.17,NOR,1,None,None,None,3904.21,3922.349,289.0,323.0,279.0,283.0,True,McLaren,3824.711,2026-03-29T05:14:02.079000000,False,None,False,False,3826.937,18.8,55.5,1011.7,False,36.7,124,2.1,Japanese Grand Prix
94.905,2,MEDIUM,1,34.856,42.12,17.929,111111110.0,1100000001.0,1100000.0,2,3.0,1,True,4017.075,NOR,1,None,None,3957.08,3999.2,4017.129,260.0,337.0,269.0,294.0,True,McLaren,3922.17,2026-03-29T05:15:39.538000000,False,None,False,True,3946.939,18.9,54.3,1011.7,False,36.7,143,1.5,Japanese Grand Prix
96.301,3,MEDIUM,1,36.026,42.108,18.167,0.0,10000000010.0,1101.0,3,4.0,1,False,4113.376,NOR,1,None,None,4053.155,4095.263,4113.43,261.0,323.0,280.0,286.0,True,McLaren,4017.075,2026-03-29T05:17:14.443000000,False,None,False,True,4066.945,18.9,54.5,1011.7,False,36.0,112,2.1,Japanese Grand Prix
95.451,4,MEDIUM,1,35.147,42.19,18.114,701001000.0,1000.0,1.0,4,4.0,1,False,4208.827,NOR,1,None,None,4148.577,4190.767,4208.881,255.0,319.0,280.0,284.0,True,McLaren,4113.376,2026-03-29T05:18:50.744000000,False,None,False,True,4126.951,19.0,54.0,1011.8,False,36.5,104,0.4,Japanese Grand Prix
95.17,5,MEDIUM,1,34.925,42.206,18.039,700001010.0,10000001000.0,100010.0,5,4.0,1,False,4303.997,NOR,1,None,None,4243.806,4286.012,4304.051,258.0,322.0,278.0,286.0,True,McLaren,4208.827,2026-03-29T05:20:26.195000000,False,None,False,True,4246.946,19.1,53.2,1011.8,False,36.4,128,2.3,Japanese Grand Prix
95.051,6,MEDIUM,1,34.901,42.063,18.087,700001000.0,10000001000.0,1.0,6,4.0,1,False,4399.048,NOR,1,None,None,4338.952,4381.015,4399.102,260.0,325.0,281.0,288.0,True,McLaren,4303.997,2026-03-29T05:22:01.365000000,False,None,False,True,4306.945,19.2,52.0,1011.8,False,36.0,95,1.4,Japanese Grand Prix
95.045,7,MEDIUM,1,34.741,42.156,18.148,110011000.0,10000.0,0.0,7,4.0,1,False,4494.093,NOR,1,None,None,4433.843,4475.999,4494.147,258.0,324.0,279.0,288.0,True,McLaren,4399.048,2026-03-29T05:23:36.416000000,False,None,False,True,4426.948,19.1,51.3,1011.8,False,35.7,130,1.3,Japanese Grand Prix
95.247,8,MEDIUM,1,34.769,42.234,18.244,1011000.0,10000.0,1.0,8,4.0,1,False,4589.34,NOR,1,None,None,4528.916,4571.15,4589.394,259.0,326.0,282.0,290.0,True,McLaren,4494.093,2026-03-29T05:25:11.461000000,False,None,False,True,4546.949,19.0,51.7,1011.8,False,35.3,144,2.7,Japanese Grand Prix
95.672,9,MEDIUM,1,35.184,42.166,18.322,700000000.0,0.0,0.0,9,4.0,1,False,4685.012,NOR,1,None,None,4624.578,4666.744,4685.066,258.0,325.0,281.0,290.0,True,McLaren,4589.34,2026-03-29T05:26:46.708000000,False,None,False,True,4606.955,19.1,51.2,1011.7,False,34.6,120,2.3,Japanese Grand Prix
95.228,10,MEDIUM,1,34.968,42.231,18.029,111000000.0,110000.0,30.0,10,4.0,1,False,4780.24,NOR,1,None,None,4720.034,4762.265,4780.294,258.0,326.0,281.0,289.0,True,McLaren,4685.012,2026-03-29T05:28:22.380000000,False,None,False,True,4726.95,19.0,51.2,1011.8,False,34.6,126,2.0,Japanese Grand Prix
96.219,11,MEDIUM,1,35.055,42.309,18.855,0.0,0.0,0.0,11,5.0,1,False,4876.459,NOR,1,None,None,4815.349,4857.658,4876.513,258.0,323.0,280.0,286.0,True,McLaren,4780.24,2026-03-29T05:29:57.608000000,False,None,False,True,4786.951,19.1,50.7,1011.7,False,34.0,142,1.5,Japanese Grand Prix
95.457,12,MEDIUM,1,35.369,42.136,17.952,110000000.0,0.0,11000.0,12,5.0,1,False,4971.916,NOR,1,None,None,4911.882,4954.018,4971.97,258.0,327.0,279.0,288.0,True,McLaren,4876.459,2026-03-29T05:31:33.827000000,False,None,False,True,4906.957,19.1,50.5,1011.9,False,33.7,82,1.3,Japanese Grand Prix
95.079,13,MEDIUM,1,35.0,42.106,17.973,0.0,1000.0,110000.0,13,5.0,1,False,5066.995,NOR,1,None,None,5006.97,5049.076,5067.049,261.0,326.0,279.0,287.0,True,McLaren,4971.916,2026-03-29T05:33:09.284000000,False,None,False,True,5026.956,19.0,50.6,1011.8,False,33.8,151,2.0,Japanese Grand Prix
95.339,14,MEDIUM,1,35.006,42.32,18.013,701000000.0,0.0,0.0,14,5.0,1,False,5162.334,NOR,1,None,None,5102.055,5144.375,5162.388,256.0,319.0,280.0,284.0,True,McLaren,5066.995,2026-03-29T05:34:44.363000000,False,None,False,True,5086.955,19.0,50.6,1011.8,False,33.6,56,1.2,Japanese Grand Prix
95.315,15,MEDIUM,1,34.906,42.361,18.048,701010000.0,10000000000.0,0.0,15,5.0,1,False,5257.649,NOR,1,None,None,5197.294,5239.655,5257.703,258.0,318.0,279.0,286.0,True,McLaren,5162.334,2026-03-29T05:36:19.702000000,False,None,False,True,5206.955,18.8,51.4,1011.6,False,33.2,98,1.2,Japanese Grand Prix
98.222,16,MEDIUM,1,35.499,42.303,20.42,700000000.0,0.0,555.0,16,6.0,1,False,5355.871,NOR,1,None,5354.566,5293.202,5335.505,5355.925,265.0,327.0,None,289.0,True,McLaren,5257.649,2026-03-29T05:37:55.017000000,False,None,False,False,5266.957,18.8,50.8,1011.8,False,33.4,44,0.7,Japanese Grand Prix
114.481,17,HARD,2,54.657,42.005,17.819,550100100.0,11100000010.0,101300.0,1,8.0,1,False,5470.352,NOR,1,5378.056,None,5410.582,5452.587,5470.406,283.0,318.0,275.0,294.0,True,McLaren,5355.871,2026-03-29T05:39:33.239000000,False,None,False,False,5386.956,18.9,47.8,1011.8,False,32.9,133,2.6,Japanese Grand Prix
94.916,18,HARD,2,34.876,41.988,18.052,101000.0,1001100.0,10.0,2,8.0,1,False,5565.268,NOR,1,None,None,5505.282,5547.27,5565.322,257.0,316.0,281.0,282.0,True,McLaren,5470.352,2026-03-29T05:41:27.720000000,False,None,False,True,5506.96,18.8,48.7,1011.7,False,32.8,100,1.3,Japanese Grand Prix
94.285,19,HARD,2,34.516,41.804,17.965,700110000.0,11001000000.0,0.0,3,8.0,1,True,5659.553,NOR,1,None,None,5599.838,5641.642,5659.607,259.0,320.0,281.0,284.0,True,McLaren,5565.268,2026-03-29T05:43:02.636000000,False,None,False,True,5566.954,18.8,48.5,1011.7,False,32.2,24,1.7,Japanese Grand Prix
93.771,20,HARD,2,34.258,41.67,17.843,701011010.0,10000000110.0,31.0,4,8.0,1,True,5753.324,NOR,1,None,None,5693.865,5735.535,5753.378,259.0,321.0,283.0,286.0,True,McLaren,5659.553,2026-03-29T05:44:36.921000000,False,None,False,True,5686.962,18.7,49.2,1011.7,False,32.7,131,2.2,Japanese Grand Prix
94.161,21,HARD,2,34.402,41.856,17.903,700010000.0,10000000000.0,0.0,5,8.0,1,False,5847.485,NOR,1,None,None,5787.78,5829.636,5847.539,263.0,327.0,281.0,289.0,True,McLaren,5753.324,2026-03-29T05:46:10.692000000,False,None,False,True,5806.966,18.6,49.9,1011.7,False,32.6,116,0.9,Japanese Grand Prix
120.54,22,HARD,2,38.974,56.456,25.11,701000000.0,0.0,0.0,6,8.0,124,False,5968.025,NOR,1,None,None,5886.513,5942.969,5968.079,156.0,245.0,200.0,216.0,True,McLaren,5847.485,2026-03-29T05:47:44.853000000,False,None,False,False,5866.963,18.6,50.4,1011.6,False,32.9,163,0.7,Japanese Grand Prix
139.586,23,HARD,2,45.885,62.354,31.347,700000000.0,0.0,0.0,7,6.0,4,False,6107.611,NOR,1,None,None,6013.964,6076.318,6107.665,224.0,202.0,215.0,212.0,True,McLaren,5968.025,2026-03-29T05:49:45.393000000,False,None,False,False,5986.965,18.5,51.5,1011.7,False,32.7,107,0.4,Japanese Grand Prix
147.128,24,HARD,2,49.4,70.887,26.841,700000000.0,0.0,0.0,8,6.0,4,False,6254.739,NOR,1,None,None,6157.065,6227.952,6254.793,189.0,195.0,218.0,268.0,True,McLaren,6107.611,2026-03-29T05:52:04.979000000,False,None,False,False,6166.968,18.5,51.1,1011.7,False,32.9,121,1.3,Japanese Grand Prix
150.889,25,HARD,2,50.322,72.179,28.388,700000000.0,0.0,0.0,9,6.0,4,False,6405.624,NOR,1,None,None,6305.159,6377.407,6405.851,123.0,266.0,190.0,209.0,True,McLaren,6254.739,2026-03-29T05:54:32.107000000,False,None,False,False,6286.968,18.5,51.8,1011.7,False,32.8,120,1.5,Japanese Grand Prix
146.957,26,HARD,2,53.81,63.654,29.493,700000000.0,0.0,0.0,10,6.0,4,False,6552.581,NOR,1,None,None,6459.488,6523.142,6552.635,211.0,269.0,202.0,152.0,True,McLaren,6405.624,2026-03-29T05:57:02.992000000,False,None,False,False,6406.972,18.5,50.7,1011.7,False,32.3,106,2.0,Japanese Grand Prix
140.302,27,HARD,2,47.814,64.332,28.156,700000000.0,0.0,0.0,11,6.0,41,False,6692.883,NOR,1,None,None,6600.449,6664.781,6692.937,234.0,150.0,278.0,131.0,True,McLaren,6552.581,2026-03-29T05:59:29.949000000,False,None,False,False,6586.973,18.3,50.5,1011.7,False,32.2,136,2.5,Japanese Grand Prix
95.248,28,HARD,2,35.273,42.048,17.927,700000000.0,1000010.0,1111.0,12,6.0,1,False,6788.131,NOR,1,None,None,6728.21,6770.258,6788.185,261.0,325.0,285.0,287.0,True,McLaren,6692.883,2026-03-29T06:01:50.251000000,False,None,False,True,6706.975,18.3,47.7,1011.7,False,32.3,122,2.3,Japanese Grand Prix
94.083,29,HARD,2,34.396,41.948,17.739,110000000.0,0.0,10010.0,13,6.0,1,False,6882.214,NOR,1,None,None,6822.581,6864.529,6882.268,261.0,325.0,283.0,286.0,True,McLaren,6788.131,2026-03-29T06:03:25.499000000,False,None,False,True,6826.974,18.4,48.2,1011.7,False,32.4,132,2.6,Japanese Grand Prix
93.851,30,HARD,2,34.362,41.618,17.871,0.0,0.0,0.0,14,6.0,1,False,6976.065,NOR,1,None,None,6916.63,6958.248,6976.119,263.0,326.0,282.0,287.0,True,McLaren,6882.214,2026-03-29T06:04:59.582000000,False,None,False,True,6886.976,18.4,47.6,1011.7,False,32.1,135,0.8,Japanese Grand Prix
94.131,31,HARD,2,34.461,41.767,17.903,701010000.0,0.0,110.0,15,6.0,1,False,7070.196,NOR,1,None,None,7010.58,7052.347,7070.25,258.0,323.0,282.0,285.0,True,McLaren,6976.065,2026-03-29T06:06:33.433000000,False,None,False,True,7006.979,18.4,49.7,1011.7,False,32.0,129,1.9,Japanese Grand Prix
94.419,32,HARD,2,34.65,41.795,17.974,700000000.0,10000000000.0,10.0,16,6.0,1,False,7164.615,NOR,1,None,None,7104.9,7146.695,7164.669,260.0,317.0,282.0,282.0,True,McLaren,7070.196,2026-03-29T06:08:07.564000000,False,None,False,True,7126.981,18.5,50.7,1011.6,False,32.0,133,2.0,Japanese Grand Prix
93.787,33,HARD,2,34.252,41.655,17.88,701001000.0,1000000100.0,10.0,17,6.0,1,False,7258.402,NOR,1,None,None,7198.921,7240.576,7258.456,260.0,319.0,282.0,283.0,True,McLaren,7164.615,2026-03-29T06:09:41.983000000,False,None,False,True,7186.981,18.5,50.0,1011.7,False,31.5,140,1.1,Japanese Grand Prix
93.494,34,HARD,2,34.05,41.548,17.896,701011100.0,1001000100.0,1.0,18,6.0,1,True,7351.896,NOR,1,None,None,7292.506,7334.054,7351.95,259.0,320.0,281.0,285.0,True,McLaren,7258.402,2026-03-29T06:11:15.770000000,False,None,False,True,7306.992,18.5,51.0,1011.6,False,31.4,113,1.2,Japanese Grand Prix
93.58,35,HARD,2,34.059,41.642,17.879,700110010.0,10000001000.0,10.0,19,6.0,1,False,7445.476,NOR,1,None,None,7386.009,7427.651,7445.53,259.0,317.0,281.0,282.0,True,McLaren,7351.896,2026-03-29T06:12:49.264000000,False,None,False,True,7366.98,18.3,51.1,1011.6,False,31.4,154,2.4,Japanese Grand Prix
93.359,36,HARD,2,34.073,41.466,17.82,700001000.0,1000000.0,110.0,20,6.0,1,True,7538.835,NOR,1,None,None,7479.603,7521.069,7538.889,259.0,322.0,282.0,284.0,True,McLaren,7445.476,2026-03-29T06:14:22.844000000,False,None,False,True,7486.983,18.1,52.4,1011.7,False,31.1,170,0.8,Japanese Grand Prix
93.602,37,HARD,2,34.074,41.651,17.877,701000000.0,100000000.0,0.0,21,6.0,1,False,7632.437,NOR,1,None,None,7572.963,7614.614,7632.491,259.0,323.0,282.0,284.0,True,McLaren,7538.835,2026-03-29T06:15:56.203000000,False,None,False,True,7546.988,18.0,53.7,1011.6,False,31.0,138,1.5,Japanese Grand Prix
93.455,38,HARD,2,34.042,41.593,17.82,700000000.0,0.0,130.0,22,6.0,1,False,7725.892,NOR,1,None,None,7666.533,7708.126,7725.946,259.0,322.0,282.0,284.0,True,McLaren,7632.437,2026-03-29T06:17:29.805000000,False,None,False,True,7666.984,17.9,55.6,1011.6,False,30.7,88,0.8,Japanese Grand Prix
93.679,39,HARD,2,34.167,41.669,17.843,701000000.0,1000.0,0.0,23,6.0,1,False,7819.571,NOR,1,None,None,7760.113,7801.782,7819.625,260.0,322.0,283.0,285.0,True,McLaren,7725.892,2026-03-29T06:19:03.260000000,False,None,False,True,7726.986,17.9,55.8,1011.7,False,31.1,119,1.8,Japanese Grand Prix
93.347,40,HARD,2,34.076,41.448,17.823,700001000.0,1001000.0,0.0,24,6.0,1,True,7912.918,NOR,1,None,None,7853.701,7895.149,7912.972,259.0,324.0,283.0,285.0,True,McLaren,7819.571,2026-03-29T06:20:36.939000000,False,None,False,True,7846.99,17.8,55.5,1011.6,False,31.0,167,1.0,Japanese Grand Prix
93.398,41,HARD,2,34.089,41.503,17.806,700000000.0,101110000.0,0.0,25,6.0,1,False,8006.316,NOR,1,None,None,7947.061,7988.564,8006.37,261.0,328.0,283.0,289.0,True,McLaren,7912.918,2026-03-29T06:22:10.286000000,False,None,False,True,7966.994,17.8,55.7,1011.6,False,30.7,140,0.6,Japanese Grand Prix
93.702,42,HARD,2,34.25,41.574,17.878,700000000.0,110000.0,1.0,26,6.0,1,False,8100.018,NOR,1,None,None,8040.62,8082.194,8100.072,260.0,330.0,284.0,290.0,True,McLaren,8006.316,2026-03-29T06:23:43.684000000,False,None,False,True,8026.998,18.1,55.4,1011.6,False,30.6,153,2.5,Japanese Grand Prix
93.927,43,HARD,2,34.427,41.619,17.881,700000000.0,110001.0,1.0,27,6.0,1,False,8193.945,NOR,1,None,None,8134.499,8176.118,8193.999,264.0,333.0,284.0,290.0,True,McLaren,8100.018,2026-03-29T06:25:17.386000000,False,None,False,True,8146.993,17.9,57.1,1011.7,False,30.4,140,0.9,Japanese Grand Prix
93.362,44,HARD,2,34.167,41.373,17.822,701000000.0,1001000010.0,1.0,28,6.0,1,False,8287.307,NOR,1,None,None,8228.166,8269.539,8287.361,261.0,331.0,287.0,290.0,True,McLaren,8193.945,2026-03-29T06:26:51.313000000,False,None,False,True,8207.003,17.9,57.3,1011.7,False,30.5,9,0.5,Japanese Grand Prix
93.521,45,HARD,2,34.254,41.441,17.826,110000000.0,0.0,0.0,29,6.0,1,False,8380.828,NOR,1,None,None,8321.615,8363.056,8380.882,259.0,326.0,284.0,288.0,True,McLaren,8287.307,2026-03-29T06:28:24.675000000,False,None,False,True,8326.995,18.0,56.5,1011.7,False,30.9,129,1.1,Japanese Grand Prix
93.437,46,HARD,2,34.254,41.281,17.902,0.0,100000011.0,0.0,30,6.0,1,False,8474.265,NOR,1,None,None,None,8456.417,8474.319,265.0,333.0,284.0,291.0,True,McLaren,8380.828,2026-03-29T06:29:58.196000000,False,None,False,True,8386.994,18.0,56.6,1011.7,False,29.6,83,2.0,Japanese Grand Prix
93.624,47,HARD,2,34.233,41.296,18.095,700000000.0,110013.0,1001000.0,31,5.0,1,False,8567.889,NOR,1,None,None,8508.552,8549.848,8567.943,262.0,346.0,272.0,304.0,True,McLaren,8474.265,2026-03-29T06:31:31.633000000,False,None,False,True,8507.001,17.9,57.4,1011.8,False,30.8,91,0.8,Japanese Grand Prix
94.608,48,HARD,2,35.091,41.699,17.818,700000000.0,1000000.0,0.0,32,6.0,1,False,8662.497,NOR,1,None,None,8603.034,8644.733,8662.551,259.0,325.0,283.0,287.0,True,McLaren,8567.889,2026-03-29T06:33:05.257000000,False,None,False,True,8627.007,17.9,57.3,1011.8,False,30.2,81,1.3,Japanese Grand Prix
93.483,49,HARD,2,34.299,41.375,17.809,700010000.0,10000000000.0,0.0,33,6.0,1,False,8755.98,NOR,1,None,None,8696.85,8738.225,8756.034,260.0,326.0,283.0,286.0,True,McLaren,8662.497,2026-03-29T06:34:39.865000000,False,None,False,True,8687.017,17.9,57.8,1011.7,False,30.9,110,0.9,Japanese Grand Prix
94.087,50,HARD,2,34.32,41.589,18.178,700000000.0,100000000.0,1330.0,34,5.0,1,False,8850.067,NOR,1,None,None,8790.354,8831.943,8850.121,260.0,326.0,281.0,283.0,True,McLaren,8755.98,2026-03-29T06:36:13.348000000,False,None,False,True,8807.046,18.0,57.9,1011.7,False,30.6,128,1.5,Japanese Grand Prix
95.007,51,HARD,2,35.08,41.66,18.267,700000000.0,0.0,1000.0,35,5.0,1,False,8945.074,NOR,1,None,None,8885.201,8926.861,8945.128,255.0,320.0,285.0,286.0,True,McLaren,8850.067,2026-03-29T06:37:47.435000000,False,None,False,True,8867.045,17.8,59.2,1011.8,False,30.2,113,1.9,Japanese Grand Prix
93.208,52,HARD,2,33.929,41.363,17.916,701010000.0,1000000100.0,0.0,36,5.0,1,True,9038.282,NOR,1,None,None,8979.057,9020.42,9038.336,258.0,316.0,285.0,282.0,True,McLaren,8945.074,2026-03-29T06:39:22.442000000,False,None,False,True,8987.049,17.6,59.8,1011.8,False,30.0,107,1.5,Japanese Grand Prix
93.56,53,HARD,2,34.131,41.674,17.755,700000000.0,100.0,100000.0,37,5.0,1,False,9131.842,NOR,1,None,None,9072.467,9114.141,9131.896,265.0,325.0,280.0,288.0,True,McLaren,9038.282,2026-03-29T06:40:55.650000000,False,None,False,True,9047.054,17.4,61.3,1011.8,False,29.9,122,1.8,Japanese Grand Prix
101.913,1,MEDIUM,1,,43.267,18.305,11111111.0,11113111111.0,1111111.0,1,11.0,1,False,3926.877,OCO,31,None,None,None,3908.635,3927.16,255.0,332.0,280.0,291.0,True,Haas F1 Team,3824.711,2026-03-29T05:14:02.079000000,False,None,False,False,3826.937,18.8,55.5,1011.7,False,36.7,124,2.1,Japanese Grand Prix
96.654,2,MEDIUM,1,35.386,42.561,18.707,111111111.0,11103011033.0,100000.0,2,11.0,1,True,4023.531,OCO,31,None,None,3962.305,4004.866,4023.573,259.0,338.0,276.0,282.0,True,Haas F1 Team,3926.877,2026-03-29T05:15:44.245000000,False,None,False,True,3946.939,18.9,54.3,1011.7,False,36.7,143,1.5,Japanese Grand Prix
96.094,3,MEDIUM,1,35.745,42.33,18.019,1100.0,11110001100.0,1110000.0,3,10.0,1,True,4119.625,OCO,31,None,None,4059.318,4101.648,4119.667,255.0,334.0,277.0,293.0,True,Haas F1 Team,4023.531,2026-03-29T05:17:20.899000000,False,None,False,True,4066.945,18.9,54.5,1011.7,False,36.0,112,2.1,Japanese Grand Prix
95.956,4,MEDIUM,1,35.434,42.395,18.127,701111000.0,11100000000.0,0.0,4,10.0,1,True,4215.581,OCO,31,None,None,4155.101,4197.496,4215.623,256.0,332.0,276.0,292.0,True,Haas F1 Team,4119.625,2026-03-29T05:18:56.993000000,False,None,False,True,4126.951,19.0,54.0,1011.8,False,36.5,104,0.4,Japanese Grand Prix
96.746,5,MEDIUM,1,35.492,42.449,18.805,701000000.0,10000000100.0,0.0,5,10.0,1,False,4312.327,OCO,31,None,None,4251.115,4293.564,4312.369,257.0,333.0,278.0,284.0,True,Haas F1 Team,4215.581,2026-03-29T05:20:32.949000000,False,None,False,True,4246.946,19.1,53.2,1011.8,False,36.4,128,2.3,Japanese Grand Prix
96.55,6,MEDIUM,1,35.711,42.569,18.27,700000000.0,1000.0,0.0,6,9.0,1,False,4408.877,OCO,31,None,None,4348.08,4390.649,4408.919,258.0,325.0,276.0,288.0,True,Haas F1 Team,4312.327,2026-03-29T05:22:09.695000000,False,None,False,True,4306.945,19.2,52.0,1011.8,False,36.0,95,1.4,Japanese Grand Prix
96.288,7,MEDIUM,1,35.524,42.604,18.16,700010011.0,10000000000.0,110000.0,7,9.0,1,False,4505.165,OCO,31,None,None,4444.443,4487.047,4505.207,260.0,325.0,274.0,288.0,True,Haas F1 Team,4408.877,2026-03-29T05:23:46.245000000,False,None,False,True,4426.948,19.1,51.3,1011.8,False,35.7,130,1.3,Japanese Grand Prix
95.822,8,MEDIUM,1,35.434,42.322,18.066,701110001.0,11000001000.0,10000.0,8,9.0,1,True,4600.987,OCO,31,None,None,4540.641,4582.963,4601.029,259.0,327.0,276.0,287.0,True,Haas F1 Team,4505.165,2026-03-29T05:25:22.533000000,False,None,False,True,4546.949,19.0,51.7,1011.8,False,35.3,144,2.7,Japanese Grand Prix
96.357,9,MEDIUM,1,35.423,42.669,18.265,701101000.0,0.0,0.0,9,9.0,1,False,4697.344,OCO,31,None,None,4636.452,4679.121,4697.386,254.0,316.0,276.0,282.0,True,Haas F1 Team,4600.987,2026-03-29T05:26:58.355000000,False,None,False,True,4606.955,19.1,51.2,1011.7,False,34.6,120,2.3,Japanese Grand Prix
96.43,10,MEDIUM,1,35.578,42.565,18.287,701000000.0,100000000.0,0.0,10,9.0,1,False,4793.774,OCO,31,None,None,4732.964,4775.529,4793.816,252.0,315.0,276.0,280.0,True,Haas F1 Team,4697.344,2026-03-29T05:28:34.712000000,False,None,False,True,4726.95,19.0,51.2,1011.8,False,34.6,126,2.0,Japanese Grand Prix
96.476,11,MEDIUM,1,35.581,42.633,18.262,701000000.0,1100.0,10000.0,11,9.0,1,False,4890.25,OCO,31,None,None,4829.397,4872.03,4890.292,257.0,313.0,276.0,279.0,True,Haas F1 Team,4793.774,2026-03-29T05:30:11.142000000,False,None,False,True,4786.951,19.1,50.7,1011.7,False,34.0,142,1.5,Japanese Grand Prix
96.593,12,MEDIUM,1,35.653,42.664,18.276,701000000.0,1000.0,0.0,12,9.0,1,False,4986.843,OCO,31,None,None,4925.945,4968.609,4986.885,253.0,313.0,274.0,280.0,True,Haas F1 Team,4890.25,2026-03-29T05:31:47.618000000,False,None,False,True,4906.957,19.1,50.5,1011.9,False,33.7,82,1.3,Japanese Grand Prix
96.759,13,MEDIUM,1,35.759,42.592,18.408,700000000.0,10000000000.0,0.0,13,9.0,1,False,5083.602,OCO,31,None,None,5022.644,5065.236,5083.644,257.0,312.0,274.0,278.0,True,Haas F1 Team,4986.843,2026-03-29T05:33:24.211000000,False,None,False,True,5026.956,19.0,50.6,1011.8,False,33.8,151,2.0,Japanese Grand Prix
96.706,14,MEDIUM,1,35.739,42.639,18.328,700000000.0,0.0,0.0,14,9.0,1,False,5180.308,OCO,31,None,None,5119.383,5162.022,5180.35,258.0,312.0,275.0,277.0,True,Haas F1 Team,5083.602,2026-03-29T05:35:00.970000000,False,None,False,True,5086.955,19.0,50.6,1011.8,False,33.6,56,1.2,Japanese Grand Prix
96.608,15,MEDIUM,1,35.693,42.586,18.329,700100000.0,1000000000.0,0.0,15,9.0,1,False,5276.916,OCO,31,None,None,5216.043,5258.629,5276.958,256.0,311.0,275.0,277.0,True,Haas F1 Team,5180.308,2026-03-29T05:36:37.676000000,False,None,False,True,5206.955,18.8,51.4,1011.6,False,33.2,98,1.2,Japanese Grand Prix
96.779,16,MEDIUM,1,35.75,42.699,18.33,700000000.0,1000.0,0.0,16,9.0,1,False,5373.695,OCO,31,None,None,5312.708,5355.407,5373.737,257.0,311.0,276.0,277.0,True,Haas F1 Team,5276.916,2026-03-29T05:38:14.284000000,False,None,False,True,5266.957,18.8,50.8,1011.8,False,33.4,44,0.7,Japanese Grand Prix
97.457,17,MEDIUM,1,35.687,42.719,19.051,700000000.0,100000000.0,0.0,17,9.0,1,False,5471.152,OCO,31,None,None,5409.424,5452.143,5471.194,256.0,311.0,275.0,274.0,True,Haas F1 Team,5373.695,2026-03-29T05:39:51.063000000,False,None,False,True,5386.956,18.9,47.8,1011.8,False,32.9,133,2.6,Japanese Grand Prix
96.456,18,MEDIUM,1,35.804,42.384,18.268,700000000.0,100000000.0,0.0,18,9.0,1,False,5567.608,OCO,31,None,None,5506.998,5549.382,5567.65,258.0,332.0,277.0,289.0,True,Haas F1 Team,5471.152,2026-03-29T05:41:28.520000000,False,None,False,True,5506.96,18.8,48.7,1011.7,False,32.8,100,1.3,Japanese Grand Prix
98.899,19,MEDIUM,1,35.524,42.361,21.014,701000000.0,10100.0,555.0,19,9.0,1,False,5666.507,OCO,31,None,5665.165,5603.174,5645.535,5666.549,253.0,320.0,None,282.0,True,Haas F1 Team,5567.608,2026-03-29T05:43:04.976000000,False,None,False,False,5566.954,18.8,48.5,1011.7,False,32.2,24,1.7,Japanese Grand Prix
116.919,20,HARD,2,56.587,41.917,18.415,550101111.0,1010000100.0,11111.0,1,14.0,1,False,5783.426,OCO,31,5689.729,None,5723.136,5765.053,5783.468,264.0,318.0,280.0,271.0,True,Haas F1 Team,5666.507,2026-03-29T05:44:43.875000000,False,None,False,False,5686.962,18.7,49.2,1011.7,False,32.7,131,2.2,Japanese Grand Prix
99.072,21,HARD,2,34.854,42.212,22.006,111000.0,1100.0,0.0,2,14.0,124,False,5882.498,OCO,31,None,None,5818.322,5860.534,5882.54,258.0,313.0,102.0,278.0,True,Haas F1 Team,5783.426,2026-03-29T05:46:40.794000000,False,None,False,False,5806.966,18.6,49.9,1011.7,False,32.6,116,0.9,Japanese Grand Prix
125.682,22,HARD,2,49.401,53.717,22.564,700000001.0,0.0,0.0,3,14.0,4,False,6008.18,OCO,31,None,None,5931.941,5985.658,6008.222,265.0,197.0,258.0,251.0,True,Haas F1 Team,5882.498,2026-03-29T05:48:19.866000000,False,None,False,False,5866.963,18.6,50.4,1011.6,False,32.9,163,0.7,Japanese Grand Prix
127.988,23,HARD,2,45.337,59.938,22.713,700000000.0,0.0,0.0,4,12.0,4,False,6136.168,OCO,31,None,None,6053.559,6113.497,6136.21,232.0,255.0,258.0,240.0,True,Haas F1 Team,6008.18,2026-03-29T05:50:25.548000000,False,None,False,False,5986.965,18.5,51.5,1011.7,False,32.7,107,0.4,Japanese Grand Prix
124.437,24,HARD,2,38.04,62.059,24.338,700000001.0,0.0,0.0,5,11.0,4,False,6260.605,OCO,31,None,None,6174.25,6236.309,6260.647,266.0,250.0,223.0,242.0,True,Haas F1 Team,6136.168,2026-03-29T05:52:33.536000000,False,None,False,False,6166.968,18.5,51.1,1011.7,False,32.9,121,1.3,Japanese Grand Prix
150.61,25,HARD,2,49.613,73.53,27.467,700000000.0,0.0,0.0,6,11.0,4,False,6411.233,OCO,31,None,None,6310.451,6383.808,6411.346,116.0,255.0,212.0,123.0,True,Haas F1 Team,6260.605,2026-03-29T05:54:37.973000000,False,None,False,False,6286.968,18.5,51.8,1011.7,False,32.8,120,1.5,Japanese Grand Prix
148.089,26,HARD,2,53.51,65.081,29.498,700000000.0,0.0,0.0,7,11.0,4,False,6559.322,OCO,31,None,None,6464.785,6529.866,6559.364,142.0,219.0,159.0,225.0,True,Haas F1 Team,6411.233,2026-03-29T05:57:08.601000000,False,None,False,False,6406.972,18.5,50.7,1011.7,False,32.3,106,2.0,Japanese Grand Prix
135.872,27,HARD,2,46.806,61.886,27.18,700000000.0,0.0,11.0,8,11.0,41,False,6695.194,OCO,31,None,None,6606.17,6668.056,6695.236,200.0,138.0,283.0,140.0,True,Haas F1 Team,6559.322,2026-03-29T05:59:36.690000000,False,None,False,False,6586.973,18.3,50.5,1011.7,False,32.2,136,2.5,Japanese Grand Prix
96.64,28,HARD,2,35.637,42.438,18.565,110000000.0,3100000.0,111.0,9,11.0,1,False,6791.834,OCO,31,None,None,6730.873,6773.311,6791.876,263.0,324.0,284.0,286.0,True,Haas F1 Team,6695.194,2026-03-29T06:01:52.562000000,False,None,False,True,6706.975,18.3,47.7,1011.7,False,32.3,122,2.3,Japanese Grand Prix
94.428,29,HARD,2,34.967,41.652,17.809,11000000.0,1110010000.0,1000010.0,10,10.0,1,True,6886.262,OCO,31,None,None,6826.843,6868.495,6886.304,257.0,339.0,280.0,295.0,True,Haas F1 Team,6791.834,2026-03-29T06:03:29.202000000,False,None,False,True,6826.974,18.4,48.2,1011.7,False,32.4,132,2.6,Japanese Grand Prix
94.872,30,HARD,2,34.906,42.002,17.964,700010000.0,0.0,100000.0,11,10.0,1,False,6981.134,OCO,31,None,None,6921.21,6963.212,6981.176,260.0,332.0,280.0,290.0,True,Haas F1 Team,6886.262,2026-03-29T06:05:03.630000000,False,None,False,True,6886.976,18.4,47.6,1011.7,False,32.1,135,0.8,Japanese Grand Prix
94.631,31,HARD,2,34.816,41.835,17.98,700011000.0,10100000000.0,100010.0,12,10.0,1,False,7075.765,OCO,31,None,None,7015.992,7057.827,7075.807,260.0,333.0,281.0,291.0,True,Haas F1 Team,6981.134,2026-03-29T06:06:38.502000000,False,None,False,True,7006.979,18.4,49.7,1011.7,False,32.0,129,1.9,Japanese Grand Prix
94.665,32,HARD,2,34.937,41.793,17.935,700000000.0,10100000000.0,100000.0,13,10.0,1,False,7170.43,OCO,31,None,None,7110.744,7152.537,7170.472,259.0,332.0,281.0,290.0,True,Haas F1 Team,7075.765,2026-03-29T06:08:13.133000000,False,None,False,True,7126.981,18.5,50.7,1011.6,False,32.0,133,2.0,Japanese Grand Prix
94.697,33,HARD,2,34.877,41.879,17.941,700000000.0,0.0,1110.0,14,10.0,1,False,7265.127,OCO,31,None,None,7205.349,7247.228,7265.169,264.0,330.0,282.0,291.0,True,Haas F1 Team,7170.43,2026-03-29T06:09:47.798000000,False,None,False,True,7186.981,18.5,50.0,1011.7,False,31.5,140,1.1,Japanese Grand Prix
94.773,34,HARD,2,34.848,41.837,18.088,700010000.0,10000000000.0,0.0,15,10.0,1,False,7359.9,OCO,31,None,None,7300.017,7341.854,7359.942,261.0,334.0,281.0,293.0,True,Haas F1 Team,7265.127,2026-03-29T06:11:22.495000000,False,None,False,True,7306.992,18.5,51.0,1011.6,False,31.4,113,1.2,Japanese Grand Prix
94.881,35,HARD,2,34.875,41.765,18.241,700000000.0,1000.0,0.0,16,10.0,1,False,7454.781,OCO,31,None,None,7394.817,7436.582,7454.823,260.0,333.0,282.0,290.0,True,Haas F1 Team,7359.9,2026-03-29T06:12:57.268000000,False,None,False,True,7366.98,18.3,51.1,1011.6,False,31.4,154,2.4,Japanese Grand Prix
94.717,36,HARD,2,35.01,41.69,18.017,700000000.0,10100000000.0,0.0,17,10.0,1,False,7549.498,OCO,31,None,None,7489.833,7531.523,7549.54,261.0,332.0,282.0,290.0,True,Haas F1 Team,7454.781,2026-03-29T06:14:32.149000000,False,None,False,True,7486.983,18.1,52.4,1011.7,False,31.1,170,0.8,Japanese Grand Prix
94.858,37,HARD,2,34.796,41.713,18.349,700000000.0,1010.0,0.0,18,10.0,1,False,7644.356,OCO,31,None,None,7584.336,7626.049,7644.398,261.0,333.0,271.0,299.0,True,Haas F1 Team,7549.498,2026-03-29T06:16:06.866000000,False,None,False,True,7546.988,18.0,53.7,1011.6,False,31.0,138,1.5,Japanese Grand Prix
94.878,38,HARD,2,35.085,41.782,18.011,700000000.0,0.0,0.0,19,10.0,1,False,7739.234,OCO,31,None,None,7679.483,7721.265,7739.276,260.0,328.0,279.0,287.0,True,Haas F1 Team,7644.356,2026-03-29T06:17:41.724000000,False,None,False,True,7666.984,17.9,55.6,1011.6,False,30.7,88,0.8,Japanese Grand Prix
94.348,39,HARD,2,34.724,41.705,17.919,700000000.0,11000000000.0,101000.0,20,10.0,1,True,7833.582,OCO,31,None,None,7774.0,7815.705,7833.624,262.0,331.0,281.0,290.0,True,Haas F1 Team,7739.234,2026-03-29T06:19:16.602000000,False,None,False,True,7726.986,17.9,55.8,1011.7,False,31.1,119,1.8,Japanese Grand Prix
94.789,40,HARD,2,34.907,41.793,18.089,700000000.0,0.0,0.0,21,10.0,1,False,7928.371,OCO,31,None,None,7868.531,7910.324,7928.413,261.0,331.0,281.0,289.0,True,Haas F1 Team,7833.582,2026-03-29T06:20:50.950000000,False,None,False,True,7846.99,17.8,55.5,1011.6,False,31.0,167,1.0,Japanese Grand Prix
94.787,41,HARD,2,34.891,41.848,18.048,700010000.0,0.0,0.0,22,10.0,1,False,8023.158,OCO,31,None,None,7963.304,8005.152,8023.2,263.0,332.0,281.0,290.0,True,Haas F1 Team,7928.371,2026-03-29T06:22:25.739000000,False,None,False,True,7966.994,17.8,55.7,1011.6,False,30.7,140,0.6,Japanese Grand Prix
94.903,42,HARD,2,35.039,41.7,18.164,700000000.0,0.0,0.0,23,10.0,1,False,8118.061,OCO,31,None,None,8058.239,8099.939,8118.103,261.0,333.0,280.0,289.0,True,Haas F1 Team,8023.158,2026-03-29T06:24:00.526000000,False,None,False,True,8026.998,18.1,55.4,1011.6,False,30.6,153,2.5,Japanese Grand Prix
94.863,43,HARD,2,35.056,41.752,18.055,700000000.0,0.0,0.0,24,10.0,1,False,8212.924,OCO,31,None,None,8153.159,8194.911,8212.966,262.0,330.0,281.0,288.0,True,Haas F1 Team,8118.061,2026-03-29T06:25:35.429000000,False,None,False,True,8146.993,17.9,57.1,1011.7,False,30.4,140,0.9,Japanese Grand Prix
94.968,44,HARD,2,35.191,41.683,18.094,700000000.0,1000.0,0.0,25,10.0,1,False,8307.892,OCO,31,None,None,8248.157,8289.84,8307.934,262.0,331.0,281.0,289.0,True,Haas F1 Team,8212.924,2026-03-29T06:27:10.292000000,False,None,False,True,8207.003,17.9,57.3,1011.7,False,30.5,9,0.5,Japanese Grand Prix
94.967,45,HARD,2,35.109,41.755,18.103,700000000.0,0.0,0.0,26,10.0,1,False,8402.859,OCO,31,None,None,8343.043,8384.798,8402.901,261.0,330.0,281.0,288.0,True,Haas F1 Team,8307.892,2026-03-29T06:28:45.260000000,False,None,False,True,8326.995,18.0,56.5,1011.7,False,30.9,129,1.1,Japanese Grand Prix
94.785,46,HARD,2,35.019,41.713,18.053,700000000.0,0.0,0.0,27,10.0,1,False,8497.644,OCO,31,None,None,8437.92,8479.633,8497.686,263.0,330.0,281.0,288.0,True,Haas F1 Team,8402.859,2026-03-29T06:30:20.227000000,False,None,False,True,8386.994,18.0,56.6,1011.7,False,29.6,83,2.0,Japanese Grand Prix
94.917,47,HARD,2,35.092,41.752,18.073,700000000.0,0.0,0.0,28,10.0,1,False,8592.561,OCO,31,None,None,8532.778,8574.53,8592.603,263.0,329.0,281.0,288.0,True,Haas F1 Team,8497.644,2026-03-29T06:31:55.012000000,False,None,False,True,8507.001,17.9,57.4,1011.8,False,30.8,91,0.8,Japanese Grand Prix
94.692,48,HARD,2,34.981,41.62,18.091,701000000.0,1000.0,0.0,29,10.0,1,False,8687.253,OCO,31,None,None,8627.584,8669.204,8687.295,263.0,330.0,282.0,288.0,True,Haas F1 Team,8592.561,2026-03-29T06:33:29.929000000,False,None,False,True,8627.007,17.9,57.3,1011.8,False,30.2,81,1.3,Japanese Grand Prix
94.766,49,HARD,2,35.057,41.698,18.011,700000000.0,100000000.0,0.0,30,10.0,1,False,8782.019,OCO,31,None,None,8722.352,8764.05,8782.061,263.0,330.0,281.0,288.0,True,Haas F1 Team,8687.253,2026-03-29T06:35:04.621000000,False,None,False,True,8687.017,17.9,57.8,1011.7,False,30.9,110,0.9,Japanese Grand Prix
94.669,50,HARD,2,34.997,41.675,17.997,700000000.0,0.0,10.0,31,10.0,1,False,8876.688,OCO,31,None,None,8817.058,8858.733,8876.73,264.0,329.0,282.0,287.0,True,Haas F1 Team,8782.019,2026-03-29T06:36:39.387000000,False,None,False,True,8807.046,18.0,57.9,1011.7,False,30.6,128,1.5,Japanese Grand Prix
94.389,51,HARD,2,35.044,41.452,17.893,700000000.0,1000001000.0,0.0,32,10.0,1,False,8971.077,OCO,31,None,None,8911.774,8953.226,8971.119,262.0,332.0,283.0,288.0,True,Haas F1 Team,8876.688,2026-03-29T06:38:14.056000000,False,None,False,True,8867.045,17.8,59.2,1011.8,False,30.2,113,1.9,Japanese Grand Prix
94.268,52,HARD,2,34.846,41.504,17.918,700000000.0,0.0,111.0,33,10.0,1,True,9065.345,OCO,31,None,None,9005.965,9047.469,9065.387,262.0,333.0,284.0,289.0,True,Haas F1 Team,8971.077,2026-03-29T06:39:48.445000000,False,None,False,True,8987.049,17.6,59.8,1011.8,False,30.0,107,1.5,Japanese Grand Prix
94.256,53,HARD,2,34.859,41.56,17.837,700000000.0,0.0,10.0,34,10.0,1,True,9159.601,OCO,31,None,None,9100.246,9141.806,9159.643,263.0,337.0,280.0,292.0,True,Haas F1 Team,9065.345,2026-03-29T06:41:22.713000000,False,None,False,True,9047.054,17.4,61.3,1011.8,False,29.9,122,1.8,Japanese Grand Prix
105.73,1,MEDIUM,1,,44.598,18.524,11111111.0,11111111111.0,1111111.0,1,18.0,1,False,3930.694,PER,11,None,None,None,3912.407,3930.906,263.0,332.0,276.0,288.0,True,Cadillac,3824.711,2026-03-29T05:14:02.079000000,False,None,False,False,3826.937,18.8,55.5,1011.7,False,36.7,124,2.1,Japanese Grand Prix
97.947,2,MEDIUM,1,36.405,43.1,18.442,111111110.0,11111001111.0,1101000.0,2,18.0,1,True,4028.641,PER,11,None,None,3967.13,4010.23,4028.672,255.0,337.0,261.0,293.0,True,Cadillac,3930.694,2026-03-29T05:15:48.062000000,False,None,False,True,3946.939,18.9,54.3,1011.7,False,36.7,143,1.5,Japanese Grand Prix
98.292,3,MEDIUM,1,36.754,43.188,18.35,111110.0,10010000000.0,1010000.0,3,19.0,1,False,4126.933,PER,11,None,None,4065.426,4108.614,4126.964,256.0,336.0,267.0,294.0,True,Cadillac,4028.641,2026-03-29T05:17:26.009000000,False,None,False,True,4066.945,18.9,54.5,1011.7,False,36.0,112,2.1,Japanese Grand Prix
97.934,4,MEDIUM,1,36.36,42.981,18.593,701111000.0,11100001100.0,1100.0,4,19.0,1,True,4224.867,PER,11,None,None,4163.324,4206.305,4224.898,254.0,322.0,268.0,286.0,True,Cadillac,4126.933,2026-03-29T05:19:04.301000000,False,None,False,True,4126.951,19.0,54.0,1011.8,False,36.5,104,0.4,Japanese Grand Prix
97.605,5,MEDIUM,1,36.101,42.969,18.535,701010100.0,11100001000.0,10010.0,5,19.0,1,True,4322.472,PER,11,None,None,4260.999,4303.968,4322.503,256.0,318.0,271.0,284.0,True,Cadillac,4224.867,2026-03-29T05:20:42.235000000,False,None,False,True,4246.946,19.1,53.2,1011.8,False,36.4,128,2.3,Japanese Grand Prix
98.037,6,MEDIUM,1,35.966,43.315,18.756,701101000.0,0.0,110.0,6,19.0,1,False,4420.509,PER,11,None,None,4358.469,4401.784,4420.54,257.0,314.0,274.0,281.0,True,Cadillac,4322.472,2026-03-29T05:22:19.840000000,False,None,False,True,4306.945,19.2,52.0,1011.8,False,36.0,95,1.4,Japanese Grand Prix
98.207,7,MEDIUM,1,36.068,43.483,18.656,700010000.0,10000000000.0,0.0,7,19.0,1,False,4518.716,PER,11,None,None,4456.608,4500.091,4518.747,255.0,314.0,272.0,280.0,True,Cadillac,4420.509,2026-03-29T05:23:57.877000000,False,None,False,True,4426.948,19.1,51.3,1011.8,False,35.7,130,1.3,Japanese Grand Prix
98.126,8,MEDIUM,1,36.159,43.263,18.704,700001000.0,0.0,0.0,8,19.0,1,False,4616.842,PER,11,None,None,4554.906,4598.169,4616.873,253.0,315.0,274.0,279.0,True,Cadillac,4518.716,2026-03-29T05:25:36.084000000,False,None,False,True,4546.949,19.0,51.7,1011.8,False,35.3,144,2.7,Japanese Grand Prix
97.999,9,MEDIUM,1,36.081,43.287,18.631,700100000.0,10000001000.0,1111.0,9,19.0,1,False,4714.841,PER,11,None,None,4652.954,4696.241,4714.872,251.0,313.0,275.0,277.0,True,Cadillac,4616.842,2026-03-29T05:27:14.210000000,False,None,False,True,4606.955,19.1,51.2,1011.7,False,34.6,120,2.3,Japanese Grand Prix
98.258,10,MEDIUM,1,36.238,43.399,18.621,700000000.0,10000000000.0,1.0,10,19.0,1,False,4813.099,PER,11,None,None,4751.11,4794.509,4813.13,255.0,313.0,275.0,277.0,True,Cadillac,4714.841,2026-03-29T05:28:52.209000000,False,None,False,True,4726.95,19.0,51.2,1011.8,False,34.6,126,2.0,Japanese Grand Prix
97.864,11,MEDIUM,1,36.157,42.972,18.735,700000000.0,11000001000.0,0.0,11,19.0,1,False,4910.963,PER,11,None,None,4849.287,4892.259,4910.994,256.0,313.0,274.0,278.0,True,Cadillac,4813.099,2026-03-29T05:30:30.467000000,False,None,False,True,4786.951,19.1,50.7,1011.7,False,34.0,142,1.5,Japanese Grand Prix
97.952,12,MEDIUM,1,36.209,43.078,18.665,700000000.0,1001000000.0,0.0,12,19.0,1,False,5008.915,PER,11,None,None,4947.203,4990.281,5008.946,253.0,313.0,274.0,277.0,True,Cadillac,4910.963,2026-03-29T05:32:08.331000000,False,None,False,True,4906.957,19.1,50.5,1011.9,False,33.7,82,1.3,Japanese Grand Prix
97.942,13,MEDIUM,1,36.257,42.953,18.732,700000000.0,1000000000.0,0.0,13,19.0,1,False,5106.857,PER,11,None,None,5045.203,5088.156,5106.888,253.0,314.0,274.0,278.0,True,Cadillac,5008.915,2026-03-29T05:33:46.283000000,False,None,False,True,5026.956,19.0,50.6,1011.8,False,33.8,151,2.0,Japanese Grand Prix
97.902,14,MEDIUM,1,36.108,43.045,18.749,700000000.0,0.0,0.0,14,19.0,1,False,5204.759,PER,11,None,None,5142.996,5186.041,5204.79,254.0,314.0,275.0,277.0,True,Cadillac,5106.857,2026-03-29T05:35:24.225000000,False,None,False,True,5086.955,19.0,50.6,1011.8,False,33.6,56,1.2,Japanese Grand Prix
98.076,15,MEDIUM,1,36.11,43.216,18.75,700001000.0,0.0,0.0,15,19.0,1,False,5302.835,PER,11,None,None,5240.9,5284.116,5302.866,254.0,312.0,275.0,276.0,True,Cadillac,5204.759,2026-03-29T05:37:02.127000000,False,None,False,True,5206.955,18.8,51.4,1011.6,False,33.2,98,1.2,Japanese Grand Prix
97.789,16,MEDIUM,1,36.157,43.066,18.566,700000000.0,0.0,1000.0,16,19.0,1,False,5400.624,PER,11,None,None,5339.023,5382.089,5400.655,255.0,312.0,273.0,275.0,True,Cadillac,5302.835,2026-03-29T05:38:40.203000000,False,None,False,True,5266.957,18.8,50.8,1011.8,False,33.4,44,0.7,Japanese Grand Prix
97.91,17,MEDIUM,1,36.142,43.019,18.749,700000000.0,1000000.0,10.0,17,18.0,1,False,5498.534,PER,11,None,None,5436.797,5479.816,5498.565,253.0,312.0,274.0,274.0,True,Cadillac,5400.624,2026-03-29T05:40:17.992000000,False,None,False,True,5386.956,18.9,47.8,1011.8,False,32.9,133,2.6,Japanese Grand Prix
99.088,18,MEDIUM,1,36.279,43.995,18.814,700000000.0,1000000.0,0.0,18,18.0,1,False,5597.622,PER,11,None,None,5534.844,5578.839,5597.653,254.0,319.0,274.0,280.0,True,Cadillac,5498.534,2026-03-29T05:41:55.902000000,False,None,False,True,5506.96,18.8,48.7,1011.7,False,32.8,100,1.3,Japanese Grand Prix
97.961,19,MEDIUM,1,36.679,42.756,18.526,700000000.0,10000000.0,1.0,19,19.0,1,False,5695.583,PER,11,None,None,5634.332,5677.088,5695.614,253.0,323.0,277.0,284.0,True,Cadillac,5597.622,2026-03-29T05:43:34.990000000,False,None,False,True,5566.954,18.8,48.5,1011.7,False,32.2,24,1.7,Japanese Grand Prix
98.735,20,MEDIUM,1,35.961,44.018,18.756,700000000.0,7700.0,0.0,20,19.0,1,False,5794.318,PER,11,None,None,5731.575,5775.593,5794.349,253.0,315.0,275.0,278.0,True,Cadillac,5695.583,2026-03-29T05:45:12.951000000,True,TRACK LIMITS AT TURN 13 LAP 20 ,False,True,5686.962,18.7,49.2,1011.7,False,32.7,131,2.2,Japanese Grand Prix
108.146,21,MEDIUM,1,36.104,43.496,28.546,700000000.0,10000000.0,555.0,21,18.0,124,False,5902.464,PER,11,None,5901.054,5830.453,5873.949,5902.495,253.0,317.0,None,171.0,True,Cadillac,5794.318,2026-03-29T05:46:51.686000000,False,None,False,False,5806.966,18.6,49.9,1011.7,False,32.6,116,0.9,Japanese Grand Prix
146.275,22,HARD,2,65.515,57.054,23.706,550000000.0,0.0,0.0,1,18.0,4,False,6048.739,PER,11,5928.436,None,5968.01,6025.064,6048.77,201.0,215.0,217.0,210.0,True,Cadillac,5902.464,2026-03-29T05:48:39.832000000,False,None,False,False,5866.963,18.6,50.4,1011.6,False,32.9,163,0.7,Japanese Grand Prix
107.84,23,HARD,2,36.245,51.609,19.986,111101.0,11100000000.0,0.0,2,18.0,4,False,6156.579,PER,11,None,None,6085.015,6136.624,6156.61,273.0,266.0,272.0,259.0,True,Cadillac,6048.739,2026-03-29T05:51:06.107000000,False,None,False,False,5986.965,18.5,51.5,1011.7,False,32.7,107,0.4,Japanese Grand Prix
113.513,24,HARD,2,36.058,56.553,20.902,700000000.0,100000000.0,0.0,3,18.0,4,False,6270.092,PER,11,None,None,6192.668,6249.221,6270.123,266.0,262.0,267.0,259.0,True,Cadillac,6156.579,2026-03-29T05:52:53.947000000,False,None,False,False,6166.968,18.5,51.1,1011.7,False,32.9,121,1.3,Japanese Grand Prix
148.789,25,HARD,2,46.87,76.666,25.253,700000000.0,0.0,0.0,4,18.0,4,False,6418.881,PER,11,None,None,6316.993,6393.659,6418.912,142.0,266.0,191.0,232.0,True,Cadillac,6270.092,2026-03-29T05:54:47.460000000,False,None,False,False,6286.968,18.5,51.8,1011.7,False,32.8,120,1.5,Japanese Grand Prix
147.716,26,HARD,2,52.839,64.646,30.231,700000000.0,0.0,0.0,5,18.0,4,False,6566.597,PER,11,None,None,6471.751,6536.397,6566.628,126.0,166.0,133.0,247.0,True,Cadillac,6418.881,2026-03-29T05:57:16.249000000,False,None,False,False,6406.972,18.5,50.7,1011.7,False,32.3,106,2.0,Japanese Grand Prix
132.022,27,HARD,2,46.077,60.446,25.499,700000000.0,0.0,0.0,6,18.0,41,False,6698.619,PER,11,None,None,6612.705,6673.151,6698.65,182.0,152.0,275.0,161.0,True,Cadillac,6566.597,2026-03-29T05:59:43.965000000,False,None,False,False,6586.973,18.3,50.5,1011.7,False,32.2,136,2.5,Japanese Grand Prix
96.988,28,HARD,2,35.861,42.705,18.422,110000000.0,11110010.0,1111.0,7,18.0,1,True,6795.607,PER,11,None,None,6734.511,6777.216,6795.638,258.0,331.0,280.0,293.0,True,Cadillac,6698.619,2026-03-29T06:01:55.987000000,False,None,False,True,6706.975,18.3,47.7,1011.7,False,32.3,122,2.3,Japanese Grand Prix
96.293,29,HARD,2,35.675,42.401,18.217,1000010.0,10000101.0,1100000.0,8,18.0,1,True,6891.9,PER,11,None,None,6831.313,6873.714,6891.931,254.0,338.0,278.0,296.0,True,Cadillac,6795.607,2026-03-29T06:03:32.975000000,False,None,False,True,6826.974,18.4,48.2,1011.7,False,32.4,132,2.6,Japanese Grand Prix
96.86,30,HARD,2,35.791,42.817,18.252,700000000.0,0.0,11.0,9,18.0,1,False,6988.76,PER,11,None,None,6927.722,6970.539,6988.791,260.0,335.0,280.0,293.0,True,Cadillac,6891.9,2026-03-29T06:05:09.268000000,False,None,False,True,6886.976,18.4,47.6,1011.7,False,32.1,135,0.8,Japanese Grand Prix
96.192,31,HARD,2,35.452,42.496,18.244,700000000.0,100000000.0,100000.0,10,18.0,1,True,7084.952,PER,11,None,None,7024.243,7066.739,7084.983,255.0,333.0,277.0,290.0,True,Cadillac,6988.76,2026-03-29T06:06:46.128000000,False,None,False,True,7006.979,18.4,49.7,1011.7,False,32.0,129,1.9,Japanese Grand Prix
96.564,32,HARD,2,35.572,42.567,18.425,701000000.0,1100.0,1110.0,11,18.0,1,False,7181.516,PER,11,None,None,7120.555,7163.122,7181.547,263.0,319.0,277.0,284.0,True,Cadillac,7084.952,2026-03-29T06:08:22.320000000,False,None,False,True,7126.981,18.5,50.7,1011.6,False,32.0,133,2.0,Japanese Grand Prix
96.366,33,HARD,2,35.467,42.635,18.264,700100000.0,1000000100.0,110.0,12,18.0,1,False,7277.882,PER,11,None,None,7217.014,7259.649,7277.913,255.0,318.0,278.0,283.0,True,Cadillac,7181.516,2026-03-29T06:09:58.884000000,False,None,False,True,7186.981,18.5,50.0,1011.7,False,31.5,140,1.1,Japanese Grand Prix
96.37,34,HARD,2,35.418,42.607,18.345,700110000.0,100.0,0.0,13,18.0,1,False,7374.252,PER,11,None,None,7313.331,7355.938,7374.283,258.0,316.0,277.0,282.0,True,Cadillac,7277.882,2026-03-29T06:11:35.250000000,False,None,False,True,7306.992,18.5,51.0,1011.6,False,31.4,113,1.2,Japanese Grand Prix
96.07,35,HARD,2,35.293,42.422,18.355,700011010.0,1001001100.0,101.0,14,18.0,1,True,7470.322,PER,11,None,None,7409.576,7451.998,7470.353,256.0,316.0,279.0,281.0,True,Cadillac,7374.252,2026-03-29T06:13:11.620000000,False,None,False,True,7366.98,18.3,51.1,1011.6,False,31.4,154,2.4,Japanese Grand Prix
96.238,36,HARD,2,35.308,42.528,18.402,701001000.0,1000.0,10.0,15,18.0,1,False,7566.56,PER,11,None,None,7505.661,7548.189,7566.591,255.0,315.0,280.0,278.0,True,Cadillac,7470.322,2026-03-29T06:14:47.690000000,False,None,False,True,7486.983,18.1,52.4,1011.7,False,31.1,170,0.8,Japanese Grand Prix
96.249,37,HARD,2,35.456,42.342,18.451,700000000.0,1101001000.0,0.0,16,18.0,1,False,7662.809,PER,11,None,None,7602.047,7644.389,7662.84,254.0,316.0,277.0,280.0,True,Cadillac,7566.56,2026-03-29T06:16:23.928000000,False,None,False,True,7546.988,18.0,53.7,1011.6,False,31.0,138,1.5,Japanese Grand Prix
96.365,38,HARD,2,35.413,42.431,18.521,700011000.0,0.0,0.0,17,18.0,1,False,7759.174,PER,11,None,None,7698.253,7740.684,7759.205,254.0,317.0,279.0,280.0,True,Cadillac,7662.809,2026-03-29T06:18:00.177000000,False,None,False,True,7666.984,17.9,55.6,1011.6,False,30.7,88,0.8,Japanese Grand Prix
96.059,39,HARD,2,35.067,42.511,18.481,701011010.0,0.0,0.0,18,18.0,1,True,7855.233,PER,11,None,None,7794.272,7836.783,7855.264,260.0,314.0,278.0,278.0,True,Cadillac,7759.174,2026-03-29T06:19:36.542000000,False,None,False,True,7726.986,17.9,55.8,1011.7,False,31.1,119,1.8,Japanese Grand Prix
96.26,40,HARD,2,35.202,42.536,18.522,700010100.0,0.0,0.0,19,18.0,1,False,7951.493,PER,11,None,None,7890.466,7933.002,7951.524,255.0,314.0,278.0,277.0,True,Cadillac,7855.233,2026-03-29T06:21:12.601000000,False,None,False,True,7846.99,17.8,55.5,1011.6,False,31.0,167,1.0,Japanese Grand Prix
96.621,41,HARD,2,35.258,42.888,18.475,700000010.0,1000000000.0,10.0,20,18.0,1,False,8048.114,PER,11,None,None,7986.782,8029.67,8048.145,258.0,312.0,279.0,276.0,True,Cadillac,7951.493,2026-03-29T06:22:48.861000000,False,None,False,True,7966.994,17.8,55.7,1011.6,False,30.7,140,0.6,Japanese Grand Prix
96.226,42,HARD,2,35.361,42.323,18.542,700000000.0,0.0,0.0,21,18.0,1,False,8144.34,PER,11,None,None,8083.506,8125.829,8144.371,255.0,315.0,279.0,276.0,True,Cadillac,8048.114,2026-03-29T06:24:25.482000000,False,None,False,True,8026.998,18.1,55.4,1011.6,False,30.6,153,2.5,Japanese Grand Prix
96.354,43,HARD,2,35.386,42.415,18.553,700000000.0,0.0,0.0,22,18.0,1,False,8240.694,PER,11,None,None,8179.757,8222.172,8240.725,255.0,314.0,279.0,276.0,True,Cadillac,8144.34,2026-03-29T06:26:01.708000000,False,None,False,True,8146.993,17.9,57.1,1011.7,False,30.4,140,0.9,Japanese Grand Prix
96.229,44,HARD,2,35.373,42.342,18.514,700010000.0,1100000000.0,0.0,23,18.0,1,False,8336.923,PER,11,None,None,8276.098,8318.44,8336.954,254.0,315.0,279.0,276.0,True,Cadillac,8240.694,2026-03-29T06:27:38.062000000,False,None,False,True,8207.003,17.9,57.3,1011.7,False,30.5,9,0.5,Japanese Grand Prix
96.161,45,HARD,2,35.299,42.393,18.469,700000000.0,1000000.0,0.0,24,18.0,1,False,8433.084,PER,11,None,None,8372.253,8414.646,8433.115,254.0,313.0,279.0,275.0,True,Cadillac,8336.923,2026-03-29T06:29:14.291000000,False,None,False,True,8326.995,18.0,56.5,1011.7,False,30.9,129,1.1,Japanese Grand Prix
96.088,46,HARD,2,35.315,42.305,18.468,700000000.0,1000000000.0,0.0,25,17.0,1,False,8529.172,PER,11,None,None,8468.43,8510.735,8529.203,257.0,314.0,280.0,276.0,True,Cadillac,8433.084,2026-03-29T06:30:50.452000000,False,None,False,True,8386.994,18.0,56.6,1011.7,False,29.6,83,2.0,Japanese Grand Prix
96.104,47,HARD,2,35.261,42.331,18.512,700000000.0,1000000.0,10.0,26,17.0,1,False,8625.276,PER,11,None,None,8564.464,8606.795,8625.307,256.0,312.0,280.0,274.0,True,Cadillac,8529.172,2026-03-29T06:32:26.540000000,False,None,False,True,8507.001,17.9,57.4,1011.8,False,30.8,91,0.8,Japanese Grand Prix
95.96,48,HARD,2,35.222,42.185,18.553,700001000.0,1000000000.0,0.0,27,17.0,1,True,8721.236,PER,11,None,None,8660.529,8702.714,8721.267,255.0,314.0,280.0,275.0,True,Cadillac,8625.276,2026-03-29T06:34:02.644000000,False,None,False,True,8627.007,17.9,57.3,1011.8,False,30.2,81,1.3,Japanese Grand Prix
96.18,49,HARD,2,35.3,42.372,18.508,700010000.0,0.0,101.0,28,17.0,1,False,8817.416,PER,11,None,None,8756.567,8798.939,8817.447,255.0,314.0,280.0,276.0,True,Cadillac,8721.236,2026-03-29T06:35:38.604000000,False,None,False,True,8687.017,17.9,57.8,1011.7,False,30.9,110,0.9,Japanese Grand Prix
96.069,50,HARD,2,35.36,42.25,18.459,700010000.0,0.0,111.0,29,17.0,1,False,8913.485,PER,11,None,None,8852.807,8895.057,8913.516,256.0,313.0,281.0,275.0,True,Cadillac,8817.416,2026-03-29T06:37:14.784000000,False,None,False,True,8807.046,18.0,57.9,1011.7,False,30.6,128,1.5,Japanese Grand Prix
95.994,51,HARD,2,35.164,42.324,18.506,701001100.0,10000000000.0,111.0,30,17.0,1,False,9009.479,PER,11,None,None,8948.68,8991.004,9009.51,255.0,317.0,281.0,277.0,True,Cadillac,8913.485,2026-03-29T06:38:50.853000000,False,None,False,True,8867.045,17.8,59.2,1011.8,False,30.2,113,1.9,Japanese Grand Prix
95.704,52,HARD,2,35.165,42.243,18.296,700000000.0,1000100.0,10011.0,31,17.0,1,True,9105.183,PER,11,None,None,9044.675,9086.918,9105.214,261.0,313.0,281.0,276.0,True,Cadillac,9009.479,2026-03-29T06:40:26.847000000,False,None,False,True,8987.049,17.6,59.8,1011.8,False,30.0,107,1.5,Japanese Grand Prix
95.637,53,HARD,2,35.104,42.095,18.438,700000100.0,1000000.0,11.0,32,17.0,1,True,9200.82,PER,11,None,None,9140.318,9182.413,9200.851,257.0,315.0,281.0,277.0,True,Cadillac,9105.183,2026-03-29T06:42:02.551000000,False,None,False,True,9047.054,17.4,61.3,1011.8,False,29.9,122,1.8,Japanese Grand Prix
95.268,1,MEDIUM,1,,41.939,18.112,13333331.0,31111111111.0,1113333.0,1,1.0,1,False,3920.232,PIA,81,None,None,None,3902.299,3920.421,280.0,313.0,279.0,279.0,True,McLaren,3824.711,2026-03-29T05:14:02.079000000,False,None,False,False,3826.937,18.8,55.5,1011.7,False,36.7,124,2.1,Japanese Grand Prix
94.949,2,MEDIUM,1,34.349,42.319,18.281,113133000.0,10000010.0,0.0,2,1.0,1,True,4015.181,PIA,81,None,None,3954.635,3996.954,4015.235,259.0,306.0,277.0,276.0,True,McLaren,3920.232,2026-03-29T05:15:37.600000000,False,None,False,True,3946.939,18.9,54.3,1011.7,False,36.7,143,1.5,Japanese Grand Prix
94.999,3,MEDIUM,1,34.51,42.299,18.19,0.0,1000.0,30000.0,3,1.0,1,False,4110.18,PIA,81,None,None,4049.745,4092.044,4110.234,261.0,307.0,278.0,277.0,True,McLaren,4015.181,2026-03-29T05:17:12.549000000,False,None,False,True,4066.945,18.9,54.5,1011.7,False,36.0,112,2.1,Japanese Grand Prix
95.136,4,MEDIUM,1,34.595,42.378,18.163,700030000.0,1000.0,30000.0,4,1.0,1,False,4205.316,PIA,81,None,None,4144.829,4187.207,4205.37,256.0,306.0,278.0,276.0,True,McLaren,4110.18,2026-03-29T05:18:47.548000000,False,None,False,True,4126.951,19.0,54.0,1011.8,False,36.5,104,0.4,Japanese Grand Prix
95.124,5,MEDIUM,1,34.698,42.189,18.237,701000000.0,1000000000.0,0.0,5,1.0,1,False,4300.44,PIA,81,None,None,4240.068,4282.257,4300.494,260.0,307.0,278.0,277.0,True,McLaren,4205.316,2026-03-29T05:20:22.684000000,False,None,False,True,4246.946,19.1,53.2,1011.8,False,36.4,128,2.3,Japanese Grand Prix
95.109,6,MEDIUM,1,34.75,42.041,18.318,111000000.0,3100001000.0,0.0,6,1.0,1,False,4395.549,PIA,81,None,None,4335.244,4377.285,4395.603,260.0,307.0,278.0,277.0,True,McLaren,4300.44,2026-03-29T05:21:57.808000000,False,None,False,True,4306.945,19.2,52.0,1011.8,False,36.0,95,1.4,Japanese Grand Prix
95.078,7,MEDIUM,1,34.677,42.099,18.302,710000000.0,1010.0,1.0,7,1.0,1,False,4490.627,PIA,81,None,None,4430.28,4472.379,4490.681,258.0,306.0,279.0,277.0,True,McLaren,4395.549,2026-03-29T05:23:32.917000000,False,None,False,True,4426.948,19.1,51.3,1011.8,False,35.7,130,1.3,Japanese Grand Prix
95.815,8,MEDIUM,1,34.664,42.178,18.973,710000000.0,0.0,1.0,8,2.0,1,False,4586.442,PIA,81,None,None,4525.345,4567.523,4586.496,260.0,305.0,282.0,277.0,True,McLaren,4490.627,2026-03-29T05:25:07.995000000,False,None,False,True,4546.949,19.0,51.7,1011.8,False,35.3,144,2.7,Japanese Grand Prix
94.793,9,MEDIUM,1,34.579,42.047,18.167,710000000.0,0.0,10000.0,9,1.0,1,True,4681.235,PIA,81,None,None,4621.075,4663.122,4681.289,262.0,310.0,279.0,278.0,True,McLaren,4586.442,2026-03-29T05:26:43.810000000,False,None,False,True,4606.955,19.1,51.2,1011.7,False,34.6,120,2.3,Japanese Grand Prix
95.111,10,MEDIUM,1,34.906,42.079,18.126,0.0,0.0,0.0,10,1.0,1,False,4776.346,PIA,81,None,None,4716.195,4758.274,4776.4,258.0,311.0,279.0,278.0,True,McLaren,4681.235,2026-03-29T05:28:18.603000000,False,None,False,True,4726.95,19.0,51.2,1011.8,False,34.6,126,2.0,Japanese Grand Prix
95.419,11,MEDIUM,1,34.898,42.258,18.263,700000000.0,1000.0,0.0,11,1.0,1,False,4871.765,PIA,81,None,None,4811.298,4853.556,4871.819,257.0,305.0,278.0,276.0,True,McLaren,4776.346,2026-03-29T05:29:53.714000000,False,None,False,True,4786.951,19.1,50.7,1011.7,False,34.0,142,1.5,Japanese Grand Prix
95.108,12,MEDIUM,1,34.982,41.999,18.127,700000000.0,3010000000.0,100000.0,12,1.0,1,False,4966.873,PIA,81,None,None,4906.801,4948.8,4966.927,260.0,309.0,279.0,277.0,True,McLaren,4871.765,2026-03-29T05:31:29.133000000,False,None,False,True,4906.957,19.1,50.5,1011.9,False,33.7,82,1.3,Japanese Grand Prix
94.856,13,MEDIUM,1,34.656,42.081,18.119,700000000.0,10000000000.0,0.0,13,1.0,1,False,5061.729,PIA,81,None,None,5001.583,5043.664,5061.783,260.0,309.0,279.0,278.0,True,McLaren,4966.873,2026-03-29T05:33:04.241000000,False,None,False,True,5026.956,19.0,50.6,1011.8,False,33.8,151,2.0,Japanese Grand Prix
95.095,14,MEDIUM,1,34.746,42.149,18.2,701000000.0,0.0,0.0,14,1.0,1,False,5156.824,PIA,81,None,None,5096.529,5138.678,5156.878,259.0,309.0,279.0,277.0,True,McLaren,5061.729,2026-03-29T05:34:39.097000000,False,None,False,True,5086.955,19.0,50.6,1011.8,False,33.6,56,1.2,Japanese Grand Prix
94.905,15,MEDIUM,1,34.666,42.047,18.192,700000000.0,0.0,0.0,15,1.0,1,False,5251.729,PIA,81,None,None,5191.544,5233.591,5251.783,260.0,307.0,279.0,277.0,True,McLaren,5156.824,2026-03-29T05:36:14.192000000,False,None,False,True,5206.955,18.8,51.4,1011.6,False,33.2,98,1.2,Japanese Grand Prix
94.885,16,MEDIUM,1,34.712,41.994,18.179,700000000.0,11000000000.0,0.0,16,1.0,1,False,5346.614,PIA,81,None,None,5286.495,5328.489,5346.668,261.0,309.0,279.0,278.0,True,McLaren,5251.729,2026-03-29T05:37:49.097000000,False,None,False,True,5266.957,18.8,50.8,1011.8,False,33.4,44,0.7,Japanese Grand Prix
94.916,17,MEDIUM,1,34.71,42.102,18.104,700000000.0,0.0,0.0,17,1.0,1,False,5441.53,PIA,81,None,None,5381.378,5423.48,5441.584,263.0,309.0,280.0,277.0,True,McLaren,5346.614,2026-03-29T05:39:23.982000000,False,None,False,True,5386.956,18.9,47.8,1011.8,False,32.9,133,2.6,Japanese Grand Prix
97.327,18,MEDIUM,1,34.808,41.961,20.558,701000000.0,101000001.0,1000555.0,18,2.0,1,False,5538.857,PIA,81,None,5537.551,5476.392,5518.353,5538.911,260.0,314.0,None,279.0,True,McLaren,5441.53,2026-03-29T05:40:58.898000000,False,None,False,False,5506.96,18.8,48.7,1011.7,False,32.8,100,1.3,Japanese Grand Prix
114.537,19,HARD,2,54.877,41.678,17.982,550000000.0,1103000011.0,1100000.0,1,6.0,1,False,5653.394,PIA,81,5560.993,None,5593.788,5635.466,5653.448,263.0,320.0,281.0,286.0,True,McLaren,5538.857,2026-03-29T05:42:36.225000000,False,None,False,False,5566.954,18.8,48.5,1011.7,False,32.2,24,1.7,Japanese Grand Prix
94.774,20,HARD,2,34.54,41.948,18.286,11000000.0,3010011.0,1000001.0,2,6.0,1,True,5748.168,PIA,81,None,None,5687.988,5729.936,5748.222,263.0,329.0,284.0,289.0,True,McLaren,5653.394,2026-03-29T05:44:30.762000000,False,None,False,True,5686.962,18.7,49.2,1011.7,False,32.7,131,2.2,Japanese Grand Prix
94.01,21,HARD,2,34.223,41.834,17.953,110000000.0,0.0,100000.0,3,5.0,1,True,5842.178,PIA,81,None,None,5782.445,5824.279,5842.232,261.0,319.0,282.0,286.0,True,McLaren,5748.168,2026-03-29T05:46:05.536000000,False,None,False,True,5806.966,18.6,49.9,1011.7,False,32.6,116,0.9,Japanese Grand Prix
118.972,22,HARD,2,34.448,60.223,24.301,1000000.0,0.0,0.0,4,3.0,124,False,5961.15,PIA,81,None,None,5876.68,5936.903,5961.204,207.0,286.0,184.0,239.0,True,McLaren,5842.178,2026-03-29T05:47:39.546000000,False,None,False,False,5866.963,18.6,50.4,1011.6,False,32.9,163,0.7,Japanese Grand Prix
138.911,23,HARD,2,45.225,63.564,30.122,700000000.0,0.0,0.0,5,2.0,4,False,6100.061,PIA,81,None,None,6006.429,6069.993,6100.115,228.0,221.0,222.0,172.0,True,McLaren,5961.15,2026-03-29T05:49:38.518000000,False,None,False,False,5986.965,18.5,51.5,1011.7,False,32.7,107,0.4,Japanese Grand Prix
149.294,24,HARD,2,50.924,71.587,26.783,700000000.0,0.0,0.0,6,2.0,4,False,6249.355,PIA,81,None,None,6151.039,6222.626,6249.409,223.0,213.0,214.0,166.0,True,McLaren,6100.061,2026-03-29T05:51:57.429000000,False,None,False,False,6166.968,18.5,51.1,1011.7,False,32.9,121,1.3,Japanese Grand Prix
150.382,25,HARD,2,51.457,71.673,27.252,700000000.0,0.0,0.0,7,2.0,4,False,6399.734,PIA,81,None,None,6300.933,6372.636,6399.964,217.0,240.0,151.0,134.0,True,McLaren,6249.355,2026-03-29T05:54:26.723000000,False,None,False,False,6286.968,18.5,51.8,1011.7,False,32.8,120,1.5,Japanese Grand Prix
145.382,26,HARD,2,54.935,63.66,26.787,700000000.0,0.0,0.0,8,2.0,4,False,6545.116,PIA,81,None,None,6454.723,6518.383,6545.17,211.0,240.0,247.0,171.0,True,McLaren,6399.734,2026-03-29T05:56:57.102000000,False,None,False,False,6406.972,18.5,50.7,1011.7,False,32.3,106,2.0,Japanese Grand Prix
146.074,27,HARD,2,49.755,67.419,28.9,700000000.0,0.0,0.0,9,2.0,41,False,6691.19,PIA,81,None,None,6594.925,6662.344,6691.244,249.0,117.0,277.0,119.0,True,McLaren,6545.116,2026-03-29T05:59:22.484000000,False,None,False,False,6586.973,18.3,50.5,1011.7,False,32.2,136,2.5,Japanese Grand Prix
94.314,28,HARD,2,34.687,41.607,18.02,710000000.0,1010000100.0,110.0,10,2.0,1,False,6785.504,PIA,81,None,None,6725.931,6767.538,6785.558,263.0,313.0,283.0,280.0,True,McLaren,6691.19,2026-03-29T06:01:48.558000000,False,None,False,True,6706.975,18.3,47.7,1011.7,False,32.3,122,2.3,Japanese Grand Prix
93.667,29,HARD,2,34.162,41.491,18.014,700010000.0,11000001000.0,0.0,11,2.0,1,True,6879.171,PIA,81,None,None,6819.72,6861.211,6879.225,260.0,316.0,281.0,282.0,True,McLaren,6785.504,2026-03-29T06:03:22.872000000,False,None,False,True,6826.974,18.4,48.2,1011.7,False,32.4,132,2.6,Japanese Grand Prix
93.699,30,HARD,2,34.171,41.504,18.024,700001000.0,1000000100.0,110.0,12,2.0,1,False,6972.87,PIA,81,None,None,6913.396,6954.9,6972.924,259.0,310.0,282.0,280.0,True,McLaren,6879.171,2026-03-29T06:04:56.539000000,False,None,False,True,6886.976,18.4,47.6,1011.7,False,32.1,135,0.8,Japanese Grand Prix
93.41,31,HARD,2,34.117,41.379,17.914,700010000.0,10100001000.0,100010.0,13,2.0,1,True,7066.28,PIA,81,None,None,7007.041,7048.42,7066.334,262.0,315.0,283.0,281.0,True,McLaren,6972.87,2026-03-29T06:06:30.238000000,False,None,False,True,7006.979,18.4,49.7,1011.7,False,32.0,129,1.9,Japanese Grand Prix
93.605,32,HARD,2,34.092,41.588,17.925,701030000.0,1000.0,10.0,14,2.0,1,False,7159.885,PIA,81,None,None,7100.426,7142.014,7159.939,263.0,311.0,283.0,279.0,True,McLaren,7066.28,2026-03-29T06:08:03.648000000,False,None,False,True,7126.981,18.5,50.7,1011.6,False,32.0,133,2.0,Japanese Grand Prix
93.484,33,HARD,2,33.973,41.471,18.04,701001000.0,1100000000.0,0.0,15,2.0,1,False,7253.369,PIA,81,None,None,7193.912,7235.383,7253.423,262.0,313.0,282.0,281.0,True,McLaren,7159.885,2026-03-29T06:09:37.253000000,False,None,False,True,7186.981,18.5,50.0,1011.7,False,31.5,140,1.1,Japanese Grand Prix
93.401,34,HARD,2,33.983,41.44,17.978,700001000.0,101000000.0,100100.0,16,2.0,1,True,7346.77,PIA,81,None,None,7287.406,7328.846,7346.824,263.0,316.0,283.0,282.0,True,McLaren,7253.369,2026-03-29T06:11:10.737000000,False,None,False,True,7306.992,18.5,51.0,1011.6,False,31.4,113,1.2,Japanese Grand Prix
93.509,35,HARD,2,34.01,41.429,18.07,700001000.0,1000.0,0.0,17,2.0,1,False,7440.279,PIA,81,None,None,7380.834,7422.263,7440.333,260.0,312.0,283.0,280.0,True,McLaren,7346.77,2026-03-29T06:12:44.138000000,False,None,False,True,7366.98,18.3,51.1,1011.6,False,31.4,154,2.4,Japanese Grand Prix
93.411,36,HARD,2,34.037,41.413,17.961,700000000.0,100000000.0,11.0,18,2.0,1,False,7533.69,PIA,81,None,None,7474.37,7515.783,7533.744,260.0,314.0,283.0,281.0,True,McLaren,7440.279,2026-03-29T06:14:17.647000000,False,None,False,True,7486.983,18.1,52.4,1011.7,False,31.1,170,0.8,Japanese Grand Prix
93.708,37,HARD,2,34.143,41.53,18.035,700000000.0,0.0,0.0,19,2.0,1,False,7627.398,PIA,81,None,None,7567.887,7609.417,7627.452,260.0,315.0,283.0,280.0,True,McLaren,7533.69,2026-03-29T06:15:51.058000000,False,None,False,True,7546.988,18.0,53.7,1011.6,False,31.0,138,1.5,Japanese Grand Prix
93.712,38,HARD,2,34.06,41.632,18.02,701000000.0,0.0,0.0,20,2.0,1,False,7721.11,PIA,81,None,None,7661.512,7703.144,7721.164,261.0,315.0,283.0,281.0,True,McLaren,7627.398,2026-03-29T06:17:24.766000000,False,None,False,True,7666.984,17.9,55.6,1011.6,False,30.7,88,0.8,Japanese Grand Prix
93.467,39,HARD,2,34.091,41.454,17.922,700001000.0,1000.0,111.0,21,2.0,1,False,7814.577,PIA,81,None,None,7755.255,7796.709,7814.631,259.0,313.0,284.0,281.0,True,McLaren,7721.11,2026-03-29T06:18:58.478000000,False,None,False,True,7726.986,17.9,55.8,1011.7,False,31.1,119,1.8,Japanese Grand Prix
93.469,40,HARD,2,33.973,41.488,18.008,700001000.0,1000000000.0,0.0,22,2.0,1,False,7908.046,PIA,81,None,None,7848.604,7890.092,7908.1,263.0,312.0,283.0,280.0,True,McLaren,7814.577,2026-03-29T06:20:31.945000000,False,None,False,True,7846.99,17.8,55.5,1011.6,False,31.0,167,1.0,Japanese Grand Prix
93.764,41,HARD,2,34.144,41.495,18.125,700000000.0,1000000000.0,0.0,23,2.0,1,False,8001.81,PIA,81,None,None,7942.244,7983.739,8001.864,260.0,313.0,282.0,280.0,True,McLaren,7908.046,2026-03-29T06:22:05.414000000,False,None,False,True,7966.994,17.8,55.7,1011.6,False,30.7,140,0.6,Japanese Grand Prix
93.513,42,HARD,2,34.093,41.428,17.992,700000000.0,1101000000.0,0.0,24,2.0,1,False,8095.323,PIA,81,None,None,8035.957,8077.385,8095.377,263.0,314.0,283.0,280.0,True,McLaren,8001.81,2026-03-29T06:23:39.178000000,False,None,False,True,8026.998,18.1,55.4,1011.6,False,30.6,153,2.5,Japanese Grand Prix
93.518,43,HARD,2,34.075,41.509,17.934,700000000.0,1000.0,100.0,25,2.0,1,False,8188.841,PIA,81,None,None,8129.452,8170.961,8188.895,260.0,313.0,284.0,279.0,True,McLaren,8095.323,2026-03-29T06:25:12.691000000,False,None,False,True,8146.993,17.9,57.1,1011.7,False,30.4,140,0.9,Japanese Grand Prix
93.431,44,HARD,2,34.012,41.389,18.03,701000000.0,0.0,0.0,26,2.0,1,False,8282.272,PIA,81,None,None,8222.907,8264.296,8282.326,261.0,313.0,284.0,280.0,True,McLaren,8188.841,2026-03-29T06:26:46.209000000,False,None,False,True,8207.003,17.9,57.3,1011.7,False,30.5,9,0.5,Japanese Grand Prix
93.523,45,HARD,2,34.114,41.348,18.061,700000000.0,10.0,0.0,27,2.0,1,False,8375.795,PIA,81,None,None,8316.44,8357.788,8375.849,261.0,313.0,284.0,280.0,True,McLaren,8282.272,2026-03-29T06:28:19.640000000,False,None,False,True,8326.995,18.0,56.5,1011.7,False,30.9,129,1.1,Japanese Grand Prix
93.329,46,HARD,2,34.061,41.333,17.935,700000000.0,0.0,111.0,28,2.0,1,True,8469.124,PIA,81,None,None,8409.91,8451.243,8469.178,263.0,314.0,284.0,282.0,True,McLaren,8375.795,2026-03-29T06:29:53.163000000,False,None,False,True,8386.994,18.0,56.6,1011.7,False,29.6,83,2.0,Japanese Grand Prix
93.197,47,HARD,2,34.033,41.308,17.856,700000000.0,10000000000.0,100031.0,29,2.0,1,True,8562.321,PIA,81,None,None,8503.211,8544.519,8562.375,265.0,317.0,286.0,283.0,True,McLaren,8469.124,2026-03-29T06:31:26.492000000,False,None,False,True,8507.001,17.9,57.4,1011.8,False,30.8,91,0.8,Japanese Grand Prix
93.371,48,HARD,2,34.061,41.467,17.843,700000000.0,0.0,130.0,30,2.0,1,False,8655.692,PIA,81,None,None,8596.436,8637.903,8655.746,263.0,315.0,285.0,283.0,True,McLaren,8562.321,2026-03-29T06:32:59.689000000,False,None,False,True,8627.007,17.9,57.3,1011.8,False,30.2,81,1.3,Japanese Grand Prix
92.996,49,HARD,2,33.887,41.221,17.888,700000000.0,1101000010.0,0.0,31,2.0,1,True,8748.688,PIA,81,None,None,8689.633,8730.854,8748.742,265.0,314.0,285.0,281.0,True,McLaren,8655.692,2026-03-29T06:34:33.060000000,False,None,False,True,8687.017,17.9,57.8,1011.7,False,30.9,110,0.9,Japanese Grand Prix
93.266,50,HARD,2,34.063,41.329,17.874,700000000.0,0.0,10000.0,32,2.0,1,False,8841.954,PIA,81,None,None,8782.805,8824.134,8842.008,264.0,316.0,285.0,283.0,True,McLaren,8748.688,2026-03-29T06:36:06.056000000,False,None,False,True,8807.046,18.0,57.9,1011.7,False,30.6,128,1.5,Japanese Grand Prix
93.826,51,HARD,2,34.227,41.683,17.916,701000000.0,100.0,1100.0,33,2.0,1,False,8935.78,PIA,81,None,None,8876.235,8917.918,8935.834,263.0,313.0,285.0,279.0,True,McLaren,8841.954,2026-03-29T06:37:39.322000000,False,None,False,True,8867.045,17.8,59.2,1011.8,False,30.2,113,1.9,Japanese Grand Prix
93.012,52,HARD,2,33.922,41.214,17.876,700000100.0,10.0,1.0,34,2.0,1,False,9028.792,PIA,81,None,None,8969.756,9010.97,9028.846,265.0,314.0,286.0,280.0,True,McLaren,8935.78,2026-03-29T06:39:13.148000000,False,None,False,True,8987.049,17.6,59.8,1011.8,False,30.0,107,1.5,Japanese Grand Prix
93.294,53,HARD,2,34.027,41.299,17.968,700000000.0,0.0,10.0,35,2.0,1,False,9122.086,PIA,81,None,None,9062.873,9104.172,9122.14,266.0,316.0,283.0,282.0,True,McLaren,9028.792,2026-03-29T06:40:46.160000000,False,None,False,True,9047.054,17.4,61.3,1011.8,False,29.9,122,1.8,Japanese Grand Prix
97.823,1,MEDIUM,1,,42.185,18.12,11111111.0,11111111311.0,1111111.0,1,4.0,1,False,3922.787,RUS,63,None,None,None,3904.947,3922.98,287.0,330.0,278.0,291.0,True,Mercedes,3824.711,2026-03-29T05:14:02.079000000,False,None,False,False,3826.937,18.8,55.5,1011.7,False,36.7,124,2.1,Japanese Grand Prix
94.87,2,MEDIUM,1,34.783,42.088,17.999,111111110.0,11100001001.0,110111.0,2,4.0,1,True,4017.657,RUS,63,None,None,3957.641,3999.729,4017.728,261.0,329.0,282.0,291.0,True,Mercedes,3922.787,2026-03-29T05:15:40.155000000,False,None,False,True,3946.939,18.9,54.3,1011.7,False,36.7,143,1.5,Japanese Grand Prix
94.469,3,MEDIUM,1,34.607,41.961,17.901,711011010.0,10000003300.0,10111.0,3,3.0,1,True,4112.126,RUS,63,None,None,4052.335,4094.296,4112.197,262.0,323.0,282.0,287.0,True,Mercedes,4017.657,2026-03-29T05:17:15.025000000,False,None,False,True,4066.945,18.9,54.5,1011.7,False,36.0,112,2.1,Japanese Grand Prix
94.772,4,MEDIUM,1,34.436,42.195,18.141,1111010.0,30000000000.0,0.0,4,2.0,1,False,4206.898,RUS,63,None,None,4146.633,4188.828,4206.969,266.0,314.0,280.0,279.0,True,Mercedes,4112.126,2026-03-29T05:18:49.494000000,False,None,False,True,4126.951,19.0,54.0,1011.8,False,36.5,104,0.4,Japanese Grand Prix
94.71,5,MEDIUM,1,34.451,42.108,18.151,700111000.0,1100000000.0,0.0,5,2.0,1,False,4301.608,RUS,63,None,None,4241.42,4283.528,4301.679,258.0,312.0,279.0,280.0,True,Mercedes,4206.898,2026-03-29T05:20:24.266000000,False,None,False,True,4246.946,19.1,53.2,1011.8,False,36.4,128,2.3,Japanese Grand Prix
94.796,6,MEDIUM,1,34.456,42.072,18.268,701000000.0,30000000000.0,0.0,6,2.0,1,False,4396.404,RUS,63,None,None,4336.135,4378.207,4396.475,263.0,315.0,279.0,283.0,True,Mercedes,4301.608,2026-03-29T05:21:58.976000000,False,None,False,True,4306.945,19.2,52.0,1011.8,False,36.0,95,1.4,Japanese Grand Prix
94.741,7,MEDIUM,1,34.482,42.048,18.211,700000000.0,100000000.0,0.0,7,2.0,1,False,4491.145,RUS,63,None,None,4430.957,4473.005,4491.216,268.0,321.0,281.0,287.0,True,Mercedes,4396.404,2026-03-29T05:23:33.772000000,False,None,False,True,4426.948,19.1,51.3,1011.8,False,35.7,130,1.3,Japanese Grand Prix
95.043,8,MEDIUM,1,34.77,42.117,18.156,700000000.0,0.0,100000.0,8,1.0,1,False,4586.188,RUS,63,None,None,4525.986,4568.103,4586.259,269.0,330.0,276.0,291.0,True,Mercedes,4491.145,2026-03-29T05:25:08.513000000,False,None,False,True,4546.949,19.0,51.7,1011.8,False,35.3,144,2.7,Japanese Grand Prix
96.042,9,MEDIUM,1,35.533,42.332,18.177,700000000.0,0.0,0.0,9,2.0,1,False,4682.23,RUS,63,None,None,4621.792,4664.124,4682.301,259.0,312.0,280.0,281.0,True,Mercedes,4586.188,2026-03-29T05:26:43.556000000,False,None,False,True,4606.955,19.1,51.2,1011.7,False,34.6,120,2.3,Japanese Grand Prix
94.936,10,MEDIUM,1,34.609,42.201,18.126,700000000.0,100000000.0,0.0,10,2.0,1,False,4777.166,RUS,63,None,None,4716.91,4759.111,4777.237,272.0,319.0,281.0,285.0,True,Mercedes,4682.23,2026-03-29T05:28:19.598000000,False,None,False,True,4726.95,19.0,51.2,1011.8,False,34.6,126,2.0,Japanese Grand Prix
95.332,11,MEDIUM,1,34.769,42.341,18.222,700000000.0,0.0,0.0,11,2.0,1,False,4872.498,RUS,63,None,None,4812.006,4854.347,4872.569,276.0,319.0,279.0,284.0,True,Mercedes,4777.166,2026-03-29T05:29:54.534000000,False,None,False,True,4786.951,19.1,50.7,1011.7,False,34.0,142,1.5,Japanese Grand Prix
95.078,12,MEDIUM,1,34.843,42.145,18.09,700000000.0,0.0,0.0,12,2.0,1,False,4967.576,RUS,63,None,None,4907.412,4949.557,4967.647,271.0,321.0,281.0,286.0,True,Mercedes,4872.498,2026-03-29T05:31:29.866000000,False,None,False,True,4906.957,19.1,50.5,1011.9,False,33.7,82,1.3,Japanese Grand Prix
95.249,13,MEDIUM,1,34.86,42.196,18.193,700000000.0,0.0,0.0,13,2.0,1,False,5062.825,RUS,63,None,None,5002.507,5044.703,5062.896,276.0,317.0,280.0,282.0,True,Mercedes,4967.576,2026-03-29T05:33:04.944000000,False,None,False,True,5026.956,19.0,50.6,1011.8,False,33.8,151,2.0,Japanese Grand Prix
95.101,14,MEDIUM,1,34.618,42.273,18.21,700000000.0,0.0,0.0,14,2.0,1,False,5157.926,RUS,63,None,None,5097.514,5139.787,5157.997,268.0,315.0,280.0,282.0,True,Mercedes,5062.825,2026-03-29T05:34:40.193000000,False,None,False,True,5086.955,19.0,50.6,1011.8,False,33.6,56,1.2,Japanese Grand Prix
95.148,15,MEDIUM,1,34.763,42.185,18.2,700000000.0,1000000000.0,0.0,15,2.0,1,False,5253.074,RUS,63,None,None,5192.76,5234.945,5253.145,261.0,314.0,280.0,281.0,True,Mercedes,5157.926,2026-03-29T05:36:15.294000000,False,None,False,True,5206.955,18.8,51.4,1011.6,False,33.2,98,1.2,Japanese Grand Prix
95.253,16,MEDIUM,1,34.914,42.194,18.145,700000000.0,100003000.0,0.0,16,2.0,1,False,5348.327,RUS,63,None,None,5288.059,5330.253,5348.398,257.0,315.0,280.0,280.0,True,Mercedes,5253.074,2026-03-29T05:37:50.442000000,False,None,False,True,5266.957,18.8,50.8,1011.8,False,33.4,44,0.7,Japanese Grand Prix
95.033,17,MEDIUM,1,34.748,42.094,18.191,701000000.0,30000000000.0,0.0,17,2.0,1,False,5443.36,RUS,63,None,None,5383.146,5425.24,5443.431,263.0,315.0,281.0,281.0,True,Mercedes,5348.327,2026-03-29T05:39:25.695000000,False,None,False,True,5386.956,18.9,47.8,1011.8,False,32.9,133,2.6,Japanese Grand Prix
94.788,18,MEDIUM,1,34.72,42.014,18.054,701000000.0,30101000000.0,0.0,18,1.0,1,False,5538.148,RUS,63,None,None,5478.151,5520.165,5538.219,263.0,317.0,280.0,281.0,True,Mercedes,5443.36,2026-03-29T05:41:00.728000000,False,None,False,True,5506.96,18.8,48.7,1011.7,False,32.8,100,1.3,Japanese Grand Prix
94.987,19,MEDIUM,1,34.88,41.951,18.156,701000000.0,1000003000.0,10000.0,19,1.0,1,False,5633.135,RUS,63,None,None,5573.099,5615.05,5633.206,257.0,313.0,280.0,276.0,True,Mercedes,5538.148,2026-03-29T05:42:35.516000000,False,None,False,True,5566.954,18.8,48.5,1011.7,False,32.2,24,1.7,Japanese Grand Prix
94.523,20,MEDIUM,1,34.585,41.875,18.063,700003000.0,1000000000.0,10110.0,20,1.0,1,False,5727.658,RUS,63,None,None,5667.791,5709.666,5727.729,262.0,312.0,281.0,277.0,True,Mercedes,5633.135,2026-03-29T05:44:10.503000000,False,None,False,True,5686.962,18.7,49.2,1011.7,False,32.7,131,2.2,Japanese Grand Prix
96.505,21,MEDIUM,1,34.583,41.632,20.29,701001000.0,1000003300.0,555.0,21,2.0,1,False,5824.163,RUS,63,None,5822.807,5762.312,5803.944,5824.234,260.0,324.0,None,285.0,True,Mercedes,5727.658,2026-03-29T05:45:45.026000000,False,None,False,False,5806.966,18.6,49.9,1011.7,False,32.6,116,0.9,Japanese Grand Prix
139.263,22,HARD,2,55.328,59.963,23.972,550003110.0,0.0,0.0,1,5.0,124,False,5963.426,RUS,63,5845.793,None,5879.562,5939.525,5963.497,121.0,287.0,215.0,229.0,True,Mercedes,5824.163,2026-03-29T05:47:21.531000000,False,None,False,False,5866.963,18.6,50.4,1011.6,False,32.9,163,0.7,Japanese Grand Prix
138.104,23,HARD,2,43.996,64.079,30.029,0.0,0.0,0.0,2,3.0,4,False,6101.53,RUS,63,None,None,6007.493,6071.572,6101.601,244.0,200.0,216.0,148.0,True,Mercedes,5963.426,2026-03-29T05:49:40.794000000,False,None,False,False,5986.965,18.5,51.5,1011.7,False,32.7,107,0.4,Japanese Grand Prix
149.072,24,HARD,2,51.175,71.465,26.432,700000000.0,0.0,0.0,3,3.0,4,False,6250.602,RUS,63,None,None,6152.776,6224.241,6250.673,223.0,145.0,197.0,196.0,True,Mercedes,6101.53,2026-03-29T05:51:58.898000000,False,None,False,False,6166.968,18.5,51.1,1011.7,False,32.9,121,1.3,Japanese Grand Prix
150.565,25,HARD,2,51.128,72.548,26.889,700000000.0,0.0,0.0,4,3.0,4,False,6401.15,RUS,63,None,None,6301.83,6374.469,6401.368,211.0,201.0,172.0,193.0,True,Mercedes,6250.602,2026-03-29T05:54:27.970000000,False,None,False,False,6286.968,18.5,51.8,1011.7,False,32.8,120,1.5,Japanese Grand Prix
144.757,26,HARD,2,54.414,63.952,26.391,700000000.0,0.0,0.0,5,3.0,4,False,6545.907,RUS,63,None,None,6455.635,6519.587,6545.978,190.0,217.0,217.0,183.0,True,Mercedes,6401.15,2026-03-29T05:56:58.518000000,False,None,False,False,6406.972,18.5,50.7,1011.7,False,32.3,106,2.0,Japanese Grand Prix
145.74,27,HARD,2,50.756,66.065,28.919,700000000.0,0.0,0.0,6,3.0,41,False,6691.647,RUS,63,None,None,6596.734,6662.799,6691.718,228.0,115.0,276.0,120.0,True,Mercedes,6545.907,2026-03-29T05:59:23.275000000,False,None,False,False,6586.973,18.3,50.5,1011.7,False,32.2,136,2.5,Japanese Grand Prix
95.242,28,HARD,2,35.424,41.895,17.923,700000000.0,300.0,3133.0,7,4.0,1,False,6786.889,RUS,63,None,None,6727.142,6769.037,6786.96,255.0,314.0,286.0,282.0,True,Mercedes,6691.647,2026-03-29T06:01:49.015000000,False,None,False,True,6706.975,18.3,47.7,1011.7,False,32.3,122,2.3,Japanese Grand Prix
93.717,29,HARD,2,33.919,41.836,17.962,110000000.0,10000000.0,30.0,8,4.0,1,True,6880.606,RUS,63,None,None,6820.879,6862.715,6880.677,275.0,318.0,285.0,286.0,True,Mercedes,6786.889,2026-03-29T06:03:24.257000000,False,None,False,True,6826.974,18.4,48.2,1011.7,False,32.4,132,2.6,Japanese Grand Prix
93.612,30,HARD,2,33.938,41.724,17.95,1000.0,10.0,0.0,9,4.0,1,True,6974.218,RUS,63,None,None,6914.615,6956.339,6974.289,277.0,317.0,285.0,286.0,True,Mercedes,6880.606,2026-03-29T06:04:57.974000000,False,None,False,True,6886.976,18.4,47.6,1011.7,False,32.1,135,0.8,Japanese Grand Prix
93.905,31,HARD,2,34.028,41.902,17.975,100000000.0,10.0,0.0,10,4.0,1,False,7068.123,RUS,63,None,None,7008.317,7050.219,7068.194,283.0,316.0,286.0,284.0,True,Mercedes,6974.218,2026-03-29T06:06:31.586000000,False,None,False,True,7006.979,18.4,49.7,1011.7,False,32.0,129,1.9,Japanese Grand Prix
93.405,32,HARD,2,33.931,41.545,17.929,10011000.0,1000000000.0,0.0,11,4.0,1,True,7161.528,RUS,63,None,None,7102.125,7143.67,7161.599,271.0,321.0,286.0,286.0,True,Mercedes,7068.123,2026-03-29T06:08:05.491000000,False,None,False,True,7126.981,18.5,50.7,1011.6,False,32.0,133,2.0,Japanese Grand Prix
93.5,33,HARD,2,33.804,41.766,17.93,110000000.0,100000010.0,0.0,12,4.0,1,False,7255.028,RUS,63,None,None,7195.403,7237.169,7255.099,265.0,321.0,286.0,288.0,True,Mercedes,7161.528,2026-03-29T06:09:38.896000000,False,None,False,True,7186.981,18.5,50.0,1011.7,False,31.5,140,1.1,Japanese Grand Prix
93.485,34,HARD,2,34.014,41.605,17.866,710010000.0,1000000.0,0.0,13,4.0,1,False,7348.513,RUS,63,None,None,7289.113,7330.718,7348.584,271.0,321.0,284.0,287.0,True,Mercedes,7255.028,2026-03-29T06:11:12.396000000,False,None,False,True,7306.992,18.5,51.0,1011.6,False,31.4,113,1.2,Japanese Grand Prix
93.336,35,HARD,2,33.81,41.623,17.903,10000.0,10.0,3.0,14,4.0,1,True,7441.849,RUS,63,None,None,7382.394,7424.017,7441.92,267.0,323.0,286.0,288.0,True,Mercedes,7348.513,2026-03-29T06:12:45.881000000,False,None,False,True,7366.98,18.3,51.1,1011.6,False,31.4,154,2.4,Japanese Grand Prix
93.673,36,HARD,2,34.147,41.53,17.996,110000000.0,3000.0,3.0,15,4.0,1,False,7535.522,RUS,63,None,None,7476.067,7517.597,7535.593,270.0,319.0,287.0,287.0,True,Mercedes,7441.849,2026-03-29T06:14:19.217000000,False,None,False,True,7486.983,18.1,52.4,1011.7,False,31.1,170,0.8,Japanese Grand Prix
94.808,37,HARD,2,34.018,42.917,17.873,310000000.0,0.0,13.0,16,5.0,1,False,7630.33,RUS,63,None,None,7569.611,7612.528,7630.401,268.0,326.0,287.0,290.0,True,Mercedes,7535.522,2026-03-29T06:15:52.890000000,False,None,False,True,7546.988,18.0,53.7,1011.6,False,31.0,138,1.5,Japanese Grand Prix
93.527,38,HARD,2,34.004,41.656,17.867,700000000.0,3010.0,10.0,17,5.0,1,False,7723.857,RUS,63,None,None,7664.405,7706.061,7723.928,278.0,319.0,287.0,286.0,True,Mercedes,7630.33,2026-03-29T06:17:27.698000000,False,None,False,True,7666.984,17.9,55.6,1011.6,False,30.7,88,0.8,Japanese Grand Prix
93.454,39,HARD,2,33.847,41.71,17.897,0.0,0.0,13.0,18,5.0,1,False,7817.311,RUS,63,None,None,7757.775,7799.485,7817.382,278.0,323.0,288.0,288.0,True,Mercedes,7723.857,2026-03-29T06:19:01.225000000,False,None,False,True,7726.986,17.9,55.8,1011.7,False,31.1,119,1.8,Japanese Grand Prix
93.661,40,HARD,2,33.965,41.732,17.964,701000000.0,0.0,10.0,19,5.0,1,False,7910.972,RUS,63,None,None,7851.347,7893.079,7911.043,266.0,322.0,285.0,287.0,True,Mercedes,7817.311,2026-03-29T06:20:34.679000000,False,None,False,True,7846.99,17.8,55.5,1011.6,False,31.0,167,1.0,Japanese Grand Prix
94.191,41,HARD,2,34.04,42.182,17.969,700000000.0,0.0,0.0,20,5.0,1,False,8005.163,RUS,63,None,None,7945.083,7987.265,8005.234,282.0,320.0,285.0,287.0,True,Mercedes,7910.972,2026-03-29T06:22:08.340000000,False,None,False,True,7966.994,17.8,55.7,1011.6,False,30.7,140,0.6,Japanese Grand Prix
94.031,42,HARD,2,34.295,41.822,17.914,700000000.0,10.0,3.0,21,5.0,1,False,8099.194,RUS,63,None,None,8039.529,8081.351,8099.265,279.0,327.0,287.0,292.0,True,Mercedes,8005.163,2026-03-29T06:23:42.531000000,False,None,False,True,8026.998,18.1,55.4,1011.6,False,30.6,153,2.5,Japanese Grand Prix
92.897,43,HARD,2,33.743,41.267,17.887,703001000.0,11000003000.0,0.0,22,4.0,1,True,8192.091,RUS,63,None,None,8133.008,8174.275,8192.162,266.0,324.0,286.0,287.0,True,Mercedes,8099.194,2026-03-29T06:25:16.562000000,False,None,False,True,8146.993,17.9,57.1,1011.7,False,30.4,140,0.9,Japanese Grand Prix
93.053,44,HARD,2,33.855,41.297,17.901,700000000.0,1001000000.0,0.0,23,4.0,1,False,8285.144,RUS,63,None,None,8226.017,8267.314,8285.215,262.0,324.0,287.0,289.0,True,Mercedes,8192.091,2026-03-29T06:26:49.459000000,False,None,False,True,8207.003,17.9,57.3,1011.7,False,30.5,9,0.5,Japanese Grand Prix
93.274,45,HARD,2,34.007,41.291,17.976,700000000.0,30100000011.0,3.0,24,4.0,1,False,8378.418,RUS,63,None,None,8319.222,8360.513,8378.489,276.0,329.0,288.0,290.0,True,Mercedes,8285.144,2026-03-29T06:28:22.512000000,False,None,False,True,8326.995,18.0,56.5,1011.7,False,30.9,129,1.1,Japanese Grand Prix
93.146,46,HARD,2,33.932,41.317,17.897,700000000.0,0.0,3.0,25,4.0,1,False,8471.564,RUS,63,None,None,8412.421,8453.738,8471.635,281.0,328.0,288.0,292.0,True,Mercedes,8378.418,2026-03-29T06:29:55.786000000,False,None,False,True,8386.994,18.0,56.6,1011.7,False,29.6,83,2.0,Japanese Grand Prix
93.176,47,HARD,2,34.003,41.236,17.937,700000000.0,100003011.0,1000010.0,26,4.0,1,False,8564.74,RUS,63,None,None,8505.638,8546.874,8564.811,278.0,340.0,285.0,297.0,True,Mercedes,8471.564,2026-03-29T06:31:28.932000000,False,None,False,True,8507.001,17.9,57.4,1011.8,False,30.8,91,0.8,Japanese Grand Prix
93.046,48,HARD,2,33.952,41.302,17.792,700000000.0,1100000.0,0.0,27,4.0,1,False,8657.786,RUS,63,None,None,8598.763,8640.065,8657.857,267.0,331.0,287.0,291.0,True,Mercedes,8564.74,2026-03-29T06:33:02.108000000,False,None,False,True,8627.007,17.9,57.3,1011.8,False,30.2,81,1.3,Japanese Grand Prix
93.354,49,HARD,2,33.998,41.433,17.923,700000000.0,10.0,13.0,28,4.0,1,False,8751.14,RUS,63,None,None,8691.855,8733.288,8751.211,274.0,332.0,289.0,293.0,True,Mercedes,8657.786,2026-03-29T06:34:35.154000000,False,None,False,True,8687.017,17.9,57.8,1011.7,False,30.9,110,0.9,Japanese Grand Prix
93.217,50,HARD,2,34.23,41.327,17.66,700000000.0,10011.0,1100130.0,29,3.0,1,False,8844.357,RUS,63,None,None,8785.441,8826.768,8844.428,265.0,344.0,283.0,300.0,True,Mercedes,8751.14,2026-03-29T06:36:08.508000000,False,None,False,True,8807.046,18.0,57.9,1011.7,False,30.6,128,1.5,Japanese Grand Prix
94.088,51,HARD,2,35.005,41.347,17.736,700000000.0,1000000.0,0.0,30,4.0,1,False,8938.445,RUS,63,None,None,8879.433,8920.78,8938.516,258.0,332.0,288.0,291.0,True,Mercedes,8844.357,2026-03-29T06:37:41.725000000,False,None,False,True,8867.045,17.8,59.2,1011.8,False,30.2,113,1.9,Japanese Grand Prix
93.11,52,HARD,2,33.943,41.21,17.957,700000000.0,130.0,0.0,31,4.0,1,False,9031.555,RUS,63,None,None,8972.459,9013.669,9031.626,268.0,341.0,285.0,295.0,True,Mercedes,8938.445,2026-03-29T06:39:15.813000000,False,None,False,True,8987.049,17.6,59.8,1011.8,False,30.0,107,1.5,Japanese Grand Prix
92.549,53,HARD,2,33.932,41.039,17.578,700001000.0,1000000101.0,3100000.0,32,4.0,1,True,9124.104,RUS,63,None,None,9065.558,9106.597,9124.175,270.0,345.0,284.0,302.0,True,Mercedes,9031.555,2026-03-29T06:40:48.923000000,False,None,False,True,9047.054,17.4,61.3,1011.8,False,29.9,122,1.8,Japanese Grand Prix
103.908,1,MEDIUM,1,,43.831,18.356,11111111.0,11111111111.0,1311111.0,1,15.0,1,False,3928.872,SAI,55,None,None,None,3910.64,3929.136,269.0,336.0,271.0,298.0,True,Williams,3824.711,2026-03-29T05:14:02.079000000,False,None,False,False,3826.937,18.8,55.5,1011.7,False,36.7,124,2.1,Japanese Grand Prix
97.798,2,MEDIUM,1,36.606,43.083,18.109,111111110.0,11111001110.0,11111.0,2,16.0,1,True,4026.67,SAI,55,None,None,3965.532,4008.615,4026.724,263.0,329.0,281.0,293.0,True,Williams,3928.872,2026-03-29T05:15:46.240000000,False,None,False,True,3946.939,18.9,54.3,1011.7,False,36.7,143,1.5,Japanese Grand Prix
97.881,3,MEDIUM,1,36.168,43.519,18.194,711111000.0,11000000000.0,1001.0,3,16.0,1,False,4124.551,SAI,55,None,None,4062.892,4106.411,4124.605,262.0,331.0,281.0,296.0,True,Williams,4026.67,2026-03-29T05:17:24.038000000,False,None,False,True,4066.945,18.9,54.5,1011.7,False,36.0,112,2.1,Japanese Grand Prix
97.39,4,MEDIUM,1,36.109,42.996,18.285,10101000.0,11110000010.0,0.0,4,16.0,1,True,4221.941,SAI,55,None,None,4160.714,4203.71,4221.995,261.0,326.0,279.0,291.0,True,Williams,4124.551,2026-03-29T05:19:01.919000000,False,None,False,True,4126.951,19.0,54.0,1011.8,False,36.5,104,0.4,Japanese Grand Prix
96.72,5,MEDIUM,1,35.749,42.798,18.173,101110000.0,11000001000.0,100.0,5,16.0,1,True,4318.661,SAI,55,None,None,4257.744,4300.542,4318.715,265.0,328.0,279.0,292.0,True,Williams,4221.941,2026-03-29T05:20:39.309000000,False,None,False,True,4246.946,19.1,53.2,1011.8,False,36.4,128,2.3,Japanese Grand Prix
97.683,6,MEDIUM,1,35.966,43.259,18.458,710011000.0,1000000.0,1000.0,6,16.0,1,False,4416.344,SAI,55,None,None,4354.681,4397.94,4416.398,256.0,319.0,279.0,287.0,True,Williams,4318.661,2026-03-29T05:22:16.029000000,False,None,False,True,4306.945,19.2,52.0,1011.8,False,36.0,95,1.4,Japanese Grand Prix
97.362,7,MEDIUM,1,35.877,43.114,18.371,11000.0,1001100.0,0.0,7,16.0,1,False,4513.706,SAI,55,None,None,4452.275,4495.389,4513.76,256.0,319.0,277.0,286.0,True,Williams,4416.344,2026-03-29T05:23:53.712000000,False,None,False,True,4426.948,19.1,51.3,1011.8,False,35.7,130,1.3,Japanese Grand Prix
96.893,8,MEDIUM,1,35.793,42.856,18.244,700001000.0,10000000100.0,10000.0,8,16.0,1,False,4610.599,SAI,55,None,None,4549.553,4592.409,4610.653,261.0,319.0,279.0,286.0,True,Williams,4513.706,2026-03-29T05:25:31.074000000,False,None,False,True,4546.949,19.0,51.7,1011.8,False,35.3,144,2.7,Japanese Grand Prix
96.848,9,MEDIUM,1,35.646,42.962,18.24,701010100.0,0.0,1110.0,9,16.0,1,False,4707.447,SAI,55,None,None,4646.299,4689.261,4707.501,258.0,318.0,279.0,284.0,True,Williams,4610.599,2026-03-29T05:27:07.967000000,False,None,False,True,4606.955,19.1,51.2,1011.7,False,34.6,120,2.3,Japanese Grand Prix
96.761,10,MEDIUM,1,35.784,42.737,18.24,700100000.0,11100000000.0,10000.0,10,16.0,1,False,4804.208,SAI,55,None,None,4743.285,4786.022,4804.262,268.0,314.0,279.0,283.0,True,Williams,4707.447,2026-03-29T05:28:44.815000000,False,None,False,True,4726.95,19.0,51.2,1011.8,False,34.6,126,2.0,Japanese Grand Prix
96.489,11,MEDIUM,1,35.621,42.656,18.212,701011000.0,11000001000.0,1110.0,11,16.0,1,True,4900.697,SAI,55,None,None,4839.883,4882.539,4900.751,265.0,317.0,280.0,285.0,True,Williams,4804.208,2026-03-29T05:30:21.576000000,False,None,False,True,4786.951,19.1,50.7,1011.7,False,34.0,142,1.5,Japanese Grand Prix
97.374,12,MEDIUM,1,35.856,43.242,18.276,700000000.0,0.0,0.0,12,16.0,1,False,4998.071,SAI,55,None,None,4936.607,4979.849,4998.125,265.0,315.0,279.0,284.0,True,Williams,4900.697,2026-03-29T05:31:58.065000000,False,None,False,True,4906.957,19.1,50.5,1011.9,False,33.7,82,1.3,Japanese Grand Prix
96.893,13,MEDIUM,1,35.851,42.778,18.264,700000000.0,1000.0,0.0,13,16.0,1,False,5094.964,SAI,55,None,None,5033.976,5076.754,5095.018,265.0,317.0,279.0,285.0,True,Williams,4998.071,2026-03-29T05:33:35.439000000,False,None,False,True,5026.956,19.0,50.6,1011.8,False,33.8,151,2.0,Japanese Grand Prix
97.031,14,MEDIUM,1,35.771,42.618,18.642,700100001.0,100000000.0,0.0,14,16.0,1,False,5191.995,SAI,55,None,None,5130.789,5173.407,5192.049,272.0,316.0,270.0,284.0,True,Williams,5094.964,2026-03-29T05:35:12.332000000,False,None,False,True,5086.955,19.0,50.6,1011.8,False,33.6,56,1.2,Japanese Grand Prix
97.747,15,MEDIUM,1,36.621,42.84,18.286,700000001.0,10000000.0,0.0,15,17.0,1,False,5289.742,SAI,55,None,None,5228.67,5271.51,5289.796,273.0,317.0,279.0,286.0,True,Williams,5191.995,2026-03-29T05:36:49.363000000,False,None,False,True,5206.955,18.8,51.4,1011.6,False,33.2,98,1.2,Japanese Grand Prix
96.557,16,MEDIUM,1,35.85,42.579,18.128,700000000.0,10010000.0,100000.0,16,17.0,1,False,5386.299,SAI,55,None,None,5325.646,5368.225,5386.353,264.0,321.0,279.0,288.0,True,Williams,5289.742,2026-03-29T05:38:27.110000000,False,None,False,True,5266.957,18.8,50.8,1011.8,False,33.4,44,0.7,Japanese Grand Prix
96.914,17,MEDIUM,1,35.955,42.742,18.217,700000000.0,0.0,10.0,17,16.0,1,False,5483.213,SAI,55,None,None,5422.308,5465.05,5483.267,259.0,316.0,279.0,283.0,True,Williams,5386.299,2026-03-29T05:40:03.667000000,False,None,False,True,5386.956,18.9,47.8,1011.8,False,32.9,133,2.6,Japanese Grand Prix
96.768,18,MEDIUM,1,35.859,42.634,18.275,700000000.0,10000001100.0,0.0,18,15.0,1,False,5579.981,SAI,55,None,None,5519.126,5561.76,5580.035,269.0,318.0,278.0,284.0,True,Williams,5483.213,2026-03-29T05:41:40.581000000,False,None,False,True,5506.96,18.8,48.7,1011.7,False,32.8,100,1.3,Japanese Grand Prix
96.593,19,MEDIUM,1,35.678,42.653,18.262,700000000.0,1000000000.0,10000.0,19,14.0,1,False,5676.574,SAI,55,None,None,5615.713,5658.366,5676.628,265.0,314.0,278.0,281.0,True,Williams,5579.981,2026-03-29T05:43:17.349000000,False,None,False,True,5566.954,18.8,48.5,1011.7,False,32.2,24,1.7,Japanese Grand Prix
96.46,20,MEDIUM,1,35.716,42.514,18.23,700000000.0,1000.0,0.0,20,12.0,1,True,5773.034,SAI,55,None,None,5712.344,5754.858,5773.088,269.0,316.0,279.0,282.0,True,Williams,5676.574,2026-03-29T05:44:53.942000000,False,None,False,True,5686.962,18.7,49.2,1011.7,False,32.7,131,2.2,Japanese Grand Prix
96.49,21,MEDIUM,1,35.651,42.584,18.255,701101000.0,1000000100.0,10.0,21,12.0,12,False,5869.524,SAI,55,None,None,5808.739,5851.323,5869.578,263.0,315.0,279.0,280.0,True,Williams,5773.034,2026-03-29T05:46:30.402000000,False,None,False,True,5806.966,18.6,49.9,1011.7,False,32.6,116,0.9,Japanese Grand Prix
126.871,22,MEDIUM,1,45.526,56.168,25.177,700000000.0,0.0,555.0,22,12.0,24,False,5996.395,SAI,55,None,5995.099,5915.104,5971.272,5996.449,253.0,292.0,None,251.0,True,Williams,5869.524,2026-03-29T05:48:06.892000000,False,None,False,False,5866.963,18.6,50.4,1011.6,False,32.9,163,0.7,Japanese Grand Prix
146.337,23,HARD,2,62.647,62.077,21.613,550000000.0,0.0,0.0,1,15.0,4,False,6142.732,SAI,55,6019.528,None,6059.096,6121.173,6142.786,223.0,280.0,230.0,286.0,True,Williams,5996.395,2026-03-29T05:50:13.763000000,False,None,False,False,5986.965,18.5,51.5,1011.7,False,32.7,107,0.4,Japanese Grand Prix
122.885,24,HARD,2,38.186,59.551,25.148,1.0,0.0,0.0,2,15.0,4,False,6265.617,SAI,55,None,None,6180.972,6240.523,6265.671,273.0,268.0,238.0,262.0,True,Williams,6142.732,2026-03-29T05:52:40.100000000,False,None,False,False,6166.968,18.5,51.1,1011.7,False,32.9,121,1.3,Japanese Grand Prix
150.302,25,HARD,2,48.023,75.761,26.518,700000000.0,0.0,0.0,3,15.0,4,False,6415.914,SAI,55,None,None,6313.857,6389.455,6416.035,175.0,248.0,168.0,261.0,True,Williams,6265.617,2026-03-29T05:54:42.985000000,False,None,False,False,6286.968,18.5,51.8,1011.7,False,32.8,120,1.5,Japanese Grand Prix
147.744,26,HARD,2,52.569,65.349,29.826,700000000.0,0.0,0.0,4,15.0,4,False,6563.658,SAI,55,None,None,6468.537,6533.886,6563.712,147.0,169.0,151.0,256.0,True,Williams,6415.914,2026-03-29T05:57:13.282000000,False,None,False,False,6406.972,18.5,50.7,1011.7,False,32.3,106,2.0,Japanese Grand Prix
133.468,27,HARD,2,46.224,59.998,27.246,700000000.0,0.0,0.0,5,15.0,41,False,6697.126,SAI,55,None,None,6609.936,6669.934,6697.18,174.0,140.0,280.0,156.0,True,Williams,6563.658,2026-03-29T05:59:41.026000000,False,None,False,False,6586.973,18.3,50.5,1011.7,False,32.2,136,2.5,Japanese Grand Prix
96.533,28,HARD,2,35.828,42.618,18.087,110000001.0,1010010.0,1111.0,6,15.0,1,False,6793.659,SAI,55,None,None,6733.008,6775.626,6793.713,278.0,327.0,284.0,293.0,True,Williams,6697.126,2026-03-29T06:01:54.494000000,False,None,False,True,6706.975,18.3,47.7,1011.7,False,32.3,122,2.3,Japanese Grand Prix
96.427,29,HARD,2,35.712,42.58,18.135,0.0,1110001.0,1100111.0,7,15.0,1,True,6890.086,SAI,55,None,None,6829.425,6872.005,6890.14,276.0,335.0,284.0,296.0,True,Williams,6793.659,2026-03-29T06:03:31.027000000,False,None,False,True,6826.974,18.4,48.2,1011.7,False,32.4,132,2.6,Japanese Grand Prix
96.134,30,HARD,2,36.039,42.123,17.972,700000000.0,10010011.0,11.0,8,15.0,1,True,6986.22,SAI,55,None,None,6926.179,6968.302,6986.274,275.0,334.0,284.0,296.0,True,Williams,6890.086,2026-03-29T06:05:07.454000000,False,None,False,True,6886.976,18.4,47.6,1011.7,False,32.1,135,0.8,Japanese Grand Prix
96.121,31,HARD,2,35.494,42.382,18.245,700000010.0,0.0,1111.0,9,15.0,1,True,7082.341,SAI,55,None,None,7021.768,7064.15,7082.395,271.0,331.0,284.0,290.0,True,Williams,6986.22,2026-03-29T06:06:43.588000000,False,None,False,True,7006.979,18.4,49.7,1011.7,False,32.0,129,1.9,Japanese Grand Prix
95.583,32,HARD,2,35.249,42.18,18.154,701001110.0,1000000100.0,1111.0,10,15.0,1,True,7177.924,SAI,55,None,None,7117.644,7159.824,7177.978,262.0,323.0,284.0,287.0,True,Williams,7082.341,2026-03-29T06:08:19.709000000,False,None,False,True,7126.981,18.5,50.7,1011.6,False,32.0,133,2.0,Japanese Grand Prix
95.094,33,HARD,2,35.121,42.062,17.911,700101110.0,1000001100.0,10.0,11,15.0,1,True,7273.018,SAI,55,None,None,7213.099,7255.161,7273.072,264.0,323.0,283.0,289.0,True,Williams,7177.924,2026-03-29T06:09:55.292000000,False,None,False,True,7186.981,18.5,50.0,1011.7,False,31.5,140,1.1,Japanese Grand Prix
95.138,34,HARD,2,35.11,42.027,18.001,700110010.0,1100000100.0,0.0,12,15.0,1,False,7368.156,SAI,55,None,None,7308.182,7350.209,7368.21,266.0,323.0,283.0,289.0,True,Williams,7273.018,2026-03-29T06:11:30.386000000,False,None,False,True,7306.992,18.5,51.0,1011.6,False,31.4,113,1.2,Japanese Grand Prix
95.085,35,HARD,2,34.969,42.119,17.997,701010010.0,100.0,0.0,13,15.0,1,True,7463.241,SAI,55,None,None,7403.179,7445.298,7463.295,260.0,322.0,283.0,288.0,True,Williams,7368.156,2026-03-29T06:13:05.524000000,False,None,False,True,7366.98,18.3,51.1,1011.6,False,31.4,154,2.4,Japanese Grand Prix
94.903,36,HARD,2,35.041,41.875,17.987,700000000.0,1000000100.0,10000.0,14,15.0,1,True,7558.144,SAI,55,None,None,7498.336,7540.211,7558.198,273.0,322.0,284.0,288.0,True,Williams,7463.241,2026-03-29T06:14:40.609000000,False,None,False,True,7486.983,18.1,52.4,1011.7,False,31.1,170,0.8,Japanese Grand Prix
94.992,37,HARD,2,35.103,41.869,18.02,700000000.0,10100001000.0,11.0,15,15.0,1,False,7653.136,SAI,55,None,None,7593.301,7635.17,7653.19,276.0,322.0,284.0,290.0,True,Williams,7558.144,2026-03-29T06:16:15.512000000,False,None,False,True,7546.988,18.0,53.7,1011.6,False,31.0,138,1.5,Japanese Grand Prix
94.514,38,HARD,2,34.883,41.694,17.937,701000100.0,1000.0,110000.0,16,15.0,1,True,7747.65,SAI,55,None,None,7688.073,7729.767,7747.704,275.0,326.0,282.0,293.0,True,Williams,7653.136,2026-03-29T06:17:50.504000000,False,None,False,True,7666.984,17.9,55.6,1011.6,False,30.7,88,0.8,Japanese Grand Prix
95.177,39,HARD,2,35.146,42.018,18.013,700000000.0,0.0,10000.0,17,15.0,1,False,7842.827,SAI,55,None,None,7782.85,7824.868,7842.881,273.0,326.0,282.0,289.0,True,Williams,7747.65,2026-03-29T06:19:25.018000000,False,None,False,True,7726.986,17.9,55.8,1011.7,False,31.1,119,1.8,Japanese Grand Prix
94.926,40,HARD,2,35.058,41.928,17.94,700000000.0,0.0,10.0,18,15.0,1,False,7937.753,SAI,55,None,None,7877.939,7919.867,7937.807,274.0,323.0,283.0,290.0,True,Williams,7842.827,2026-03-29T06:21:00.195000000,False,None,False,True,7846.99,17.8,55.5,1011.6,False,31.0,167,1.0,Japanese Grand Prix
95.064,41,HARD,2,35.056,42.032,17.976,701010000.0,1000.0,10000.0,19,15.0,1,False,8032.817,SAI,55,None,None,7972.863,8014.895,8032.871,261.0,321.0,283.0,289.0,True,Williams,7937.753,2026-03-29T06:22:35.121000000,False,None,False,True,7966.994,17.8,55.7,1011.6,False,30.7,140,0.6,Japanese Grand Prix
95.071,42,HARD,2,35.004,42.007,18.06,701000000.0,0.0,0.0,20,15.0,1,False,8127.888,SAI,55,None,None,8067.875,8109.882,8127.942,262.0,322.0,283.0,289.0,True,Williams,8032.817,2026-03-29T06:24:10.185000000,False,None,False,True,8026.998,18.1,55.4,1011.6,False,30.6,153,2.5,Japanese Grand Prix
95.246,43,HARD,2,35.171,41.982,18.093,700000000.0,1000.0,0.0,21,15.0,1,False,8223.134,SAI,55,None,None,8163.113,8205.095,8223.188,270.0,318.0,283.0,286.0,True,Williams,8127.888,2026-03-29T06:25:45.256000000,False,None,False,True,8146.993,17.9,57.1,1011.7,False,30.4,140,0.9,Japanese Grand Prix
95.054,44,HARD,2,35.049,41.858,18.147,700000000.0,11100000000.0,0.0,22,15.0,1,False,8318.188,SAI,55,None,None,8258.237,8300.095,8318.242,276.0,319.0,283.0,286.0,True,Williams,8223.134,2026-03-29T06:27:20.502000000,False,None,False,True,8207.003,17.9,57.3,1011.7,False,30.5,9,0.5,Japanese Grand Prix
95.017,45,HARD,2,35.142,41.847,18.028,700000000.0,0.0,0.0,23,15.0,1,False,8413.205,SAI,55,None,None,8353.384,8395.231,8413.259,276.0,323.0,283.0,287.0,True,Williams,8318.188,2026-03-29T06:28:55.556000000,False,None,False,True,8326.995,18.0,56.5,1011.7,False,30.9,129,1.1,Japanese Grand Prix
95.307,46,HARD,2,35.025,42.169,18.113,700000000.0,0.0,0.0,24,15.0,1,False,8508.512,SAI,55,None,None,8448.284,8490.453,8508.566,270.0,322.0,283.0,286.0,True,Williams,8413.205,2026-03-29T06:30:30.573000000,False,None,False,True,8386.994,18.0,56.6,1011.7,False,29.6,83,2.0,Japanese Grand Prix
94.97,47,HARD,2,34.992,41.913,18.065,700000000.0,1000000000.0,0.0,25,15.0,1,False,8603.482,SAI,55,None,None,8543.558,8585.471,8603.536,269.0,322.0,283.0,285.0,True,Williams,8508.512,2026-03-29T06:32:05.880000000,False,None,False,True,8507.001,17.9,57.4,1011.8,False,30.8,91,0.8,Japanese Grand Prix
95.021,48,HARD,2,35.043,41.931,18.047,700000000.0,100.0,10.0,26,15.0,1,False,8698.503,SAI,55,None,None,8638.579,8680.51,8698.557,267.0,319.0,283.0,284.0,True,Williams,8603.482,2026-03-29T06:33:40.850000000,False,None,False,True,8627.007,17.9,57.3,1011.8,False,30.2,81,1.3,Japanese Grand Prix
95.093,49,HARD,2,35.061,41.895,18.137,700000000.0,1000001000.0,10.0,27,15.0,1,False,8793.596,SAI,55,None,None,8733.618,8775.513,8793.65,273.0,319.0,283.0,283.0,True,Williams,8698.503,2026-03-29T06:35:15.871000000,False,None,False,True,8687.017,17.9,57.8,1011.7,False,30.9,110,0.9,Japanese Grand Prix
95.218,50,HARD,2,35.137,42.003,18.078,700000000.0,0.0,111.0,28,15.0,1,False,8888.814,SAI,55,None,None,8828.787,8870.79,8888.868,268.0,320.0,284.0,283.0,True,Williams,8793.596,2026-03-29T06:36:50.964000000,False,None,False,True,8807.046,18.0,57.9,1011.7,False,30.6,128,1.5,Japanese Grand Prix
95.356,51,HARD,2,35.142,42.04,18.174,700100000.0,0.0,11.0,29,15.0,1,False,8984.17,SAI,55,None,None,8924.01,8966.05,8984.224,270.0,316.0,284.0,283.0,True,Williams,8888.814,2026-03-29T06:38:26.182000000,False,None,False,True,8867.045,17.8,59.2,1011.8,False,30.2,113,1.9,Japanese Grand Prix
94.661,52,HARD,2,34.997,41.652,18.012,700001000.0,1000001100.0,11.0,30,15.0,1,False,9078.831,SAI,55,None,None,9019.221,9060.873,9078.885,274.0,320.0,284.0,285.0,True,Williams,8984.17,2026-03-29T06:40:01.538000000,False,None,False,True,8987.049,17.6,59.8,1011.8,False,30.0,107,1.5,Japanese Grand Prix
94.539,53,HARD,2,34.85,41.785,17.904,700000100.0,0.0,100000.0,31,15.0,1,False,9173.37,SAI,55,None,None,9113.735,9155.52,9173.424,272.0,321.0,281.0,292.0,True,Williams,9078.831,2026-03-29T06:41:36.199000000,False,None,False,True,9047.054,17.4,61.3,1011.8,False,29.9,122,1.8,Japanese Grand Prix
108.234,1,MEDIUM,1,,45.723,18.803,11111111.0,11111111111.0,1111111.0,1,22.0,1,False,3933.198,STR,18,None,None,None,3914.585,3933.404,247.0,329.0,275.0,278.0,True,Aston Martin,3824.711,2026-03-29T05:14:02.079000000,False,None,False,False,3826.937,18.8,55.5,1011.7,False,36.7,124,2.1,Japanese Grand Prix
98.369,2,MEDIUM,1,35.693,44.13,18.546,111111111.0,11111101100.0,1110000.0,2,21.0,1,True,4031.567,STR,18,None,None,3968.944,4013.074,4031.62,251.0,314.0,273.0,279.0,True,Aston Martin,3933.198,2026-03-29T05:15:50.566000000,False,None,False,True,3946.939,18.9,54.3,1011.7,False,36.7,143,1.5,Japanese Grand Prix
98.229,3,MEDIUM,1,36.126,43.543,18.56,1111.0,11010111000.0,1100000.0,3,21.0,1,True,4129.796,STR,18,None,None,4067.746,4111.289,4129.849,251.0,317.0,268.0,281.0,True,Aston Martin,4031.567,2026-03-29T05:17:28.935000000,False,None,False,True,4066.945,18.9,54.5,1011.7,False,36.0,112,2.1,Japanese Grand Prix
98.587,4,MEDIUM,1,36.248,43.686,18.653,700101001.0,1100001000.0,0.0,4,21.0,1,False,4228.383,STR,18,None,None,4166.097,4209.783,4228.436,252.0,313.0,270.0,279.0,True,Aston Martin,4129.796,2026-03-29T05:19:07.164000000,False,None,False,True,4126.951,19.0,54.0,1011.8,False,36.5,104,0.4,Japanese Grand Prix
98.426,5,MEDIUM,1,36.258,43.604,18.564,700100001.0,10000001000.0,100000.0,5,21.0,1,False,4326.809,STR,18,None,None,4264.694,4308.298,4326.862,252.0,311.0,272.0,278.0,True,Aston Martin,4228.383,2026-03-29T05:20:45.751000000,False,None,False,True,4246.946,19.1,53.2,1011.8,False,36.4,128,2.3,Japanese Grand Prix
98.617,6,MEDIUM,1,36.306,43.703,18.608,700000001.0,1000000000.0,0.0,6,21.0,1,False,4425.426,STR,18,None,None,4363.168,4406.871,4425.479,256.0,309.0,273.0,277.0,True,Aston Martin,4326.809,2026-03-29T05:22:24.177000000,False,None,False,True,4306.945,19.2,52.0,1011.8,False,36.0,95,1.4,Japanese Grand Prix
98.462,7,MEDIUM,1,36.301,43.619,18.542,700000000.0,1010000000.0,0.0,7,21.0,1,False,4523.888,STR,18,None,None,4461.78,4505.399,4523.941,255.0,311.0,273.0,277.0,True,Aston Martin,4425.426,2026-03-29T05:24:02.794000000,False,None,False,True,4426.948,19.1,51.3,1011.8,False,35.7,130,1.3,Japanese Grand Prix
97.683,8,MEDIUM,1,35.578,43.5,18.605,701001010.0,11010000100.0,1000.0,8,20.0,1,True,4621.571,STR,18,None,None,4559.519,4603.019,4621.624,255.0,305.0,271.0,271.0,True,Aston Martin,4523.888,2026-03-29T05:25:41.256000000,False,None,False,True,4546.949,19.0,51.7,1011.8,False,35.3,144,2.7,Japanese Grand Prix
98.199,9,MEDIUM,1,36.017,43.604,18.578,700101000.0,1000001000.0,10010.0,9,20.0,1,False,4719.77,STR,18,None,None,4657.641,4701.245,4719.823,246.0,307.0,271.0,271.0,True,Aston Martin,4621.571,2026-03-29T05:27:18.939000000,False,None,False,True,4606.955,19.1,51.2,1011.7,False,34.6,120,2.3,Japanese Grand Prix
98.293,10,MEDIUM,1,36.207,43.553,18.533,700000000.0,100.0,11100.0,10,20.0,1,False,4818.063,STR,18,None,None,4756.03,4799.583,4818.116,246.0,306.0,272.0,271.0,True,Aston Martin,4719.77,2026-03-29T05:28:57.138000000,False,None,False,True,4726.95,19.0,51.2,1011.8,False,34.6,126,2.0,Japanese Grand Prix
98.051,11,MEDIUM,1,36.153,43.493,18.405,701000000.0,0.0,100000.0,11,20.0,1,False,4916.114,STR,18,None,None,4854.269,4897.762,4916.167,247.0,316.0,267.0,277.0,True,Aston Martin,4818.063,2026-03-29T05:30:35.431000000,False,None,False,True,4786.951,19.1,50.7,1011.7,False,34.0,142,1.5,Japanese Grand Prix
98.622,12,MEDIUM,1,36.487,43.52,18.615,700000000.0,10010000000.0,0.0,12,20.0,1,False,5014.736,STR,18,None,None,4952.654,4996.174,5014.789,247.0,307.0,271.0,272.0,True,Aston Martin,4916.114,2026-03-29T05:32:13.482000000,False,None,False,True,4906.957,19.1,50.5,1011.9,False,33.7,82,1.3,Japanese Grand Prix
98.454,13,MEDIUM,1,36.333,43.528,18.593,701000000.0,1000000000.0,110.0,13,20.0,1,False,5113.19,STR,18,None,None,5051.122,5094.65,5113.243,247.0,306.0,271.0,271.0,True,Aston Martin,5014.736,2026-03-29T05:33:52.104000000,False,None,False,True,5026.956,19.0,50.6,1011.8,False,33.8,151,2.0,Japanese Grand Prix
98.187,14,MEDIUM,1,36.224,43.407,18.556,700100100.0,100.0,1000.0,14,20.0,1,False,5211.377,STR,18,None,None,5149.467,5192.874,5211.43,247.0,307.0,272.0,271.0,True,Aston Martin,5113.19,2026-03-29T05:35:30.558000000,False,None,False,True,5086.955,19.0,50.6,1011.8,False,33.6,56,1.2,Japanese Grand Prix
98.853,15,MEDIUM,1,36.307,43.705,18.841,700000000.0,10000000000.0,0.0,15,20.0,1,False,5310.23,STR,18,None,None,5247.737,5291.442,5310.283,247.0,305.0,271.0,270.0,True,Aston Martin,5211.377,2026-03-29T05:37:08.745000000,False,None,False,True,5206.955,18.8,51.4,1011.6,False,33.2,98,1.2,Japanese Grand Prix
98.427,16,MEDIUM,1,36.304,43.531,18.592,700000000.0,10000000.0,0.0,16,20.0,1,False,5408.657,STR,18,None,None,5346.587,5390.118,5408.71,249.0,305.0,271.0,270.0,True,Aston Martin,5310.23,2026-03-29T05:38:47.598000000,False,None,False,True,5266.957,18.8,50.8,1011.8,False,33.4,44,0.7,Japanese Grand Prix
98.576,17,MEDIUM,1,36.566,43.4,18.61,700000000.0,1001000000.0,100.0,17,20.0,1,False,5507.233,STR,18,None,None,5445.276,5488.676,5507.286,247.0,309.0,273.0,272.0,True,Aston Martin,5408.657,2026-03-29T05:40:26.025000000,False,None,False,True,5386.956,18.9,47.8,1011.8,False,32.9,133,2.6,Japanese Grand Prix
98.454,18,MEDIUM,1,36.307,43.35,18.797,700000000.0,10000100.0,0.0,18,20.0,1,False,5605.687,STR,18,None,None,5543.593,5586.943,5605.74,249.0,307.0,272.0,271.0,True,Aston Martin,5507.233,2026-03-29T05:42:04.601000000,False,None,False,True,5506.96,18.8,48.7,1011.7,False,32.8,100,1.3,Japanese Grand Prix
98.372,19,MEDIUM,1,36.404,43.347,18.621,700000000.0,1001000000.0,1000.0,19,20.0,1,False,5704.059,STR,18,None,None,5642.144,5685.491,5704.112,254.0,307.0,270.0,271.0,True,Aston Martin,5605.687,2026-03-29T05:43:43.055000000,False,None,False,True,5566.954,18.8,48.5,1011.7,False,32.2,24,1.7,Japanese Grand Prix
98.406,20,MEDIUM,1,36.487,43.281,18.638,700000000.0,1001000100.0,1000.0,20,20.0,1,False,5802.465,STR,18,None,None,5740.599,5783.88,5802.518,249.0,307.0,272.0,270.0,True,Aston Martin,5704.059,2026-03-29T05:45:21.427000000,False,None,False,True,5686.962,18.7,49.2,1011.7,False,32.7,131,2.2,Japanese Grand Prix
111.658,21,MEDIUM,1,36.365,49.537,25.756,700000000.0,0.0,555.0,21,19.0,124,False,5914.123,STR,18,None,5912.83,5838.883,5888.42,5914.176,246.0,278.0,None,207.0,True,Aston Martin,5802.465,2026-03-29T05:46:59.833000000,False,None,False,False,5806.966,18.6,49.9,1011.7,False,32.6,116,0.9,Japanese Grand Prix
146.19,22,HARD,2,62.593,59.078,24.519,550000000.0,0.0,0.0,1,19.0,4,False,6060.313,STR,18,5937.888,None,5976.769,6035.847,6060.366,234.0,133.0,201.0,238.0,True,Aston Martin,5914.123,2026-03-29T05:48:51.491000000,False,None,False,False,5866.963,18.6,50.4,1011.6,False,32.9,163,0.7,Japanese Grand Prix
105.541,23,HARD,2,37.581,47.986,19.974,100.0,0.0,0.0,2,19.0,4,False,6165.854,STR,18,None,None,6097.947,6145.933,6165.907,249.0,279.0,270.0,255.0,True,Aston Martin,6060.313,2026-03-29T05:51:17.681000000,False,None,False,False,5986.965,18.5,51.5,1011.7,False,32.7,107,0.4,Japanese Grand Prix
107.875,24,HARD,2,37.047,47.545,23.283,700000000.0,0.0,555.0,3,19.0,4,False,6273.729,STR,18,None,6272.401,6202.954,6250.499,6273.782,248.0,278.0,None,249.0,True,Aston Martin,6165.854,2026-03-29T05:53:03.222000000,False,None,False,False,6166.968,18.5,51.1,1011.7,False,32.9,121,1.3,Japanese Grand Prix
146.413,25,MEDIUM,3,56.531,65.609,24.273,550000100.0,0.0,0.0,1,19.0,4,False,6420.142,STR,18,6295.943,None,6330.313,6395.922,6420.195,246.0,242.0,127.0,248.0,True,Aston Martin,6273.729,2026-03-29T05:54:51.097000000,False,None,False,False,6286.968,18.5,51.8,1011.7,False,32.8,120,1.5,Japanese Grand Prix
148.043,26,MEDIUM,3,52.61,65.132,30.301,0.0,0.0,0.0,2,19.0,4,False,6568.185,STR,18,None,None,6472.805,6537.937,6568.238,125.0,185.0,122.0,215.0,True,Aston Martin,6420.142,2026-03-29T05:57:17.510000000,False,None,False,False,6406.972,18.5,50.7,1011.7,False,32.3,106,2.0,Japanese Grand Prix
130.846,27,MEDIUM,3,45.555,60.6,24.691,700000000.0,0.0,0.0,3,19.0,41,False,6699.031,STR,18,None,None,6613.793,6674.393,6699.084,194.0,136.0,274.0,162.0,True,Aston Martin,6568.185,2026-03-29T05:59:45.553000000,False,None,False,False,6586.973,18.3,50.5,1011.7,False,32.2,136,2.5,Japanese Grand Prix
97.515,28,MEDIUM,3,36.015,43.121,18.379,700010000.0,110100.0,1000101.0,4,19.0,1,True,6796.546,STR,18,None,None,6735.099,6778.22,6796.599,252.0,319.0,276.0,282.0,True,Aston Martin,6699.031,2026-03-29T06:01:56.399000000,False,None,False,True,6706.975,18.3,47.7,1011.7,False,32.3,122,2.3,Japanese Grand Prix
97.217,29,MEDIUM,3,35.981,42.879,18.357,700100000.0,10000100.0,0.0,5,19.0,1,True,6893.763,STR,18,None,None,6832.58,6875.459,6893.816,247.0,318.0,275.0,280.0,True,Aston Martin,6796.546,2026-03-29T06:03:33.914000000,False,None,False,True,6826.974,18.4,48.2,1011.7,False,32.4,132,2.6,Japanese Grand Prix
100.631,30,MEDIUM,3,35.698,43.267,21.666,700000000.0,0.0,555.0,6,20.0,1,False,6994.394,STR,18,None,6993.07,6929.514,6972.781,6994.447,249.0,317.0,None,278.0,True,Aston Martin,6893.763,2026-03-29T06:05:11.131000000,False,None,False,False,6886.976,18.4,47.6,1011.7,False,32.1,135,0.8,Japanese Grand Prix
101.273,1,MEDIUM,1,,43.038,18.111,11111111.0,11111111111.0,1111111.0,1,10.0,1,False,3926.237,VER,3,None,None,None,3908.268,3926.378,257.0,325.0,274.0,289.0,True,Red Bull Racing,3824.711,2026-03-29T05:14:02.079000000,False,None,False,False,3826.937,18.8,55.5,1011.7,False,36.7,124,2.1,Japanese Grand Prix
96.628,2,MEDIUM,1,35.473,42.663,18.492,111111111.0,11301100001.0,10000.0,2,9.0,1,True,4022.865,VER,3,None,None,3961.75,4004.413,4022.905,261.0,325.0,261.0,287.0,True,Red Bull Racing,3926.237,2026-03-29T05:15:43.605000000,False,None,False,True,3946.939,18.9,54.3,1011.7,False,36.7,143,1.5,Japanese Grand Prix
95.854,3,MEDIUM,1,35.305,42.498,18.051,1111111.0,11010001100.0,110011.0,3,9.0,1,True,4118.719,VER,3,None,None,4058.21,4100.708,4118.759,262.0,322.0,278.0,286.0,True,Red Bull Racing,4022.865,2026-03-29T05:17:20.233000000,False,None,False,True,4066.945,18.9,54.5,1011.7,False,36.0,112,2.1,Japanese Grand Prix
95.867,4,MEDIUM,1,35.056,42.81,18.001,111000001.0,0.0,10001.0,4,9.0,1,False,4214.586,VER,3,None,None,4153.815,4196.625,4214.626,268.0,325.0,280.0,287.0,True,Red Bull Racing,4118.719,2026-03-29T05:18:56.087000000,False,None,False,True,4126.951,19.0,54.0,1011.8,False,36.5,104,0.4,Japanese Grand Prix
96.922,5,MEDIUM,1,35.458,42.643,18.821,710000000.0,1300010000.0,1000.0,5,8.0,1,False,4311.508,VER,3,None,None,4250.084,4292.727,4311.548,261.0,293.0,261.0,272.0,True,Red Bull Racing,4214.586,2026-03-29T05:20:31.954000000,False,None,False,True,4246.946,19.1,53.2,1011.8,False,36.4,128,2.3,Japanese Grand Prix
96.551,6,MEDIUM,1,35.563,42.653,18.335,110.0,11010001000.0,0.0,6,8.0,1,False,4408.059,VER,3,None,None,4347.111,4389.764,4408.099,258.0,313.0,269.0,278.0,True,Red Bull Racing,4311.508,2026-03-29T05:22:08.876000000,False,None,False,True,4306.945,19.2,52.0,1011.8,False,36.0,95,1.4,Japanese Grand Prix
96.067,7,MEDIUM,1,35.268,42.598,18.201,700000100.0,10000000000.0,0.0,7,8.0,1,False,4504.126,VER,3,None,None,4443.367,4485.965,4504.166,261.0,314.0,274.0,280.0,True,Red Bull Racing,4408.059,2026-03-29T05:23:45.427000000,False,None,False,True,4426.948,19.1,51.3,1011.8,False,35.7,130,1.3,Japanese Grand Prix
95.725,8,MEDIUM,1,35.14,42.393,18.192,701000010.0,1100.0,10000.0,8,8.0,1,True,4599.851,VER,3,None,None,4539.306,4581.699,4599.891,264.0,313.0,273.0,277.0,True,Red Bull Racing,4504.126,2026-03-29T05:25:21.494000000,False,None,False,True,4546.949,19.0,51.7,1011.8,False,35.3,144,2.7,Japanese Grand Prix
95.848,9,MEDIUM,1,35.198,42.48,18.17,701000100.0,11000000000.0,0.0,9,8.0,1,False,4695.699,VER,3,None,None,4635.089,4677.569,4695.739,262.0,314.0,276.0,278.0,True,Red Bull Racing,4599.851,2026-03-29T05:26:57.219000000,False,None,False,True,4606.955,19.1,51.2,1011.7,False,34.6,120,2.3,Japanese Grand Prix
95.727,10,MEDIUM,1,35.185,42.363,18.179,700000000.0,1000.0,10.0,10,8.0,1,False,4791.426,VER,3,None,None,4730.924,4773.287,4791.466,264.0,314.0,277.0,278.0,True,Red Bull Racing,4695.699,2026-03-29T05:28:33.067000000,False,None,False,True,4726.95,19.0,51.2,1011.8,False,34.6,126,2.0,Japanese Grand Prix
95.63,11,MEDIUM,1,35.108,42.365,18.157,701000000.0,0.0,10.0,11,8.0,1,True,4887.056,VER,3,None,None,4826.574,4868.939,4887.096,264.0,315.0,277.0,279.0,True,Red Bull Racing,4791.426,2026-03-29T05:30:08.794000000,False,None,False,True,4786.951,19.1,50.7,1011.7,False,34.0,142,1.5,Japanese Grand Prix
95.699,12,MEDIUM,1,35.114,42.493,18.092,701000000.0,0.0,0.0,12,8.0,1,False,4982.755,VER,3,None,None,4922.21,4964.703,4982.795,263.0,318.0,277.0,281.0,True,Red Bull Racing,4887.056,2026-03-29T05:31:44.424000000,False,None,False,True,4906.957,19.1,50.5,1011.9,False,33.7,82,1.3,Japanese Grand Prix
95.755,13,MEDIUM,1,35.148,42.377,18.23,701000000.0,10000000000.0,0.0,13,8.0,1,False,5078.51,VER,3,None,None,5017.943,5060.32,5078.55,263.0,317.0,277.0,279.0,True,Red Bull Racing,4982.755,2026-03-29T05:33:20.123000000,False,None,False,True,5026.956,19.0,50.6,1011.8,False,33.8,151,2.0,Japanese Grand Prix
95.773,14,MEDIUM,1,35.216,42.33,18.227,701000000.0,1000000000.0,0.0,14,8.0,1,False,5174.283,VER,3,None,None,5113.766,5156.096,5174.323,263.0,317.0,278.0,280.0,True,Red Bull Racing,5078.51,2026-03-29T05:34:55.878000000,False,None,False,True,5086.955,19.0,50.6,1011.8,False,33.6,56,1.2,Japanese Grand Prix
95.652,15,MEDIUM,1,35.161,42.323,18.168,700000000.0,1000000.0,0.0,15,8.0,1,False,5269.935,VER,3,None,None,5209.484,5251.807,5269.975,266.0,316.0,276.0,280.0,True,Red Bull Racing,5174.283,2026-03-29T05:36:31.651000000,False,None,False,True,5206.955,18.8,51.4,1011.6,False,33.2,98,1.2,Japanese Grand Prix
95.587,16,MEDIUM,1,35.182,42.293,18.112,700000000.0,1000000.0,10.0,16,8.0,1,True,5365.522,VER,3,None,None,5305.157,5347.45,5365.562,266.0,317.0,277.0,280.0,True,Red Bull Racing,5269.935,2026-03-29T05:38:07.303000000,False,None,False,True,5266.957,18.8,50.8,1011.8,False,33.4,44,0.7,Japanese Grand Prix
95.535,17,MEDIUM,1,35.183,42.225,18.127,700000000.0,1000000000.0,10.0,17,7.0,1,True,5461.057,VER,3,None,None,5400.745,5442.97,5461.097,267.0,317.0,277.0,279.0,True,Red Bull Racing,5365.522,2026-03-29T05:39:42.890000000,False,None,False,True,5386.956,18.9,47.8,1011.8,False,32.9,133,2.6,Japanese Grand Prix
95.608,18,MEDIUM,1,35.281,42.174,18.153,700000000.0,1001000000.0,10.0,18,6.0,1,False,5556.665,VER,3,None,None,5496.378,5538.552,5556.705,263.0,319.0,278.0,279.0,True,Red Bull Racing,5461.057,2026-03-29T05:41:18.425000000,False,None,False,True,5506.96,18.8,48.7,1011.7,False,32.8,100,1.3,Japanese Grand Prix
95.587,19,MEDIUM,1,35.158,42.259,18.17,700000000.0,1000000.0,0.0,19,5.0,1,False,5652.252,VER,3,None,None,5591.863,5634.122,5652.292,264.0,318.0,277.0,281.0,True,Red Bull Racing,5556.665,2026-03-29T05:42:54.033000000,False,None,False,True,5566.954,18.8,48.5,1011.7,False,32.2,24,1.7,Japanese Grand Prix
95.6,20,MEDIUM,1,35.168,42.207,18.225,700000000.0,0.0,0.0,20,5.0,1,False,5747.852,VER,3,None,None,5687.46,5729.667,5747.892,266.0,319.0,278.0,281.0,True,Red Bull Racing,5652.252,2026-03-29T05:44:29.620000000,False,None,False,True,5686.962,18.7,49.2,1011.7,False,32.7,131,2.2,Japanese Grand Prix
96.124,21,MEDIUM,1,35.756,42.291,18.077,700000000.0,1000000.0,11.0,21,6.0,1,False,5843.976,VER,3,None,None,5783.648,5825.939,5844.016,266.0,324.0,279.0,286.0,True,Red Bull Racing,5747.852,2026-03-29T05:46:05.220000000,False,None,False,True,5806.966,18.6,49.9,1011.7,False,32.6,116,0.9,Japanese Grand Prix
121.756,22,MEDIUM,1,38.435,58.973,24.348,700000000.0,0.0,555.0,22,6.0,124,False,5965.732,VER,3,None,5964.38,5882.451,5941.424,5965.772,177.0,292.0,None,239.0,True,Red Bull Racing,5843.976,2026-03-29T05:47:41.344000000,False,None,False,False,5866.963,18.6,50.4,1011.6,False,32.9,163,0.7,Japanese Grand Prix
145.562,23,HARD,2,63.647,58.232,23.683,550000000.0,0.0,0.0,1,8.0,4,False,6111.294,VER,3,5988.789,None,6029.419,6087.651,6111.334,236.0,252.0,238.0,253.0,True,Red Bull Racing,5965.732,2026-03-29T05:49:43.100000000,False,None,False,False,5986.965,18.5,51.5,1011.7,False,32.7,107,0.4,Japanese Grand Prix
146.013,24,HARD,2,48.199,73.008,24.806,0.0,0.0,0.0,2,8.0,4,False,6257.307,VER,3,None,None,6159.533,6232.541,6257.347,191.0,247.0,230.0,257.0,True,Red Bull Racing,6111.294,2026-03-29T05:52:08.662000000,False,None,False,False,6166.968,18.5,51.1,1011.7,False,32.9,121,1.3,Japanese Grand Prix
150.045,25,HARD,2,50.008,73.46,26.577,700000000.0,0.0,0.0,3,8.0,4,False,6407.348,VER,3,None,None,6307.487,6380.836,6407.542,155.0,249.0,152.0,145.0,True,Red Bull Racing,6257.307,2026-03-29T05:54:34.675000000,False,None,False,False,6286.968,18.5,51.8,1011.7,False,32.8,120,1.5,Japanese Grand Prix
147.257,26,HARD,2,54.122,64.525,28.61,700000000.0,0.0,0.0,4,8.0,4,False,6554.605,VER,3,None,None,6461.51,6526.035,6554.645,180.0,243.0,202.0,173.0,True,Red Bull Racing,6407.348,2026-03-29T05:57:04.716000000,False,None,False,False,6406.972,18.5,50.7,1011.7,False,32.3,106,2.0,Japanese Grand Prix
139.224,27,HARD,2,47.819,63.631,27.774,700000000.0,0.0,0.0,5,8.0,41,False,6693.829,VER,3,None,None,6602.464,6666.095,6693.869,229.0,138.0,273.0,146.0,True,Red Bull Racing,6554.605,2026-03-29T05:59:31.973000000,False,None,False,False,6586.973,18.3,50.5,1011.7,False,32.2,136,2.5,Japanese Grand Prix
96.011,28,HARD,2,35.822,42.075,18.114,110000000.0,31000111.0,1001111.0,6,8.0,1,False,6789.84,VER,3,None,None,6729.691,6771.766,6789.88,258.0,332.0,286.0,293.0,True,Red Bull Racing,6693.829,2026-03-29T06:01:51.197000000,False,None,False,True,6706.975,18.3,47.7,1011.7,False,32.3,122,2.3,Japanese Grand Prix
94.141,29,HARD,2,34.434,41.754,17.953,700000111.0,1000000111.0,1100000.0,7,8.0,1,True,6883.981,VER,3,None,None,6824.314,6866.068,6884.021,269.0,334.0,272.0,305.0,True,Red Bull Racing,6789.84,2026-03-29T06:03:27.208000000,False,None,False,True,6826.974,18.4,48.2,1011.7,False,32.4,132,2.6,Japanese Grand Prix
94.752,30,HARD,2,34.815,41.938,17.999,110100.0,1.0,0.0,8,8.0,1,False,6978.733,VER,3,None,None,6918.836,6960.774,6978.773,267.0,335.0,285.0,295.0,True,Red Bull Racing,6883.981,2026-03-29T06:05:01.349000000,False,None,False,True,6886.976,18.4,47.6,1011.7,False,32.1,135,0.8,Japanese Grand Prix
94.295,31,HARD,2,34.448,41.837,18.01,700010100.0,100.0,0.0,9,8.0,1,False,7073.028,VER,3,None,None,7013.221,7055.058,7073.068,268.0,330.0,281.0,290.0,True,Red Bull Racing,6978.733,2026-03-29T06:06:36.101000000,False,None,False,True,7006.979,18.4,49.7,1011.7,False,32.0,129,1.9,Japanese Grand Prix
94.128,32,HARD,2,34.441,41.692,17.995,700011100.0,1000001000.0,0.0,10,8.0,1,True,7167.156,VER,3,None,None,7107.509,7149.201,7167.196,267.0,329.0,281.0,290.0,True,Red Bull Racing,7073.028,2026-03-29T06:08:10.396000000,False,None,False,True,7126.981,18.5,50.7,1011.6,False,32.0,133,2.0,Japanese Grand Prix
93.925,33,HARD,2,34.545,41.563,17.817,700000001.0,1100.0,0.0,11,8.0,1,True,7261.081,VER,3,None,None,7201.741,7243.304,7261.121,269.0,331.0,284.0,291.0,True,Red Bull Racing,7167.156,2026-03-29T06:09:44.524000000,False,None,False,True,7186.981,18.5,50.0,1011.7,False,31.5,140,1.1,Japanese Grand Prix
93.841,34,HARD,2,34.33,41.606,17.905,701010000.0,1000000000.0,10.0,12,8.0,1,True,7354.922,VER,3,None,None,7295.451,7337.057,7354.962,268.0,332.0,282.0,293.0,True,Red Bull Racing,7261.081,2026-03-29T06:11:18.449000000,False,None,False,True,7306.992,18.5,51.0,1011.6,False,31.4,113,1.2,Japanese Grand Prix
93.861,35,HARD,2,34.372,41.535,17.954,700000011.0,1000.0,0.0,13,8.0,1,False,7448.783,VER,3,None,None,7389.334,7430.869,7448.823,269.0,332.0,284.0,292.0,True,Red Bull Racing,7354.922,2026-03-29T06:12:52.290000000,False,None,False,True,7366.98,18.3,51.1,1011.6,False,31.4,154,2.4,Japanese Grand Prix
93.97,36,HARD,2,34.352,41.671,17.947,700000100.0,0.0,11.0,14,8.0,1,False,7542.753,VER,3,None,None,7483.175,7524.846,7542.793,269.0,332.0,285.0,292.0,True,Red Bull Racing,7448.783,2026-03-29T06:14:26.151000000,False,None,False,True,7486.983,18.1,52.4,1011.7,False,31.1,170,0.8,Japanese Grand Prix
93.852,37,HARD,2,34.399,41.527,17.926,700000010.0,0.0,0.0,15,8.0,1,False,7636.605,VER,3,None,None,7577.192,7618.719,7636.645,269.0,332.0,284.0,292.0,True,Red Bull Racing,7542.753,2026-03-29T06:16:00.121000000,False,None,False,True,7546.988,18.0,53.7,1011.6,False,31.0,138,1.5,Japanese Grand Prix
94.052,38,HARD,2,34.373,41.678,18.001,700000001.0,0.0,0.0,16,8.0,1,False,7730.657,VER,3,None,None,7671.018,7712.696,7730.697,270.0,333.0,285.0,292.0,True,Red Bull Racing,7636.605,2026-03-29T06:17:33.973000000,False,None,False,True,7666.984,17.9,55.6,1011.6,False,30.7,88,0.8,Japanese Grand Prix
94.139,39,HARD,2,34.307,41.796,18.036,700000100.0,1000000000.0,0.0,17,8.0,1,False,7824.796,VER,3,None,None,7765.004,7806.8,7824.836,269.0,318.0,284.0,284.0,True,Red Bull Racing,7730.657,2026-03-29T06:19:08.025000000,False,None,False,True,7726.986,17.9,55.8,1011.7,False,31.1,119,1.8,Japanese Grand Prix
93.988,40,HARD,2,34.119,41.737,18.132,701001000.0,1000000000.0,0.0,18,8.0,1,False,7918.784,VER,3,None,None,7858.955,7900.692,7918.824,269.0,311.0,284.0,281.0,True,Red Bull Racing,7824.796,2026-03-29T06:20:42.164000000,False,None,False,True,7846.99,17.8,55.5,1011.6,False,31.0,167,1.0,Japanese Grand Prix
93.552,41,HARD,2,34.037,41.637,17.878,700000000.0,0.0,0.0,19,8.0,1,True,8012.336,VER,3,None,None,7952.861,7994.498,8012.376,269.0,327.0,282.0,289.0,True,Red Bull Racing,7918.784,2026-03-29T06:22:16.152000000,False,None,False,True,7966.994,17.8,55.7,1011.6,False,30.7,140,0.6,Japanese Grand Prix
93.706,42,HARD,2,34.322,41.537,17.847,700000100.0,11000001000.0,10.0,20,8.0,1,False,8106.042,VER,3,None,None,8046.698,8088.235,8106.082,267.0,328.0,283.0,288.0,True,Red Bull Racing,8012.336,2026-03-29T06:23:49.704000000,False,None,False,True,8026.998,18.1,55.4,1011.6,False,30.6,153,2.5,Japanese Grand Prix
94.147,43,HARD,2,34.453,41.674,18.02,700000000.0,0.0,0.0,21,8.0,1,False,8200.189,VER,3,None,None,8140.535,8182.209,8200.229,269.0,332.0,283.0,290.0,True,Red Bull Racing,8106.042,2026-03-29T06:25:23.410000000,False,None,False,True,8146.993,17.9,57.1,1011.7,False,30.4,140,0.9,Japanese Grand Prix
94.215,44,HARD,2,34.38,41.583,18.252,700000001.0,1000000.0,0.0,22,8.0,1,False,8294.404,VER,3,None,None,8234.609,8276.192,8294.444,270.0,334.0,283.0,293.0,True,Red Bull Racing,8200.189,2026-03-29T06:26:57.557000000,False,None,False,True,8207.003,17.9,57.3,1011.7,False,30.5,9,0.5,Japanese Grand Prix
94.346,45,HARD,2,34.581,41.61,18.155,700000001.0,1000.0,0.0,23,8.0,1,False,8388.75,VER,3,None,None,8329.025,8370.635,8388.79,271.0,332.0,283.0,290.0,True,Red Bull Racing,8294.404,2026-03-29T06:28:31.772000000,False,None,False,True,8326.995,18.0,56.5,1011.7,False,30.9,129,1.1,Japanese Grand Prix
93.911,46,HARD,2,34.288,41.644,17.979,700000000.0,0.0,0.0,24,8.0,1,False,8482.661,VER,3,None,None,8423.078,8464.722,8482.701,271.0,331.0,284.0,290.0,True,Red Bull Racing,8388.75,2026-03-29T06:30:06.118000000,False,None,False,True,8386.994,18.0,56.6,1011.7,False,29.6,83,2.0,Japanese Grand Prix
93.886,47,HARD,2,34.46,41.453,17.973,700010000.0,10000000000.0,0.0,25,8.0,1,False,8576.547,VER,3,None,None,8517.161,8558.614,8576.587,269.0,332.0,285.0,291.0,True,Red Bull Racing,8482.661,2026-03-29T06:31:40.029000000,False,None,False,True,8507.001,17.9,57.4,1011.8,False,30.8,91,0.8,Japanese Grand Prix
93.704,48,HARD,2,34.278,41.474,17.952,700000001.0,1.0,1100000.0,26,7.0,1,False,8670.251,VER,3,None,None,8610.865,8652.339,8670.291,271.0,346.0,269.0,298.0,True,Red Bull Racing,8576.547,2026-03-29T06:33:13.915000000,False,None,False,True,8627.007,17.9,57.3,1011.8,False,30.2,81,1.3,Japanese Grand Prix
95.043,49,HARD,2,35.253,41.84,17.95,700000000.0,0.0,0.0,27,8.0,1,False,8765.294,VER,3,None,None,8705.544,8747.384,8765.334,268.0,328.0,283.0,288.0,True,Red Bull Racing,8670.251,2026-03-29T06:34:47.619000000,False,None,False,True,8687.017,17.9,57.8,1011.7,False,30.9,110,0.9,Japanese Grand Prix
93.921,50,HARD,2,34.453,41.502,17.966,700000000.0,1000.0,10.0,28,8.0,1,False,8859.215,VER,3,None,None,8799.787,8841.289,8859.255,269.0,329.0,284.0,290.0,True,Red Bull Racing,8765.294,2026-03-29T06:36:22.662000000,False,None,False,True,8807.046,18.0,57.9,1011.7,False,30.6,128,1.5,Japanese Grand Prix
93.845,51,HARD,2,34.374,41.584,17.887,700000001.0,0.0,11.0,29,8.0,1,False,8953.06,VER,3,None,None,8893.629,8935.213,8953.1,271.0,332.0,286.0,291.0,True,Red Bull Racing,8859.215,2026-03-29T06:37:56.583000000,False,None,False,True,8867.045,17.8,59.2,1011.8,False,30.2,113,1.9,Japanese Grand Prix
93.973,52,HARD,2,34.319,41.472,18.182,700000001.0,0.0,1.0,30,8.0,1,False,9047.033,VER,3,None,None,8987.419,9028.891,9047.073,273.0,334.0,286.0,292.0,True,Red Bull Racing,8953.06,2026-03-29T06:39:30.428000000,False,None,False,True,8987.049,17.6,59.8,1011.8,False,30.0,107,1.5,Japanese Grand Prix
94.007,53,HARD,2,34.43,41.581,17.996,700000000.0,0.0,1000000.0,31,8.0,1,False,9141.04,VER,3,None,None,9081.503,9123.084,9141.08,271.0,344.0,273.0,300.0,True,Red Bull Racing,9047.033,2026-03-29T06:41:04.401000000,False,None,False,True,9047.054,17.4,61.3,1011.8,False,29.9,122,1.8,Japanese Grand Prix
